{
  "image_1": "frame_071",
  "image_2": "frame_076",
  "num_matches": 130,
  "inlier_count": 90,
  "inlier_ratio": 0.6923,
  "reproj_rmse": 11.3429,
  "F": [
    [
      3.657984512989079e-08,
      1.8472522272489205e-08,
      0.0002506435900157457
    ],
    [
      2.1480136357417707e-07,
      7.25991339216189e-08,
      0.0015371526559375718
    ],
    [
      -0.00035348307979790876,
      -0.0020572502142185397,
      1.0
    ]
  ],
  "E": [
    [
      -0.05885159395808276,
      -0.17114044729460443,
      -0.1752725473474218
    ],
    [
      -0.21097775881626077,
      -0.02189885086510745,
      -0.6455273669188757
    ],
    [
      -0.015175248399628836,
      0.6857045441771628,
      -0.06640184816689136
    ]
  ],
  "R": [
    [
      0.8153071929206084,
      0.2530263659503188,
      -0.5208184321871621
    ],
    [
      -0.2644774819284868,
      0.9628914831646612,
      0.053774094150678416
    ],
    [
      0.5150978962534065,
      0.09390234173296416,
      0.8519721283541971
    ]
  ],
  "t": [
    [
      0.9343735562768689
    ],
    [
      -0.2767787714924641
    ],
    [
      0.224364812262617
    ]
  ]
}