{
  "image_1": "frame_046",
  "image_2": "frame_051",
  "num_matches": 236,
  "inlier_count": 151,
  "inlier_ratio": 0.6398,
  "reproj_rmse": 2.4418,
  "F": [
    [
      -1.2535105180685312e-09,
      -1.6010580633690947e-07,
      -0.00024135202272504772
    ],
    [
      -1.7495115274150364e-07,
      6.239740819523249e-08,
      -0.0024824460198229967
    ],
    [
      -0.00017780670010635218,
      0.0025934219331745735,
      1.0
    ]
  ],
  "E": [
    [
      0.012321553970403331,
      -0.15683927782694876,
      -0.14187306032094296
    ],
    [
      -0.10042266806504556,
      0.035187800074696136,
      -0.6860406198861495
    ],
    [
      -0.13300315043917055,
      0.6745171191195735,
      0.021996529552666618
    ]
  ],
  "R": [
    [
      0.8584143915499924,
      0.37956085181368215,
      -0.345048246119768
    ],
    [
      -0.36798505751885874,
      0.9243000378941244,
      0.10127407067834504
    ],
    [
      0.35736777949711446,
      0.04003747893402154,
      0.9331051765250845
    ]
  ],
  "t": [
    [
      0.9540667219787573
    ],
    [
      -0.18987034697829372
    ],
    [
      0.23174542358167696
    ]
  ]
}