{
  "image_1": "frame_036",
  "image_2": "frame_041",
  "num_matches": 500,
  "inlier_count": 301,
  "inlier_ratio": 0.602,
  "reproj_rmse": 2.2945,
  "F": [
    [
      2.3150076826818387e-08,
      -4.550895629586402e-08,
      0.00016473143214706454
    ],
    [
      6.15664284271335e-07,
      1.4305719089241926e-07,
      0.00422670465867142
    ],
    [
      5.644070755379482e-05,
      -0.00536121496052516,
      1.0
    ]
  ],
  "E": [
    [
      0.0115924570571752,
      -0.10234515876462988,
      -0.03755827987294141
    ],
    [
      -0.1549029868813424,
      -0.06120413245028252,
      -0.6858474359088226
    ],
    [
      -0.1469315458826465,
      0.683445026709962,
      -0.03415975414579957
    ]
  ],
  "R": [
    [
      0.8977359390861075,
      0.2377790429238265,
      -0.37085214091253865
    ],
    [
      -0.2659455153803265,
      0.9636392991969142,
      -0.025928437908451108
    ],
    [
      0.35120245802425243,
      0.12190335429966156,
      0.9283299013218383
    ]
  ],
  "t": [
    [
      0.9879073428510481
    ],
    [
      -0.06119499081566725
    ],
    [
      0.14245790620408494
    ]
  ]
}