{
  "image_1": "frame_021",
  "image_2": "frame_026",
  "num_matches": 243,
  "inlier_count": 181,
  "inlier_ratio": 0.7449,
  "reproj_rmse": 1.6062,
  "F": [
    [
      8.787648881476218e-08,
      -8.955128842330267e-07,
      0.0005832921036441048
    ],
    [
      -8.961382149546716e-07,
      3.4202410759500585e-08,
      -0.014009309474323968
    ],
    [
      -0.0008290501409281533,
      0.015787915109638045,
      1.0
    ]
  ],
  "E": [
    [
      0.012865965416091094,
      -0.1659340368277557,
      -0.0639773364480107
    ],
    [
      -0.13778622342900873,
      0.0014404482550133073,
      -0.6908054820949802
    ],
    [
      -0.10339045936873811,
      0.6791670139874527,
      0.00710707037964988
    ]
  ],
  "R": [
    [
      0.8795115565978464,
      0.2290265915109035,
      -0.41714055447981935
    ],
    [
      -0.23034038294727943,
      0.97192706229665,
      0.04796971502004746
    ],
    [
      0.4164165340071575,
      0.05389439633488483,
      0.90757515625383
    ]
  ],
  "t": [
    [
      0.9676851376113772
    ],
    [
      -0.08718563699965522
    ],
    [
      0.2366096767822786
    ]
  ]
}