{
  "image_1": "frame_066",
  "image_2": "frame_071",
  "num_matches": 209,
  "inlier_count": 146,
  "inlier_ratio": 0.6986,
  "reproj_rmse": 6.3982,
  "F": [
    [
      -1.299799241099417e-08,
      -5.352087472951351e-08,
      -0.0004863991501943232
    ],
    [
      -2.627445094460181e-08,
      1.1697190440813709e-07,
      -0.0013530493491444823
    ],
    [
      6.349224927081386e-05,
      0.001099143206722459,
      1.0
    ]
  ],
  "E": [
    [
      -0.006518559245942248,
      -0.18142205788982296,
      -0.4385705962451982
    ],
    [
      0.07542182063378483,
      0.20249739621173446,
      -0.549618761548293
    ],
    [
      0.12031689708516882,
      0.6386995931912731,
      0.059258938502835604
    ]
  ],
  "R": [
    [
      0.8607138555911505,
      0.4657822397030594,
      -0.2054715648711979
    ],
    [
      -0.4090592540762077,
      0.8730241932799352,
      0.265517013772251
    ],
    [
      0.30305475651775104,
      -0.14448412758887874,
      0.9419565549572058
    ]
  ],
  "t": [
    [
      0.7412143784432934
    ],
    [
      -0.5499555808496924
    ],
    [
      0.38490272054273633
    ]
  ]
}