{
  "image_1": "frame_091",
  "image_2": "frame_096",
  "num_matches": 259,
  "inlier_count": 199,
  "inlier_ratio": 0.7683,
  "reproj_rmse": 1.5039,
  "F": [
    [
      -5.094949257306495e-08,
      -6.288819532685002e-07,
      -0.0009281211770929645
    ],
    [
      -5.183517385865087e-07,
      1.3558611348788075e-07,
      -0.008969839080890265
    ],
    [
      1.762386107422421e-05,
      0.009601895981013171,
      1.0
    ]
  ],
  "E": [
    [
      -0.0015065989073814684,
      0.19908495948609992,
      0.16968063765835678
    ],
    [
      0.07432629236790053,
      -0.024631057711297866,
      0.6822387570669749
    ],
    [
      0.06759038027473702,
      -0.6746173896361541,
      0.017705930627755124
    ]
  ],
  "R": [
    [
      0.8671052477188921,
      0.32690100451491627,
      -0.3758513304825438
    ],
    [
      -0.3253974722098202,
      0.9430200047199774,
      0.06949644435071772
    ],
    [
      0.3771537809141223,
      0.06204034127140659,
      0.9240703553285915
    ]
  ],
  "t": [
    [
      0.9290547780082765
    ],
    [
      -0.2384080183826535
    ],
    [
      0.28287600858123074
    ]
  ]
}