{
  "image_1": "frame_061",
  "image_2": "frame_066",
  "num_matches": 231,
  "inlier_count": 108,
  "inlier_ratio": 0.4675,
  "reproj_rmse": 5.7642,
  "F": [
    [
      2.149799420669775e-07,
      6.685859026862439e-07,
      0.0015657139784885376
    ],
    [
      1.1547491193190181e-06,
      1.0693062001087372e-07,
      0.010029631797577173
    ],
    [
      -0.0005476550714076621,
      -0.012436036311255453,
      1.0
    ]
  ],
  "E": [
    [
      -0.011149850500871165,
      -0.18380983280770574,
      -0.1741748850316249
    ],
    [
      -0.14890716860267203,
      -0.012762241287046647,
      -0.6667404389498337
    ],
    [
      -0.11188612148638488,
      0.6745764345819036,
      -0.03608091949746243
    ]
  ],
  "R": [
    [
      0.8071887088830247,
      0.37948397591566174,
      -0.4521485378445862
    ],
    [
      -0.39203391456706177,
      0.9172839153208704,
      0.06999734654142177
    ],
    [
      0.441311452469774,
      0.12075649347697848,
      0.8891918078807085
    ]
  ],
  "t": [
    [
      0.9335445737844892
    ],
    [
      -0.2573750858379634
    ],
    [
      0.24950469724523724
    ]
  ]
}