{
  "image_1": "frame_026",
  "image_2": "frame_031",
  "num_matches": 357,
  "inlier_count": 293,
  "inlier_ratio": 0.8207,
  "reproj_rmse": 0.9585,
  "F": [
    [
      1.0370395926860778e-08,
      -2.4670813944669626e-07,
      2.4883342233642417e-06
    ],
    [
      -1.6500579484628214e-07,
      9.068792228679192e-08,
      -0.0036595300858752963
    ],
    [
      -0.0001088294988279848,
      0.0036760184707891157,
      1.0
    ]
  ],
  "E": [
    [
      -9.156759482826761e-05,
      -0.1762058524562956,
      -0.1347873962734846
    ],
    [
      -0.0518020954848495,
      0.057737587684206386,
      -0.6918593369709303
    ],
    [
      -0.03448132921792979,
      0.6813265294337139,
      0.02650692219869717
    ]
  ],
  "R": [
    [
      0.9182148602785313,
      0.2403463453478451,
      -0.3148255145975496
    ],
    [
      -0.2205952193493489,
      0.9704794327135048,
      0.09750599920151926
    ],
    [
      0.32896689736794227,
      -0.020082453983723398,
      0.9441278914840411
    ]
  ],
  "t": [
    [
      0.9495091858232236
    ],
    [
      -0.17500612399531737
    ],
    [
      0.2603942445628452
    ]
  ]
}