{
  "image_1": "frame_031",
  "image_2": "frame_036",
  "num_matches": 417,
  "inlier_count": 266,
  "inlier_ratio": 0.6379,
  "reproj_rmse": 3.2421,
  "F": [
    [
      -6.363702121111862e-08,
      1.8328061791251664e-06,
      -0.0003960074024748398
    ],
    [
      4.455638874745829e-06,
      2.2967239649917608e-07,
      0.048441552589024967
    ],
    [
      0.0009115740374836366,
      -0.05525305702717973,
      1.0
    ]
  ],
  "E": [
    [
      0.004288891414764959,
      -0.12031078052989032,
      -0.06998909630472225
    ],
    [
      -0.09816764392277208,
      -0.007230882810176017,
      -0.6966156095623287
    ],
    [
      -0.08297262985673833,
      0.6918831424038662,
      -0.00769599790279383
    ]
  ],
  "R": [
    [
      0.9287638457891519,
      0.21056991612028758,
      -0.3050541413913924
    ],
    [
      -0.21477115797286772,
      0.9764569264913064,
      0.020130087186718326
    ],
    [
      0.30211102008688473,
      0.04682073399944128,
      0.9521222350149248
    ]
  ],
  "t": [
    [
      0.9804166949794044
    ],
    [
      -0.10037450407889814
    ],
    [
      0.16943453938491054
    ]
  ]
}