{
  "image_1": "frame_006",
  "image_2": "frame_011",
  "num_matches": 312,
  "inlier_count": 172,
  "inlier_ratio": 0.5513,
  "reproj_rmse": 5.1379,
  "F": [
    [
      2.8182995664517348e-09,
      -1.2678079818962638e-06,
      0.0004057998988674214
    ],
    [
      3.551058719239154e-06,
      1.4814164460788146e-07,
      0.027391019943534982
    ],
    [
      -0.001086510467200989,
      -0.03101469432444448,
      1.0
    ]
  ],
  "E": [
    [
      -0.004418505382433059,
      0.07179577715250976,
      0.01787310856018157
    ],
    [
      -0.2217108943414935,
      -0.018708045376121703,
      -0.6709586965611254
    ],
    [
      -0.09725101514574579,
      0.6965917915281766,
      0.010827145968884342
    ]
  ],
  "R": [
    [
      0.969710098907717,
      0.1135193398839552,
      -0.21627686780767125
    ],
    [
      -0.114066546528513,
      0.9934228534289439,
      0.009992859858618034
    ],
    [
      0.21598876600287428,
      0.014979778282953321,
      0.9762809325205266
    ]
  ],
  "t": [
    [
      0.9944912218653802
    ],
    [
      0.02484817407769662
    ],
    [
      -0.10183210632068597
    ]
  ]
}