{
  "image_1": "frame_116",
  "image_2": "frame_121",
  "num_matches": 213,
  "inlier_count": 101,
  "inlier_ratio": 0.4742,
  "reproj_rmse": 11.5904,
  "F": [
    [
      1.1220778451155692e-07,
      -5.997477121130942e-07,
      -0.000190068339218693
    ],
    [
      3.512388862905964e-07,
      4.030237953476024e-07,
      -0.0032910465842669982
    ],
    [
      -0.0004835245341383803,
      0.0024313679203552007,
      0.9999999999999999
    ]
  ],
  "E": [
    [
      0.11463748300031495,
      -0.15080380811296745,
      0.22696695588430793
    ],
    [
      0.30018996021285144,
      0.07403240862701843,
      0.5873655803228308
    ],
    [
      0.00280644118554313,
      -0.6868439423748444,
      0.01571139426521539
    ]
  ],
  "R": [
    [
      0.908261274553908,
      0.3534520058885704,
      -0.22390430250233334
    ],
    [
      -0.3490071187178592,
      0.9351650767932514,
      0.06050049777092806
    ],
    [
      0.23077150653832548,
      0.02319393626830286,
      0.9727314907467598
    ]
  ],
  "t": [
    [
      0.9084079038478148
    ],
    [
      -0.34469367650803284
    ],
    [
      -0.23660378188481027
    ]
  ]
}