{
  "image_1": "frame_111",
  "image_2": "frame_116",
  "num_matches": 252,
  "inlier_count": 164,
  "inlier_ratio": 0.6508,
  "reproj_rmse": 0.8681,
  "F": [
    [
      -2.2730835917292878e-07,
      2.8187233895147844e-07,
      -0.000991309563134025
    ],
    [
      -9.966345742234706e-07,
      -7.555571482389588e-08,
      -0.004371909537188746
    ],
    [
      0.0002035287202226293,
      0.005526105353170335,
      1.0
    ]
  ],
  "E": [
    [
      -0.0081278914072644,
      -0.09239367781423596,
      -0.1132580331498363
    ],
    [
      -0.20816354998605502,
      -0.040658200999016236,
      -0.6643855343832635
    ],
    [
      -0.21095687280951447,
      0.6690151100177995,
      0.009625634605339772
    ]
  ],
  "R": [
    [
      0.8021459357038105,
      0.43320667982939454,
      -0.4109669942769743
    ],
    [
      -0.4402008192738378,
      0.8940353687779182,
      0.08321056474254618
    ],
    [
      0.4034664007628145,
      0.11416099125937923,
      0.9078447728164633
    ]
  ],
  "t": [
    [
      0.9783352836407991
    ],
    [
      -0.1649648983935167
    ],
    [
      0.1250865903344314
    ]
  ]
}