{
  "image_1": "frame_106",
  "image_2": "frame_111",
  "num_matches": 223,
  "inlier_count": 137,
  "inlier_ratio": 0.6143,
  "reproj_rmse": 5.3123,
  "F": [
    [
      -6.531853399702289e-08,
      -1.7471551996552133e-07,
      -0.00069282380103262
    ],
    [
      -5.39527397513649e-07,
      -1.507173215606069e-08,
      -0.004919689250846296
    ],
    [
      -0.00024670900214735696,
      0.005772314099710614,
      1.0
    ]
  ],
  "E": [
    [
      -0.005341402592394565,
      -0.12625298319105613,
      -0.14928932900486175
    ],
    [
      -0.15145135821227337,
      -0.007591650226119132,
      -0.674017652081896
    ],
    [
      -0.1538981711659491,
      0.678795898360107,
      -0.0009427644267593043
    ]
  ],
  "R": [
    [
      0.8309032097869974,
      0.4098458272450571,
      -0.37633263724460486
    ],
    [
      -0.41073292757421015,
      0.908055065173568,
      0.0820637606921951
    ],
    [
      0.37536424732782314,
      0.08638516367086455,
      0.9228430447944953
    ]
  ],
  "t": [
    [
      0.960983194336907
    ],
    [
      -0.21309649281256757
    ],
    [
      0.17635528047954088
    ]
  ]
}