{
  "image_1": "frame_076",
  "image_2": "frame_081",
  "num_matches": 129,
  "inlier_count": 95,
  "inlier_ratio": 0.7364,
  "reproj_rmse": 0.3132,
  "F": [
    [
      -1.4528087919488407e-07,
      -3.8390337281502716e-07,
      -0.0011025831710319452
    ],
    [
      -4.873166742038392e-07,
      2.2876363248449783e-07,
      -0.00685446076068958
    ],
    [
      0.0012173480095315765,
      0.007175614850026168,
      0.9999999999999999
    ]
  ],
  "E": [
    [
      -0.0365211150557758,
      -0.14293981675941814,
      -0.19539776356325145
    ],
    [
      -0.11559552543356101,
      0.06161874303905934,
      -0.6683963332454975
    ],
    [
      0.01468068250353402,
      0.6896607681476451,
      0.017140014106649476
    ]
  ],
  "R": [
    [
      0.8939130241706693,
      0.2653976156273947,
      -0.36122515255355914
    ],
    [
      -0.23385673898789713,
      0.9636376157634235,
      0.1292809773931616
    ],
    [
      0.3824010079066149,
      -0.031091013252680273,
      0.9234732362374811
    ]
  ],
  "t": [
    [
      0.938140853959944
    ],
    [
      -0.2686527376000441
    ],
    [
      0.2184432299507333
    ]
  ]
}