{
  "image_1": "frame_101",
  "image_2": "frame_106",
  "num_matches": 200,
  "inlier_count": 93,
  "inlier_ratio": 0.465,
  "reproj_rmse": 2.7311,
  "F": [
    [
      -7.39749471491267e-08,
      -1.8691565254359847e-07,
      -0.0006103087639965334
    ],
    [
      -8.468511411384942e-07,
      1.2192466187341682e-08,
      -0.00611562868768287
    ],
    [
      -0.0002807334294619218,
      0.0074830640983790985,
      0.9999999999999999
    ]
  ],
  "E": [
    [
      -0.013675503501940902,
      -0.11009611666041547,
      -0.12649354997026493
    ],
    [
      -0.2043141047271122,
      -0.014699644734046963,
      -0.6644179150188766
    ],
    [
      -0.1563140640090684,
      0.6809561156699742,
      0.012016268016093491
    ]
  ],
  "R": [
    [
      0.8200220418112943,
      0.38485247161771946,
      -0.42361825507568474
    ],
    [
      -0.3813785040793094,
      0.9193222909203249,
      0.09693792881650493
    ],
    [
      0.42674850623038363,
      0.08206765810438368,
      0.9006390019999123
    ]
  ],
  "t": [
    [
      0.9712787524868282
    ],
    [
      -0.18214555309543207
    ],
    [
      0.15310317584945707
    ]
  ]
}