{
  "image_1": "frame_096",
  "image_2": "frame_101",
  "num_matches": 343,
  "inlier_count": 248,
  "inlier_ratio": 0.723,
  "reproj_rmse": 5.7975,
  "F": [
    [
      -5.5066551642429504e-08,
      -1.4460277070364586e-07,
      -0.0006021615700282539
    ],
    [
      -7.85202919323357e-07,
      -7.269789217230666e-08,
      -0.00710529536745057
    ],
    [
      -0.0005827377662053339,
      0.008371791318809893,
      1.0
    ]
  ],
  "E": [
    [
      0.0028775189603471372,
      -0.09439619797680558,
      -0.08889622818924209
    ],
    [
      -0.15268965498437545,
      -0.03079326748493485,
      -0.6837096274422683
    ],
    [
      -0.17195375558310463,
      0.6796093876715268,
      -0.004507074060794038
    ]
  ],
  "R": [
    [
      0.8700719669527884,
      0.35173667374294676,
      -0.3453347429193213
    ],
    [
      -0.36126594718214544,
      0.9316585914041249,
      0.03871930357675793
    ],
    [
      0.3353530792008529,
      0.09106910237357922,
      0.9376805057498939
    ]
  ],
  "t": [
    [
      0.9830346263544248
    ],
    [
      -0.12867625484856504
    ],
    [
      0.13071092083817493
    ]
  ]
}