{
  "image_1": "frame_121",
  "image_2": "frame_126",
  "num_matches": 210,
  "inlier_count": 142,
  "inlier_ratio": 0.6762,
  "reproj_rmse": 0.1961,
  "F": [
    [
      5.248514868478164e-07,
      -2.9258763547405505e-06,
      0.00010411771022147085
    ],
    [
      1.3981879427722818e-06,
      -1.0915733691258848e-07,
      -0.011860636930991299
    ],
    [
      -0.002762061871462418,
      0.014417513714222886,
      1.0
    ]
  ],
  "E": [
    [
      -0.027329518886309443,
      -0.10709069348095919,
      -0.17870383179695074
    ],
    [
      -0.1570933462109864,
      0.0034427935367777576,
      -0.6650169799902383
    ],
    [
      -0.0960335417824912,
      0.6925915621484853,
      -0.002520364118513483
    ]
  ],
  "R": [
    [
      0.8531454104604687,
      0.37952927078822407,
      -0.357911219753163
    ],
    [
      -0.37199897363323753,
      0.9235970381006706,
      0.09265675813175346
    ],
    [
      0.36573169431436503,
      0.054092918451745575,
      0.9291470733674604
    ]
  ],
  "t": [
    [
      0.9548294311219147
    ],
    [
      -0.2571468221603826
    ],
    [
      0.14891698800411396
    ]
  ]
}