{
  "image_1": "frame_016",
  "image_2": "frame_021",
  "num_matches": 358,
  "inlier_count": 161,
  "inlier_ratio": 0.4497,
  "reproj_rmse": 2.172,
  "F": [
    [
      1.300145909019867e-07,
      -1.4742952613867058e-06,
      0.00017326823870949685
    ],
    [
      -5.249000437513207e-07,
      5.877085688007034e-07,
      -0.024145735191774945
    ],
    [
      -0.002080142607212312,
      0.024450747659935237,
      1.0
    ]
  ],
  "E": [
    [
      -0.026056559835493726,
      -0.014556339955094472,
      -0.11144631022991268
    ],
    [
      -0.16243581483148625,
      -0.029636024079300317,
      -0.6778767184513479
    ],
    [
      -0.05205708285571401,
      0.7048402924135755,
      -0.019964408985045146
    ]
  ],
  "R": [
    [
      0.9416923201239243,
      0.22560263026185307,
      -0.24963779248854526
    ],
    [
      -0.2298192922313038,
      0.9731527185247197,
      0.012525148552009924
    ],
    [
      0.24576140286449147,
      0.04557674458406374,
      0.9682582781547473
    ]
  ],
  "t": [
    [
      0.9865990964852837
    ],
    [
      -0.16260053332282773
    ],
    [
      0.013538440735688224
    ]
  ]
}