{
  "image_1": "frame_086",
  "image_2": "frame_091",
  "num_matches": 1081,
  "inlier_count": 642,
  "inlier_ratio": 0.5939,
  "reproj_rmse": 13.0544,
  "F": [
    [
      3.743251405128474e-09,
      3.4389465948982664e-08,
      -0.0048216460836891665
    ],
    [
      -2.0257696771391963e-08,
      2.0258620589023644e-09,
      -0.001357761901508496
    ],
    [
      0.004631702603221617,
      0.0016574890248293667,
      1.0
    ]
  ],
  "E": [
    [
      0.0048867164772348655,
      0.3551652234352981,
      -0.6101399240753379
    ],
    [
      -0.3539491923851671,
      -0.031784080407545656,
      -0.060752261016679424
    ],
    [
      0.6013528811043974,
      0.09313577525578452,
      0.035810628204586845
    ]
  ],
  "R": [
    [
      0.9943147070348635,
      0.08837059128772082,
      0.05940456185876727
    ],
    [
      -0.0880371400549407,
      0.9960833395917355,
      -0.008212341853702843
    ],
    [
      -0.05989762386873348,
      0.002935844552071909,
      0.9982002081104
    ]
  ],
  "t": [
    [
      -0.055911664499756875
    ],
    [
      0.8602545021374731
    ],
    [
      0.506789973583806
    ]
  ]
}