{
  "image_1": "frame_051",
  "image_2": "frame_056",
  "num_matches": 327,
  "inlier_count": 146,
  "inlier_ratio": 0.4465,
  "reproj_rmse": 4.1563,
  "F": [
    [
      -9.201984608965988e-08,
      -1.435406614609082e-06,
      0.0024999618448882737
    ],
    [
      1.839504088738887e-06,
      -2.842773953632075e-07,
      -0.026872769057329847
    ],
    [
      -0.0015540963539280202,
      0.02746395491950659,
      1.0
    ]
  ],
  "E": [
    [
      0.0008034595609112111,
      0.06864837082024514,
      0.046496285674839856
    ],
    [
      -0.022340608669199347,
      0.034883860097964785,
      -0.704565137531681
    ],
    [
      -0.0056887851436196275,
      0.7028697341667265,
      0.030636678260007624
    ]
  ],
  "R": [
    [
      0.9962251795020192,
      -0.05637103396346217,
      0.06601286432248968
    ],
    [
      0.05327935614772948,
      0.9974399697592615,
      0.04769504099093456
    ],
    [
      -0.06853248816913507,
      -0.04399787786398067,
      0.9966782253108641
    ]
  ],
  "t": [
    [
      0.9931010533222726
    ],
    [
      0.06118791521074234
    ],
    [
      -0.10003167959379397
    ]
  ]
}