{
  "image_1": "frame_026",
  "image_2": "frame_031",
  "num_matches": 255,
  "inlier_count": 123,
  "inlier_ratio": 0.4824,
  "reproj_rmse": 1.2351,
  "F": [
    [
      -1.2641060691652753e-08,
      8.463984637645013e-07,
      -0.0007334542025894148
    ],
    [
      -4.120775980706962e-07,
      -7.424429511493893e-08,
      0.018304105614706828
    ],
    [
      0.0006287885203801922,
      -0.018846678864215007,
      0.9999999999999999
    ]
  ],
  "E": [
    [
      -0.0015274590314440584,
      0.09240016342168565,
      0.004574491188771123
    ],
    [
      -0.04564010678014164,
      0.01060359608358588,
      0.7055262738975823
    ],
    [
      0.0085821502578698,
      -0.7009002806749386,
      0.011887606531522571
    ]
  ],
  "R": [
    [
      0.9975819188745603,
      0.019789298352509796,
      -0.06662356043672307
    ],
    [
      -0.020924041188106587,
      0.9996469170137806,
      -0.01637760071567603
    ],
    [
      0.06627593556419073,
      0.017732032471181994,
      0.997643761765457
    ]
  ],
  "t": [
    [
      -0.9914019877919521
    ],
    [
      0.008628005955878369
    ],
    [
      -0.1305666730654937
    ]
  ]
}