{
  "image_1": "frame_106",
  "image_2": "frame_111",
  "num_matches": 255,
  "inlier_count": 130,
  "inlier_ratio": 0.5098,
  "reproj_rmse": 1.3722,
  "F": [
    [
      7.089840049963143e-09,
      7.84384761853615e-08,
      -0.00016408652472687496
    ],
    [
      -5.075944475229834e-08,
      1.1927997347388587e-09,
      0.0011578191713826444
    ],
    [
      -4.2312576007674017e-05,
      -0.001156048562677317,
      1.0
    ]
  ],
  "E": [
    [
      0.0011799074464020644,
      0.008902056821233933,
      0.006507175435517659
    ],
    [
      -0.04766132779050333,
      -0.14642190368587152,
      -0.6900873547338936
    ],
    [
      0.05957186397343963,
      0.6883458605935923,
      -0.1502552957058297
    ]
  ],
  "R": [
    [
      0.9937568403750944,
      -0.10577150524078167,
      -0.0354926877935177
    ],
    [
      0.09588793689944758,
      0.9723499170827953,
      -0.21293459631128187
    ],
    [
      0.05703372480275497,
      0.20820189102930925,
      0.9764215927594715
    ]
  ],
  "t": [
    [
      -0.9998770103073885
    ],
    [
      -0.011701862298719196
    ],
    [
      0.010441775591350764
    ]
  ]
}