{
  "image_1": "frame_031",
  "image_2": "frame_036",
  "num_matches": 238,
  "inlier_count": 111,
  "inlier_ratio": 0.4664,
  "reproj_rmse": 6.1145,
  "F": [
    [
      -2.2321660331614997e-10,
      -9.123064965488602e-07,
      0.0009827592598508994
    ],
    [
      7.834558359660974e-07,
      7.735749894907211e-08,
      -0.009779296255697317
    ],
    [
      -0.0009192308512696096,
      0.009659847180965863,
      0.9999999999999999
    ]
  ],
  "E": [
    [
      -0.000925080893130939,
      -0.31419845485788855,
      -0.021633103473528113
    ],
    [
      0.27680702118183353,
      0.019126966606826674,
      -0.6502769952523405
    ],
    [
      0.012700304198413207,
      0.6328309584627906,
      0.018056188056798594
    ]
  ],
  "R": [
    [
      0.9982582808239225,
      0.0011220407278132345,
      -0.05898428427192115
    ],
    [
      0.0006295304234856629,
      0.9995595922579077,
      0.029668589731414535
    ],
    [
      0.05899159650248209,
      -0.02965404778120919,
      0.9978179337896662
    ]
  ],
  "t": [
    [
      -0.8953328811390318
    ],
    [
      0.017427657240646082
    ],
    [
      -0.44505652305564847
    ]
  ]
}