{
  "image_1": "frame_061",
  "image_2": "frame_066",
  "num_matches": 312,
  "inlier_count": 151,
  "inlier_ratio": 0.484,
  "reproj_rmse": 2.1171,
  "F": [
    [
      -1.6845113242391235e-09,
      -4.0217654718684525e-08,
      0.00015617779442301
    ],
    [
      5.5874064526820534e-08,
      8.617178179465234e-09,
      -0.0015979631268105356
    ],
    [
      -0.00019073377878501912,
      0.0016187684209634033,
      1.0
    ]
  ],
  "E": [
    [
      -0.0031072786938633914,
      -0.24200031911994302,
      -0.07419928399887687
    ],
    [
      0.2606369502139318,
      -0.13616563226900222,
      0.6426299786977125
    ],
    [
      0.016200330387711553,
      -0.6466532146632451,
      -0.13435712534502717
    ]
  ],
  "R": [
    [
      0.999852842012469,
      -0.008221632702105894,
      -0.015056529324515455
    ],
    [
      0.011107502616117322,
      0.9791240783879682,
      0.20295975587920073
    ],
    [
      0.013073549832439413,
      -0.20309712916883643,
      0.979071314265797
    ]
  ],
  "t": [
    [
      0.9337244311026872
    ],
    [
      0.03328697195423562
    ],
    [
      -0.356441670207176
    ]
  ]
}