{
  "image_1": "frame_006",
  "image_2": "frame_011",
  "num_matches": 406,
  "inlier_count": 232,
  "inlier_ratio": 0.5714,
  "reproj_rmse": 22.4986,
  "F": [
    [
      1.3969212680531837e-08,
      -3.33527455521003e-07,
      0.0007313629023229047
    ],
    [
      4.5529975326508855e-07,
      7.337199244227083e-09,
      0.004240723136694329
    ],
    [
      -0.000824784823663376,
      -0.004832723637764113,
      1.0
    ]
  ],
  "E": [
    [
      0.001125424500829256,
      -0.04122969038857236,
      -0.016197581141025427
    ],
    [
      0.04463724756267924,
      -0.012179054407204647,
      -0.7053872080975715
    ],
    [
      -0.0008945396737937512,
      0.7057965625177913,
      -0.013227621413708788
    ]
  ],
  "R": [
    [
      0.9996657661324898,
      0.025404435614103726,
      0.0047927730877603825
    ],
    [
      -0.025309851485904467,
      0.9995017546277813,
      -0.018858788766721073
    ],
    [
      -0.005269481995733481,
      0.018731181145757333,
      0.9998106697832251
    ]
  ],
  "t": [
    [
      -0.9980345529242314
    ],
    [
      0.024003058808731173
    ],
    [
      -0.057886823519294944
    ]
  ]
}