{
  "image_1": "frame_081",
  "image_2": "frame_086",
  "num_matches": 543,
  "inlier_count": 241,
  "inlier_ratio": 0.4438,
  "reproj_rmse": 13.2183,
  "F": [
    [
      4.655688504948304e-09,
      -2.542703755921237e-08,
      7.162901248740159e-05
    ],
    [
      6.615636398057069e-09,
      1.0032205707870982e-08,
      -0.0011787072083698931
    ],
    [
      -0.0002583075906691164,
      0.0012314221418316643,
      0.9999999999999999
    ]
  ],
  "E": [
    [
      0.09074088679742112,
      -0.6138852130512689,
      -0.03137608574203323
    ],
    [
      0.6360313709772251,
      0.034451485634894016,
      0.2962254629043724
    ],
    [
      -0.03369685399654263,
      -0.34084965469562495,
      -0.056038185425687316
    ]
  ],
  "R": [
    [
      0.9872038201603698,
      0.14884679810067755,
      -0.0572123077313656
    ],
    [
      -0.13647155837975838,
      0.9742056113650341,
      0.1797190600305941
    ],
    [
      0.08248715787425676,
      -0.16961148982323154,
      0.9820528556578669
    ]
  ],
  "t": [
    [
      0.47733966502633013
    ],
    [
      -0.11425992646129336
    ],
    [
      -0.8712585800998524
    ]
  ]
}