{
  "image_1": "frame_046",
  "image_2": "frame_051",
  "num_matches": 263,
  "inlier_count": 131,
  "inlier_ratio": 0.4981,
  "reproj_rmse": 3.7653,
  "F": [
    [
      2.5415024616448838e-08,
      6.889004644479096e-07,
      -0.0008314961082726785
    ],
    [
      -8.390574697928645e-07,
      6.598668272288262e-08,
      0.0084345030234597
    ],
    [
      0.0006087212158116519,
      -0.008586825616678959,
      0.9999999999999999
    ]
  ],
  "E": [
    [
      0.0036615991585241515,
      0.0943504587204036,
      -0.004630682585012153
    ],
    [
      -0.14116196424125696,
      0.013476413760912225,
      0.6927333041550173
    ],
    [
      -0.02192991684104702,
      -0.7003707253678715,
      0.008678804228792154
    ]
  ],
  "R": [
    [
      0.9970918045288986,
      -0.035382853501100674,
      0.06749805196762768
    ],
    [
      0.03627568624292844,
      0.9992691971544296,
      -0.01204766392070093
    ],
    [
      -0.06702244347164263,
      0.014461165114235933,
      0.9976466642928394
    ]
  ],
  "t": [
    [
      0.9910228457605289
    ],
    [
      0.004950846022039603
    ],
    [
      0.13360092927958586
    ]
  ]
}