{
  "image_1": "frame_041",
  "image_2": "frame_046",
  "num_matches": 262,
  "inlier_count": 119,
  "inlier_ratio": 0.4542,
  "reproj_rmse": 2.1716,
  "F": [
    [
      -5.545136949897943e-09,
      -4.657342294769579e-07,
      0.00020491636507276504
    ],
    [
      6.895616026720704e-07,
      9.717514874858655e-08,
      -0.01040067400025152
    ],
    [
      -0.00023944457410781422,
      0.009978272754601494,
      0.9999999999999999
    ]
  ],
  "E": [
    [
      0.00017568312216212475,
      0.07019192640672897,
      0.0224358187256259
    ],
    [
      -0.13068078885719703,
      -0.019329621995796253,
      0.6943639327046861
    ],
    [
      -0.038972817350896624,
      -0.7020274629646097,
      -0.02481699998214091
    ]
  ],
  "R": [
    [
      0.9959811280959754,
      -0.029520902808772627,
      0.08455831581827855
    ],
    [
      0.026823455983608243,
      0.9990999214645726,
      0.03286105808673675
    ],
    [
      -0.08545229479519072,
      -0.030460847441255767,
      0.9958765194979727
    ]
  ],
  "t": [
    [
      0.9945548717617547
    ],
    [
      -0.0285532382521382
    ],
    [
      0.10022634204776962
    ]
  ]
}