{
  "image_1": "frame_101",
  "image_2": "frame_106",
  "num_matches": 394,
  "inlier_count": 215,
  "inlier_ratio": 0.5457,
  "reproj_rmse": 13.2553,
  "F": [
    [
      1.58985965623987e-08,
      -8.665726468605472e-08,
      0.0009006348683684331
    ],
    [
      2.826867782957846e-07,
      -4.5567486935757144e-08,
      0.009939135150933606
    ],
    [
      -0.00120861633948121,
      -0.010511058471147578,
      1.0
    ]
  ],
  "E": [
    [
      -0.00022490542613517485,
      -0.1942854843155663,
      -0.03766024591558539
    ],
    [
      0.17741643987026803,
      0.0001131418711918176,
      -0.6834418369389397
    ],
    [
      0.03533142150941377,
      0.6789808506772689,
      -0.0014664689882669573
    ]
  ],
  "R": [
    [
      0.9996878946467836,
      0.0036338112617097865,
      -0.02471656756905033
    ],
    [
      -0.003654281415100366,
      0.9999930164834201,
      -0.0007830783674065908
    ],
    [
      0.024713549401500667,
      0.0008731552579690858,
      0.9996941922787564
    ]
  ],
  "t": [
    [
      -0.9600362554397546
    ],
    [
      0.053491112985321936
    ],
    [
      -0.27471637933113124
    ]
  ]
}