{
  "image_1": "frame_091",
  "image_2": "frame_096",
  "num_matches": 803,
  "inlier_count": 419,
  "inlier_ratio": 0.5218,
  "reproj_rmse": 4.9108,
  "F": [
    [
      -9.878907016228402e-09,
      -1.2405876114735744e-07,
      0.0003161751022904097
    ],
    [
      1.6795574640505733e-07,
      -2.1587916860479593e-08,
      0.0018745046215031178
    ],
    [
      -0.0005495595545178938,
      -0.0020259000699487406,
      1.0
    ]
  ],
  "E": [
    [
      -0.02583402555781653,
      -0.21810034113807492,
      -0.05921344361278977
    ],
    [
      0.18218467062247812,
      -0.05940651526891247,
      -0.6768084145809559
    ],
    [
      0.14114485611320585,
      0.6570576570665889,
      -0.04268441148232395
    ]
  ],
  "R": [
    [
      0.9934501141831724,
      -0.10627937627622396,
      -0.041970999604237114
    ],
    [
      0.10371206655570185,
      0.9928422616357255,
      -0.05922880009592779
    ],
    [
      0.0479653821019673,
      0.05448795911386781,
      0.9973617119337488
    ]
  ],
  "t": [
    [
      -0.9468459351071308
    ],
    [
      0.10207822183205292
    ],
    [
      -0.30506198025763465
    ]
  ]
}