{
  "image_1": "frame_116",
  "image_2": "frame_121",
  "num_matches": 211,
  "inlier_count": 91,
  "inlier_ratio": 0.4313,
  "reproj_rmse": 2.3771,
  "F": [
    [
      -1.7269957271233778e-08,
      2.429703157641898e-07,
      -0.0006336289276823566
    ],
    [
      -5.399038747652249e-07,
      1.3367190216824663e-07,
      -0.006593025489039489
    ],
    [
      0.0012856667455896351,
      0.007981844318559535,
      1.0
    ]
  ],
  "E": [
    [
      -0.005912701985926491,
      -0.2507691880182051,
      -0.06471201313734838
    ],
    [
      0.19114115118330346,
      0.08536997695887308,
      -0.6746455996384295
    ],
    [
      0.039001969586452856,
      0.6525160341508291,
      0.08138933248863564
    ]
  ],
  "R": [
    [
      0.9951021046885893,
      0.002041053380353805,
      -0.09883134798958565
    ],
    [
      0.010730741072910346,
      0.9916483542127744,
      0.12852389965730837
    ],
    [
      0.09826826771835434,
      -0.12895493665693575,
      0.986769462372767
    ]
  ],
  "t": [
    [
      -0.9304753727548383
    ],
    [
      0.04539476284477289
    ],
    [
      -0.3635311488758728
    ]
  ]
}