{
  "image_1": "frame_096",
  "image_2": "frame_101",
  "num_matches": 414,
  "inlier_count": 185,
  "inlier_ratio": 0.4469,
  "reproj_rmse": 112.3507,
  "F": [
    [
      9.272220967256025e-09,
      -9.865155035973182e-08,
      0.0003860469250303211
    ],
    [
      1.6259071944562469e-07,
      1.5684236119887305e-08,
      0.0023656008812252757
    ],
    [
      -0.00037307338196499546,
      -0.002583882150390321,
      1.0
    ]
  ],
  "E": [
    [
      0.0257690766796959,
      -0.6203858378250868,
      0.11796640939471346
    ],
    [
      0.6646799597566913,
      0.04235137443685162,
      0.2305752472554172
    ],
    [
      -0.04714346911249269,
      -0.3163436606769121,
      0.038567374443770105
    ]
  ],
  "R": [
    [
      0.9912929003648987,
      0.01633075110335197,
      -0.13065868610447312
    ],
    [
      -0.02932688740027987,
      0.9947374738815684,
      -0.09816970882674302
    ],
    [
      0.1283679062755103,
      0.10114674796609516,
      0.9865551256844824
    ]
  ],
  "t": [
    [
      0.44842233032635087
    ],
    [
      -0.0805228853712905
    ],
    [
      -0.8901873278114933
    ]
  ]
}