{
  "image_1": "frame_011",
  "image_2": "frame_016",
  "num_matches": 285,
  "inlier_count": 105,
  "inlier_ratio": 0.3684,
  "reproj_rmse": 13.305,
  "F": [
    [
      1.761610174718653e-09,
      -1.372958300182113e-07,
      0.00030801325369610605
    ],
    [
      2.4750162311633433e-07,
      2.7234015143220502e-08,
      0.0035941512755989064
    ],
    [
      -0.0005136876176654586,
      -0.004174731281938722,
      1.0
    ]
  ],
  "E": [
    [
      -0.001649196771546082,
      -0.09122288042188664,
      -0.012327117801029594
    ],
    [
      0.06568573461761339,
      -0.007804874177381368,
      -0.7038815545757987
    ],
    [
      0.022233859641225182,
      0.7008207248102374,
      -0.007409514218007262
    ]
  ],
  "R": [
    [
      0.9992631335956388,
      -0.01319490845664412,
      -0.03604281103694648
    ],
    [
      0.012846246489790634,
      0.9998685913305267,
      -0.009888074728260223
    ],
    [
      0.0361685469399559,
      0.009417773703423586,
      0.9993013268032437
    ]
  ],
  "t": [
    [
      -0.9914874768793223
    ],
    [
      0.0187203277095559
    ],
    [
      -0.12884926279153472
    ]
  ]
}