{
  "image_1": "frame_056",
  "image_2": "frame_061",
  "num_matches": 317,
  "inlier_count": 161,
  "inlier_ratio": 0.5079,
  "reproj_rmse": 5.3376,
  "F": [
    [
      9.179764161460538e-09,
      7.740374869582802e-08,
      -0.0004228686849634247
    ],
    [
      -1.0284212491945176e-07,
      1.15906818121085e-08,
      0.0025891059911385688
    ],
    [
      0.00020441257263888296,
      -0.0025370634875774983,
      1.0
    ]
  ],
  "E": [
    [
      0.015375653114525024,
      0.24487035783530706,
      -0.08614703147455911
    ],
    [
      -0.2291504027480645,
      0.07314635884768592,
      0.6617691064402901
    ],
    [
      0.018832902532975662,
      -0.658213739986799,
      0.05460891188030808
    ]
  ],
  "R": [
    [
      0.997014787416068,
      -0.0722153696339312,
      -0.027321311504546475
    ],
    [
      0.0696387819331676,
      0.9938807045855936,
      -0.08574138500927204
    ],
    [
      0.033345970139710135,
      0.08358280589378621,
      0.9959427497774975
    ]
  ],
  "t": [
    [
      0.9299255734875046
    ],
    [
      0.09166627372099134
    ],
    [
      0.3561400314989093
    ]
  ]
}