{
  "image_1": "frame_071",
  "image_2": "frame_076",
  "num_matches": 299,
  "inlier_count": 157,
  "inlier_ratio": 0.5251,
  "reproj_rmse": 6.6246,
  "F": [
    [
      2.435901753782696e-09,
      -1.9981604746300976e-07,
      -0.00022640697955960985
    ],
    [
      6.597912189884181e-08,
      -2.993422347791669e-09,
      0.004364960360923727
    ],
    [
      0.00012563509999190798,
      -0.003773308399994962,
      1.0
    ]
  ],
  "E": [
    [
      0.021041062750499093,
      0.2632076878448806,
      -0.08189456159123194
    ],
    [
      -0.32049788562057957,
      0.06760332628101558,
      0.6236418815864756
    ],
    [
      0.022317239784429968,
      -0.650984041055956,
      0.0554588652794483
    ]
  ],
  "R": [
    [
      0.9949721820043091,
      -0.053122528630299246,
      0.08490202582687295
    ],
    [
      0.05972286706726007,
      0.9952259695366629,
      -0.07719098852246682
    ],
    [
      -0.08039612047139072,
      0.08187347868346788,
      0.9933947842129118
    ]
  ],
  "t": [
    [
      0.9204045496622247
    ],
    [
      0.08696780001541485
    ],
    [
      0.38117196476335446
    ]
  ]
}