{
  "image_1": "frame_036",
  "image_2": "frame_041",
  "num_matches": 301,
  "inlier_count": 147,
  "inlier_ratio": 0.4884,
  "reproj_rmse": 12.9405,
  "F": [
    [
      1.3099724668737355e-08,
      8.786556932879204e-08,
      0.0005933610937381844
    ],
    [
      -5.128989202484462e-08,
      2.2262501328719417e-08,
      0.001347501707582863
    ],
    [
      -0.0007033982944714159,
      -0.0014389363867110207,
      1.0
    ]
  ],
  "E": [
    [
      0.03693489655239255,
      -0.5964330384378393,
      0.15980318288780967
    ],
    [
      0.6681473836312961,
      0.028171719919272205,
      0.1985483482990378
    ],
    [
      -0.10628399293171176,
      -0.34160890738559513,
      0.05232050638015059
    ]
  ],
  "R": [
    [
      0.9752068375676604,
      0.001099707539382419,
      -0.22129259952517716
    ],
    [
      -0.018834700568737046,
      0.9967716259903079,
      -0.0780485725373869
    ],
    [
      0.22049235364467534,
      0.08028148145098912,
      0.9720792178214006
    ]
  ],
  "t": [
    [
      0.4844922843872668
    ],
    [
      -0.16348688834990716
    ],
    [
      -0.8593830715733658
    ]
  ]
}