{
  "image_1": "frame_108",
  "image_2": "frame_109",
  "num_matches": 1500,
  "inlier_count": 1089,
  "inlier_ratio": 0.726,
  "reproj_rmse": 0.3843,
  "F": [
    [
      9.656361424412929e-09,
      -7.468569102908857e-08,
      -0.0005914050117990572
    ],
    [
      3.175195243388235e-07,
      4.003057883800466e-08,
      -0.019198016404525512
    ],
    [
      1.449909778327442e-05,
      0.018849819191043556,
      1.0
    ]
  ],
  "E": [
    [
      0.0015433359876355556,
      -0.02389969550828572,
      -0.03768768290922265
    ],
    [
      0.051467620682181914,
      0.003387696001511914,
      -0.7042196702033915
    ],
    [
      0.0351547776702678,
      0.7058063293949868,
      0.0046788731813389
    ]
  ],
  "R": [
    [
      0.9992395268878558,
      0.0032542236287451468,
      0.0388558609930106
    ],
    [
      -0.0034339461199206986,
      0.9999837092623243,
      0.0045595201511073845
    ],
    [
      -0.03884039030416053,
      -0.004689481691721176,
      0.9992344233674516
    ]
  ],
  "t": [
    [
      -0.9980040693560066
    ],
    [
      0.05318390049145593
    ],
    [
      -0.03404923313917925
    ]
  ]
}