{
  "image_1": "frame_114",
  "image_2": "frame_115",
  "num_matches": 1500,
  "inlier_count": 1248,
  "inlier_ratio": 0.832,
  "reproj_rmse": 0.3003,
  "F": [
    [
      -4.6312748551838344e-08,
      -8.835231839014199e-07,
      0.005719666318435241
    ],
    [
      2.181287816059429e-06,
      -1.28122335096077e-07,
      -0.11237977218464029
    ],
    [
      -0.00812446955871603,
      0.11148822557299552,
      1.0
    ]
  ],
  "E": [
    [
      -0.0006906726368185664,
      0.017864911027243545,
      0.018832706461240408
    ],
    [
      0.008408573064116659,
      -0.0014328560442253462,
      -0.7068031703124229
    ],
    [
      -0.01847151165228308,
      0.7066374538189316,
      -0.002128489865877751
    ]
  ],
  "R": [
    [
      0.9993110448718628,
      -0.00048680598675046594,
      0.03711062674001386
    ],
    [
      0.000562175826018016,
      0.9999978006808927,
      -0.0020205424315875207
    ],
    [
      -0.03710956150975122,
      0.002040013065759288,
      0.9993091207385457
    ]
  ],
  "t": [
    [
      -0.99932546959701
    ],
    [
      -0.026702855987092676
    ],
    [
      0.02521038073588302
    ]
  ]
}