{
  "image_1": "frame_028",
  "image_2": "frame_029",
  "num_matches": 1500,
  "inlier_count": 1004,
  "inlier_ratio": 0.6693,
  "reproj_rmse": 0.3422,
  "F": [
    [
      -4.446908302915302e-08,
      -3.1355266924030094e-05,
      0.0738890723435026
    ],
    [
      2.8208383772538476e-05,
      3.0624318527043405e-06,
      0.3027863497670169
    ],
    [
      -0.06575356901092168,
      -0.30509934643072256,
      1.0
    ]
  ],
  "E": [
    [
      -0.0012715767228465003,
      0.2598034212204441,
      0.019208306200472043
    ],
    [
      -0.2369291787790057,
      -0.007031316594285094,
      -0.6658385026327044
    ],
    [
      -0.023094286707279973,
      0.6572826160510021,
      -0.007213611316606661
    ]
  ],
  "R": [
    [
      0.9994108842692598,
      0.002360065062506817,
      0.03423907850741825
    ],
    [
      -0.0020242513321853985,
      0.9999495444190216,
      -0.009839259257437047
    ],
    [
      -0.03426057224683432,
      0.009764154294748355,
      0.9993652357773044
    ]
  ],
  "t": [
    [
      -0.9296575782284657
    ],
    [
      -0.030796535556243322
    ],
    [
      0.36713534376319207
    ]
  ]
}