{
  "image_1": "frame_014",
  "image_2": "frame_015",
  "num_matches": 1500,
  "inlier_count": 1257,
  "inlier_ratio": 0.838,
  "reproj_rmse": 0.4426,
  "F": [
    [
      9.543084889956809e-06,
      -0.000465230222882697,
      0.1859349700081843
    ],
    [
      0.0005377992507056116,
      -5.557413263848509e-06,
      -6.4881927167944715
    ],
    [
      -0.3490728242994042,
      6.508357223759195,
      1.0
    ]
  ],
  "E": [
    [
      0.0036905724656140907,
      -0.18996976128822826,
      -0.08062656290480909
    ],
    [
      0.218606797755541,
      -0.003061379902132849,
      -0.6674868310573773
    ],
    [
      0.08096052789786141,
      0.6763915976974875,
      0.00022935781957566734
    ]
  ],
  "R": [
    [
      0.9990667495061776,
      0.0010829339655765158,
      0.0431793617968918
    ],
    [
      -0.0008733486600342455,
      0.9999877484186785,
      -0.0048723992713537445
    ],
    [
      -0.043184109268094406,
      0.004830141464559554,
      0.9990554551375783
    ]
  ],
  "t": [
    [
      -0.9564488766527215
    ],
    [
      0.11543852297342849
    ],
    [
      -0.2681035131501641
    ]
  ]
}