{
  "image_1": "frame_027",
  "image_2": "frame_028",
  "num_matches": 1500,
  "inlier_count": 1199,
  "inlier_ratio": 0.7993,
  "reproj_rmse": 0.2573,
  "F": [
    [
      4.9131847116515126e-08,
      6.692061999766011e-06,
      -0.014961263456579485
    ],
    [
      -4.512908403830744e-06,
      -3.2994115654563016e-07,
      -0.26776606555778865
    ],
    [
      0.011959407274201674,
      0.26599430386102363,
      1.0
    ]
  ],
  "E": [
    [
      0.0002899091354710414,
      0.060789955447412856,
      -0.0003067487679538784
    ],
    [
      -0.04541169373213562,
      -0.0017714350154579323,
      -0.7056448268595822
    ],
    [
      0.003461031019588084,
      0.7044774831370207,
      -0.0019795475425910926
    ]
  ],
  "R": [
    [
      0.999751004885526,
      -0.004657724054310123,
      0.02182278252228624
    ],
    [
      0.004720240756944047,
      0.9999848999411267,
      -0.0028141103267135606
    ],
    [
      -0.021809345647624795,
      0.0029164184144821934,
      0.9997578941654095
    ]
  ],
  "t": [
    [
      -0.9962975491032664
    ],
    [
      0.00019192049765296717
    ],
    [
      0.08597183735007229
    ]
  ]
}