{
  "image_1": "frame_032",
  "image_2": "frame_033",
  "num_matches": 1500,
  "inlier_count": 1178,
  "inlier_ratio": 0.7853,
  "reproj_rmse": 0.4268,
  "F": [
    [
      5.725934707527511e-09,
      2.5821905112789477e-07,
      -0.0010355927646781584
    ],
    [
      -1.8447890594394058e-07,
      4.404399657811308e-08,
      -0.007196661036127602
    ],
    [
      0.0009123111300088794,
      0.006914286659863359,
      0.9999999999999999
    ]
  ],
  "E": [
    [
      0.001635851978944537,
      0.10793712889793107,
      -0.046096581328274
    ],
    [
      -0.08574789756859558,
      0.018127919723349997,
      -0.6999497998909934
    ],
    [
      0.049960597249214665,
      0.6969499554215085,
      0.01938189788196835
    ]
  ],
  "R": [
    [
      0.9995484482449439,
      -0.0023555617982210647,
      0.029955816459235896
    ],
    [
      0.0015857513010839458,
      0.999668544594192,
      0.025696037471584394
    ],
    [
      -0.0300064160461688,
      -0.025636931905841213,
      0.9992208778435926
    ]
  ],
  "t": [
    [
      -0.9861257580891195
    ],
    [
      0.06912241635859799
    ],
    [
      0.1509240894950442
    ]
  ]
}