{
  "image_1": "frame_121",
  "image_2": "frame_122",
  "num_matches": 1500,
  "inlier_count": 1258,
  "inlier_ratio": 0.8387,
  "reproj_rmse": 0.922,
  "F": [
    [
      1.771407149429927e-08,
      -6.073559821032657e-06,
      0.010071622017398005
    ],
    [
      4.998288884105719e-06,
      3.7062944093559136e-07,
      0.10747906038778521
    ],
    [
      -0.007844852984606274,
      -0.10695576255960951,
      0.9999999999999999
    ]
  ],
  "E": [
    [
      -0.0014961019903563558,
      0.07167491552260691,
      0.04187825941907734
    ],
    [
      -0.04757867922715214,
      -0.006399675497778072,
      -0.7041910169442693
    ],
    [
      -0.04313001120890883,
      0.7021369963089319,
      -0.007774650512995603
    ]
  ],
  "R": [
    [
      0.999431081638197,
      0.0011673182582041253,
      0.033706830518286005
    ],
    [
      -0.0008634133114874543,
      0.9999588625369906,
      -0.009029271907599114
    ],
    [
      -0.03371598393874682,
      0.008995032062859995,
      0.9993909754571683
    ]
  ],
  "t": [
    [
      -0.9930827554153585
    ],
    [
      -0.06017183879046295
    ],
    [
      0.1008265377428669
    ]
  ]
}