{
  "image_1": "frame_139",
  "image_2": "frame_140",
  "num_matches": 1500,
  "inlier_count": 1328,
  "inlier_ratio": 0.8853,
  "reproj_rmse": 0.3872,
  "F": [
    [
      -8.434605409401064e-08,
      2.1345914755685502e-05,
      -0.03886347115353711
    ],
    [
      -2.112989775839957e-05,
      -1.4040130449803918e-07,
      -0.10568929756514868
    ],
    [
      0.03815854018895069,
      0.10568469081157288,
      1.0
    ]
  ],
  "E": [
    [
      -0.0011509621795336448,
      0.30185698997648674,
      0.024945396672917855
    ],
    [
      -0.29865043699316424,
      -0.0008995506110582779,
      -0.6404588454171488
    ],
    [
      -0.027062526838571625,
      0.6388630168036454,
      -9.711150193939755e-06
    ]
  ],
  "R": [
    [
      0.9999816223388599,
      0.0033979465237578554,
      0.0050208509202277485
    ],
    [
      -0.003398895045238645,
      0.9999942074681354,
      0.0001803958068696005
    ],
    [
      -0.00502020886148391,
      -0.00019745783693220567,
      0.9999873791770523
    ]
  ],
  "t": [
    [
      -0.903613590062942
    ],
    [
      -0.035201551655275866
    ],
    [
      0.4268996727740869
    ]
  ]
}