{
  "image_1": "frame_209",
  "image_2": "frame_210",
  "num_matches": 1500,
  "inlier_count": 1197,
  "inlier_ratio": 0.798,
  "reproj_rmse": 0.2364,
  "F": [
    [
      -1.711128839937029e-08,
      -2.7414880565827157e-06,
      0.00463703121881275
    ],
    [
      2.7380782749354664e-06,
      6.112156911845439e-08,
      0.005611298327496364
    ],
    [
      -0.004347139992446031,
      -0.005910526626699761,
      1.0
    ]
  ],
  "E": [
    [
      0.0027046424664987807,
      0.4645225033849366,
      0.025446881483682154
    ],
    [
      -0.46601528656397934,
      -0.015582517273931508,
      -0.5299833747210684
    ],
    [
      -0.038412049265571555,
      0.5324189003997343,
      -0.01797704960775869
    ]
  ],
  "R": [
    [
      0.9999731875386006,
      -0.005561279941090222,
      -0.004764070665680742
    ],
    [
      0.005395512703320608,
      0.999402884448679,
      -0.034128624325166466
    ],
    [
      0.004951024798875547,
      0.034102004648947956,
      0.9994060939539862
    ]
  ],
  "t": [
    [
      -0.7530789939446004
    ],
    [
      -0.05838765509404178
    ],
    [
      0.6553341976518603
    ]
  ]
}