{
  "image_1": "frame_098",
  "image_2": "frame_099",
  "num_matches": 1500,
  "inlier_count": 1213,
  "inlier_ratio": 0.8087,
  "reproj_rmse": 0.2604,
  "F": [
    [
      5.789210116852037e-09,
      9.960600253075507e-07,
      -0.0022018585094817594
    ],
    [
      -8.312097250094004e-07,
      4.4759557032384657e-08,
      -0.022548926062798392
    ],
    [
      0.0019740532306397845,
      0.022090898563548497,
      1.0
    ]
  ],
  "E": [
    [
      0.0008592925549440116,
      0.11087630500869027,
      -0.016799618304378785
    ],
    [
      -0.0923322870984725,
      0.003705739058334587,
      -0.7008283551030722
    ],
    [
      0.019863871899068165,
      0.6980794955593537,
      0.0038153430051410787
    ]
  ],
  "R": [
    [
      0.99964512459054,
      -0.003751257804741861,
      0.026373337810116387
    ],
    [
      0.00362562345516353,
      0.9999818597251452,
      0.004809893470906507
    ],
    [
      -0.026390902540942368,
      -0.004712566765836283,
      0.9996405914015056
    ]
  ],
  "t": [
    [
      -0.9873433844704204
    ],
    [
      0.02452072350966314
    ],
    [
      0.15669006114319586
    ]
  ]
}