{
  "image_1": "frame_192",
  "image_2": "frame_193",
  "num_matches": 1500,
  "inlier_count": 1182,
  "inlier_ratio": 0.788,
  "reproj_rmse": 0.2959,
  "F": [
    [
      -2.2344160303887866e-08,
      1.961652549004881e-06,
      -0.002817568476578945
    ],
    [
      -1.758586512771945e-06,
      -1.0473630948414734e-08,
      -0.014759890177807806
    ],
    [
      0.0024013789230612585,
      0.014302242766085724,
      1.0
    ]
  ],
  "E": [
    [
      -0.0033038945883650194,
      0.30913522485135464,
      0.035742619557860726
    ],
    [
      -0.2828385083071322,
      4.289954793684585e-06,
      -0.6471325295180808
    ],
    [
      -0.03875417192390023,
      0.6347179586030673,
      0.00023834589175112297
    ]
  ],
  "R": [
    [
      0.9991341997845353,
      0.005916931740635921,
      0.04118058692749027
    ],
    [
      -0.006030844508651906,
      0.9999783228305444,
      0.0026424956998456137
    ],
    [
      -0.04116405878224816,
      -0.0028885615430339837,
      0.9991482254784739
    ]
  ],
  "t": [
    [
      -0.8979387085806926
    ],
    [
      -0.04943414689857309
    ],
    [
      0.4373355013634821
    ]
  ]
}