{
  "image_1": "frame_003",
  "image_2": "frame_004",
  "num_matches": 1500,
  "inlier_count": 1259,
  "inlier_ratio": 0.8393,
  "reproj_rmse": 0.3433,
  "F": [
    [
      2.399052965482074e-09,
      1.0298494175526141e-06,
      -0.0027462360418464664
    ],
    [
      -1.068747576464728e-06,
      9.244203024185723e-08,
      0.01728359337363864
    ],
    [
      0.002769585687192525,
      -0.017660272829842498,
      1.0
    ]
  ],
  "E": [
    [
      -5.2207805359181e-05,
      -0.05997956479619813,
      0.0029551755858704923
    ],
    [
      0.06808133637180822,
      -0.00764964458656899,
      -0.7037763125702382
    ],
    [
      -0.0020029774069674094,
      0.7045114794127079,
      -0.007654796943837286
    ]
  ],
  "R": [
    [
      0.9999341900832619,
      -0.0003053286819163074,
      0.011468316220212743
    ],
    [
      0.00042950921640726126,
      0.9999412914917415,
      -0.010827238413411499
    ],
    [
      -0.011464337066041663,
      0.010831451621266364,
      0.9998756165800885
    ]
  ],
  "t": [
    [
      -0.9963871898197612
    ],
    [
      -0.0032608098888250057
    ],
    [
      -0.08486421555607593
    ]
  ]
}