{
  "image_1": "frame_111",
  "image_2": "frame_112",
  "num_matches": 1500,
  "inlier_count": 1295,
  "inlier_ratio": 0.8633,
  "reproj_rmse": 0.2268,
  "F": [
    [
      1.960616226166192e-09,
      1.1820090257873386e-06,
      -0.0023312548139982235
    ],
    [
      -9.69428647774667e-07,
      2.5944673899407698e-08,
      -0.019357086624549318
    ],
    [
      0.0019540328263709626,
      0.01890593608218715,
      1.0
    ]
  ],
  "E": [
    [
      2.5595506055627197e-05,
      0.11336473619606938,
      0.0047139195145306
    ],
    [
      -0.09003907317369893,
      0.0029074708022940564,
      -0.701331802623437
    ],
    [
      -0.0032316215704505887,
      0.6979449336004361,
      0.0026183435412386095
    ]
  ],
  "R": [
    [
      0.9994424604492065,
      -0.0016123764795091802,
      0.033349190294887116
    ],
    [
      0.0014812774296159344,
      0.9999910801376897,
      0.003955434518909606
    ],
    [
      -0.03335527047428549,
      -0.003903829804845005,
      0.9994359339369593
    ]
  ],
  "t": [
    [
      -0.9870422634263053
    ],
    [
      -0.006035651594731891
    ],
    [
      0.16034693985263046
    ]
  ]
}