{
  "image_1": "frame_106",
  "image_2": "frame_107",
  "num_matches": 1500,
  "inlier_count": 1042,
  "inlier_ratio": 0.6947,
  "reproj_rmse": 0.7105,
  "F": [
    [
      2.058292760720671e-08,
      9.96210961931414e-06,
      -0.02448248729373427
    ],
    [
      -1.0841631112844144e-05,
      9.084168263746114e-08,
      0.08504434821560827
    ],
    [
      0.0264659873983218,
      -0.08566991560272322,
      1.0
    ]
  ],
  "E": [
    [
      -0.00032282254607341685,
      -0.23536498167559602,
      0.03517752913719539
    ],
    [
      0.25887970523677045,
      0.0013268232073886204,
      -0.6570638622885752
    ],
    [
      -0.03792479091492409,
      0.6657125401447541,
      -0.0009515195478752426
    ]
  ],
  "R": [
    [
      0.999359311865803,
      0.0039459282030402665,
      0.035572397132110634
    ],
    [
      -0.0039647018172227835,
      0.9999920360066663,
      0.0004572337944456703
    ],
    [
      -0.03557030962205171,
      -0.00059797479773167,
      0.9993669974036228
    ]
  ],
  "t": [
    [
      -0.9416642316986166
    ],
    [
      -0.04993232682057194
    ],
    [
      -0.3328291415692708
    ]
  ]
}