{
  "image_1": "frame_211",
  "image_2": "frame_212",
  "num_matches": 1500,
  "inlier_count": 1147,
  "inlier_ratio": 0.7647,
  "reproj_rmse": 0.2867,
  "F": [
    [
      -3.832018176650773e-08,
      4.3055335424841865e-06,
      -0.008970501426446006
    ],
    [
      -4.012242284349915e-06,
      -8.440147075198954e-08,
      -0.01697695858262255
    ],
    [
      0.008106405736192335,
      0.016450913750201215,
      1.0
    ]
  ],
  "E": [
    [
      -0.0030528106899011557,
      0.30723967845646133,
      0.0017268313642290647
    ],
    [
      -0.27951423129200587,
      -0.009920668940429768,
      -0.6494199423978624
    ],
    [
      -0.011066028591914669,
      0.636742466638833,
      -0.007427369734267765
    ]
  ],
  "R": [
    [
      0.9990313729622753,
      0.009685371248067481,
      0.04292446180092041
    ],
    [
      -0.009207719034131022,
      0.9998936280816306,
      -0.011311517667495358
    ],
    [
      -0.04302945209156278,
      0.010905324641690743,
      0.9990142842558154
    ]
  ],
  "t": [
    [
      -0.9006569584279035
    ],
    [
      -0.007363864335062481
    ],
    [
      0.43446843008146496
    ]
  ]
}