{
  "image_1": "frame_081",
  "image_2": "frame_082",
  "num_matches": 1500,
  "inlier_count": 1221,
  "inlier_ratio": 0.814,
  "reproj_rmse": 0.3127,
  "F": [
    [
      2.4304148802079388e-08,
      -1.3599107436318724e-06,
      0.0015824622997367695
    ],
    [
      1.557292040958293e-06,
      1.0692490360130018e-07,
      -0.020184329907259987
    ],
    [
      -0.0022244803369883123,
      0.019818730154062384,
      1.0
    ]
  ],
  "E": [
    [
      0.004327813567155036,
      -0.2053536691152173,
      -0.0701381177836152
    ],
    [
      0.22974295465922104,
      0.005664038857005912,
      -0.6651430352905792
    ],
    [
      0.06296705312382342,
      0.6735431287468819,
      0.006117600501276538
    ]
  ],
  "R": [
    [
      0.9993168129759123,
      0.008800642709769005,
      0.03589506918171459
    ],
    [
      -0.009000365710734662,
      0.9999448812044428,
      0.005406289865140218
    ],
    [
      -0.03584551186324647,
      -0.0057256651079036075,
      0.9993409408396787
    ]
  ],
  "t": [
    [
      -0.9517266257118294
    ],
    [
      0.09768148292005559
    ],
    [
      -0.29098927438260386
    ]
  ]
}