{
  "image_1": "frame_063",
  "image_2": "frame_064",
  "num_matches": 1500,
  "inlier_count": 1249,
  "inlier_ratio": 0.8327,
  "reproj_rmse": 0.4964,
  "F": [
    [
      -7.18316699253413e-09,
      2.393150601725397e-06,
      -0.0062723571034733645
    ],
    [
      -2.5176078643972055e-06,
      4.547502194052858e-08,
      0.018414447106508292
    ],
    [
      0.006566763192588749,
      -0.018669476964470147,
      1.0
    ]
  ],
  "E": [
    [
      0.001264710895427233,
      -0.29402098853556957,
      0.043540987164954435
    ],
    [
      0.3086208417055609,
      -0.005427098314939148,
      -0.6349207434828811
    ],
    [
      -0.04466088295141216,
      0.641236618628184,
      -0.008638163687307535
    ]
  ],
  "R": [
    [
      0.9997293764938024,
      0.0075583547340027785,
      0.022001023817722398
    ],
    [
      -0.007293537350813589,
      0.9999002883214142,
      -0.01209205225200263
    ],
    [
      -0.02209022607908967,
      0.011928314569453667,
      0.999684818942104
    ]
  ],
  "t": [
    [
      -0.9073634787047786
    ],
    [
      -0.05655744272819914
    ],
    [
      -0.41652463694817515
    ]
  ]
}