{
  "image_1": "frame_070",
  "image_2": "frame_071",
  "num_matches": 1500,
  "inlier_count": 1252,
  "inlier_ratio": 0.8347,
  "reproj_rmse": 0.1885,
  "F": [
    [
      -9.079228988692826e-09,
      1.7558479534657538e-07,
      -0.0023502628913413853
    ],
    [
      -5.573041135840488e-08,
      7.156667335056788e-08,
      0.02813110650140836
    ],
    [
      0.0021576393225356504,
      -0.02854496021317126,
      1.0
    ]
  ],
  "E": [
    [
      0.0008432563612976554,
      -0.0204257548485168,
      0.053943328748078105
    ],
    [
      0.00997796483024521,
      -0.004683140150452588,
      -0.7049700144229853
    ],
    [
      -0.05442490711707119,
      0.70469211219894,
      -0.003865024150331873
    ]
  ],
  "R": [
    [
      0.9998820854643977,
      0.0007757916216826616,
      -0.015336665697821534
    ],
    [
      -0.0008779479456540173,
      0.9999774677669289,
      -0.006655311100589088
    ],
    [
      0.015331156993904051,
      0.006667991136812814,
      0.9998602369928649
    ]
  ],
  "t": [
    [
      -0.9966666390936882
    ],
    [
      -0.07610239392600192
    ],
    [
      -0.029394491940212826
    ]
  ]
}