{
  "image_1": "frame_065",
  "image_2": "frame_066",
  "num_matches": 1500,
  "inlier_count": 1128,
  "inlier_ratio": 0.752,
  "reproj_rmse": 0.1759,
  "F": [
    [
      -2.4767786257512473e-09,
      2.738464814306323e-06,
      -0.0038200603809795592
    ],
    [
      -2.7975188184391296e-06,
      1.7578612318977713e-07,
      0.021127409059902853
    ],
    [
      0.003885957172963284,
      -0.02189198829614609,
      1.0
    ]
  ],
  "E": [
    [
      0.0010828955405011759,
      -0.10249094991101466,
      -0.08059142058184203
    ],
    [
      0.11278179248765384,
      -0.002508561287660349,
      -0.6933408860825632
    ],
    [
      0.0819511532851385,
      0.694863012343449,
      -0.0011171813613505017
    ]
  ],
  "R": [
    [
      0.9998831070950001,
      -0.001407083153881425,
      0.015224725384931997
    ],
    [
      0.0014587154606209296,
      0.9999932212405829,
      -0.003380772409936181
    ],
    [
      -0.015219865152276052,
      0.003402585763932868,
      0.9998783816619227
    ]
  ],
  "t": [
    [
      -0.9828524359762117
    ],
    [
      0.11447611182935619
    ],
    [
      -0.14455555650357763
    ]
  ]
}