{
  "image_1": "frame_016",
  "image_2": "frame_017",
  "num_matches": 1500,
  "inlier_count": 1136,
  "inlier_ratio": 0.7573,
  "reproj_rmse": 0.3152,
  "F": [
    [
      1.185243800418654e-09,
      2.932956246497084e-06,
      -0.006043523091649967
    ],
    [
      -3.3828116007271276e-06,
      -6.326294014719262e-09,
      0.04746680816539542
    ],
    [
      0.00686796130767948,
      -0.04737153923437984,
      0.9999999999999999
    ]
  ],
  "E": [
    [
      0.0007111156694517219,
      -0.1471143211471647,
      -0.01835987387706822
    ],
    [
      0.16878374418631106,
      -0.005281681331911197,
      -0.6863694086101623
    ],
    [
      0.019077023223022394,
      0.6913854984051921,
      -0.004809584595182945
    ]
  ],
  "R": [
    [
      0.9994984055639461,
      0.0008805501373640653,
      0.03165694089114296
    ],
    [
      -0.0006323217889079059,
      0.9999689855708901,
      -0.00785035448119923
    ],
    [
      -0.031662871699910666,
      0.00782639941357505,
      0.9994679634825392
    ]
  ],
  "t": [
    [
      -0.9777727607774025
    ],
    [
      0.02761110156786552
    ],
    [
      -0.20784141875946086
    ]
  ]
}