{
  "image_1": "frame_043",
  "image_2": "frame_044",
  "num_matches": 1500,
  "inlier_count": 1121,
  "inlier_ratio": 0.7473,
  "reproj_rmse": 0.2212,
  "F": [
    [
      2.914858481389635e-08,
      1.573103434884377e-06,
      -0.006832493244412771
    ],
    [
      -1.1556978038265201e-06,
      3.7509227537362187e-08,
      -0.0637529558327006
    ],
    [
      0.0061690352680542505,
      0.06307711261067311,
      1.0
    ]
  ],
  "E": [
    [
      0.000690872958374204,
      0.005716184539045764,
      -0.03371849214334526
    ],
    [
      0.008346503291892727,
      -0.0007394965012959506,
      -0.70625263889765
    ],
    [
      0.03589997740580949,
      0.7061714383037707,
      -4.050339116694164e-05
    ]
  ],
  "R": [
    [
      0.9997959718775346,
      -0.003076345428374261,
      0.01996373502783094
    ],
    [
      0.003097133626340884,
      0.9999946933495742,
      -0.0010104632559726381
    ],
    [
      -0.019960520553249907,
      0.001072087448113606,
      0.999800194162687
    ]
  ],
  "t": [
    [
      -0.9988292258604071
    ],
    [
      0.04768645673203318
    ],
    [
      0.008135072921841431
    ]
  ]
}