{
  "image_1": "frame_007",
  "image_2": "frame_008",
  "num_matches": 1500,
  "inlier_count": 1230,
  "inlier_ratio": 0.82,
  "reproj_rmse": 0.3563,
  "F": [
    [
      -1.1584933961815199e-08,
      1.1521418644695459e-05,
      -0.024774242679668643
    ],
    [
      -1.2361851911371742e-05,
      2.1595412650049886e-07,
      0.0993848570995223
    ],
    [
      0.02672900539431219,
      -0.1004909028685752,
      0.9999999999999999
    ]
  ],
  "E": [
    [
      -0.00011258127826052433,
      -0.21713219092338573,
      0.02008362466185981
    ],
    [
      0.23948906457901228,
      0.0013064458283665425,
      -0.6650041260963349
    ],
    [
      -0.02206272330569729,
      0.6725892331804214,
      9.057245968863204e-06
    ]
  ],
  "R": [
    [
      0.99943693534813,
      0.0025761329802165694,
      0.03345408496440688
    ],
    [
      -0.0026118488171294856,
      0.9999960648775916,
      0.001023950725392419
    ],
    [
      -0.033451315485253486,
      -0.0011107511871760213,
      0.9994397309113273
    ]
  ],
  "t": [
    [
      -0.9512625789031204
    ],
    [
      -0.028733027032179857
    ],
    [
      -0.3070405822300246
    ]
  ]
}