{
  "image_1": "frame_075",
  "image_2": "frame_076",
  "num_matches": 1500,
  "inlier_count": 1198,
  "inlier_ratio": 0.7987,
  "reproj_rmse": 0.3504,
  "F": [
    [
      1.988370555073355e-09,
      5.600950611328462e-08,
      -0.0002247920445047858
    ],
    [
      -1.7143823912131004e-08,
      7.601103672799798e-08,
      -0.0033143283938817246
    ],
    [
      0.00019111370985941447,
      0.0029778439887135797,
      1.0
    ]
  ],
  "E": [
    [
      -0.000942955319883335,
      -0.11306158396854567,
      -0.015804190041255408
    ],
    [
      0.13562236946506598,
      0.044246010255804484,
      -0.6925167454574929
    ],
    [
      0.01570359784628445,
      0.6961725164996433,
      0.04618508055910144
    ]
  ],
  "R": [
    [
      0.9994549449088372,
      -0.012600846817828297,
      0.030512812993009175
    ],
    [
      0.010570238316383263,
      0.9977755536454648,
      0.06581956099383274
    ],
    [
      -0.03127432108308045,
      -0.0654611580019754,
      0.9973649049539655
    ]
  ],
  "t": [
    [
      -0.9868803540881086
    ],
    [
      0.011783102955221163
    ],
    [
      -0.16102274746033826
    ]
  ]
}