{
  "image_1": "frame_048",
  "image_2": "frame_051",
  "num_matches": 1500,
  "inlier_count": 1050,
  "inlier_ratio": 0.7,
  "reproj_rmse": 0.3938,
  "F": [
    [
      -2.2125244397436227e-07,
      -4.454278118328136e-06,
      0.013486399766764705
    ],
    [
      6.208809367106307e-06,
      8.71938024517443e-08,
      -0.07737079488737926
    ],
    [
      -0.014942874995810995,
      0.07662678160521594,
      1.0
    ]
  ],
  "E": [
    [
      -0.0048800617473769795,
      -0.09101845498734783,
      0.03359611206937939
    ],
    [
      0.14955342232888558,
      0.005906287598643354,
      -0.6902026752706429
    ],
    [
      -0.019898874001622192,
      0.7009614633371561,
      0.0062726006048112026
    ]
  ],
  "R": [
    [
      0.9961891651614024,
      -0.022286972295836035,
      0.08432341359855311
    ],
    [
      0.021251348596239193,
      0.9996875563568332,
      0.013159401511640967
    ],
    [
      -0.0845903505009237,
      -0.011317266948697627,
      0.9963515404067698
    ]
  ],
  "t": [
    [
      -0.9905181745963875
    ],
    [
      -0.04937928079185126
    ],
    [
      -0.12820075047643023
    ]
  ]
}