{
  "image_1": "frame_132",
  "image_2": "frame_133",
  "num_matches": 1500,
  "inlier_count": 1289,
  "inlier_ratio": 0.8593,
  "reproj_rmse": 0.2546,
  "F": [
    [
      -2.7631177895829832e-08,
      -7.565437505384598e-07,
      0.003845101836746206
    ],
    [
      1.2673478899917056e-06,
      3.811315310808901e-08,
      -0.03586473699693813
    ],
    [
      -0.005111608066428458,
      0.03528702610345247,
      1.0
    ]
  ],
  "E": [
    [
      -0.001312454520491909,
      -0.043318570744486334,
      0.037475755556962594
    ],
    [
      0.07637386288892384,
      0.0010681218831906174,
      -0.7019665915870491
    ],
    [
      -0.0448534168943773,
      0.7043522435460202,
      -0.0014936935883746083
    ]
  ],
  "R": [
    [
      0.9988395012074218,
      0.01041760607601902,
      0.04702259362640262
    ],
    [
      -0.010447258399408181,
      0.9999453518402169,
      0.0003848702131577361
    ],
    [
      -0.047016014501921714,
      -0.000875680757964281,
      0.9988937518893414
    ]
  ],
  "t": [
    [
      -0.9967119409711327
    ],
    [
      -0.05308100373444459
    ],
    [
      -0.06121857371828546
    ]
  ]
}