{
  "image_1": "frame_135",
  "image_2": "frame_136",
  "num_matches": 1500,
  "inlier_count": 1124,
  "inlier_ratio": 0.7493,
  "reproj_rmse": 0.505,
  "F": [
    [
      2.0110720684045588e-08,
      7.5757053447618766e-06,
      -0.01713768498333574
    ],
    [
      -8.426211495090633e-06,
      -3.16131306563513e-08,
      0.09814925289589668
    ],
    [
      0.018732091807349062,
      -0.09816570699807274,
      1.0
    ]
  ],
  "E": [
    [
      -0.00014254458940301786,
      -0.2263459268199671,
      0.014333873415700955
    ],
    [
      0.2480704519932473,
      -0.0009345930224282478,
      -0.6620172339411565
    ],
    [
      -0.01481646329040946,
      0.6697259410898442,
      -0.0017426306228627206
    ]
  ],
  "R": [
    [
      0.9994683003962666,
      0.001433390081276277,
      0.03257394504620659
    ],
    [
      -0.0013713902923211396,
      0.9999972056394882,
      -0.001925617272717368
    ],
    [
      -0.03257661418356017,
      0.001879921830757466,
      0.9994674732587576
    ]
  ],
  "t": [
    [
      -0.9471663435384018
    ],
    [
      -0.01966516456316382
    ],
    [
      -0.3201393430536114
    ]
  ]
}