{
  "image_1": "frame_172",
  "image_2": "frame_173",
  "num_matches": 1500,
  "inlier_count": 1116,
  "inlier_ratio": 0.744,
  "reproj_rmse": 0.6136,
  "F": [
    [
      1.0323832246310016e-08,
      -1.1080875367309165e-06,
      0.0011680273598105898
    ],
    [
      1.2195640571537827e-06,
      6.06018831941314e-08,
      -0.01781359673295497
    ],
    [
      -0.0015050361935327519,
      0.017563790552650338,
      1.0
    ]
  ],
  "E": [
    [
      0.002062556240424224,
      -0.1005199823915324,
      -0.07511952880940016
    ],
    [
      0.11706894674606687,
      0.007269311632841955,
      -0.6933575245123103
    ],
    [
      0.07154365191426659,
      0.6960993563736083,
      0.0085492302896437
    ]
  ],
  "R": [
    [
      0.9997342389255974,
      0.003483316692935598,
      0.02278855029775717
    ],
    [
      -0.0037087458799523187,
      0.9999445365124433,
      0.009857438963186384
    ],
    [
      -0.022752949783591686,
      -0.009939336181643495,
      0.9996917089145103
    ]
  ],
  "t": [
    [
      -0.9841224876947124
    ],
    [
      0.10485572963182321
    ],
    [
      -0.14320686148697137
    ]
  ]
}