{
  "image_1": "frame_107",
  "image_2": "frame_108",
  "num_matches": 1500,
  "inlier_count": 1118,
  "inlier_ratio": 0.7453,
  "reproj_rmse": 0.2846,
  "F": [
    [
      9.994250422661568e-09,
      -2.041368076452604e-06,
      0.0038565659306514077
    ],
    [
      2.4438130164627184e-06,
      1.0948425150728927e-08,
      -0.03464894884680827
    ],
    [
      -0.004824085480267826,
      0.03438957675904302,
      1.0
    ]
  ],
  "E": [
    [
      0.00040834973341759664,
      -0.11107427167987331,
      -0.0003057244642768782
    ],
    [
      0.13724459176131432,
      0.002693137816726528,
      -0.6936545733049221
    ],
    [
      -0.0026221822144266533,
      0.6983197935605574,
      0.0021995476681807213
    ]
  ],
  "R": [
    [
      0.9992865224769628,
      0.0035702542637124613,
      0.037599192549721216
    ],
    [
      -0.0036913632898751404,
      0.9999882189007676,
      0.0031521257481474363
    ],
    [
      -0.037587495699511364,
      -0.0032886690563833716,
      0.9992879288888048
    ]
  ],
  "t": [
    [
      -0.987585182102115
    ],
    [
      -6.283479503662219e-05
    ],
    [
      -0.15708438542427142
    ]
  ]
}