{
  "image_1": "frame_118",
  "image_2": "frame_119",
  "num_matches": 1500,
  "inlier_count": 1239,
  "inlier_ratio": 0.826,
  "reproj_rmse": 0.4918,
  "F": [
    [
      1.8597822702648745e-08,
      4.517160437111714e-07,
      -0.0018716298784234478
    ],
    [
      -3.1467929917504805e-07,
      2.1556173519273674e-08,
      -0.006967544035173843
    ],
    [
      0.0015870710578666958,
      0.006664158250973352,
      1.0
    ]
  ],
  "E": [
    [
      0.006157284454721737,
      0.15048755069547048,
      -0.09853988543976355
    ],
    [
      -0.107222172207369,
      0.008871310046171895,
      -0.6915887151047678
    ],
    [
      0.10054034560283943,
      0.6836701992761763,
      0.01489725558650265
    ]
  ],
  "R": [
    [
      0.9981376738251126,
      -0.0008996735354837859,
      0.06099487419874994
    ],
    [
      0.00011859845936937341,
      0.9999179672138419,
      0.012807996617138311
    ],
    [
      -0.061001393634877,
      -0.012776910051680516,
      0.9980559005106547
    ]
  ],
  "t": [
    [
      -0.9670630547294572
    ],
    [
      0.14233590400845386
    ],
    [
      0.21102023269683634
    ]
  ]
}