{
  "image_1": "frame_170",
  "image_2": "frame_171",
  "num_matches": 1500,
  "inlier_count": 1097,
  "inlier_ratio": 0.7313,
  "reproj_rmse": 0.3714,
  "F": [
    [
      2.598575645398691e-08,
      -2.3461711108724428e-06,
      0.0012423285070223419
    ],
    [
      2.0088638120924447e-06,
      1.5500784833514556e-07,
      0.026848253113471953
    ],
    [
      -0.0006871911028794599,
      -0.026772061603352885,
      1.0
    ]
  ],
  "E": [
    [
      -0.0025880523095684004,
      0.2108237838013855,
      0.0866363543057049
    ],
    [
      -0.18348317617422313,
      -0.008197886093810813,
      -0.6769475886418368
    ],
    [
      -0.08658718504834795,
      0.6696263710997216,
      -0.012354746106720887
    ]
  ],
  "R": [
    [
      0.9992363060683093,
      -0.0037179115905814353,
      0.038897066320804974
    ],
    [
      0.004236451893803339,
      0.9999031452597589,
      -0.013257170700910509
    ],
    [
      -0.03884400996694237,
      0.013411831830372853,
      0.9991552760490444
    ]
  ],
  "t": [
    [
      -0.9466158421256073
    ],
    [
      -0.1265597167880936
    ],
    [
      0.29648117229150456
    ]
  ]
}