{
  "image_1": "frame_042",
  "image_2": "frame_043",
  "num_matches": 1500,
  "inlier_count": 1209,
  "inlier_ratio": 0.806,
  "reproj_rmse": 0.4804,
  "F": [
    [
      -2.239928334786812e-08,
      -1.0608420053520393e-05,
      0.0190061526331962
    ],
    [
      1.2449347050744636e-05,
      -9.961050478135373e-08,
      -0.25938230789349936
    ],
    [
      -0.021740082012868436,
      0.258790298947506,
      1.0
    ]
  ],
  "E": [
    [
      0.0004020048986345151,
      -0.04318137971451856,
      -0.022135150653089852
    ],
    [
      0.06038653750369154,
      3.155154219604587e-05,
      -0.7041759849040282
    ],
    [
      0.024374081728356038,
      0.70536530159678,
      0.0007646986447343344
    ]
  ],
  "R": [
    [
      0.999697176440496,
      -0.003200301097562957,
      0.024399046903203526
    ],
    [
      0.0031934766185215367,
      0.9999948500674354,
      0.0003186623516191682
    ],
    [
      -0.024399941065231155,
      -0.00024064806735194216,
      0.9997022481541794
    ]
  ],
  "t": [
    [
      -0.9976424629531134
    ],
    [
      0.031293685536792085
    ],
    [
      -0.06107553813410146
    ]
  ]
}