{
  "image_1": "frame_191",
  "image_2": "frame_192",
  "num_matches": 1500,
  "inlier_count": 1264,
  "inlier_ratio": 0.8427,
  "reproj_rmse": 0.309,
  "F": [
    [
      1.2054779096963236e-08,
      5.936718557960693e-07,
      -0.0024354999858717035
    ],
    [
      -3.492901931740446e-07,
      -1.5101344531383777e-10,
      -0.019367006450953066
    ],
    [
      0.0018138471660782518,
      0.019045394852736,
      1.0
    ]
  ],
  "E": [
    [
      0.0015668410234180236,
      0.08317376878975578,
      -0.05335938285733577
    ],
    [
      -0.05650101179902152,
      0.0004030280761931127,
      -0.702813691413135
    ],
    [
      0.04955963638365275,
      0.7004492546561014,
      0.002741887147816116
    ]
  ],
  "R": [
    [
      0.9992655452101677,
      0.005504159219212851,
      0.03792195125669737
    ],
    [
      -0.005546801757211742,
      0.9999840968192222,
      0.0010193620116507379
    ],
    [
      -0.03791573744623841,
      -0.0012289588822061975,
      0.9992801841895866
    ]
  ],
  "t": [
    [
      -0.9901842711895597
    ],
    [
      0.07563581686341689
    ],
    [
      0.11753438771782625
    ]
  ]
}