{
  "image_1": "frame_069",
  "image_2": "frame_070",
  "num_matches": 1500,
  "inlier_count": 1307,
  "inlier_ratio": 0.8713,
  "reproj_rmse": 0.3495,
  "F": [
    [
      3.950782359864889e-09,
      -4.2908929392241514e-07,
      0.0006997375046335827
    ],
    [
      3.812649791161045e-07,
      6.042986722782185e-08,
      -0.006405073194860833
    ],
    [
      -0.0007278146220629283,
      0.0061819102002186365,
      1.0
    ]
  ],
  "E": [
    [
      0.0016316757049530165,
      -0.13390347223350338,
      -0.0012456611544560806
    ],
    [
      0.11670694722812192,
      0.02671093418390619,
      -0.6968879825711631
    ],
    [
      -0.01162447335995319,
      0.6937589687618325,
      0.025340978270888236
    ]
  ],
  "R": [
    [
      0.9996297975865353,
      0.012406213135804527,
      -0.024214740401907492
    ],
    [
      -0.011520716341372476,
      0.9992719244383869,
      0.036371611514809825
    ],
    [
      0.02464834420573553,
      -0.03607917550099502,
      0.9990449200226602
    ]
  ],
  "t": [
    [
      -0.9819018750226457
    ],
    [
      -0.005129173736388736
    ],
    [
      -0.18932089003539687
    ]
  ]
}