{
  "image_1": "frame_146",
  "image_2": "frame_147",
  "num_matches": 1500,
  "inlier_count": 1068,
  "inlier_ratio": 0.712,
  "reproj_rmse": 1.5159,
  "F": [
    [
      -6.399176107799337e-11,
      2.2453093823827055e-07,
      -0.0003742982279583432
    ],
    [
      3.201759788279077e-08,
      2.5449656164896208e-08,
      -0.007576488826358246
    ],
    [
      -5.6934510775681984e-05,
      0.0071474731571358596,
      1.0
    ]
  ],
  "E": [
    [
      -0.004248872596398546,
      0.053425549300850105,
      0.043966097169984945
    ],
    [
      0.02207939906277906,
      0.010314428037059472,
      -0.7053515873396241
    ],
    [
      -0.0375894246745409,
      0.7040123448057122,
      0.005791763614756741
    ]
  ],
  "R": [
    [
      0.9941498989982437,
      -0.009478674469996513,
      0.10759243956744247
    ],
    [
      0.007923885546439184,
      0.9998580513982966,
      0.014869064928493776
    ],
    [
      -0.10771810599722245,
      -0.013929529220065778,
      0.9940838887418295
    ]
  ],
  "t": [
    [
      -0.9951830385041759
    ],
    [
      -0.061404412687574676
    ],
    [
      0.07642131885861436
    ]
  ]
}