{
  "image_1": "frame_023",
  "image_2": "frame_024",
  "num_matches": 1500,
  "inlier_count": 1184,
  "inlier_ratio": 0.7893,
  "reproj_rmse": 0.3763,
  "F": [
    [
      -3.010303914955915e-09,
      1.8473746611186636e-06,
      -0.004139551973343696
    ],
    [
      -1.9721880893800504e-06,
      7.449993254398465e-08,
      0.013502657400594805
    ],
    [
      0.00434725160563491,
      -0.013824365655942012,
      1.0
    ]
  ],
  "E": [
    [
      7.322136014970736e-05,
      0.2596418370434084,
      -0.04714303294316057
    ],
    [
      -0.2814795047657256,
      0.008256230086663607,
      0.6471698146462057
    ],
    [
      0.046604203860375185,
      -0.6556965273140013,
      0.011229953854309494
    ]
  ],
  "R": [
    [
      0.9994594118986269,
      0.0056003229199778765,
      0.032396301493271384
    ],
    [
      -0.005117043911555964,
      0.9998746782446918,
      -0.0149814440786403
    ],
    [
      -0.03247614245655084,
      0.014807571990917295,
      0.9993628149890688
    ]
  ],
  "t": [
    [
      -0.9277538957506745
    ],
    [
      -0.06119402049862715
    ],
    [
      -0.36814127828139587
    ]
  ]
}