{
  "image_1": "frame_216",
  "image_2": "frame_217",
  "num_matches": 1500,
  "inlier_count": 1194,
  "inlier_ratio": 0.796,
  "reproj_rmse": 0.1921,
  "F": [
    [
      1.7134244591590285e-08,
      3.817216410714965e-06,
      -0.012161839846561424
    ],
    [
      -3.766728796635815e-06,
      1.0396388187925802e-07,
      -0.04699715453860781
    ],
    [
      0.01225746973626299,
      0.04653142493330509,
      1.0
    ]
  ],
  "E": [
    [
      0.00036370282067992027,
      0.08287557418233031,
      -0.04938106749866976
    ],
    [
      -0.08116353754619017,
      0.003260836100210689,
      -0.7006626315268304
    ],
    [
      0.051916074008449886,
      0.7003297578130804,
      0.003113290981131747
    ]
  ],
  "R": [
    [
      0.9999928671046974,
      -0.0031210741377108997,
      0.002127119167734795
    ],
    [
      0.0031119199106744017,
      0.9999859412924761,
      0.004293386992829405
    ],
    [
      -0.002140489242295082,
      -0.004286736944059181,
      0.9999885210302046
    ]
  ],
  "t": [
    [
      -0.9906492992950624
    ],
    [
      0.07033809640322038
    ],
    [
      0.11690388359919048
    ]
  ]
}