{
  "image_1": "frame_212",
  "image_2": "frame_213",
  "num_matches": 1500,
  "inlier_count": 1307,
  "inlier_ratio": 0.8713,
  "reproj_rmse": 0.2931,
  "F": [
    [
      -5.390588038549333e-07,
      4.610277189887184e-05,
      -0.09588472473211629
    ],
    [
      -4.626265266444695e-05,
      -2.040386710088205e-07,
      -0.053948542206072085
    ],
    [
      0.09808200310368677,
      0.05530844792181236,
      1.0
    ]
  ],
  "E": [
    [
      0.006977697353986823,
      -0.5828586387215645,
      0.02284398050926198
    ],
    [
      0.5838630500854136,
      0.0017368537209615702,
      0.3977147531896424
    ],
    [
      -0.025677222700398603,
      -0.3999300415378911,
      -0.005080438079518936
    ]
  ],
  "R": [
    [
      0.9999246433541722,
      0.011844055405904344,
      -0.0032289262259768137
    ],
    [
      -0.011801283666130955,
      0.9998463929991482,
      0.01295839922306944
    ],
    [
      0.0033819102386734023,
      -0.012919317247239093,
      0.9999108229862319
    ]
  ],
  "t": [
    [
      -0.5651641736039802
    ],
    [
      0.04298597859652608
    ],
    [
      0.8238577926551579
    ]
  ]
}