{
  "image_1": "frame_161",
  "image_2": "frame_162",
  "num_matches": 1500,
  "inlier_count": 1329,
  "inlier_ratio": 0.886,
  "reproj_rmse": 0.4597,
  "F": [
    [
      -1.952520007514626e-08,
      1.8502460181277833e-06,
      -0.0037511966298184036
    ],
    [
      -1.5950354642657618e-06,
      -1.564476514338575e-08,
      -0.026668348117191588
    ],
    [
      0.0029652592733303597,
      0.026276435497841505,
      0.9999999999999999
    ]
  ],
  "E": [
    [
      -0.0014109609413047518,
      0.1374633708678585,
      -7.008660537912549e-06
    ],
    [
      -0.11804075112139077,
      -0.0024625751250204036,
      -0.6971802197252727
    ],
    [
      -0.007325920078290907,
      0.6935752588886096,
      -0.0012569743924385859
    ]
  ],
  "R": [
    [
      0.9995578416679138,
      0.010261152906536829,
      0.02790752409673311
    ],
    [
      -0.01021481369712718,
      0.9999462028118866,
      -0.0018025158036357163
    ],
    [
      -0.02792451864068729,
      0.0015166486468584455,
      0.9996088840319339
    ]
  ],
  "t": [
    [
      -0.9809198038675194
    ],
    [
      -0.00034065310586052223
    ],
    [
      0.19441250560591158
    ]
  ]
}