{
  "image_1": "frame_119",
  "image_2": "frame_120",
  "num_matches": 1500,
  "inlier_count": 1165,
  "inlier_ratio": 0.7767,
  "reproj_rmse": 0.4147,
  "F": [
    [
      5.863161606827222e-08,
      2.434470727293834e-06,
      -0.009869961291565421
    ],
    [
      -2.644983841775604e-06,
      2.9684715768905437e-08,
      0.02772655120648512
    ],
    [
      0.009955854389080422,
      -0.027833587450528403,
      0.9999999999999999
    ]
  ],
  "E": [
    [
      -0.004872014654800937,
      -0.2031701204916691,
      0.140223679651335
    ],
    [
      0.220543619357411,
      -0.003056031225759646,
      -0.6571306876600562
    ],
    [
      -0.13555678986107225,
      0.6634472702304272,
      -0.005290897211392802
    ]
  ],
  "R": [
    [
      0.9996488525269323,
      -0.006188598266721079,
      0.025765730982844237
    ],
    [
      0.0062563751484222,
      0.9999771755325711,
      -0.0025507222318114087
    ],
    [
      -0.025749357498573933,
      0.002711026631147209,
      0.999664754266657
    ]
  ],
  "t": [
    [
      -0.9370544117365314
    ],
    [
      -0.19763821478946456
    ],
    [
      -0.28786831277501934
    ]
  ]
}