{
  "image_1": "frame_134",
  "image_2": "frame_135",
  "num_matches": 1500,
  "inlier_count": 1102,
  "inlier_ratio": 0.7347,
  "reproj_rmse": 0.5624,
  "F": [
    [
      4.759583931055985e-08,
      3.7355132158143682e-06,
      -0.011723985439543666
    ],
    [
      -3.963425726275994e-06,
      3.0700058316102076e-09,
      0.029177208324640127
    ],
    [
      0.01201283862032583,
      -0.02938299692020072,
      0.9999999999999999
    ]
  ],
  "E": [
    [
      -0.005329977699136174,
      -0.35156148882895716,
      0.15394537230911656
    ],
    [
      0.3717997143654089,
      0.0003197648084155175,
      -0.5813588922082189
    ],
    [
      -0.15414122155026921,
      0.5938678663415362,
      -0.005008293056866917
    ]
  ],
  "R": [
    [
      0.9994021328645617,
      -1.208872544949946e-05,
      0.0345742198701226
    ],
    [
      -6.782220467849154e-06,
      0.999999851086888,
      0.000545692406687337
    ],
    [
      -0.03457422131829346,
      -0.0005456006451129147,
      0.9994019839584922
    ]
  ],
  "t": [
    [
      -0.8398534791911252
    ],
    [
      -0.21811331274722676
    ],
    [
      -0.49706409676518887
    ]
  ]
}