{
  "image_1": "frame_208",
  "image_2": "frame_209",
  "num_matches": 1500,
  "inlier_count": 1196,
  "inlier_ratio": 0.7973,
  "reproj_rmse": 0.2161,
  "F": [
    [
      1.8211933558720498e-08,
      -2.981736895932716e-06,
      0.006907860953459662
    ],
    [
      2.6430870210735843e-06,
      2.6018013771685363e-07,
      0.022841878292192298
    ],
    [
      -0.005770052547174143,
      -0.023049194273897865,
      1.0
    ]
  ],
  "E": [
    [
      -0.001621909100827698,
      0.26752675774008816,
      -0.03485940963861817
    ],
    [
      -0.2378103560729265,
      -0.020866271713119996,
      -0.6650215284212568
    ],
    [
      0.020432448685575755,
      0.6536605224307594,
      -0.016711113229447044
    ]
  ],
  "R": [
    [
      0.9988685827203043,
      0.012050154739052445,
      0.04600378489966894
    ],
    [
      -0.010791815724296175,
      0.9995634378638986,
      -0.02750400696402514
    ],
    [
      -0.046315128928925864,
      0.026976424086027614,
      0.998562557567541
    ]
  ],
  "t": [
    [
      -0.9243501770039176
    ],
    [
      0.038915292252702835
    ],
    [
      0.3795554640651524
    ]
  ]
}