{
  "image_1": "frame_160",
  "image_2": "frame_161",
  "num_matches": 1500,
  "inlier_count": 1356,
  "inlier_ratio": 0.904,
  "reproj_rmse": 0.343,
  "F": [
    [
      -2.693041866459673e-09,
      1.6945195832589526e-06,
      -0.003947885596945181
    ],
    [
      -1.5996476938724715e-06,
      1.9404585988636015e-08,
      -0.011474381184034129
    ],
    [
      0.0037575290307852957,
      0.011148582895037047,
      1.0
    ]
  ],
  "E": [
    [
      -0.0010502773339543313,
      0.28454040971360683,
      -0.00672303577935361
    ],
    [
      -0.2693880116836288,
      0.0048549954460012385,
      -0.6536963389600761
    ],
    [
      0.006474719512809661,
      0.6473002061402308,
      0.006212784886266564
    ]
  ],
  "R": [
    [
      0.9997215167602713,
      0.00423861853452957,
      0.023214716010784675
    ],
    [
      -0.004454658250596587,
      0.9999471809621487,
      0.009262359619573973
    ],
    [
      -0.023174230222664016,
      -0.00936319383387226,
      0.9996875940286625
    ]
  ],
  "t": [
    [
      -0.9154129701321222
    ],
    [
      0.013238174701325552
    ],
    [
      0.4022982038792415
    ]
  ]
}