{
  "image_1": "frame_020",
  "image_2": "frame_021",
  "num_matches": 1500,
  "inlier_count": 1153,
  "inlier_ratio": 0.7687,
  "reproj_rmse": 0.2968,
  "F": [
    [
      1.38840323421213e-08,
      2.8652220810268947e-05,
      -0.0558377398946553
    ],
    [
      -3.0419263344087928e-05,
      5.2123964288325164e-08,
      0.2264973612976276
    ],
    [
      0.059231208368407916,
      -0.22734123565852837,
      0.9999999999999999
    ]
  ],
  "E": [
    [
      -3.829001886165449e-05,
      -0.28583822174501194,
      0.008042451484316789
    ],
    [
      0.3047235127432024,
      0.0007520322357137619,
      -0.6380238051731922
    ],
    [
      -0.008745843118381233,
      0.646702319391385,
      0.0002967842289649413
    ]
  ],
  "R": [
    [
      0.999567347964247,
      0.0006934425004008361,
      0.029404693863743114
    ],
    [
      -0.0007183238371696616,
      0.99999939287988,
      0.0008356139878688447
    ],
    [
      -0.029404096561308768,
      -0.0008563745503029283,
      0.9995672392230764
    ]
  ],
  "t": [
    [
      -0.9145838709463946
    ],
    [
      -0.011716591764089524
    ],
    [
      -0.4042265014594444
    ]
  ]
}