{
  "image_1": "frame_168",
  "image_2": "frame_169",
  "num_matches": 1500,
  "inlier_count": 1137,
  "inlier_ratio": 0.758,
  "reproj_rmse": 0.3146,
  "F": [
    [
      -1.4649462643985319e-08,
      -9.142852588256095e-07,
      0.003083016913581566
    ],
    [
      2.027947004914635e-06,
      1.3319690650349198e-07,
      -0.1068031947106358
    ],
    [
      -0.0050998290440712945,
      0.10539427817120696,
      1.0
    ]
  ],
  "E": [
    [
      -0.0002425282862885665,
      -0.06629087281594609,
      0.005031420308309597
    ],
    [
      0.08940759036273281,
      -0.0021571320212210713,
      -0.7014115742328615
    ],
    [
      -0.003952435687572736,
      0.7039766104141072,
      -0.0022112241323665395
    ]
  ],
  "R": [
    [
      0.9994589224253744,
      -0.0011616751416845617,
      0.03287115597564193
    ],
    [
      0.001258170244468896,
      0.9999949598102905,
      -0.0029150234392125614
    ],
    [
      -0.03286760398851299,
      0.0029548036957499856,
      0.9994553465478956
    ]
  ],
  "t": [
    [
      -0.9955703352059104
    ],
    [
      -0.006845889283197892
    ],
    [
      -0.09377015227626145
    ]
  ]
}