{
  "image_1": "frame_101",
  "image_2": "frame_102",
  "num_matches": 1500,
  "inlier_count": 1209,
  "inlier_ratio": 0.806,
  "reproj_rmse": 0.3476,
  "F": [
    [
      1.2961802460484683e-08,
      -3.034867328643523e-07,
      6.460234841554666e-05
    ],
    [
      -2.671050759846815e-07,
      2.020296077313153e-07,
      0.038458420642183126
    ],
    [
      0.001697062988239559,
      -0.03860052433857854,
      1.0
    ]
  ],
  "E": [
    [
      -0.0006594079588899235,
      0.04690706812359298,
      -0.004517467611291548
    ],
    [
      -0.014188251005693115,
      -0.012553576969564157,
      -0.7068432485266437
    ],
    [
      -0.008783512127423634,
      0.7053856556265373,
      -0.012105148886781195
    ]
  ],
  "R": [
    [
      0.9987662356573185,
      0.018479426537016917,
      0.04609248643513378
    ],
    [
      -0.017693582504807997,
      0.9996920510584418,
      -0.017399430700782686
    ],
    [
      -0.046399823804143335,
      0.016562422692010685,
      0.998785633910258
    ]
  ],
  "t": [
    [
      -0.9977764124567922
    ],
    [
      0.0052389409177822565
    ],
    [
      0.06644384277653874
    ]
  ]
}