{
  "image_1": "frame_030",
  "image_2": "frame_031",
  "num_matches": 1500,
  "inlier_count": 1104,
  "inlier_ratio": 0.736,
  "reproj_rmse": 0.3154,
  "F": [
    [
      7.062482373631867e-09,
      3.690137189168227e-06,
      -0.008150963276319647
    ],
    [
      -3.6746651843726162e-06,
      8.873320046106222e-08,
      0.02637391802862625
    ],
    [
      0.007972278734490884,
      -0.026715756988761708,
      1.0
    ]
  ],
  "E": [
    [
      -0.0008684553268240697,
      -0.2791988128794143,
      0.034475497669591466
    ],
    [
      0.2809786695975677,
      -0.005306465291136304,
      -0.6480467169456045
    ],
    [
      -0.03069491974308349,
      0.6488094529361891,
      -0.00459409712917932
    ]
  ],
  "R": [
    [
      0.9999931507666207,
      -0.0028135832757704426,
      0.0024046141056635606
    ],
    [
      0.0028302618130055593,
      0.9999717664450707,
      -0.006961029435027296
    ],
    [
      -0.0023849607788585248,
      0.0069677874447903985,
      0.9999728805823724
    ]
  ],
  "t": [
    [
      -0.917451588621994
    ],
    [
      -0.04600611509977581
    ],
    [
      -0.3951784658966196
    ]
  ]
}