{
  "image_1": "frame_045",
  "image_2": "frame_046",
  "num_matches": 1500,
  "inlier_count": 1132,
  "inlier_ratio": 0.7547,
  "reproj_rmse": 0.2972,
  "F": [
    [
      8.001982189948257e-09,
      7.057919011795834e-06,
      -0.019949496459611873
    ],
    [
      -7.201260354810208e-06,
      5.139280961082518e-08,
      0.04165969901736867
    ],
    [
      0.02022850689854336,
      -0.04199711770331148,
      1.0
    ]
  ],
  "E": [
    [
      -0.0002856694347743342,
      -0.3837713624950084,
      0.10903736004610215
    ],
    [
      0.3908260056051203,
      -0.0007365995163457331,
      -0.5793191967587904
    ],
    [
      -0.10936415842686019,
      0.5835277829214346,
      -0.002979979346272825
    ]
  ],
  "R": [
    [
      0.9999297697962173,
      0.0025443861583205885,
      0.011575041009055043
    ],
    [
      -0.0025102237889723794,
      0.9999924538840649,
      -0.002964953870715034
    ],
    [
      -0.011582497650042434,
      0.002935689698101207,
      0.9999286111889105
    ]
  ],
  "t": [
    [
      -0.8256274145585787
    ],
    [
      -0.15260248381137273
    ],
    [
      -0.5431867581816742
    ]
  ]
}