{
  "image_1": "frame_073",
  "image_2": "frame_074",
  "num_matches": 1500,
  "inlier_count": 1300,
  "inlier_ratio": 0.8667,
  "reproj_rmse": 0.2811,
  "F": [
    [
      -9.117073766700005e-09,
      9.412495549697298e-07,
      -0.0017170689617105725
    ],
    [
      -1.0753846778464158e-06,
      8.679167482827161e-08,
      0.01018391218423682
    ],
    [
      0.0019865078697978624,
      -0.01049282416701848,
      1.0
    ]
  ],
  "E": [
    [
      0.0012081698973443954,
      -0.21168063015337607,
      0.01237161480078782
    ],
    [
      0.24196440321271073,
      -0.01503209203784466,
      -0.66421218377515
    ],
    [
      -0.011873354328186774,
      0.6742733298489181,
      -0.017341658328083723
    ]
  ],
  "R": [
    [
      0.9989678489873421,
      0.008311527037334288,
      0.04465596497568991
    ],
    [
      -0.007188856595320084,
      0.9996555095015722,
      -0.025242477374534812
    ],
    [
      -0.04485038495324528,
      0.024895397997613963,
      0.9986834644310908
    ]
  ],
  "t": [
    [
      -0.953977771534106
    ],
    [
      -0.009943712740274809
    ],
    [
      -0.2997124188213759
    ]
  ]
}