{
  "image_1": "frame_083",
  "image_2": "frame_084",
  "num_matches": 1500,
  "inlier_count": 1096,
  "inlier_ratio": 0.7307,
  "reproj_rmse": 0.2851,
  "F": [
    [
      -2.324585524933969e-07,
      1.9049720642277804e-06,
      0.02010417606586038
    ],
    [
      -6.247802890302701e-06,
      -1.582271695711199e-06,
      0.44266468322177266
    ],
    [
      -0.011241001277528003,
      -0.432685329064562,
      1.0
    ]
  ],
  "E": [
    [
      0.00203764241873451,
      -0.09764919107995032,
      -0.04896787945063061
    ],
    [
      0.12347841516694764,
      -0.00858288203787273,
      -0.6943747627800899
    ],
    [
      0.04925278036167199,
      0.6986503712058648,
      -0.006896133361677326
    ]
  ],
  "R": [
    [
      0.9992782481117628,
      0.0018248530673255908,
      0.037942756383386456
    ],
    [
      -0.0013476292252938837,
      0.9999197182677725,
      -0.012599242626820353
    ],
    [
      -0.0379627020397319,
      0.012539016332275168,
      0.9992004835483527
    ]
  ],
  "t": [
    [
      -0.9879905164290933
    ],
    [
      0.07103666571392542
    ],
    [
      -0.1372170964946481
    ]
  ]
}