{
  "image_1": "frame_122",
  "image_2": "frame_123",
  "num_matches": 1500,
  "inlier_count": 1292,
  "inlier_ratio": 0.8613,
  "reproj_rmse": 0.5008,
  "F": [
    [
      1.205903117246711e-07,
      4.198282653711335e-06,
      -0.020133092445638892
    ],
    [
      -3.5083362476927444e-06,
      -2.555916410127415e-07,
      -0.07138864742511977
    ],
    [
      0.01854478138686521,
      0.07115861066224861,
      1.0
    ]
  ],
  "E": [
    [
      0.0025300937405885347,
      0.07557938755965772,
      -0.07418546141195963
    ],
    [
      -0.05306230666014281,
      -0.005068257905691647,
      -0.7012357185805801
    ],
    [
      0.07458718629996115,
      0.6990239703725817,
      -0.0026988815750931708
    ]
  ],
  "R": [
    [
      0.9994567818610973,
      -0.001127911529739803,
      0.03293734973308393
    ],
    [
      0.0013700908581218696,
      0.9999721886510936,
      -0.007331082824644532
    ],
    [
      -0.0329281648881154,
      0.007372227609236701,
      0.9994305309610964
    ]
  ],
  "t": [
    [
      -0.9887141873331122
    ],
    [
      0.10418417690952207
    ],
    [
      0.10765645845888079
    ]
  ]
}