{
  "image_1": "frame_188",
  "image_2": "frame_189",
  "num_matches": 1500,
  "inlier_count": 945,
  "inlier_ratio": 0.63,
  "reproj_rmse": 0.3035,
  "F": [
    [
      -7.012425429489933e-08,
      -4.379403249986742e-06,
      0.008245607053748922
    ],
    [
      4.376905474294099e-06,
      -2.362817032744473e-08,
      0.011869428711028444
    ],
    [
      -0.008049116214587607,
      -0.011808572167884425,
      1.0
    ]
  ],
  "E": [
    [
      0.006526195011878795,
      0.4109522372522939,
      -0.028949597078996765
    ],
    [
      -0.4120363200838155,
      -0.00601445836532518,
      -0.5742751144902919
    ],
    [
      0.029086810461506834,
      0.5741351122566181,
      -0.012586053223451882
    ]
  ],
  "R": [
    [
      0.9998730603166378,
      -0.01592148138810298,
      -0.0006080159945697772
    ],
    [
      0.015904370592550794,
      0.9996340800569683,
      -0.021880516097971866
    ],
    [
      0.0009561637392077049,
      0.021868068480482714,
      0.9997604079637468
    ]
  ],
  "t": [
    [
      -0.8126962388309243
    ],
    [
      0.028213121043953196
    ],
    [
      0.5820041608021617
    ]
  ]
}