{
  "image_1": "frame_149",
  "image_2": "frame_150",
  "num_matches": 1500,
  "inlier_count": 1197,
  "inlier_ratio": 0.798,
  "reproj_rmse": 0.3311,
  "F": [
    [
      -2.4580255481758214e-09,
      -6.892080611703873e-06,
      0.02052775659059486
    ],
    [
      7.0708734227832385e-06,
      3.081248209297262e-08,
      -0.09284230443277838
    ],
    [
      -0.021092374584518167,
      0.09270186879670701,
      1.0
    ]
  ],
  "E": [
    [
      -0.0003761831297546947,
      -0.17110416075645085,
      0.06382947143935139
    ],
    [
      0.17726439627635815,
      0.0022763309672600394,
      -0.6814923455507341
    ],
    [
      -0.0652337413172061,
      0.6830313413048765,
      0.0014505546326094767
    ]
  ],
  "R": [
    [
      0.9999557975217788,
      0.0012765299302336802,
      0.009315228065953612
    ],
    [
      -0.0013045345663474928,
      0.9999946464642898,
      0.003000871927498261
    ],
    [
      -0.009311347493715288,
      -0.0030128913185274997,
      0.9999521095001271
    ]
  ],
  "t": [
    [
      -0.9660735202186722
    ],
    [
      -0.09099818773972676
    ],
    [
      -0.24170495104649414
    ]
  ]
}