{
  "image_1": "frame_115",
  "image_2": "frame_116",
  "num_matches": 1500,
  "inlier_count": 1232,
  "inlier_ratio": 0.8213,
  "reproj_rmse": 0.4547,
  "F": [
    [
      1.6594275615155982e-08,
      6.992441599885686e-06,
      -0.020832885062378494
    ],
    [
      -7.498232924396354e-06,
      1.3042870696294677e-08,
      0.08294721794706544
    ],
    [
      0.022046276121592816,
      -0.08296234943684115,
      1.0
    ]
  ],
  "E": [
    [
      -0.0004575782653460933,
      -0.16440418402914136,
      0.053015851942930445
    ],
    [
      0.18143899760622909,
      -0.0011912137683931202,
      -0.6814103133034629
    ],
    [
      -0.05600027488879105,
      0.6853984730393752,
      -0.0034253156588361726
    ]
  ],
  "R": [
    [
      0.9996822181059267,
      0.005173605854040905,
      0.02467177750550789
    ],
    [
      -0.005098510546597532,
      0.999982179726498,
      -0.003105707592142449
    ],
    [
      -0.024687405554664643,
      0.0029789313366862316,
      0.9996907811793958
    ]
  ],
  "t": [
    [
      -0.9697013708752094
    ],
    [
      -0.07427591911981128
    ],
    [
      -0.23272803690498237
    ]
  ]
}