{
  "image_1": "frame_110",
  "image_2": "frame_111",
  "num_matches": 1500,
  "inlier_count": 1189,
  "inlier_ratio": 0.7927,
  "reproj_rmse": 0.4728,
  "F": [
    [
      1.2937105895993854e-08,
      -2.5715937227473333e-06,
      0.0037087597123226326
    ],
    [
      2.989358495358627e-06,
      4.6480275080899635e-08,
      -0.03843220922657663
    ],
    [
      -0.004560290924966173,
      0.038175770922765834,
      0.9999999999999999
    ]
  ],
  "E": [
    [
      0.00023333122380937767,
      -0.21084843925770344,
      -0.010786899210867666
    ],
    [
      0.237036084457857,
      0.002797450846574365,
      -0.6661148135109818
    ],
    [
      0.010330128911607981,
      0.6748373473683679,
      0.0033898691593947103
    ]
  ],
  "R": [
    [
      0.9992399412646715,
      -0.0008879558127274055,
      0.03897116005266915
    ],
    [
      0.0007149121973585287,
      0.9999898252937607,
      0.004454010496612238
    ],
    [
      -0.03897471849707418,
      -0.004422764229359607,
      0.9992304091022477
    ]
  ],
  "t": [
    [
      -0.9543862153494728
    ],
    [
      0.013937299227539219
    ],
    [
      -0.2982493983919362
    ]
  ]
}