{
  "image_1": "frame_021",
  "image_2": "frame_022",
  "num_matches": 1500,
  "inlier_count": 1242,
  "inlier_ratio": 0.828,
  "reproj_rmse": 0.4467,
  "F": [
    [
      6.8200374066108626e-09,
      2.1724070857544704e-06,
      -0.005448993694246465
    ],
    [
      -2.7802104898217824e-06,
      2.9035634491355355e-07,
      0.061839180589592604
    ],
    [
      0.006721360861888924,
      -0.06244211261637866,
      1.0
    ]
  ],
  "E": [
    [
      -0.0002844399660771778,
      0.0073944688335954535,
      0.010291580326089818
    ],
    [
      0.011122667597881926,
      -0.003453289182970382,
      -0.7069353751470664
    ],
    [
      -0.011734911360112963,
      0.7069613318291342,
      -0.00374538085057512
    ]
  ],
  "R": [
    [
      0.999656913740417,
      0.002117984674494004,
      0.026106875567613486
    ],
    [
      -0.001990293237113524,
      0.9999859351575986,
      -0.004916118368497243
    ],
    [
      -0.02611692064188551,
      0.004862471377949978,
      0.999647069134044
    ]
  ],
  "t": [
    [
      -0.9998393113885513
    ],
    [
      -0.01461071011294347
    ],
    [
      0.01038646003520364
    ]
  ]
}