{
  "image_1": "frame_033",
  "image_2": "frame_034",
  "num_matches": 1500,
  "inlier_count": 1199,
  "inlier_ratio": 0.7993,
  "reproj_rmse": 0.3194,
  "F": [
    [
      -2.9394337010776703e-09,
      -9.296518688763046e-07,
      0.0015950809297091489
    ],
    [
      9.506940843793593e-07,
      4.695337366459226e-08,
      -0.010030973778143968
    ],
    [
      -0.0016753398375648372,
      0.009828126463157357,
      0.9999999999999999
    ]
  ],
  "E": [
    [
      -0.00042084436122103146,
      -0.12514002015686632,
      -0.012645086792850122
    ],
    [
      0.13020280273163543,
      0.01754244662364339,
      -0.6947310938846095
    ],
    [
      0.012083801745156468,
      0.6955525143925846,
      0.018132330238504645
    ]
  ],
  "R": [
    [
      0.9999689191946691,
      -0.004046621071175493,
      0.006766498544385657
    ],
    [
      0.0038696393121024283,
      0.9996553051855325,
      0.02596722368705913
    ],
    [
      -0.006869245681956876,
      -0.025940232696062097,
      0.9996398940575726
    ]
  ],
  "t": [
    [
      -0.9840527425145096
    ],
    [
      0.013281559936991628
    ],
    [
      -0.17738038255487107
    ]
  ]
}