{
  "image_1": "frame_054",
  "image_2": "frame_055",
  "num_matches": 1500,
  "inlier_count": 1187,
  "inlier_ratio": 0.7913,
  "reproj_rmse": 0.2538,
  "F": [
    [
      7.0363874590402035e-09,
      9.841574488973141e-07,
      -0.003884636103127086
    ],
    [
      -1.0680121416687415e-06,
      -1.9332997458809975e-08,
      0.027845803163831558
    ],
    [
      0.003972078555308152,
      -0.027727986522542155,
      1.0
    ]
  ],
  "E": [
    [
      -0.0007276164644112271,
      -0.19866027502167624,
      0.04087548022174384
    ],
    [
      0.20602560656168148,
      -0.008470638035169785,
      -0.6752781721360094
    ],
    [
      -0.03734080603400615,
      0.6774042874067401,
      -0.008540749132852228
    ]
  ],
  "R": [
    [
      0.9999467338296769,
      -0.0015632524380531712,
      0.010202242164141229
    ],
    [
      0.0016859458280081285,
      0.9999262322116051,
      -0.012028620942087995
    ],
    [
      -0.010182685796285451,
      0.012045180651127169,
      0.9998756055295359
    ]
  ],
  "t": [
    [
      -0.9579799171373421
    ],
    [
      -0.05442587562580877
    ],
    [
      -0.2816243995535459
    ]
  ]
}