{
  "image_1": "frame_124",
  "image_2": "frame_125",
  "num_matches": 1500,
  "inlier_count": 1143,
  "inlier_ratio": 0.762,
  "reproj_rmse": 0.3248,
  "F": [
    [
      2.180989328144927e-08,
      -1.7394601882377247e-06,
      0.0018217806450564814
    ],
    [
      2.075819117584797e-06,
      5.33090743256178e-09,
      -0.029471785688997536
    ],
    [
      -0.0025984045451164554,
      0.029285142661184958,
      1.0
    ]
  ],
  "E": [
    [
      0.0017263288245496972,
      -0.11202026979558032,
      -0.034627107320801966
    ],
    [
      0.14023480231601484,
      0.0031431675226444825,
      -0.6922092185196289
    ],
    [
      0.032047505268635916,
      0.6974067558586289,
      0.004115238129894669
    ]
  ],
  "R": [
    [
      0.9991791381805993,
      0.002908328326490517,
      0.04040533938751359
    ],
    [
      -0.0030691577189368782,
      0.9999876110163933,
      0.003918939221634771
    ],
    [
      -0.04039344124447805,
      -0.004039732673322766,
      0.9991756854849687
    ]
  ],
  "t": [
    [
      -0.9861535807188551
    ],
    [
      0.04838839765358436
    ],
    [
      -0.15861802611273196
    ]
  ]
}