{
  "image_1": "frame_171",
  "image_2": "frame_172",
  "num_matches": 1500,
  "inlier_count": 1248,
  "inlier_ratio": 0.832,
  "reproj_rmse": 0.2749,
  "F": [
    [
      5.206602567837862e-09,
      8.795246089715965e-07,
      -0.002380922605185452
    ],
    [
      -1.0490095408937279e-06,
      7.543590199514591e-08,
      0.013411187625017562
    ],
    [
      0.002685309958053804,
      -0.01362551922214691,
      1.0
    ]
  ],
  "E": [
    [
      -0.0011386950949962141,
      -0.13610533800274674,
      0.04169358520210702
    ],
    [
      0.16591426452874403,
      -0.01248870853813245,
      -0.6861384669954572
    ],
    [
      -0.04166040200821554,
      0.6923217745620508,
      -0.014871104849990196
    ]
  ],
  "R": [
    [
      0.9991061657788005,
      0.004516211582169027,
      0.04202943415903554
    ],
    [
      -0.0037160602814089796,
      0.9998107380159976,
      -0.01909657152190277
    ],
    [
      -0.04210772374242697,
      0.018923318441839046,
      0.9989338554781192
    ]
  ],
  "t": [
    [
      -0.9795260948985849
    ],
    [
      -0.0553261799510042
    ],
    [
      -0.1935656044465481
    ]
  ]
}