{
  "image_1": "frame_178",
  "image_2": "frame_179",
  "num_matches": 1500,
  "inlier_count": 1210,
  "inlier_ratio": 0.8067,
  "reproj_rmse": 0.2571,
  "F": [
    [
      1.1853485488515776e-08,
      -1.0177998486542352e-06,
      0.0017619068977705542
    ],
    [
      1.1689278434396656e-06,
      5.862494512640684e-08,
      -0.019245343529770753
    ],
    [
      -0.0022855339396124367,
      0.01894608461281349,
      1.0
    ]
  ],
  "E": [
    [
      0.0013780089659515317,
      -0.12408289904351497,
      -0.006217944950964455
    ],
    [
      0.14356331476432263,
      0.006155285798138347,
      -0.6923314502241003
    ],
    [
      -0.001515568543258866,
      0.6961072490560908,
      0.00491155999688042
    ]
  ],
  "R": [
    [
      0.9995591179506061,
      0.00969433223449159,
      0.02806402758575091
    ],
    [
      -0.009889927845335916,
      0.999927704556799,
      0.006839224150797487
    ],
    [
      -0.027995696973294487,
      -0.00711376006751017,
      0.999582730627476
    ]
  ],
  "t": [
    [
      -0.9844418443126387
    ],
    [
      0.007596070190591492
    ],
    [
      -0.17554644651484747
    ]
  ]
}