{
  "image_1": "frame_097",
  "image_2": "frame_098",
  "num_matches": 1500,
  "inlier_count": 1353,
  "inlier_ratio": 0.902,
  "reproj_rmse": 0.3194,
  "F": [
    [
      -2.584907287341464e-09,
      -7.855215314597262e-07,
      0.001284071061591498
    ],
    [
      9.20606969572453e-07,
      4.156038498105547e-08,
      -0.019769590727605084
    ],
    [
      -0.001473106186156675,
      0.019517609003064318,
      1.0
    ]
  ],
  "E": [
    [
      -3.517492183650444e-05,
      -0.060793192392577314,
      -0.012718644274046127
    ],
    [
      0.07743044289786848,
      0.008085919450833128,
      -0.7027058143699274
    ],
    [
      0.015636541471918685,
      0.7042473934320888,
      0.008787086784141456
    ]
  ],
  "R": [
    [
      0.9997119334966699,
      -0.005467697727837995,
      0.023369944499440604
    ],
    [
      0.0051864728601244935,
      0.9999136155370714,
      0.012077332605067648
    ],
    [
      -0.023433960903378598,
      -0.011952645947205673,
      0.9996539319840843
    ]
  ],
  "t": [
    [
      -0.9961349533163407
    ],
    [
      0.016951865382385602
    ],
    [
      -0.0861846218388711
    ]
  ]
}