{
  "image_1": "frame_150",
  "image_2": "frame_151",
  "num_matches": 1500,
  "inlier_count": 1340,
  "inlier_ratio": 0.8933,
  "reproj_rmse": 0.4168,
  "F": [
    [
      3.429992286367736e-08,
      3.7695684756783696e-06,
      -0.010564233479303697
    ],
    [
      -3.671057707151881e-06,
      9.118322670525189e-08,
      -0.02604869698248627
    ],
    [
      0.010552112055155988,
      0.025510293638808967,
      1.0
    ]
  ],
  "E": [
    [
      0.0024922329244356813,
      0.27605467788601057,
      -0.09449097094398454
    ],
    [
      -0.27118509413727954,
      0.0049341652264351405,
      -0.6459498498453997
    ],
    [
      0.1001162148953145,
      0.6434319524174552,
      0.0037704564232482088
    ]
  ],
  "R": [
    [
      0.9999543896758099,
      -0.006696718747275315,
      0.00680973759400505
    ],
    [
      0.006663831460220884,
      0.9999660797867247,
      0.0048407257967699666
    ],
    [
      -0.006841923585447163,
      -0.00479512606608256,
      0.9999650968147145
    ]
  ],
  "t": [
    [
      -0.9108886430319229
    ],
    [
      0.13552188171504304
    ],
    [
      0.3897636457802038
    ]
  ]
}