{
  "image_1": "frame_207",
  "image_2": "frame_208",
  "num_matches": 1500,
  "inlier_count": 1060,
  "inlier_ratio": 0.7067,
  "reproj_rmse": 0.3948,
  "F": [
    [
      -1.2567581703780984e-08,
      7.198899116216413e-07,
      -0.0013358955124071752
    ],
    [
      -6.090309641160648e-07,
      3.920109739061049e-08,
      -0.00401392541768936
    ],
    [
      0.0011048687630897686,
      0.003533756107726124,
      0.9999999999999999
    ]
  ],
  "E": [
    [
      -0.006919919576425951,
      0.1870765529041125,
      0.045633052033573526
    ],
    [
      -0.13147192826177256,
      0.00649771694508088,
      -0.6933907545169461
    ],
    [
      -0.05545868736007729,
      0.6794499473716821,
      0.005136043773210239
    ]
  ],
  "R": [
    [
      0.9964920811751983,
      0.01686528876423951,
      0.08197008106633352
    ],
    [
      -0.017971495228680703,
      0.9997568677503534,
      0.012776178820274764
    ],
    [
      -0.08173467755101205,
      -0.01420448594285998,
      0.996552896270304
    ]
  ],
  "t": [
    [
      -0.9621560191867762
    ],
    [
      -0.06135427131130766
    ],
    [
      0.2655022563642619
    ]
  ]
}