{
  "image_1": "frame_166",
  "image_2": "frame_167",
  "num_matches": 1500,
  "inlier_count": 1196,
  "inlier_ratio": 0.7973,
  "reproj_rmse": 0.4117,
  "F": [
    [
      1.4113659804746087e-08,
      -4.190024900162391e-06,
      0.00425430427338269
    ],
    [
      4.573980701359696e-06,
      6.13952458050048e-08,
      -0.065654971476389
    ],
    [
      -0.00492373580443763,
      0.0654402539511496,
      1.0
    ]
  ],
  "E": [
    [
      0.0011699639765718976,
      -0.15477381831884016,
      -0.059279595209675545
    ],
    [
      0.17060792560403995,
      0.0018999497997490085,
      -0.683688064085608
    ],
    [
      0.05957391738092595,
      0.6873344636685518,
      0.0034447495047373374
    ]
  ],
  "R": [
    [
      0.9997386728596155,
      -0.0011866009834497343,
      0.02282932252610187
    ],
    [
      0.001117081078683635,
      0.9999947012432046,
      0.0030577140771595283
    ],
    [
      -0.02283282984560503,
      -0.0030314128092506255,
      0.9997347010170354
    ]
  ],
  "t": [
    [
      -0.9721415801611175
    ],
    [
      0.0831860197234526
    ],
    [
      -0.219136565283877
    ]
  ]
}