{
  "image_1": "frame_046",
  "image_2": "frame_047",
  "num_matches": 1500,
  "inlier_count": 1217,
  "inlier_ratio": 0.8113,
  "reproj_rmse": 0.318,
  "F": [
    [
      1.8365416976805224e-08,
      3.697317593156654e-07,
      -0.006193114450407867
    ],
    [
      -5.859723282843809e-07,
      1.4959606312484848e-07,
      0.05594205562468546
    ],
    [
      0.0067593011579318105,
      -0.056230144073263336,
      0.9999999999999999
    ]
  ],
  "E": [
    [
      -0.0008699147024555349,
      -0.024519910270390587,
      0.08604265809828913
    ],
    [
      0.032871365406367106,
      -0.0036377165190745035,
      -0.7010883144657406
    ],
    [
      -0.08863641581394711,
      0.7010686723002618,
      -0.004732485748869608
    ]
  ],
  "R": [
    [
      0.9999290924455506,
      0.003948448571215846,
      0.011234760117522405
    ],
    [
      -0.003888297111216285,
      0.9999780172395951,
      -0.005370864282689649
    ],
    [
      -0.011255719727885798,
      0.005326799362528601,
      0.9999224639850626
    ]
  ],
  "t": [
    [
      -0.9919623765406865
    ],
    [
      -0.1215023923585882
    ],
    [
      -0.035324385046212436
    ]
  ]
}