{
  "image_1": "frame_052",
  "image_2": "frame_053",
  "num_matches": 1500,
  "inlier_count": 1086,
  "inlier_ratio": 0.724,
  "reproj_rmse": 0.3396,
  "F": [
    [
      4.92545121113212e-08,
      -7.768561161637012e-06,
      0.01837173415654885
    ],
    [
      7.954331450728956e-06,
      -7.647589947612686e-08,
      -0.05295814129457597
    ],
    [
      -0.019320852581598907,
      0.05320656734120213,
      1.0
    ]
  ],
  "E": [
    [
      0.0008324404839386277,
      -0.2008731682825575,
      0.0504435065279951
    ],
    [
      0.21009847292032108,
      0.005384818493590325,
      -0.6731793706346478
    ],
    [
      -0.056817500612219615,
      0.6756674067104109,
      0.0030376714463989296
    ]
  ],
  "R": [
    [
      0.9998703115013499,
      0.0076961160052999855,
      0.014146730245069461
    ],
    [
      -0.007775597346480492,
      0.999954245606738,
      0.005571963654306251
    ],
    [
      -0.014103200491349666,
      -0.005681240312860245,
      0.9998844049410953
    ]
  ],
  "t": [
    [
      -0.9561430122697379
    ],
    [
      -0.07292695466411736
    ],
    [
      -0.2836762227807781
    ]
  ]
}