{
  "image_1": "frame_162",
  "image_2": "frame_163",
  "num_matches": 1500,
  "inlier_count": 1094,
  "inlier_ratio": 0.7293,
  "reproj_rmse": 0.4257,
  "F": [
    [
      -7.54461339825606e-09,
      8.664246956042872e-06,
      -0.02567116627351423
    ],
    [
      -9.796314435318063e-06,
      -1.3095461534872754e-07,
      0.101273132996876
    ],
    [
      0.028997838948956117,
      -0.10082069596105762,
      1.0
    ]
  ],
  "E": [
    [
      0.0012421193713654424,
      -0.19608049757651796,
      0.04217617099873109
    ],
    [
      0.22564945071752507,
      0.00032324772104030795,
      -0.6688631087440776
    ],
    [
      -0.051753780615406586,
      0.6773276870292236,
      -0.005017912728499649
    ]
  ],
  "R": [
    [
      0.9989273011668758,
      0.015698363938531017,
      0.04356384226758192
    ],
    [
      -0.015506093532168037,
      0.999868500316505,
      -0.004747961477803837
    ],
    [
      -0.043632648863355605,
      0.00406736333224391,
      0.9990393628424714
    ]
  ],
  "t": [
    [
      -0.9589286378135736
    ],
    [
      -0.05838429006159948
    ],
    [
      -0.27757366995989957
    ]
  ]
}