{
  "image_1": "frame_133",
  "image_2": "frame_134",
  "num_matches": 1500,
  "inlier_count": 1223,
  "inlier_ratio": 0.8153,
  "reproj_rmse": 0.3348,
  "F": [
    [
      2.5734464720330662e-08,
      4.423422211980855e-07,
      -0.0029195207553283234
    ],
    [
      -2.2961130018048367e-07,
      1.7165539805240588e-08,
      -0.015958753892941643
    ],
    [
      0.002427452787207213,
      0.015644389712471497,
      1.0
    ]
  ],
  "E": [
    [
      0.0038474103363545812,
      0.031687084801876576,
      -0.09022345599497299
    ],
    [
      -0.0010984260010173889,
      0.0014793600960847381,
      -0.7013051734047598
    ],
    [
      0.0887568968685546,
      0.7007864142815343,
      0.005396999650375846
    ]
  ],
  "R": [
    [
      0.9990582448906029,
      0.0020946352694002357,
      0.04333861810437225
    ],
    [
      -0.0021882546409743714,
      0.9999953736797395,
      0.002112856063348108
    ],
    [
      -0.043333991943215626,
      -0.002205702202553822,
      0.9990582065225524
    ]
  ],
  "t": [
    [
      -0.990798520465978
    ],
    [
      0.12780969219699717
    ],
    [
      0.04453060097211488
    ]
  ]
}