{
  "image_1": "frame_099",
  "image_2": "frame_100",
  "num_matches": 1500,
  "inlier_count": 1315,
  "inlier_ratio": 0.8767,
  "reproj_rmse": 0.1788,
  "F": [
    [
      9.135402202747424e-08,
      -1.6281715471146886e-05,
      0.011740922076328987
    ],
    [
      1.0041757311611744e-05,
      3.28768354705939e-07,
      0.8512944834676631
    ],
    [
      -0.0024346871559540926,
      -0.8452211363823153,
      1.0
    ]
  ],
  "E": [
    [
      0.00015672737782730759,
      0.052884797760712705,
      0.0007723654192113746
    ],
    [
      -0.03619708987686715,
      -0.0023881906187848616,
      -0.7061750097055104
    ],
    [
      0.0014322257087604397,
      0.7051205910287609,
      -0.0025299779057083856
    ]
  ],
  "R": [
    [
      0.9997147577493398,
      -0.0033081595182411242,
      0.02365289028387412
    ],
    [
      0.003393191328016695,
      0.9999879213560328,
      -0.0035557551451795818
    ],
    [
      -0.023640841583805534,
      0.003634999675772958,
      0.999713907768901
    ]
  ],
  "t": [
    [
      -0.9971986532822804
    ],
    [
      -0.001358600331135176
    ],
    [
      0.07478636304264734
    ]
  ]
}