{
  "image_1": "frame_154",
  "image_2": "frame_155",
  "num_matches": 1500,
  "inlier_count": 1256,
  "inlier_ratio": 0.8373,
  "reproj_rmse": 0.4402,
  "F": [
    [
      -2.18705568057398e-08,
      4.289765114587358e-06,
      -0.008963484678832958
    ],
    [
      -4.123552396601718e-06,
      -4.542955426319958e-08,
      -0.014905479342655726
    ],
    [
      0.008527407245380338,
      0.014495085023320546,
      0.9999999999999999
    ]
  ],
  "E": [
    [
      -0.0025708525606430725,
      0.422536240797537,
      -0.022389680462933586
    ],
    [
      -0.4060188891882749,
      -0.004751633444087792,
      -0.578513836218496
    ],
    [
      0.016884841327913052,
      0.5666717316496858,
      -0.001045813910015164
    ]
  ],
  "R": [
    [
      0.9995525620227494,
      0.007614352624788243,
      0.028925721907384683
    ],
    [
      -0.007532823891422215,
      0.9999673456047291,
      -0.0029264805573500086
    ],
    [
      -0.028947060610341024,
      0.002707278769747414,
      0.9995772798156645
    ]
  ],
  "t": [
    [
      -0.8011931329442626
    ],
    [
      0.029927409037585596
    ],
    [
      0.5976570202978075
    ]
  ]
}