{
  "image_1": "frame_204",
  "image_2": "frame_205",
  "num_matches": 1500,
  "inlier_count": 1064,
  "inlier_ratio": 0.7093,
  "reproj_rmse": 0.4213,
  "F": [
    [
      8.666816659028451e-08,
      6.537795400318628e-06,
      -0.024213235513918487
    ],
    [
      -8.404149731889284e-06,
      9.54459216052124e-07,
      0.2128359931337637
    ],
    [
      0.02817742824985911,
      -0.21570094097844655,
      1.0
    ]
  ],
  "E": [
    [
      -0.0008407822464198633,
      0.008041091708474146,
      0.03528725383028745
    ],
    [
      0.008506050500124596,
      0.0015143310905731228,
      -0.7061732702645949
    ],
    [
      -0.036176095736222005,
      0.7061338025714873,
      0.0006729633923354523
    ]
  ],
  "R": [
    [
      0.9997221524395442,
      0.0012325923447343429,
      0.023539299856971032
    ],
    [
      -0.0012830591928597243,
      0.9999969106454689,
      0.0021289571685644258
    ],
    [
      -0.023536602999420148,
      -0.002158567958083393,
      0.9997206454323218
    ]
  ],
  "t": [
    [
      -0.9986885837401636
    ],
    [
      -0.049893211362761224
    ],
    [
      0.011479554302196668
    ]
  ]
}