{
  "image_1": "frame_202",
  "image_2": "frame_203",
  "num_matches": 1500,
  "inlier_count": 1257,
  "inlier_ratio": 0.838,
  "reproj_rmse": 0.3627,
  "F": [
    [
      9.604844429391817e-09,
      4.3070401589588944e-06,
      -0.008410995322225149
    ],
    [
      -4.040270713803737e-06,
      -8.192624690700916e-08,
      -0.02122421501913011
    ],
    [
      0.00791545122147285,
      0.020816167930919838,
      1.0
    ]
  ],
  "E": [
    [
      0.0013935168767735655,
      0.3946488797640995,
      -0.012364481109350327
    ],
    [
      -0.3744252977033591,
      0.000423316628832762,
      -0.5997171368219214
    ],
    [
      0.013490391380824512,
      0.586566547052058,
      -8.765426267679713e-05
    ]
  ],
  "R": [
    [
      0.9994151833136506,
      -0.002460403719189569,
      0.03410627179391884
    ],
    [
      0.0024908166111605907,
      0.9999965372977977,
      -0.0008492496826819507
    ],
    [
      -0.03410406419697837,
      0.0009337054956273395,
      0.9994178510509484
    ]
  ],
  "t": [
    [
      -0.8295751194660457
    ],
    [
      0.01702192967321869
    ],
    [
      0.5581356242644756
    ]
  ]
}