{
  "image_1": "frame_151",
  "image_2": "frame_152",
  "num_matches": 1500,
  "inlier_count": 1268,
  "inlier_ratio": 0.8453,
  "reproj_rmse": 0.2783,
  "F": [
    [
      1.3226529418164971e-09,
      5.738962917678282e-06,
      -0.011881299742875936
    ],
    [
      -5.097367754301218e-06,
      -1.880180949212957e-07,
      -0.11724527815028948
    ],
    [
      0.010552039305553583,
      0.11684147033014282,
      1.0
    ]
  ],
  "E": [
    [
      -0.0001256170890472887,
      0.13558441863053453,
      0.00520080017772219
    ],
    [
      -0.12526613712405318,
      -0.0011494282731037038,
      -0.6959006594058533
    ],
    [
      -0.005648230319501945,
      0.6939638612917761,
      -0.0011848970022512177
    ]
  ],
  "R": [
    [
      0.9998899008298201,
      0.0003573616271384944,
      0.014834369255212504
    ],
    [
      -0.0003337871162679817,
      0.9999986776533769,
      -0.0015916273616245723
    ],
    [
      -0.014834918425578186,
      0.001586500603437435,
      0.9998886979114933
    ]
  ],
  "t": [
    [
      -0.9814171399792024
    ],
    [
      -0.007661063000914884
    ],
    [
      0.19173342293074178
    ]
  ]
}