{
  "image_1": "frame_038",
  "image_2": "frame_039",
  "num_matches": 1500,
  "inlier_count": 1165,
  "inlier_ratio": 0.7767,
  "reproj_rmse": 0.26,
  "F": [
    [
      -8.104045042799373e-09,
      -1.0800660197773079e-06,
      0.0032530833591761805
    ],
    [
      1.3417195408141735e-06,
      -3.325777547240309e-08,
      -0.028714371756193294
    ],
    [
      -0.003842327124844438,
      0.02858889774678939,
      1.0
    ]
  ],
  "E": [
    [
      -0.0015663401685333043,
      -0.012064588234578144,
      0.04813077185117939
    ],
    [
      0.03511409628108008,
      0.005458372405574271,
      -0.7045632508704129
    ],
    [
      -0.0503968097695684,
      0.7052016264450084,
      0.0037524192918498567
    ]
  ],
  "R": [
    [
      0.99944355690232,
      0.002831026754057858,
      0.03323494928469908
    ],
    [
      -0.003085006602851728,
      0.9999664127597956,
      0.007593160512356649
    ],
    [
      -0.03321233657391609,
      -0.007691465388588647,
      0.9994187220877327
    ]
  ],
  "t": [
    [
      -0.9975323765073657
    ],
    [
      -0.06823242537051932
    ],
    [
      -0.016537652421776912
    ]
  ]
}