{
  "image_1": "frame_165",
  "image_2": "frame_166",
  "num_matches": 1500,
  "inlier_count": 1128,
  "inlier_ratio": 0.752,
  "reproj_rmse": 0.2718,
  "F": [
    [
      3.225323168798877e-07,
      1.6628556263106595e-05,
      -0.06740387697122031
    ],
    [
      -1.846409037055152e-05,
      -6.255604532809012e-07,
      0.3675136480669242
    ],
    [
      0.06767673104857307,
      -0.36503976991373766,
      1.0
    ]
  ],
  "E": [
    [
      -0.0017708171814521173,
      -0.12507488154269744,
      0.04798634180508942
    ],
    [
      0.13673905332095523,
      -8.4386539180364e-05,
      -0.6920855220203166
    ],
    [
      -0.04284844642796522,
      0.6946470266482027,
      0.000150356055048942
    ]
  ],
  "R": [
    [
      0.9998277137267325,
      -0.007670687229676544,
      0.016902763720725716
    ],
    [
      0.007648292066583948,
      0.9999697864375076,
      0.0013891870246593892
    ],
    [
      -0.016912909047187036,
      -0.001259670413135433,
      0.9998561730259066
    ]
  ],
  "t": [
    [
      -0.9818863979236649
    ],
    [
      -0.06811834386817714
    ],
    [
      -0.17680212894970135
    ]
  ]
}