{
  "image_1": "frame_078",
  "image_2": "frame_080",
  "num_matches": 1500,
  "inlier_count": 1291,
  "inlier_ratio": 0.8607,
  "reproj_rmse": 0.3365,
  "F": [
    [
      1.4872726367610592e-08,
      1.949277673840346e-07,
      -0.0026086699742534076
    ],
    [
      -2.9070678212394274e-07,
      7.862786446190525e-08,
      0.013053479602619036
    ],
    [
      0.00269943134387626,
      -0.01325764575102181,
      1.0
    ]
  ],
  "E": [
    [
      -0.0024181759017575916,
      -0.02878191227577964,
      0.1361174886672124
    ],
    [
      0.04289703843291066,
      -0.012029412317898178,
      -0.6925470010223157
    ],
    [
      -0.1330796085958499,
      0.6936280229531726,
      -0.01419702391366865
    ]
  ],
  "R": [
    [
      0.9998489518354121,
      -0.003347713625554277,
      0.017054803637370393
    ],
    [
      0.0036400973001756154,
      0.9998464445421011,
      -0.017141675185470613
    ],
    [
      -0.016994799359604906,
      0.017201167111569486,
      0.9997076055751136
    ]
  ],
  "t": [
    [
      -0.9804466158134149
    ],
    [
      -0.191800879601573
    ],
    [
      -0.04400972760748817
    ]
  ]
}