{
  "image_1": "frame_136",
  "image_2": "frame_137",
  "num_matches": 1500,
  "inlier_count": 1060,
  "inlier_ratio": 0.7067,
  "reproj_rmse": 0.3641,
  "F": [
    [
      -3.4593404336755584e-08,
      6.111028727068899e-06,
      -0.011630895194386547
    ],
    [
      -5.270488073301082e-06,
      -1.5396885690908245e-07,
      -0.07409779709709302
    ],
    [
      0.009520356525120533,
      0.0731356640846434,
      1.0
    ]
  ],
  "E": [
    [
      -0.0007787867461049408,
      0.17590794080031086,
      -0.0034540445894296707
    ],
    [
      -0.15390236245037459,
      -0.006052865516121359,
      -0.6901253595547706
    ],
    [
      -0.0011938404159244325,
      0.6848501719846074,
      -0.005204791919326148
    ]
  ],
  "R": [
    [
      0.9994753357685376,
      0.005053106876705552,
      0.031992488200541874
    ],
    [
      -0.004809148752793044,
      0.9999588068005235,
      -0.007697843226949295
    ],
    [
      -0.03203006835213959,
      0.0075399478092185255,
      0.9994584653242933
    ]
  ],
  "t": [
    [
      -0.9685492857160886
    ],
    [
      0.00297111111764079
    ],
    [
      0.24880404666641062
    ]
  ]
}