{
  "image_1": "frame_129",
  "image_2": "frame_130",
  "num_matches": 1500,
  "inlier_count": 1231,
  "inlier_ratio": 0.8207,
  "reproj_rmse": 0.585,
  "F": [
    [
      2.831115864066304e-08,
      -1.0613356127414845e-06,
      8.934703922292693e-05
    ],
    [
      1.3667333831416953e-06,
      1.1046462991970892e-08,
      -0.030489706026227678
    ],
    [
      -0.0009664318116649866,
      0.030266257310415465,
      1.0
    ]
  ],
  "E": [
    [
      0.002472648587037092,
      -0.055801267417523566,
      -0.05497606164397999
    ],
    [
      0.0815452121935069,
      0.0014345093405100083,
      -0.7002346509472751
    ],
    [
      0.04909575754994042,
      0.703178078526875,
      0.0027726960788462375
    ]
  ],
  "R": [
    [
      0.999296513192555,
      0.008233508822478378,
      0.036588086225870856
    ],
    [
      -0.008278723726419135,
      0.9999651427439544,
      0.0010844494105812785
    ],
    [
      -0.03657788204179162,
      -0.0013865891722704632,
      0.9993298434029698
    ]
  ],
  "t": [
    [
      -0.9938387567504905
    ],
    [
      0.07771427364411101
    ],
    [
      -0.07902542155918876
    ]
  ]
}