{
  "image_1": "frame_009",
  "image_2": "frame_010",
  "num_matches": 1500,
  "inlier_count": 1105,
  "inlier_ratio": 0.7367,
  "reproj_rmse": 0.3632,
  "F": [
    [
      -5.8731420569891415e-09,
      -6.055294286945201e-07,
      0.0012183729460064983
    ],
    [
      7.879654437672902e-07,
      9.83315695376735e-08,
      -0.018804745376986936
    ],
    [
      -0.0014255430597780725,
      0.018344159523900193,
      1.0
    ]
  ],
  "E": [
    [
      -0.00040504708971538504,
      -0.09098671569019695,
      -0.01785869257421813
    ],
    [
      0.1115759502668857,
      0.006742246499823033,
      -0.6980126527875178
    ],
    [
      0.02372432292179384,
      0.7007519247941936,
      0.00836080056877456
    ]
  ],
  "R": [
    [
      0.9995265739698167,
      -0.010150451140345358,
      0.029044728778358064
    ],
    [
      0.00982782788768808,
      0.9998886544997674,
      0.011229087302845778
    ],
    [
      -0.029155475080521326,
      -0.010938324565143216,
      0.9995150380702317
    ]
  ],
  "t": [
    [
      -0.9913650393314322
    ],
    [
      0.023819571058666313
    ],
    [
      -0.12894955147641748
    ]
  ]
}