{
  "image_1": "frame_076",
  "image_2": "frame_077",
  "num_matches": 1500,
  "inlier_count": 1230,
  "inlier_ratio": 0.82,
  "reproj_rmse": 0.3669,
  "F": [
    [
      -3.270997777145883e-09,
      -8.727567558786249e-07,
      0.002027302226903541
    ],
    [
      9.038671143404728e-07,
      6.4728829382931e-08,
      -0.007971026115455039
    ],
    [
      -0.0021644975016332883,
      0.007742304876255074,
      1.0
    ]
  ],
  "E": [
    [
      -0.000885882573300215,
      -0.2382904300804081,
      0.019450224727654047
    ],
    [
      0.2477215459345044,
      0.021570389664323963,
      -0.6613764717944173
    ],
    [
      -0.026079777787781224,
      0.6651577656773777,
      0.021759673208473256
    ]
  ],
  "R": [
    [
      0.9998797096069859,
      -0.0024673280646553136,
      0.015312694357007661
    ],
    [
      0.001955834533609889,
      0.9994425283710194,
      0.03332877427421173
    ],
    [
      -0.015386390984467535,
      -0.03329481604642967,
      0.9993271307219211
    ]
  ],
  "t": [
    [
      -0.9411042183542332
    ],
    [
      -0.03872767814958612
    ],
    [
      -0.33589137699710303
    ]
  ]
}