{
  "image_1": "frame_088",
  "image_2": "frame_089",
  "num_matches": 1500,
  "inlier_count": 1301,
  "inlier_ratio": 0.8673,
  "reproj_rmse": 0.3609,
  "F": [
    [
      -1.9588995730829698e-08,
      1.4944613955607365e-06,
      -0.0015230575663006732
    ],
    [
      -1.2137737840423943e-06,
      -1.6546221014472947e-08,
      -0.033727992626488026
    ],
    [
      0.0008230662677469009,
      0.03341326726627662,
      1.0
    ]
  ],
  "E": [
    [
      -0.0010320988758529771,
      0.08395850804358787,
      0.027497022458230186
    ],
    [
      -0.06906288672712471,
      0.0009629226797061453,
      -0.7031939242365263
    ],
    [
      -0.031096205687496555,
      0.7014085684855027,
      0.0007475798012644483
    ]
  ],
  "R": [
    [
      0.9997591274183399,
      0.005316127920543222,
      0.021293800216299563
    ],
    [
      -0.005357695625224451,
      0.99998385090174,
      0.0018955298240021833
    ],
    [
      -0.02128337946160666,
      -0.002009158943103216,
      0.9997714644052582
    ]
  ],
  "t": [
    [
      -0.9921631090248583
    ],
    [
      -0.03867028248364197
    ],
    [
      0.1188148742488184
    ]
  ]
}