{
  "image_1": "frame_056",
  "image_2": "frame_057",
  "num_matches": 1500,
  "inlier_count": 1147,
  "inlier_ratio": 0.7647,
  "reproj_rmse": 0.4101,
  "F": [
    [
      -2.226862804729072e-09,
      -4.6528890859850195e-07,
      0.0009453217147921432
    ],
    [
      4.811017510321645e-07,
      4.4208110337861885e-08,
      0.012962037762336965
    ],
    [
      -0.0010126375995492788,
      -0.013177386502111565,
      1.0
    ]
  ],
  "E": [
    [
      -0.00010761164057194882,
      -0.03336974180179968,
      0.007490440270220473
    ],
    [
      0.030250392734983093,
      -0.011677411267301636,
      -0.7063287724210521
    ],
    [
      -0.004002945400691211,
      0.7062080993529446,
      -0.0115176364084802
    ]
  ],
  "R": [
    [
      0.9999808293998533,
      -0.004238092796232352,
      -0.0045143551291744535
    ],
    [
      0.004163751107855881,
      0.9998576296883576,
      -0.016351866275483407
    ],
    [
      0.004583013145694176,
      0.01633275614922315,
      0.9998561081811104
    ]
  ],
  "t": [
    [
      -0.9988296572052544
    ],
    [
      -0.009820086021523634
    ],
    [
      -0.04735907302475223
    ]
  ]
}