{
  "image_1": "frame_055",
  "image_2": "frame_056",
  "num_matches": 1500,
  "inlier_count": 1178,
  "inlier_ratio": 0.7853,
  "reproj_rmse": 0.3796,
  "F": [
    [
      1.6080392418652686e-09,
      -1.0303423023769102e-06,
      0.0006368841539423754
    ],
    [
      9.76899359193126e-07,
      8.375275520953969e-08,
      0.018416733979487152
    ],
    [
      -0.0005277145247870021,
      -0.01864545399741523,
      1.0
    ]
  ],
  "E": [
    [
      -7.768248647480146e-05,
      0.16294173842989212,
      0.02951786738309257
    ],
    [
      -0.15587086121325874,
      -0.009034609267873788,
      -0.6889248334211056
    ],
    [
      -0.030734787667402425,
      0.6874214477477584,
      -0.009540948965467085
    ]
  ],
  "R": [
    [
      0.999952193582584,
      -0.0012793931038465114,
      0.009694003438423304
    ],
    [
      0.0014095516192642252,
      0.9999087959355871,
      -0.013431789712349517
    ],
    [
      -0.009675934766779276,
      0.013444811784847625,
      0.999862797248932
    ]
  ],
  "t": [
    [
      -0.9721920379095979
    ],
    [
      -0.04483805161570515
    ],
    [
      0.22985254088761017
    ]
  ]
}