{
  "image_1": "frame_084",
  "image_2": "frame_085",
  "num_matches": 1500,
  "inlier_count": 1296,
  "inlier_ratio": 0.864,
  "reproj_rmse": 0.3403,
  "F": [
    [
      1.6284867880658432e-08,
      1.3538321043923788e-06,
      -0.004136210628632986
    ],
    [
      -1.472323521262871e-06,
      7.038461360601595e-08,
      0.010920955011113327
    ],
    [
      0.004269179402796361,
      -0.011224251363070242,
      1.0
    ]
  ],
  "E": [
    [
      -0.00342461669791164,
      -0.27385685038816915,
      0.10564899065087527
    ],
    [
      0.2971330858206115,
      -0.008997287141641164,
      -0.6334593555686947
    ],
    [
      -0.10184117801999132,
      0.6431618937734439,
      -0.0126634949741039
    ]
  ],
  "R": [
    [
      0.9994173729213136,
      0.0006666990033548925,
      0.03412433465283421
    ],
    [
      -0.0001792338035077612,
      0.9998979332724737,
      -0.014286039082937636
    ],
    [
      -0.03413037618168524,
      0.014271599415428458,
      0.9993154851556252
    ]
  ],
  "t": [
    [
      -0.9097570975490059
    ],
    [
      -0.14394598276649087
    ],
    [
      -0.38938615474179056
    ]
  ]
}