{
  "image_1": "frame_182",
  "image_2": "frame_183",
  "num_matches": 1500,
  "inlier_count": 1023,
  "inlier_ratio": 0.682,
  "reproj_rmse": 0.4355,
  "F": [
    [
      -9.541289861891945e-08,
      1.1718676422150442e-06,
      0.0044259750003340145
    ],
    [
      -2.6146608962288757e-07,
      5.191093738326789e-08,
      -0.05896464986421108
    ],
    [
      -0.005641738109560913,
      0.05770625245487585,
      1.0
    ]
  ],
  "E": [
    [
      -0.0025814768445800527,
      0.06676868008017793,
      0.05538782942141741
    ],
    [
      -0.030095649063494535,
      0.0012498797721015415,
      -0.7042926757009492
    ],
    [
      -0.05202644759130913,
      0.7020128539710461,
      -0.0017849263545649272
    ]
  ],
  "R": [
    [
      0.9986241088683153,
      -0.0047149999472137355,
      0.052226985002590445
    ],
    [
      0.00463899517413173,
      0.9999879972619165,
      0.0015764059994791417
    ],
    [
      -0.05223379088997411,
      -0.0013319563050580019,
      0.9986339955066941
    ]
  ],
  "t": [
    [
      -0.9924388824402597
    ],
    [
      -0.07828814293356434
    ],
    [
      0.09453058392257059
    ]
  ]
}