{
  "image_1": "frame_053",
  "image_2": "frame_054",
  "num_matches": 1500,
  "inlier_count": 1264,
  "inlier_ratio": 0.8427,
  "reproj_rmse": 0.621,
  "F": [
    [
      6.270199010181085e-10,
      3.2253781957234456e-07,
      -0.0006122641278982479
    ],
    [
      -3.773680509697578e-07,
      1.314071155873757e-07,
      0.020669930134592767
    ],
    [
      0.0006660507731807972,
      -0.021164969292738398,
      1.0
    ]
  ],
  "E": [
    [
      -0.0003247172832015382,
      -0.07164056958963108,
      0.015448021413190675
    ],
    [
      0.07795063032934932,
      -0.005372782981944986,
      -0.7026180848197138
    ],
    [
      -0.013027908951910201,
      0.7033162366508675,
      -0.005299636982127957
    ]
  ],
  "R": [
    [
      0.9999575069259055,
      -0.0026269660342442477,
      0.00883648074649411
    ],
    [
      0.00269192973149961,
      0.9999693803307754,
      -0.007347919107170649
    ],
    [
      -0.008816907442459332,
      0.007371394056742789,
      0.9999339601657758
    ]
  ],
  "t": [
    [
      -0.9946143795280309
    ],
    [
      -0.02110257426244363
    ],
    [
      -0.10147372761246447
    ]
  ]
}