{
  "image_1": "frame_123",
  "image_2": "frame_124",
  "num_matches": 1500,
  "inlier_count": 1259,
  "inlier_ratio": 0.8393,
  "reproj_rmse": 0.3319,
  "F": [
    [
      7.38773350061494e-08,
      1.821525740861837e-06,
      -0.010199762886729486
    ],
    [
      -2.0832233256701916e-06,
      3.759009192218525e-09,
      0.024159815830040003
    ],
    [
      0.010570375864182075,
      -0.02411580140035357,
      1.0
    ]
  ],
  "E": [
    [
      -0.006780211055378717,
      -0.1684752440965478,
      0.18693926556182305
    ],
    [
      0.19428005484279542,
      -0.001812529576690387,
      -0.6538115293731294
    ],
    [
      -0.18778093006620064,
      0.6603456316969394,
      -0.009394676348122038
    ]
  ],
  "R": [
    [
      0.9992639780998707,
      0.002274423980337309,
      0.038292676422242045
    ],
    [
      -0.002145416574579756,
      0.9999918854017064,
      -0.003409738767400264
    ],
    [
      -0.038300120884174615,
      0.0033250753823124424,
      0.9992607490610041
    ]
  ],
  "t": [
    [
      -0.9344772141211527
    ],
    [
      -0.26375162212090053
    ],
    [
      -0.23913890966750476
    ]
  ]
}