{
  "image_1": "frame_164",
  "image_2": "frame_165",
  "num_matches": 1500,
  "inlier_count": 1099,
  "inlier_ratio": 0.7327,
  "reproj_rmse": 0.4216,
  "F": [
    [
      2.834090795804513e-08,
      1.798830527965871e-06,
      -0.004508438665371125
    ],
    [
      -1.6743884958436072e-06,
      5.9381379141965256e-08,
      -0.008809892463671098
    ],
    [
      0.00432676232307057,
      0.008257476106454225,
      1.0
    ]
  ],
  "E": [
    [
      0.005167495469645422,
      0.282884625401113,
      -0.062007457724727204
    ],
    [
      -0.26053063971674345,
      0.0059072264207940504,
      -0.654270449345029
    ],
    [
      0.0702346419390104,
      0.6443317614346795,
      0.005235143321183196
    ]
  ],
  "R": [
    [
      0.9993658933646197,
      -0.01081983489730709,
      0.03392259353780047
    ],
    [
      0.010663645461538529,
      0.99993170800376,
      0.00478184003850414
    ],
    [
      -0.033972015615891915,
      -0.004417069331383611,
      0.9994130235560845
    ]
  ],
  "t": [
    [
      -0.9122550749530175
    ],
    [
      0.08965566974383193
    ],
    [
      0.3996905541856718
    ]
  ]
}