{
  "image_1": "frame_217",
  "image_2": "frame_218",
  "num_matches": 1500,
  "inlier_count": 1298,
  "inlier_ratio": 0.8653,
  "reproj_rmse": 0.3393,
  "F": [
    [
      -5.5711690489481414e-09,
      -3.2312946755441748e-06,
      0.008076240520120634
    ],
    [
      3.177257786075766e-06,
      1.2021676521303267e-07,
      -0.0719762491959618
    ],
    [
      -0.007862505640026276,
      0.07168582177446817,
      1.0
    ]
  ],
  "E": [
    [
      -0.0004157215999642939,
      -0.21854631064523788,
      0.02982584634164705
    ],
    [
      0.21914428871885097,
      0.0027639933442371906,
      -0.671577576247426
    ],
    [
      -0.02967534480917182,
      0.6718698763334306,
      0.0031144019334006126
    ]
  ],
  "R": [
    [
      0.9999978655846048,
      -0.0017529616045102378,
      0.001093595833836114
    ],
    [
      0.0017478188689884558,
      0.9999874933923013,
      0.004685956485411183
    ],
    [
      -0.0011017964584614792,
      -0.004684035076199992,
      0.9999884228629692
    ]
  ],
  "t": [
    [
      -0.9501028956580586
    ],
    [
      -0.043627975985992856
    ],
    [
      -0.30887066447550116
    ]
  ]
}