{
  "image_1": "frame_197",
  "image_2": "frame_198",
  "num_matches": 1500,
  "inlier_count": 1181,
  "inlier_ratio": 0.7873,
  "reproj_rmse": 0.6398,
  "F": [
    [
      2.732497506538342e-08,
      3.0427454504122323e-06,
      -0.010159775758192343
    ],
    [
      -3.323130603061596e-06,
      1.0066473664879773e-07,
      0.030959935973794574
    ],
    [
      0.010770614709517845,
      -0.03146637412748594,
      1.0
    ]
  ],
  "E": [
    [
      -0.0018424185791628166,
      -0.1601847588760372,
      0.07917476260888674
    ],
    [
      0.1828976215304971,
      0.00038557528699978405,
      -0.6784482011983096
    ],
    [
      -0.08241816273080467,
      0.6837561593642582,
      -0.0031489883951086733
    ]
  ],
  "R": [
    [
      0.9994346504596618,
      0.00494211272581703,
      0.0332559014669406
    ],
    [
      -0.0049196270974575795,
      0.9999876113274324,
      -0.0007579319744675274
    ],
    [
      -0.03325923525572272,
      0.0005938968439680795,
      0.9994465821427093
    ]
  ],
  "t": [
    [
      -0.9675420460976685
    ],
    [
      -0.11186017755182652
    ],
    [
      -0.22660469922579057
    ]
  ]
}