{
  "image_1": "frame_147",
  "image_2": "frame_148",
  "num_matches": 1500,
  "inlier_count": 1224,
  "inlier_ratio": 0.816,
  "reproj_rmse": 0.3851,
  "F": [
    [
      7.78582569602359e-08,
      2.000858866528188e-05,
      -0.0365193743128808
    ],
    [
      -1.9379729745425815e-05,
      -1.264197483157989e-07,
      -0.05389582337417941
    ],
    [
      0.03467879293746294,
      0.05220899713980768,
      0.9999999999999999
    ]
  ],
  "E": [
    [
      0.0015011614961106987,
      0.4079912578527464,
      0.023263727455664466
    ],
    [
      -0.39236524955431673,
      -0.005539538657772535,
      -0.587536834994158
    ],
    [
      -0.025424847019271092,
      0.5771510084358403,
      -0.008322355975906118
    ]
  ],
  "R": [
    [
      0.9996404429947572,
      -0.00517822455347966,
      0.02630913757079667
    ],
    [
      0.005524783000608061,
      0.9998987056409081,
      -0.013116982520108997
    ],
    [
      -0.026238549922615095,
      0.013257618493167991,
      0.9995677936237484
    ]
  ],
  "t": [
    [
      -0.8160878372022947
    ],
    [
      -0.04047942634718667
    ],
    [
      0.5765085064533598
    ]
  ]
}