{
  "image_1": "frame_018",
  "image_2": "frame_019",
  "num_matches": 1500,
  "inlier_count": 1245,
  "inlier_ratio": 0.83,
  "reproj_rmse": 0.3391,
  "F": [
    [
      7.052247239600788e-09,
      -6.657709429675876e-07,
      -5.884986004314856e-06
    ],
    [
      9.202737791607825e-07,
      5.151447801134053e-10,
      -0.03844200030191279
    ],
    [
      -0.00042051949757439516,
      0.038202515391028355,
      1.0
    ]
  ],
  "E": [
    [
      -0.0004485783990197604,
      0.029205350499383945,
      0.020090927348524485
    ],
    [
      -0.04674356136588132,
      -0.0029203598840096467,
      0.7052712904228219
    ],
    [
      -0.021059068313749336,
      -0.7061773514096827,
      -0.0034903853621416495
    ]
  ],
  "R": [
    [
      0.9996930339790434,
      -0.0016510867083241836,
      0.02472067406962096
    ],
    [
      0.0015466492132600144,
      0.9999898013995505,
      0.0042432267319829
    ],
    [
      -0.024727427888600682,
      -0.004203689994455846,
      0.9996853921611761
    ]
  ],
  "t": [
    [
      -0.9987424101517911
    ],
    [
      0.028245986415392443
    ],
    [
      -0.041421762584574064
    ]
  ]
}