{
  "image_1": "frame_215",
  "image_2": "frame_216",
  "num_matches": 1500,
  "inlier_count": 1263,
  "inlier_ratio": 0.842,
  "reproj_rmse": 0.2409,
  "F": [
    [
      8.353210237486556e-09,
      3.0154435168942015e-05,
      -0.05025913706290745
    ],
    [
      -3.010459753447351e-05,
      -7.874042633202054e-08,
      -0.07512820835154928
    ],
    [
      0.05047630580048701,
      0.07507865139215601,
      1.0
    ]
  ],
  "E": [
    [
      -0.0006158092882186427,
      -0.5003653833615912,
      -0.05982496742664629
    ],
    [
      0.4998797997781302,
      -0.0022335083042338767,
      0.4967085902465815
    ],
    [
      0.057585115312115666,
      -0.49611760119076653,
      -0.0014598142429356406
    ]
  ],
  "R": [
    [
      0.9999981309518535,
      -0.0013912402109506825,
      0.0013425883491453017
    ],
    [
      0.0013870718625707337,
      0.9999942309419996,
      0.003100663536550613
    ],
    [
      -0.0013468943714682324,
      -0.00309879547473893,
      0.9999942916547863
    ]
  ],
  "t": [
    [
      -0.701505633882922
    ],
    [
      -0.082410843821265
    ],
    [
      0.7078829694597738
    ]
  ]
}