{
  "image_1": "frame_082",
  "image_2": "frame_083",
  "num_matches": 1500,
  "inlier_count": 1192,
  "inlier_ratio": 0.7947,
  "reproj_rmse": 0.2762,
  "F": [
    [
      -3.540629988210852e-08,
      2.3268570484295984e-05,
      -0.05595859004717308
    ],
    [
      -2.6932544310754498e-05,
      1.0094458462062046e-06,
      0.35272091898529234
    ],
    [
      0.06505313008523031,
      -0.35418144620975295,
      1.0
    ]
  ],
  "E": [
    [
      -0.0006918469542977296,
      -0.11571039426374959,
      0.04051738957819283
    ],
    [
      0.14195877671692425,
      -0.0008361451763563302,
      -0.6915403078466265
    ],
    [
      -0.04516164056499943,
      0.6960869331790766,
      -0.0033740221376376985
    ]
  ],
  "R": [
    [
      0.9992648911697033,
      0.007209686056634142,
      0.03765232665541621
    ],
    [
      -0.0071141960060987774,
      0.9999711306655068,
      -0.002669466376443167
    ],
    [
      -0.037670485672316456,
      0.002399637996225003,
      0.999287334177062
    ]
  ],
  "t": [
    [
      -0.9848542705891958
    ],
    [
      -0.05690358859807987
    ],
    [
      -0.16378048512226234
    ]
  ]
}