{
  "image_1": "frame_183",
  "image_2": "frame_184",
  "num_matches": 1500,
  "inlier_count": 1028,
  "inlier_ratio": 0.6853,
  "reproj_rmse": 0.299,
  "F": [
    [
      2.122755579486173e-08,
      -2.5335681641161e-07,
      -0.0009722555235653196
    ],
    [
      5.103599942593468e-07,
      2.4991079126414132e-08,
      -0.017370529937880096
    ],
    [
      0.0004615689090012081,
      0.017042815322312416,
      1.0
    ]
  ],
  "E": [
    [
      0.0029152997272524715,
      -0.027811949577000585,
      -0.06219069556493672
    ],
    [
      0.061777245646661184,
      0.0031497496840249767,
      -0.7016504591734068
    ],
    [
      0.06358391481934862,
      0.7036535953142894,
      0.006269098011951956
    ]
  ],
  "R": [
    [
      0.9988497404846235,
      -0.002387285365682848,
      0.04789046671711737
    ],
    [
      0.0021656329474181724,
      0.9999867052593128,
      0.004679672911810975
    ],
    [
      -0.047901001740439035,
      -0.004570576900925432,
      0.9988416310201806
    ]
  ],
  "t": [
    [
      -0.9953394535266596
    ],
    [
      0.08786676435363343
    ],
    [
      -0.03973416634678118
    ]
  ]
}