{
  "image_1": "frame_142",
  "image_2": "frame_143",
  "num_matches": 1500,
  "inlier_count": 1112,
  "inlier_ratio": 0.7413,
  "reproj_rmse": 0.4542,
  "F": [
    [
      -2.406489904279502e-09,
      -1.8945045773708022e-07,
      0.0006341208731250959
    ],
    [
      3.496445933025555e-07,
      4.469310688037517e-08,
      -0.016486069159194133
    ],
    [
      -0.0009711840689613873,
      0.01614799654570603,
      1.0
    ]
  ],
  "E": [
    [
      0.0002718469383213378,
      0.042073677101956385,
      -0.00807293898852043
    ],
    [
      -0.014942918820413202,
      0.006883530137830238,
      -0.7068643808115002
    ],
    [
      0.00759019708494501,
      0.7057810840091496,
      0.007216865211017883
    ]
  ],
  "R": [
    [
      0.9992662284131022,
      0.0008906893165173194,
      0.038291140301585244
    ],
    [
      -0.0012654646947128055,
      0.9999515263759393,
      0.009764399496921922
    ],
    [
      -0.038280587144931294,
      -0.00980569074417987,
      0.9992189174934935
    ]
  ],
  "t": [
    [
      -0.9981628719306785
    ],
    [
      0.012006109274470772
    ],
    [
      0.059386315251827616
    ]
  ]
}