{
  "image_1": "frame_012",
  "image_2": "frame_013",
  "num_matches": 1500,
  "inlier_count": 1226,
  "inlier_ratio": 0.8173,
  "reproj_rmse": 0.2468,
  "F": [
    [
      8.26861432462388e-09,
      2.4034368493414215e-07,
      -0.0015300482458878303
    ],
    [
      -5.5852850153773825e-08,
      1.0448622884344647e-07,
      -0.02546251696953621
    ],
    [
      0.001240062745798129,
      0.024920312756497694,
      1.0
    ]
  ],
  "E": [
    [
      0.0010846676204517664,
      -0.013795143556936939,
      -0.04826100011410444
    ],
    [
      0.030439636760235613,
      0.002994507840218137,
      -0.7047977959793802
    ],
    [
      0.05017261417984419,
      0.7051729910736363,
      0.004205121200698447
    ]
  ],
  "R": [
    [
      0.9997243853611085,
      -0.0028977169293532834,
      0.023297136110498717
    ],
    [
      0.002796652470510405,
      0.9999865431193288,
      0.00436947539345257
    ],
    [
      -0.02330948410653809,
      -0.004303117108810735,
      0.9997190360965599
    ]
  ],
  "t": [
    [
      -0.9974762086169114
    ],
    [
      0.06818398963537346
    ],
    [
      -0.01980294929132959
    ]
  ]
}