{
  "image_1": "frame_184",
  "image_2": "frame_185",
  "num_matches": 1500,
  "inlier_count": 955,
  "inlier_ratio": 0.6367,
  "reproj_rmse": 0.3574,
  "F": [
    [
      1.2395123209100418e-08,
      -1.009318388640944e-06,
      0.0012955763927311622
    ],
    [
      1.272786304195009e-06,
      2.715274286307675e-08,
      -0.022168742324618056
    ],
    [
      -0.001948333028554414,
      0.021957362539522157,
      1.0
    ]
  ],
  "E": [
    [
      0.0008611672469668411,
      -0.12895689144773836,
      -0.008182349914850357
    ],
    [
      0.15753439986692983,
      0.005511838410751342,
      -0.6892745871057486
    ],
    [
      0.004255423957261086,
      0.6952054980529195,
      0.005168229775852132
    ]
  ],
  "R": [
    [
      0.9991420870426665,
      0.004057150634117115,
      0.041214432287208586
    ],
    [
      -0.004349338369530376,
      0.9999660252193684,
      0.007002261257960798
    ],
    [
      -0.041184622807210386,
      -0.007175509439021777,
      0.9991257873303631
    ]
  ],
  "t": [
    [
      -0.9831606457634278
    ],
    [
      0.010303015684692213
    ],
    [
      -0.18245271302406238
    ]
  ]
}