{
  "image_1": "frame_103",
  "image_2": "frame_104",
  "num_matches": 1500,
  "inlier_count": 1162,
  "inlier_ratio": 0.7747,
  "reproj_rmse": 0.6276,
  "F": [
    [
      3.2424515409058842e-06,
      -0.0014379157590847563,
      3.536682073563149
    ],
    [
      0.0014961626297927144,
      2.245743614416875e-05,
      -9.296858731125234
    ],
    [
      -3.7189379778465557,
      9.286237563287498,
      1.0
    ]
  ],
  "E": [
    [
      0.0014224861647954498,
      -0.30173387692297343,
      0.01404659526522041
    ],
    [
      0.3194812248467055,
      0.0032478638493191408,
      -0.6306391776464647
    ],
    [
      -0.018556424046819484,
      0.6392398517374408,
      0.000913376780375464
    ]
  ],
  "R": [
    [
      0.9995896158962156,
      0.0060162568419019034,
      0.028007221320008713
    ],
    [
      -0.006076645951144915,
      0.9999793912425485,
      0.0020715849407326285
    ],
    [
      -0.027994180938904656,
      -0.0022409247632403546,
      0.9996055742590502
    ]
  ],
  "t": [
    [
      -0.9041651809394098
    ],
    [
      -0.020756973202081995
    ],
    [
      -0.4266784194686815
    ]
  ]
}