{
  "image_1": "frame_035",
  "image_2": "frame_036",
  "num_matches": 1500,
  "inlier_count": 1139,
  "inlier_ratio": 0.7593,
  "reproj_rmse": 0.4289,
  "F": [
    [
      -5.225001933899909e-09,
      7.530812831494245e-07,
      -0.00043753229598734675
    ],
    [
      -5.643881209471536e-07,
      5.902814862407429e-09,
      -0.027563688997573773
    ],
    [
      0.00015595580850513442,
      0.02732165109034391,
      1.0
    ]
  ],
  "E": [
    [
      -0.00013684158116376136,
      0.09975717255142179,
      0.016725727681087856
    ],
    [
      -0.08492643294823915,
      0.005609318884551311,
      -0.701784466914235
    ],
    [
      -0.014525607434882758,
      0.6998475048452567,
      0.0050806544090399
    ]
  ],
  "R": [
    [
      0.999770215879483,
      -0.002203633855681505,
      0.021322744619828554
    ],
    [
      0.0020388668159904803,
      0.999967921149373,
      0.0077459469600577695
    ],
    [
      -0.021339129841654494,
      -0.007700692828015757,
      0.9997426373160093
    ]
  ],
  "t": [
    [
      -0.9897158560238042
    ],
    [
      -0.022565395021673873
    ],
    [
      0.1412562468798622
    ]
  ]
}