{
  "image_1": "frame_092",
  "image_2": "frame_093",
  "num_matches": 1500,
  "inlier_count": 1319,
  "inlier_ratio": 0.8793,
  "reproj_rmse": 0.2699,
  "F": [
    [
      -3.6120272242237284e-08,
      -1.955513249764528e-06,
      0.006778838682611193
    ],
    [
      3.602537843327331e-07,
      4.969580367116158e-07,
      0.13654407057311152
    ],
    [
      -0.0037168842066719237,
      -0.13637807658032686,
      1.0
    ]
  ],
  "E": [
    [
      0.0005093746692948015,
      0.051089114301330826,
      -0.012907108899161277
    ],
    [
      -0.02444486511443456,
      -0.005590306024354268,
      -0.7065512655522903
    ],
    [
      0.012990590291611427,
      0.7051131579050209,
      -0.005121990321080953
    ]
  ],
  "R": [
    [
      0.9992821648054062,
      -0.0003928354128588697,
      0.03788140417354104
    ],
    [
      0.0006939426073321597,
      0.9999682697808953,
      -0.007935860070634434
    ],
    [
      -0.03787708470141936,
      0.00795645095135885,
      0.9992507299686
    ]
  ],
  "t": [
    [
      -0.9972191830056389
    ],
    [
      0.017692156146042453
    ],
    [
      0.07239398218408764
    ]
  ]
}