{
  "image_1": "frame_031",
  "image_2": "frame_032",
  "num_matches": 1500,
  "inlier_count": 1278,
  "inlier_ratio": 0.852,
  "reproj_rmse": 0.3111,
  "F": [
    [
      -1.2424167445281516e-09,
      -2.2313685337153236e-06,
      0.003360421047260014
    ],
    [
      2.530007298436405e-06,
      -4.885896037810803e-09,
      -0.03118428153466233
    ],
    [
      -0.003854195045632949,
      0.031029449343757145,
      1.0
    ]
  ],
  "E": [
    [
      -0.0010185314884800156,
      -0.14772436361340724,
      0.00993318711774965
    ],
    [
      0.17200856430559636,
      0.0047882337159098065,
      -0.6857596461236598
    ],
    [
      -0.00819466131438804,
      0.691453379834782,
      0.005168384183288502
    ]
  ],
  "R": [
    [
      0.9993651352157384,
      -0.004514091285648145,
      0.03534047955380737
    ],
    [
      0.0042323242240122835,
      0.9999586924594506,
      0.00804368115035919
    ],
    [
      -0.0353753296365002,
      -0.00788900213275717,
      0.9993429589977898
    ]
  ],
  "t": [
    [
      -0.9778320988618695
    ],
    [
      -0.015737494830150304
    ],
    [
      -0.20879827032775483
    ]
  ]
}