{
  "image_1": "frame_174",
  "image_2": "frame_175",
  "num_matches": 1500,
  "inlier_count": 1180,
  "inlier_ratio": 0.7867,
  "reproj_rmse": 0.2873,
  "F": [
    [
      -3.279122816492428e-09,
      2.748784544873725e-07,
      -0.00043250176639979623
    ],
    [
      -1.185334489923578e-07,
      4.2969451818802756e-08,
      -0.014361338130812579
    ],
    [
      2.3138183526117434e-05,
      0.014010239132623998,
      1.0
    ]
  ],
  "E": [
    [
      -0.00029783782050812343,
      0.0015791530082811976,
      0.008540538514456424
    ],
    [
      0.021938519739718044,
      0.005811531232283288,
      -0.7066909686840862
    ],
    [
      -0.01418484358674752,
      0.7069422968705182,
      0.005353327456992952
    ]
  ],
  "R": [
    [
      0.9994113803048151,
      0.007730679837068228,
      0.03342348734768449
    ],
    [
      -0.008001437308463292,
      0.9999361888578553,
      0.007974660709183635
    ],
    [
      -0.03335970500803041,
      -0.008237402605469984,
      0.9994094632732335
    ]
  ],
  "t": [
    [
      -0.9999244739181977
    ],
    [
      -0.012066667867626918
    ],
    [
      0.0023328064617503795
    ]
  ]
}