{
  "image_1": "frame_060",
  "image_2": "frame_061",
  "num_matches": 1500,
  "inlier_count": 1089,
  "inlier_ratio": 0.726,
  "reproj_rmse": 0.4116,
  "F": [
    [
      -1.457448488278659e-09,
      -6.828333721315737e-07,
      0.0013006934576920424
    ],
    [
      6.76302092218955e-07,
      8.049630777405306e-08,
      -0.010171608212354823
    ],
    [
      -0.001315557187984222,
      0.009872143135800553,
      1.0
    ]
  ],
  "E": [
    [
      -0.0007276658906022329,
      -0.3005818646039408,
      0.03201952619633763
    ],
    [
      0.29863918956121865,
      0.014340462629351854,
      -0.6395925099160698
    ],
    [
      -0.0374247345230974,
      0.6391586863712776,
      0.01518989291626105
    ]
  ],
  "R": [
    [
      0.9999950003486221,
      -0.002610883617712917,
      -0.0017839743536404162
    ],
    [
      0.0026523541668360615,
      0.9997167022143423,
      0.023653336573378765
    ],
    [
      0.0017217128486927136,
      -0.023657950046751263,
      0.9997186289673969
    ]
  ],
  "t": [
    [
      -0.9040185430794351
    ],
    [
      -0.055324621084228955
    ],
    [
      -0.4238981718177403
    ]
  ]
}