{
  "image_1": "frame_158",
  "image_2": "frame_159",
  "num_matches": 1500,
  "inlier_count": 1313,
  "inlier_ratio": 0.8753,
  "reproj_rmse": 0.4676,
  "F": [
    [
      -1.9088081032969564e-07,
      -4.733816628962961e-05,
      0.1390358475222315
    ],
    [
      7.080954002736792e-05,
      -3.0392763004158655e-06,
      -2.5530112006595322
    ],
    [
      -0.19637054875962634,
      2.5446267192681793,
      1.0
    ]
  ],
  "E": [
    [
      0.00019978593667931477,
      -0.020656678120606828,
      -0.002078847895437954
    ],
    [
      0.04294490210729171,
      -0.002897244226793011,
      -0.7057921937614279
    ],
    [
      -0.0023199889720900346,
      0.7067946169873158,
      -0.0031060842339326734
    ]
  ],
  "R": [
    [
      0.9994816148570639,
      0.006493288667277565,
      0.03153313756985475
    ],
    [
      -0.006354755396415166,
      0.9999697213278703,
      -0.004491493216445755
    ],
    [
      -0.031561347350322455,
      0.004288779516953377,
      0.9994926151421466
    ]
  ],
  "t": [
    [
      -0.9995688471796516
    ],
    [
      0.0030726484721351334
    ],
    [
      -0.029200660597135934
    ]
  ]
}