{
  "image_1": "frame_008",
  "image_2": "frame_009",
  "num_matches": 1500,
  "inlier_count": 1156,
  "inlier_ratio": 0.7707,
  "reproj_rmse": 0.5221,
  "F": [
    [
      6.077547464263491e-08,
      -3.083270194923781e-06,
      -0.000534437579487746
    ],
    [
      3.3649323237213305e-06,
      -1.6985817971138417e-07,
      -0.029381706686759705
    ],
    [
      -0.00011033909851944208,
      0.029929243251062415,
      1.0
    ]
  ],
  "E": [
    [
      0.00455053620606107,
      -0.11000573024019653,
      -0.12524300175808517
    ],
    [
      0.1386919867530174,
      0.00435324361148504,
      -0.6820819064898135
    ],
    [
      0.12755684563036976,
      0.6865347133460512,
      0.010070544605398992
    ]
  ],
  "R": [
    [
      0.9991657580556945,
      -0.004836225819072171,
      0.04055118800746099
    ],
    [
      0.004543573300066217,
      0.999962989011066,
      0.007305925658085362
    ],
    [
      -0.04058502027419009,
      -0.007115583453342764,
      0.9991507516893845
    ]
  ],
  "t": [
    [
      -0.9717944458013521
    ],
    [
      0.1761241319051537
    ],
    [
      -0.15683062605976839
    ]
  ]
}