{
  "image_1": "frame_061",
  "image_2": "frame_062",
  "num_matches": 1500,
  "inlier_count": 1211,
  "inlier_ratio": 0.8073,
  "reproj_rmse": 0.2564,
  "F": [
    [
      -2.0895862239965344e-08,
      3.372718433596855e-07,
      0.0013335757054573638
    ],
    [
      -1.6861574306533115e-07,
      8.61171553902076e-08,
      -0.017402246567853608
    ],
    [
      -0.001650970820157678,
      0.016881478862001476,
      1.0
    ]
  ],
  "E": [
    [
      -0.0021460015400753788,
      0.04887652959699171,
      0.058610597938973316
    ],
    [
      -0.025413978594087176,
      0.006341876008022878,
      -0.7042209335762853
    ],
    [
      -0.060457735624423505,
      0.7027683323757794,
      0.004426914024136918
    ]
  ],
  "R": [
    [
      0.9994130135084112,
      0.0029526735791682995,
      0.034130780078560324
    ],
    [
      -0.0032658255232009964,
      0.999953051935772,
      0.009122955003023571
    ],
    [
      -0.0341022405963054,
      -0.009229065124380948,
      0.9993757359187995
    ]
  ],
  "t": [
    [
      -0.9941541905973951
    ],
    [
      -0.08230172554190478
    ],
    [
      0.06988469997405104
    ]
  ]
}