{
  "image_1": "frame_004",
  "image_2": "frame_005",
  "num_matches": 1500,
  "inlier_count": 1145,
  "inlier_ratio": 0.7633,
  "reproj_rmse": 0.3338,
  "F": [
    [
      -1.8701247687233192e-09,
      2.837304873095875e-06,
      -0.00756235269101063
    ],
    [
      -2.8861433719563062e-06,
      -1.509984807499023e-08,
      0.01903853024656235
    ],
    [
      0.0075756025960760165,
      -0.019053631551433442,
      1.0
    ]
  ],
  "E": [
    [
      0.0010369795196519347,
      -0.44747752195098256,
      0.05019124660394272
    ],
    [
      0.45279080737237287,
      -0.00684520959572439,
      -0.5413444535284245
    ],
    [
      -0.045063029355894825,
      0.5449929401819655,
      -0.008686761317602616
    ]
  ],
  "R": [
    [
      0.9999592419472272,
      0.0032615898924259826,
      0.008418816763638481
    ],
    [
      -0.0031328197638866226,
      0.9998785958934834,
      -0.015263646825150246
    ],
    [
      -0.008467578440917667,
      0.01523665007308158,
      0.9998480607621827
    ]
  ],
  "t": [
    [
      -0.7710300004363331
    ],
    [
      -0.06131574836331432
    ],
    [
      -0.6338399777781415
    ]
  ]
}