{
  "image_1": "frame_126",
  "image_2": "frame_127",
  "num_matches": 1500,
  "inlier_count": 1238,
  "inlier_ratio": 0.8253,
  "reproj_rmse": 0.3652,
  "F": [
    [
      -9.021389498582911e-09,
      -7.787140657146404e-07,
      0.002647424842531698
    ],
    [
      8.875199017297691e-07,
      6.651515919519609e-08,
      -0.014172775842985048
    ],
    [
      -0.0029018162104311037,
      0.013873757606125671,
      1.0
    ]
  ],
  "E": [
    [
      -0.0013125586731165216,
      -0.13117261701684454,
      0.05419261672915111
    ],
    [
      0.14999168458970957,
      0.011921038275674867,
      -0.6886058346824672
    ],
    [
      -0.05798683506934728,
      0.6925132075765483,
      0.010027669671640375
    ]
  ],
  "R": [
    [
      0.9995885363451265,
      0.001824181581378731,
      0.028625694209328395
    ],
    [
      -0.00230598186544205,
      0.9998560921126608,
      0.01680706734782623
    ],
    [
      -0.028590915603457917,
      -0.01686616218219992,
      0.9994488942002986
    ]
  ],
  "t": [
    [
      -0.9796480817382623
    ],
    [
      -0.07977954426603265
    ],
    [
      -0.1841870252304625
    ]
  ]
}