{
  "image_1": "frame_193",
  "image_2": "frame_194",
  "num_matches": 1500,
  "inlier_count": 1243,
  "inlier_ratio": 0.8287,
  "reproj_rmse": 0.3643,
  "F": [
    [
      -2.7595458935479218e-08,
      -3.990304668385875e-06,
      0.011454680882288092
    ],
    [
      5.260784914866331e-06,
      -2.4035741991946795e-07,
      -0.10781494468231932
    ],
    [
      -0.0143403637257563,
      0.1080190489670626,
      1.0
    ]
  ],
  "E": [
    [
      -0.0008477523580688158,
      -0.01913261154646904,
      0.02324642970843178
    ],
    [
      0.04801648350941569,
      0.0013391041839629244,
      -0.7050886227713281
    ],
    [
      -0.027217214619405416,
      0.706324780307377,
      0.00011873948577491327
    ]
  ],
  "R": [
    [
      0.9991449875244082,
      0.00551312123129713,
      0.0409743749084572
    ],
    [
      -0.005580046976911758,
      0.9999832774634513,
      0.0015191672684894387
    ],
    [
      -0.04096531435965196,
      -0.0017465072983609943,
      0.9991590427612973
    ]
  ],
  "t": [
    [
      -0.9990924161429334
    ],
    [
      -0.03294413907833803
    ],
    [
      -0.02700051307036249
    ]
  ]
}