{
  "image_1": "frame_213",
  "image_2": "frame_214",
  "num_matches": 1500,
  "inlier_count": 1249,
  "inlier_ratio": 0.8327,
  "reproj_rmse": 0.3865,
  "F": [
    [
      -5.881085031179847e-10,
      -3.1670323937170995e-07,
      0.0012444757226490412
    ],
    [
      3.4110581612214917e-07,
      4.7808714373445705e-08,
      -0.014022906875058345
    ],
    [
      -0.001334060838755082,
      0.013783330871969682,
      1.0
    ]
  ],
  "E": [
    [
      -0.00017403765257380564,
      0.02784246587524169,
      0.03271604174852613
    ],
    [
      -0.025580064499372602,
      0.01113422985600772,
      -0.7058188497505414
    ],
    [
      -0.03344260269438642,
      0.7056595637684997,
      0.011047188185697865
    ]
  ],
  "R": [
    [
      0.9999908826362536,
      0.0015973575041270047,
      0.003960188552405784
    ],
    [
      -0.0016598721449585865,
      0.9998732713470383,
      0.015833068882380362
    ],
    [
      -0.003934395611653485,
      -0.015839497933199,
      0.9998668065479497
    ]
  ],
  "t": [
    [
      -0.9981527211977036
    ],
    [
      -0.04563859249677398
    ],
    [
      0.04010316746259668
    ]
  ]
}