{
  "image_1": "frame_067",
  "image_2": "frame_068",
  "num_matches": 1500,
  "inlier_count": 1167,
  "inlier_ratio": 0.778,
  "reproj_rmse": 0.4074,
  "F": [
    [
      7.51231593139186e-08,
      9.397471989262923e-07,
      -0.004358917212887909
    ],
    [
      -1.333656593736109e-06,
      5.281240982018842e-08,
      0.018209527724094923
    ],
    [
      0.004614239404586429,
      -0.018284305353853652,
      0.9999999999999999
    ]
  ],
  "E": [
    [
      -0.008914951471333065,
      -0.05771874720034012,
      0.10097164926106955
    ],
    [
      0.11133519418317026,
      -0.001961924285274045,
      -0.6908988954387058
    ],
    [
      -0.08745604991129373,
      0.6992473495027888,
      -0.0075974420363500335
    ]
  ],
  "R": [
    [
      0.9968467628600667,
      -0.019340022887129008,
      0.07695774743410431
    ],
    [
      0.019375695638744556,
      0.9998122334889522,
      0.0002831684085115721
    ],
    [
      -0.07694877382987206,
      0.0012088343799576164,
      0.9970343148184625
    ]
  ],
  "t": [
    [
      -0.98629995027569
    ],
    [
      -0.1432434596305149
    ],
    [
      -0.0818151536040387
    ]
  ]
}