{
  "image_1": "frame_112",
  "image_2": "frame_113",
  "num_matches": 1500,
  "inlier_count": 1175,
  "inlier_ratio": 0.7833,
  "reproj_rmse": 0.3573,
  "F": [
    [
      3.2208557855769295e-07,
      9.97977183511076e-06,
      -0.04737432869622177
    ],
    [
      -1.2881969425687507e-05,
      1.1426224614408491e-07,
      0.27323707086059956
    ],
    [
      0.05192482562304355,
      -0.2718916262195383,
      1.0
    ]
  ],
  "E": [
    [
      -0.004222364023733634,
      -0.15778341112150857,
      0.11101279338903625
    ],
    [
      0.1821704345967832,
      -8.855716528886529e-05,
      -0.674140598281548
    ],
    [
      -0.11010904265751663,
      0.6804207288748249,
      -0.0038387013971499916
    ]
  ],
  "R": [
    [
      0.9993497032072659,
      -0.0013925319545842751,
      0.036030980479370256
    ],
    [
      0.001384682190229608,
      0.9999990118476991,
      0.00024281445000465252
    ],
    [
      -0.03603128300215458,
      -0.0001927650915802756,
      0.9993506439117543
    ]
  ],
  "t": [
    [
      -0.9620423343293012
    ],
    [
      -0.15715201980701077
    ],
    [
      -0.22310936696787528
    ]
  ]
}