{
  "image_1": "frame_064",
  "image_2": "frame_065",
  "num_matches": 1500,
  "inlier_count": 1253,
  "inlier_ratio": 0.8353,
  "reproj_rmse": 0.3823,
  "F": [
    [
      -9.906537193019964e-09,
      6.81808838331897e-07,
      -0.0002213759819753774
    ],
    [
      -8.693856164095161e-07,
      1.538293827996935e-07,
      0.026485544674540187
    ],
    [
      0.0006438005284542176,
      -0.026908198584579466,
      1.0
    ]
  ],
  "E": [
    [
      0.0007707992861277112,
      -0.0014917907215337832,
      -0.035201440697510154
    ],
    [
      0.016523834346613645,
      -0.007590468385941451,
      -0.7059947774532759
    ],
    [
      0.03384394397712121,
      0.7062622269055047,
      -0.006856763167947123
    ]
  ],
  "R": [
    [
      0.9997599968507699,
      0.0021770010710298326,
      0.02179929731174146
    ],
    [
      -0.0019419853637717421,
      0.9999398329587588,
      -0.010796256539020983
    ],
    [
      -0.02182148917456938,
      0.010751331487131763,
      0.9997040719540248
    ]
  ],
  "t": [
    [
      -0.9987572668088054
    ],
    [
      0.04981409210930022
    ],
    [
      -0.0015742375713535433
    ]
  ]
}