{
  "image_1": "frame_047",
  "image_2": "frame_048",
  "num_matches": 1500,
  "inlier_count": 1228,
  "inlier_ratio": 0.8187,
  "reproj_rmse": 0.2948,
  "F": [
    [
      -3.618375728293572e-08,
      6.411290130075617e-07,
      0.0026981217679062607
    ],
    [
      -7.543740691003766e-07,
      2.1533933023261894e-07,
      0.019923425771993394
    ],
    [
      -0.0022711715058440205,
      -0.02070412748062734,
      1.0
    ]
  ],
  "E": [
    [
      0.0027540969331550876,
      0.08278639864696428,
      -0.14275363743963554
    ],
    [
      -0.06825601725879388,
      -0.009083643285531672,
      -0.6893226757215849
    ],
    [
      0.1368460205453535,
      0.6885483229521407,
      -0.005239469081887119
    ]
  ],
  "R": [
    [
      0.9996954302050536,
      0.007360900418250521,
      0.02355555077185606
    ],
    [
      -0.007068408545051252,
      0.9998971835531429,
      -0.012476374598922039
    ],
    [
      -0.023644966224825772,
      0.012306074415709672,
      0.9996446749243961
    ]
  ],
  "t": [
    [
      -0.9723787596887101
    ],
    [
      0.2004637237411802
    ],
    [
      0.1195568616603224
    ]
  ]
}