{
  "image_1": "frame_167",
  "image_2": "frame_168",
  "num_matches": 1500,
  "inlier_count": 1268,
  "inlier_ratio": 0.8453,
  "reproj_rmse": 0.4746,
  "F": [
    [
      -1.0989059554834682e-08,
      1.8504863952074386e-06,
      -0.002163785621720201
    ],
    [
      -1.6276830777969452e-06,
      1.4652810304021868e-08,
      -0.02508377408103716
    ],
    [
      0.0017853900174060091,
      0.02458308654939649,
      1.0
    ]
  ],
  "E": [
    [
      -0.0003913813043456556,
      0.2046874671660521,
      0.030504210214645167
    ],
    [
      -0.18853193767222262,
      0.0021591287920611595,
      -0.6808478741664836
    ],
    [
      -0.02887077210871297,
      0.6761913936820604,
      0.0011301666063899725
    ]
  ],
  "R": [
    [
      0.9997124391715736,
      -0.0016536428050253557,
      0.023922885091399004
    ],
    [
      0.0015887512631054604,
      0.9999950079711044,
      0.0027312821704728336
    ],
    [
      -0.023927282232775127,
      -0.0026924892468038857,
      0.9997100758052853
    ]
  ],
  "t": [
    [
      -0.9562137635121158
    ],
    [
      -0.04236080460496951
    ],
    [
      0.2895872937530497
    ]
  ]
}