{
  "image_1": "frame_066",
  "image_2": "frame_067",
  "num_matches": 1500,
  "inlier_count": 1224,
  "inlier_ratio": 0.816,
  "reproj_rmse": 0.287,
  "F": [
    [
      2.875331503985458e-08,
      -4.927455226992977e-06,
      0.011309766991633463
    ],
    [
      4.72064502767951e-06,
      4.650182312091282e-08,
      -0.030672939347031882
    ],
    [
      -0.011113480554405258,
      0.030413459591018217,
      0.9999999999999999
    ]
  ],
  "E": [
    [
      0.002165455278652367,
      -0.3873381898597144,
      0.05816389833255627
    ],
    [
      0.3756403720753449,
      0.0037702066185393603,
      -0.5960549505260753
    ],
    [
      -0.06151108735149839,
      0.5885414737455534,
      0.003912874538248897
    ]
  ],
  "R": [
    [
      0.9998106656976906,
      0.0026957778318660586,
      -0.01927084686831715
    ],
    [
      -0.0026059899892660054,
      0.9999856397511089,
      0.004682852521867412
    ],
    [
      0.019283194064178333,
      -0.004631746263228868,
      0.9998033333377303
    ]
  ],
  "t": [
    [
      -0.832563989625297
    ],
    [
      -0.08483622295349877
    ],
    [
      -0.5473938421778171
    ]
  ]
}