{
  "image_1": "frame_085",
  "image_2": "frame_086",
  "num_matches": 1500,
  "inlier_count": 1239,
  "inlier_ratio": 0.826,
  "reproj_rmse": 0.5112,
  "F": [
    [
      -8.504671359387214e-08,
      6.22834049345881e-06,
      -0.002779187541292387
    ],
    [
      -4.910323603085374e-06,
      -4.5130181679176097e-07,
      -0.14634825690500428
    ],
    [
      0.00022542001862121738,
      0.14591115553494202,
      1.0
    ]
  ],
  "E": [
    [
      -0.001975892664620528,
      0.0738372776417313,
      0.06423486610387777
    ],
    [
      -0.05366384927257305,
      -0.0011561834806988313,
      -0.7021218008699741
    ],
    [
      -0.0656082560812165,
      0.7001778452897733,
      -0.0028995204290504745
    ]
  ],
  "R": [
    [
      0.9995884542304775,
      0.001844764743578295,
      0.028627242482745216
    ],
    [
      -0.001802304504411989,
      0.9999972373911195,
      -0.001508942875770458
    ],
    [
      -0.028629947041487996,
      0.0014567268686381737,
      0.9995890175863438
    ]
  ],
  "t": [
    [
      -0.9903716820015128
    ],
    [
      -0.0910365999377658
    ],
    [
      0.10428935209917453
    ]
  ]
}