{
  "image_1": "frame_159",
  "image_2": "frame_160",
  "num_matches": 1500,
  "inlier_count": 1094,
  "inlier_ratio": 0.7293,
  "reproj_rmse": 0.5369,
  "F": [
    [
      1.2063588880957731e-08,
      -5.3939698579940697e-08,
      -0.0007064188663957557
    ],
    [
      1.729627887917594e-07,
      4.378417355611589e-08,
      -0.007990977636637172
    ],
    [
      0.00041013218974666734,
      0.007730391104044905,
      0.9999999999999999
    ]
  ],
  "E": [
    [
      0.003129532377907027,
      -0.08693148379072384,
      -0.05397578548245817
    ],
    [
      0.12313632548153507,
      0.014013096290240437,
      -0.694189544650765
    ],
    [
      0.04840724706185032,
      0.699757083999999,
      0.01607650879796979
    ]
  ],
  "R": [
    [
      0.9987122558651702,
      0.004582290925968208,
      0.05052556377292851
    ],
    [
      -0.00555843614269641,
      0.9998002834956123,
      0.019196273329501527
    ],
    [
      -0.050427510074859225,
      -0.01945239656091511,
      0.998538266916039
    ]
  ],
  "t": [
    [
      -0.9894642365791604
    ],
    [
      0.07405342094500683
    ],
    [
      -0.12440504562581389
    ]
  ]
}