{
  "image_1": "frame_190",
  "image_2": "frame_191",
  "num_matches": 1500,
  "inlier_count": 1176,
  "inlier_ratio": 0.784,
  "reproj_rmse": 0.4781,
  "F": [
    [
      -2.7479001930434386e-08,
      -1.5831818577426648e-06,
      0.006415346377371769
    ],
    [
      1.9067645653711124e-06,
      7.765025606545006e-08,
      -0.0329976650202703
    ],
    [
      -0.007190411215390302,
      0.032583792334501295,
      1.0
    ]
  ],
  "E": [
    [
      -0.0014043486850591066,
      -0.09042862311676599,
      0.05276150975596498
    ],
    [
      0.11630542081722166,
      0.005634879950530758,
      -0.695403948052745
    ],
    [
      -0.05810298554509068,
      0.6989330442638274,
      0.0028642573593724062
    ]
  ],
  "R": [
    [
      0.999268510449377,
      0.006472207381315251,
      0.03769024483730696
    ],
    [
      -0.006739738910928453,
      0.9999529584897969,
      0.006975437399540678
    ],
    [
      -0.03764332535384457,
      -0.007224357349664172,
      0.9992651243374746
    ]
  ],
  "t": [
    [
      -0.9889761524063639
    ],
    [
      -0.07555986036418429
    ],
    [
      -0.1273455043307355
    ]
  ]
}