{
  "image_1": "frame_044",
  "image_2": "frame_045",
  "num_matches": 1500,
  "inlier_count": 1256,
  "inlier_ratio": 0.8373,
  "reproj_rmse": 0.2915,
  "F": [
    [
      2.621890993595409e-08,
      9.191966319525266e-06,
      -0.024996547559700398
    ],
    [
      -9.318469070597278e-06,
      -2.996778469384149e-08,
      0.062213766484014374
    ],
    [
      0.025051068478938315,
      -0.06222596272254661,
      1.0
    ]
  ],
  "E": [
    [
      -0.0008963969497253607,
      -0.36281930615911495,
      0.08249264164457079
    ],
    [
      0.36873927567632464,
      -0.0018816975180468267,
      -0.5978267222987025
    ],
    [
      -0.08122022452293236,
      0.6013186927560974,
      -0.002536215588240049
    ]
  ],
  "R": [
    [
      0.9999550808320398,
      -0.0003167179413621768,
      0.009472909159024656
    ],
    [
      0.0003445354054524008,
      0.99999563340715,
      -0.002935040372303452
    ],
    [
      -0.009471938214742848,
      0.0029381722853304565,
      0.9999508235558774
    ]
  ],
  "t": [
    [
      -0.8503602902596377
    ],
    [
      -0.11516089521829903
    ],
    [
      -0.5134445880151672
    ]
  ]
}