{
  "image_1": "frame_100",
  "image_2": "frame_101",
  "num_matches": 1500,
  "inlier_count": 1132,
  "inlier_ratio": 0.7547,
  "reproj_rmse": 0.2332,
  "F": [
    [
      2.8675063587579358e-08,
      1.9519383647212517e-06,
      -0.007201229813228328
    ],
    [
      -2.16455653294572e-06,
      6.632917742106204e-08,
      0.024317822708429644
    ],
    [
      0.007534751410201931,
      -0.024544890254526608,
      1.0
    ]
  ],
  "E": [
    [
      -0.0027072046189494468,
      -0.14628080043611424,
      0.0940810543586406
    ],
    [
      0.1678657463969164,
      -0.0039457060149874,
      -0.680523800365522
    ],
    [
      -0.09394604363350968,
      0.6852451966649095,
      -0.007028138991520602
    ]
  ],
  "R": [
    [
      0.9995258752775913,
      0.0012872687150569107,
      0.03076308810604067
    ],
    [
      -0.0011010487855019901,
      0.9999809740702716,
      -0.006069529556920375
    ],
    [
      -0.03077031592520088,
      0.006032780182106394,
      0.9995082757141824
    ]
  ],
  "t": [
    [
      -0.9692712248671075
    ],
    [
      -0.13185506988126658
    ],
    [
      -0.20767169569111577
    ]
  ]
}