{
  "image_1": "frame_169",
  "image_2": "frame_170",
  "num_matches": 1500,
  "inlier_count": 1170,
  "inlier_ratio": 0.78,
  "reproj_rmse": 0.3472,
  "F": [
    [
      -2.7121591488037086e-08,
      2.3838391465005256e-06,
      -0.001992438805555631
    ],
    [
      -3.0055867870168798e-06,
      1.5097302416131546e-07,
      0.05374212905461377
    ],
    [
      0.0030770767359859096,
      -0.054028678777076,
      1.0
    ]
  ],
  "E": [
    [
      -0.0011954637917284416,
      0.11655039074356653,
      0.035339702570843026
    ],
    [
      -0.14356993649903743,
      0.005453667299132734,
      0.691407775780273
    ],
    [
      -0.037582063106487706,
      -0.696456868612238,
      0.003784156282894027
    ]
  ],
  "R": [
    [
      0.9992251873999217,
      -0.0016738831452121211,
      0.03932204192062716
    ],
    [
      0.0019694323260340124,
      0.9999700955921518,
      -0.007478586613548509
    ],
    [
      -0.03930834773816588,
      0.007550234210893856,
      0.9991986027619612
    ]
  ],
  "t": [
    [
      -0.9850539911152576
    ],
    [
      0.051248774370285854
    ],
    [
      -0.16444512067387557
    ]
  ]
}