{
  "image_1": "frame_205",
  "image_2": "frame_206",
  "num_matches": 1500,
  "inlier_count": 1139,
  "inlier_ratio": 0.7593,
  "reproj_rmse": 0.5951,
  "F": [
    [
      1.4094599177089005e-07,
      -1.271148279501912e-05,
      0.025574484173969465
    ],
    [
      1.2713715784971327e-05,
      2.375494248569877e-07,
      0.026158336032892512
    ],
    [
      -0.025314850510574232,
      -0.027166409456058062,
      1.0
    ]
  ],
  "E": [
    [
      0.005421153069912132,
      -0.5092332098644529,
      0.000554711533359797
    ],
    [
      0.5102551048561101,
      0.006912446502125928,
      0.4894803154680481
    ],
    [
      0.0062072927748294555,
      -0.49052226148711275,
      0.0014794216995111442
    ]
  ],
  "R": [
    [
      0.9999411187677134,
      0.010642782766957378,
      -0.0021190027250144183
    ],
    [
      -0.010649157191565338,
      0.9999387356140733,
      -0.0030200115293555793
    ],
    [
      0.0020867315789529495,
      0.0030423993004633047,
      0.9999931946557505
    ]
  ],
  "t": [
    [
      -0.6937605370236501
    ],
    [
      -0.0013905544932739948
    ],
    [
      0.72020440405961
    ]
  ]
}