{
  "image_1": "frame_093",
  "image_2": "frame_094",
  "num_matches": 1500,
  "inlier_count": 1338,
  "inlier_ratio": 0.892,
  "reproj_rmse": 0.5581,
  "F": [
    [
      2.5339566345648197e-08,
      -1.0761885196605493e-06,
      -0.00017457359773930664
    ],
    [
      1.7294752416877848e-06,
      -3.076386139719684e-08,
      -0.05817727889787541
    ],
    [
      -0.0011122005573498844,
      0.05780950105812496,
      1.0
    ]
  ],
  "E": [
    [
      0.0017823767990209996,
      0.01699607774050824,
      -0.053297743269840304
    ],
    [
      0.006438046647642735,
      -0.00027650942353972286,
      -0.705064098100433
    ],
    [
      0.05365579746758274,
      0.7048611236847954,
      0.0015004733843262596
    ]
  ],
  "R": [
    [
      0.9994465192704484,
      -0.0005041429281657517,
      0.03326260600273242
    ],
    [
      0.000517316828012121,
      0.9999997911319033,
      -0.0003874525119678989
    ],
    [
      -0.033262403723790294,
      0.00040444537029759794,
      0.9994465713195768
    ]
  ],
  "t": [
    [
      -0.996862384721911
    ],
    [
      0.07540679900191206
    ],
    [
      0.024066586605285437
    ]
  ]
}