{
  "image_1": "frame_011",
  "image_2": "frame_012",
  "num_matches": 1500,
  "inlier_count": 1255,
  "inlier_ratio": 0.8367,
  "reproj_rmse": 0.2026,
  "F": [
    [
      -9.805084073317074e-10,
      -2.34176512302404e-06,
      0.001795511103687108
    ],
    [
      2.5499300753037937e-06,
      6.539809172111844e-08,
      -0.03458371686074634
    ],
    [
      -0.0019996043432085465,
      0.034268928722018935,
      0.9999999999999999
    ]
  ],
  "E": [
    [
      0.00024410795486991643,
      -0.15898669418775133,
      -0.07078505968919341
    ],
    [
      0.17427143530516584,
      0.0030430542049293035,
      -0.6817278352975484
    ],
    [
      0.07520868621797744,
      0.6847540238530274,
      0.0059659349736065365
    ]
  ],
  "R": [
    [
      0.9997326054232271,
      -0.008106958568043957,
      0.021656289535892798
    ],
    [
      0.00796788708462487,
      0.9999471277274482,
      0.006500348070135636
    ],
    [
      -0.02170784257113198,
      -0.006326055042620408,
      0.9997443426189042
    ]
  ],
  "t": [
    [
      -0.969239543976805
    ],
    [
      0.09866473529519096
    ],
    [
      -0.22547721925011682
    ]
  ]
}