{
  "image_1": "frame_210",
  "image_2": "frame_211",
  "num_matches": 1500,
  "inlier_count": 1309,
  "inlier_ratio": 0.8727,
  "reproj_rmse": 0.4255,
  "F": [
    [
      4.2926304935865135e-09,
      1.416933961170608e-06,
      -0.002092305767074483
    ],
    [
      -1.1599805897750624e-06,
      3.8971500441641535e-08,
      -0.01644667780658538
    ],
    [
      0.0017708635472838553,
      0.015806870133457367,
      1.0
    ]
  ],
  "E": [
    [
      -0.0003271075369536859,
      0.1501785988548444,
      0.03358052154733053
    ],
    [
      -0.1165930082291862,
      0.0034689661529034434,
      -0.6966343272556297
    ],
    [
      -0.027169657530750683,
      0.6904160862560008,
      0.0008475628988135537
    ]
  ],
  "R": [
    [
      0.9987840590080779,
      -0.008675954374985223,
      0.04852969489942632
    ],
    [
      0.008513436466991646,
      0.9999574424333504,
      0.003554535366991662
    ],
    [
      -0.048558468580369385,
      -0.0031370587874430724,
      0.9988154153752801
    ]
  ],
  "t": [
    [
      -0.9760313827119128
    ],
    [
      -0.0467899731779255
    ],
    [
      0.21254043937914613
    ]
  ]
}