{
  "image_1": "frame_017",
  "image_2": "frame_018",
  "num_matches": 1500,
  "inlier_count": 1122,
  "inlier_ratio": 0.748,
  "reproj_rmse": 0.5915,
  "F": [
    [
      5.989336923740897e-08,
      -6.775403034473668e-06,
      0.0049218861822186676
    ],
    [
      7.522555109249246e-06,
      -1.99690640128098e-08,
      -0.09483386722620522
    ],
    [
      -0.006364460989739879,
      0.09458041866973402,
      0.9999999999999999
    ]
  ],
  "E": [
    [
      -0.0007426913397471447,
      0.22961975879568353,
      0.044710346394198096
    ],
    [
      -0.2460117109343679,
      0.0007104678680297105,
      0.6614133028443303
    ],
    [
      -0.045881982368834895,
      -0.6672178075089973,
      -0.0007854179760920011
    ]
  ],
  "R": [
    [
      0.9996935200296013,
      -0.0015772581204712074,
      0.024705834688318884
    ],
    [
      0.0015896741693385494,
      0.9999986198596241,
      -0.00048292326743988936
    ],
    [
      -0.024705038896153664,
      0.0005220494883673189,
      0.9996946476387033
    ]
  ],
  "t": [
    [
      -0.9436897783941031
    ],
    [
      0.06340616978090388
    ],
    [
      -0.3246987215684775
    ]
  ]
}