{
  "image_1": "frame_071",
  "image_2": "frame_072",
  "num_matches": 1500,
  "inlier_count": 1187,
  "inlier_ratio": 0.7913,
  "reproj_rmse": 0.4606,
  "F": [
    [
      1.9791272080948726e-10,
      1.457336995749983e-07,
      -5.82225571210482e-05
    ],
    [
      -1.3987973909420085e-07,
      5.5374284484490684e-08,
      0.006822423738024168
    ],
    [
      2.75353093172579e-05,
      -0.007044851885286203,
      1.0
    ]
  ],
  "E": [
    [
      0.00012849240558017726,
      -0.059944457299931295,
      -0.03319217780738319
    ],
    [
      0.060727298063045144,
      -0.024684187109526752,
      -0.7031773557021593
    ],
    [
      0.0349303873152107,
      0.7033655414260833,
      -0.02462114217387466
    ]
  ],
  "R": [
    [
      0.9999958974552451,
      0.0005916242597014815,
      0.0028026868206398325
    ],
    [
      -0.000492817661797075,
      0.9993828165191116,
      -0.035124680455197295
    ],
    [
      -0.002821737661703738,
      0.035123155141058016,
      0.9993790080692639
    ]
  ],
  "t": [
    [
      -0.9952938509416273
    ],
    [
      0.04988973054300203
    ],
    [
      -0.08307325119515024
    ]
  ]
}