{
  "image_1": "frame_074",
  "image_2": "frame_075",
  "num_matches": 1500,
  "inlier_count": 1340,
  "inlier_ratio": 0.8933,
  "reproj_rmse": 0.391,
  "F": [
    [
      1.9496081858331133e-08,
      4.5164227997952126e-08,
      -0.000738457463556666
    ],
    [
      1.6743735559207937e-07,
      2.138384972255859e-08,
      -0.007158654519416261
    ],
    [
      0.0003321929709594019,
      0.006865590605534141,
      1.0
    ]
  ],
  "E": [
    [
      -0.006956226924364074,
      -0.027154077666300746,
      0.06659671307182626
    ],
    [
      -0.04509659214301583,
      -0.010366104942865098,
      0.7023699280609067
    ],
    [
      -0.07088767765084783,
      -0.7028409706866161,
      -0.01743494375612613
    ]
  ],
  "R": [
    [
      0.9948565311253207,
      -0.007028679069958063,
      0.10104988940036283
    ],
    [
      0.005529157299301257,
      0.9998705218241466,
      0.015111849875798465
    ],
    [
      -0.10114302198794342,
      -0.014475401812751726,
      0.9947665815886187
    ]
  ],
  "t": [
    [
      -0.994765444495433
    ],
    [
      0.09523996431250462
    ],
    [
      0.037027822452267094
    ]
  ]
}