{
  "image_1": "frame_125",
  "image_2": "frame_126",
  "num_matches": 1500,
  "inlier_count": 1209,
  "inlier_ratio": 0.806,
  "reproj_rmse": 0.6748,
  "F": [
    [
      4.853893523340663e-09,
      1.792323508873977e-07,
      -0.000804896415100452
    ],
    [
      -3.1702187522635864e-08,
      4.990029177595813e-08,
      -0.010860860882752892
    ],
    [
      0.0004352742801812884,
      0.010531240752190656,
      1.0
    ]
  ],
  "E": [
    [
      0.0008140745899026109,
      -0.05008172381749039,
      -0.010381429833859479
    ],
    [
      0.08256143240043336,
      0.008776074717348764,
      -0.7021469915703369
    ],
    [
      0.0046931731717148135,
      0.7052534723462999,
      0.008665484808824378
    ]
  ],
  "R": [
    [
      0.9989171630321959,
      0.006693667406883812,
      0.04604015873512868
    ],
    [
      -0.007237093846710363,
      0.9999059841865439,
      0.01164677039325955
    ],
    [
      -0.04595787062477778,
      -0.011967355789205577,
      0.99887169172174
    ]
  ],
  "t": [
    [
      -0.9973799518103775
    ],
    [
      0.013870300736475032
    ],
    [
      -0.07099891889464813
    ]
  ]
}