{
  "image_1": "frame_138",
  "image_2": "frame_139",
  "num_matches": 1500,
  "inlier_count": 1244,
  "inlier_ratio": 0.8293,
  "reproj_rmse": 0.308,
  "F": [
    [
      -2.354404337075991e-08,
      2.4089638850026414e-05,
      -0.04522046437065604
    ],
    [
      -2.3975082978038815e-05,
      -4.490306357600794e-08,
      -0.024416577422326658
    ],
    [
      0.044850721109960044,
      0.023896603405026473,
      1.0
    ]
  ],
  "E": [
    [
      0.0010405345116870337,
      -0.5780985068585666,
      -0.005643761961864978
    ],
    [
      0.5747925653038057,
      0.0018589777638304144,
      0.41177996208881745
    ],
    [
      0.007572172458488877,
      -0.407134256153413,
      0.0009247554734113343
    ]
  ],
  "R": [
    [
      0.9999662163029976,
      0.001721397020409702,
      0.008037601941162598
    ],
    [
      -0.0017042837743205972,
      0.9999962674950069,
      -0.002135512320518519
    ],
    [
      -0.008041248005318857,
      0.002121741820444576,
      0.9999654176731136
    ]
  ],
  "t": [
    [
      -0.575793681114843
    ],
    [
      -0.00972768179525308
    ],
    [
      0.8175371606203041
    ]
  ]
}