{
  "image_1": "frame_189",
  "image_2": "frame_190",
  "num_matches": 1500,
  "inlier_count": 1119,
  "inlier_ratio": 0.746,
  "reproj_rmse": 0.3043,
  "F": [
    [
      -4.794781751249591e-08,
      -4.936048194979235e-06,
      0.011582529964446489
    ],
    [
      4.888851607326506e-06,
      5.838886100335976e-08,
      0.02265582803620797
    ],
    [
      -0.011448249748975205,
      -0.02273602918035357,
      1.0
    ]
  ],
  "E": [
    [
      0.003632634603822002,
      0.34705080397427723,
      -0.06422280587258003
    ],
    [
      -0.34372461860130193,
      -0.004351438267503203,
      -0.6150114804471333
    ],
    [
      0.06565209768324361,
      0.6120886704390521,
      -0.007111026160709675
    ]
  ],
  "R": [
    [
      0.9999345883169233,
      -0.009211934316767423,
      0.006779332829236151
    ],
    [
      0.009294628136328392,
      0.9998815309647106,
      -0.012269226686055165
    ],
    [
      -0.0066655063778660595,
      0.012331435512947436,
      0.9999017485347828
    ]
  ],
  "t": [
    [
      -0.8665079049062733
    ],
    [
      0.08479776495324877
    ],
    [
      0.4919079078383214
    ]
  ]
}