{
  "image_1": "frame_013",
  "image_2": "frame_014",
  "num_matches": 1500,
  "inlier_count": 1177,
  "inlier_ratio": 0.7847,
  "reproj_rmse": 0.3018,
  "F": [
    [
      7.994232641413509e-08,
      4.770039676857363e-06,
      -0.016445345423222995
    ],
    [
      -5.141645450829369e-06,
      -6.591023080333687e-08,
      0.04240542574904555
    ],
    [
      0.01696991166055735,
      -0.04236649367116071,
      1.0
    ]
  ],
  "E": [
    [
      -0.0038086437911726573,
      -0.24515621924155126,
      0.10358755938780574
    ],
    [
      0.2679442963971525,
      0.00031423168264427747,
      -0.6460832275952488
    ],
    [
      -0.10334426557019026,
      0.6551685195345216,
      -0.0031515125304381036
    ]
  ],
  "R": [
    [
      0.9993824300941985,
      -0.0006811944218320654,
      0.035132526142801046
    ],
    [
      0.0006549683600282352,
      0.9999994982314068,
      0.0007579929960642925
    ],
    [
      -0.03513302485500347,
      -0.0007345141893696297,
      0.9993823747962756
    ]
  ],
  "t": [
    [
      -0.9264486385544984
    ],
    [
      -0.14684834562719337
    ],
    [
      -0.3465955618686898
    ]
  ]
}