{
  "image_1": "frame_157",
  "image_2": "frame_158",
  "num_matches": 1500,
  "inlier_count": 1248,
  "inlier_ratio": 0.832,
  "reproj_rmse": 0.5336,
  "F": [
    [
      -2.6564063374114833e-07,
      6.107165348620171e-05,
      -0.12005967430178995
    ],
    [
      -5.663367762736834e-05,
      -2.602859716277394e-06,
      -0.6257700391579687
    ],
    [
      0.10760943330347313,
      0.6245346760495645,
      1.0
    ]
  ],
  "E": [
    [
      -0.0011853146441813988,
      0.22082819740036128,
      0.006737876450065279
    ],
    [
      -0.20250026371986427,
      -0.00560506790554717,
      -0.6774169019856962
    ],
    [
      -0.011201220722778857,
      0.671645083422182,
      -0.004907663745185951
    ]
  ],
  "R": [
    [
      0.9996235602502741,
      0.004539982290977126,
      0.027057833493550565
    ],
    [
      -0.00435280091198334,
      0.9999662166119406,
      -0.006972715326297894
    ],
    [
      -0.02708857539236259,
      0.0068523131567788265,
      0.9996095512186813
    ]
  ],
  "t": [
    [
      -0.9499348433266837
    ],
    [
      -0.011710449287529668
    ],
    [
      0.31222853619006913
    ]
  ]
}