{
  "image_1": "frame_199",
  "image_2": "frame_200",
  "num_matches": 1500,
  "inlier_count": 1178,
  "inlier_ratio": 0.7853,
  "reproj_rmse": 0.3063,
  "F": [
    [
      -6.120086419516921e-09,
      2.1813814386429067e-06,
      -0.004423689157119213
    ],
    [
      -1.7448517235503358e-06,
      -5.678557192897458e-08,
      -0.03548648701092238
    ],
    [
      0.0034302196353485875,
      0.035004586304154976,
      1.0
    ]
  ],
  "E": [
    [
      -0.00045351560425923286,
      0.13634556341281404,
      0.0016695876384017698
    ],
    [
      -0.1118349618891828,
      -0.0022633600997546857,
      -0.6982002640772327
    ],
    [
      -0.003990902970453546,
      0.6938235612370741,
      -0.0020105837280203287
    ]
  ],
  "R": [
    [
      0.9993764694157875,
      0.002893243056878071,
      0.0351895087014448
    ],
    [
      -0.002796654484621517,
      0.9999921868850961,
      -0.0027937237616706637
    ],
    [
      -0.03519731668364626,
      0.0026935688921398415,
      0.9993767525737699
    ]
  ],
  "t": [
    [
      -0.9812307517993478
    ],
    [
      -0.0029016349826181628
    ],
    [
      0.19281543568323117
    ]
  ]
}