{
  "image_1": "frame_062",
  "image_2": "frame_063",
  "num_matches": 1500,
  "inlier_count": 1241,
  "inlier_ratio": 0.8273,
  "reproj_rmse": 0.4529,
  "F": [
    [
      1.3969811401128016e-08,
      1.3487452442345078e-06,
      -0.0053095810163582636
    ],
    [
      -1.64663701802602e-06,
      2.077888783699958e-07,
      0.028611565721880304
    ],
    [
      0.006084665129585658,
      -0.02921429755877729,
      1.0
    ]
  ],
  "E": [
    [
      -0.0018988802133225967,
      0.001472023197371085,
      0.059495102572672626
    ],
    [
      0.021256534005784696,
      -0.004501727689540027,
      -0.704261065412547
    ],
    [
      -0.06632044605847154,
      0.7039580422064734,
      -0.00659388904955924
    ]
  ],
  "R": [
    [
      0.9994499835171099,
      0.00988570931099804,
      0.03165443411384325
    ],
    [
      -0.009678776410415438,
      0.9999308215323959,
      -0.006683819023934869
    ],
    [
      -0.031718318600555725,
      0.00637376662311704,
      0.9994765246688827
    ]
  ],
  "t": [
    [
      -0.9964482527171284
    ],
    [
      -0.0841931820738134
    ],
    [
      0.0015452343729988585
    ]
  ]
}