{
  "image_1": "frame_058",
  "image_2": "frame_059",
  "num_matches": 1500,
  "inlier_count": 1143,
  "inlier_ratio": 0.762,
  "reproj_rmse": 0.5926,
  "F": [
    [
      -2.39499599129462e-08,
      7.124421258261021e-07,
      -0.0005208746923080816
    ],
    [
      -3.2333008921276195e-07,
      2.115536004780067e-08,
      -0.009962684137621467
    ],
    [
      -5.905340611728226e-05,
      0.009236854265618957,
      1.0
    ]
  ],
  "E": [
    [
      -0.007137374985164149,
      0.14097130822086995,
      0.0716217129901783
    ],
    [
      -0.05743689303124524,
      0.003819576054833059,
      -0.7011246625584103
    ],
    [
      -0.06390699282970913,
      0.6898867861278427,
      -0.0054054295725346774
    ]
  ],
  "R": [
    [
      0.9927116312536294,
      -0.010724298733623766,
      0.12003585543674088
    ],
    [
      0.010245149586196323,
      0.9999368989549549,
      0.004608146949119405
    ],
    [
      -0.12007770019331064,
      -0.0033447757802610723,
      0.9927588621570019
    ]
  ],
  "t": [
    [
      -0.974624520895273
    ],
    [
      -0.10110016528209698
    ],
    [
      0.19971429555640807
    ]
  ]
}