{
  "image_1": "frame_203",
  "image_2": "frame_204",
  "num_matches": 1500,
  "inlier_count": 1218,
  "inlier_ratio": 0.812,
  "reproj_rmse": 0.2685,
  "F": [
    [
      -2.075690204266148e-08,
      1.1900491455835122e-06,
      0.0005165667093862502
    ],
    [
      -7.709528133651566e-07,
      2.5216746346508693e-08,
      -0.047436059429588576
    ],
    [
      -0.0011294884858450889,
      0.04678132629594157,
      0.9999999999999999
    ]
  ],
  "E": [
    [
      0.001300139908782887,
      -0.050145566608482496,
      -0.04782091530485171
    ],
    [
      0.029225710337356044,
      -0.0013995930622324858,
      0.7048858518931167
    ],
    [
      0.04599379779596654,
      -0.7038190730333682,
      9.818016324972559e-05
    ]
  ],
  "R": [
    [
      0.9995522704065045,
      -0.00251695845111799,
      0.029814822577993297
    ],
    [
      0.002461893111195837,
      0.9999951957882158,
      0.0018834762533196264
    ],
    [
      -0.029819419972744586,
      -0.0018092320589461167,
      0.9995536648283803
    ]
  ],
  "t": [
    [
      -0.9951853011827877
    ],
    [
      -0.06752532555200692
    ],
    [
      0.0710390506610231
    ]
  ]
}