{
  "image_1": "frame_140",
  "image_2": "frame_141",
  "num_matches": 1500,
  "inlier_count": 1146,
  "inlier_ratio": 0.764,
  "reproj_rmse": 0.4296,
  "F": [
    [
      1.6335807222125943e-08,
      -1.4716794721455466e-06,
      -0.00011675078893114611
    ],
    [
      1.6165651967922366e-06,
      -7.87666534437066e-09,
      -0.0430929936802011
    ],
    [
      -0.0003863859957343742,
      0.04294242485016811,
      1.0
    ]
  ],
  "E": [
    [
      0.0005208162039903308,
      -0.0872506064497694,
      -0.018011019542538444
    ],
    [
      0.09153837570783278,
      0.0024686714032243146,
      -0.7009274477445985
    ],
    [
      0.014434571449265994,
      0.7015447626503023,
      0.0021441028875628797
    ]
  ],
  "R": [
    [
      0.9999705389653871,
      0.00471933087898584,
      0.0060538514457906395
    ],
    [
      -0.004736973879350813,
      0.999984565779215,
      0.002903322548568138
    ],
    [
      -0.006040056269556157,
      -0.0029319139498502284,
      0.999977460546412
    ]
  ],
  "t": [
    [
      -0.9920309104014329
    ],
    [
      0.025113531047592952
    ],
    [
      -0.12346652731175915
    ]
  ]
}