{
  "image_1": "frame_187",
  "image_2": "frame_188",
  "num_matches": 1500,
  "inlier_count": 1188,
  "inlier_ratio": 0.792,
  "reproj_rmse": 0.5441,
  "F": [
    [
      1.1380346162742536e-08,
      -4.770317536592178e-07,
      0.0003032534368462096
    ],
    [
      7.592811654326367e-07,
      1.3525287478118283e-08,
      -0.026959866222453267
    ],
    [
      -0.0011429365764329302,
      0.02668555174484054,
      1.0
    ]
  ],
  "E": [
    [
      0.0008614387367518005,
      -0.009934868634214172,
      -0.02366170324327287
    ],
    [
      0.033236051857011666,
      0.001837127247493322,
      -0.7059267308938416
    ],
    [
      0.01774959314686651,
      0.706809447952134,
      0.002340249311467652
    ]
  ],
  "R": [
    [
      0.9994239290698258,
      0.008256946577406346,
      0.03291857888563277
    ],
    [
      -0.008334189228757345,
      0.9999628280091346,
      0.002209952458945585
    ],
    [
      -0.032899107777126256,
      -0.0024830290351518995,
      0.9994555934478939
    ]
  ],
  "t": [
    [
      -0.9993404626148719
    ],
    [
      0.03344967731191034
    ],
    [
      -0.014133607763859251
    ]
  ]
}