{
  "image_1": "frame_104",
  "image_2": "frame_105",
  "num_matches": 1500,
  "inlier_count": 1196,
  "inlier_ratio": 0.7973,
  "reproj_rmse": 0.2359,
  "F": [
    [
      -6.1906685099080554e-09,
      -1.7748573033188511e-06,
      0.004613822899193074
    ],
    [
      2.1754819479520007e-06,
      -7.25480917025921e-09,
      -0.039614434364140035
    ],
    [
      -0.005530744287470194,
      0.03933705631166432,
      1.0
    ]
  ],
  "E": [
    [
      -0.000787508440813885,
      -0.07129026940183833,
      0.0317177173462015
    ],
    [
      0.09417872238969498,
      0.0027149431704334677,
      -0.7000718025712152
    ],
    [
      -0.0345327821925806,
      0.7026658159635605,
      0.0013305386256853733
    ]
  ],
  "R": [
    [
      0.9994558361784955,
      0.0035497596618384794,
      0.03279376061215333
    ],
    [
      -0.0036627256085782975,
      0.9999875619885146,
      0.003385307871213861
    ],
    [
      -0.03278133569365803,
      -0.0035035802559418424,
      0.9994564067309438
    ]
  ],
  "t": [
    [
      -0.9938924124123449
    ],
    [
      -0.04522098135413499
    ],
    [
      -0.10066248255699894
    ]
  ]
}