{
  "image_1": "frame_116",
  "image_2": "frame_117",
  "num_matches": 1500,
  "inlier_count": 1266,
  "inlier_ratio": 0.844,
  "reproj_rmse": 0.2199,
  "F": [
    [
      3.3699195549698756e-08,
      -2.9050865471335224e-06,
      0.006501019850893116
    ],
    [
      2.850272002653573e-06,
      6.34546999521728e-08,
      -0.020714291721500962
    ],
    [
      -0.006713703623377835,
      0.020437009885673325,
      1.0
    ]
  ],
  "E": [
    [
      0.003500950552927547,
      -0.318094448900097,
      0.033761972593389984
    ],
    [
      0.3126066111807993,
      0.007364601744037758,
      -0.6331946755255039
    ],
    [
      -0.04222964605498539,
      0.6301965001489637,
      0.004493828902025499
    ]
  ],
  "R": [
    [
      0.9999146236757771,
      0.010128856671911858,
      -0.008255399557218268
    ],
    [
      -0.010074026328685079,
      0.999927099872078,
      0.00665649569553645
    ],
    [
      0.008322220428371885,
      -0.006572762275908667,
      0.9999437681405918
    ]
  ],
  "t": [
    [
      -0.8918114084611979
    ],
    [
      -0.05074193873632915
    ],
    [
      -0.44955274150174357
    ]
  ]
}