{
  "image_1": "frame_091",
  "image_2": "frame_092",
  "num_matches": 1500,
  "inlier_count": 1155,
  "inlier_ratio": 0.77,
  "reproj_rmse": 0.2989,
  "F": [
    [
      -3.422921378347578e-08,
      1.1177353195418074e-06,
      0.0011621993660784397
    ],
    [
      -1.7169264199881046e-06,
      -1.4817838420400763e-07,
      0.057263278647930675
    ],
    [
      -6.10697744157262e-05,
      -0.05646600938809807,
      1.0
    ]
  ],
  "E": [
    [
      0.0029517318038470015,
      -0.13579187944988005,
      -0.08137295664680592
    ],
    [
      0.15987498698534028,
      -0.009100707818616527,
      -0.6836913749128096
    ],
    [
      0.08365009793553177,
      0.6890719528771954,
      -0.006005753761046878
    ]
  ],
  "R": [
    [
      0.9993279319450215,
      -0.00024315123767221225,
      0.03665549497636891
    ],
    [
      0.0007252847714032118,
      0.9999133984316438,
      -0.013140380469406538
    ],
    [
      -0.036649125453240505,
      0.013158134911757387,
      0.9992415649327027
    ]
  ],
  "t": [
    [
      -0.9746079157090753
    ],
    [
      0.11767131784857508
    ],
    [
      -0.190506880697238
    ]
  ]
}