{
  "image_1": "frame_200",
  "image_2": "frame_201",
  "num_matches": 1500,
  "inlier_count": 1166,
  "inlier_ratio": 0.7773,
  "reproj_rmse": 0.249,
  "F": [
    [
      8.490884194658754e-08,
      -6.829366274370854e-07,
      -0.00601252974471936
    ],
    [
      -1.0426771219992559e-07,
      1.732994355563134e-07,
      0.06613735302549403
    ],
    [
      0.007447575752156911,
      -0.06588558929220553,
      1.0
    ]
  ],
  "E": [
    [
      -0.0030789430355350348,
      0.03692606976749584,
      0.08014733711616126
    ],
    [
      -0.010055647718194066,
      -0.004156532121173442,
      -0.702434446228549
    ],
    [
      -0.08143112264159738,
      0.7014189690330078,
      -0.007158765381305154
    ]
  ],
  "R": [
    [
      0.9992918726669404,
      0.0017422323997439981,
      0.03758613904173399
    ],
    [
      -0.0015216911849421089,
      0.9999814640055634,
      -0.005895430537971077
    ],
    [
      -0.037595713555364174,
      0.005834061326010977,
      0.9992760009380327
    ]
  ],
  "t": [
    [
      -0.9921727569677555
    ],
    [
      -0.11373175406448706
    ],
    [
      0.05155878633577695
    ]
  ]
}