{
  "image_1": "frame_127",
  "image_2": "frame_128",
  "num_matches": 1500,
  "inlier_count": 1308,
  "inlier_ratio": 0.872,
  "reproj_rmse": 0.4797,
  "F": [
    [
      -4.484876152476744e-09,
      -1.2207356182707569e-06,
      0.0030913204900654204
    ],
    [
      1.35282478066139e-06,
      6.168750272324149e-08,
      -0.021413943768420474
    ],
    [
      -0.00339112867813733,
      0.021132981094135254,
      1.0
    ]
  ],
  "E": [
    [
      -0.0004365040349454608,
      -0.1304497724552885,
      0.02356341918978913
    ],
    [
      0.14642206613228217,
      0.0076592839444667715,
      -0.6912870492287698
    ],
    [
      -0.02576939566712276,
      0.6945065257209645,
      0.006941546817236665
    ]
  ],
  "R": [
    [
      0.9997248964340139,
      0.000888438616482648,
      0.023438048699181396
    ],
    [
      -0.001142699545818776,
      0.9999406245231285,
      0.010837050615544915
    ],
    [
      -0.023427028999607274,
      -0.010860851951879288,
      0.999666552509951
    ]
  ],
  "t": [
    [
      -0.9822702597622278
    ],
    [
      -0.03533070867084604
    ],
    [
      -0.18411104749976676
    ]
  ]
}