{
  "image_1": "frame_155",
  "image_2": "frame_156",
  "num_matches": 500,
  "inlier_count": 430,
  "inlier_ratio": 0.86,
  "reproj_rmse": 0.368,
  "F": [
    [
      -4.2166006673235396e-08,
      -2.657777754635978e-06,
      0.011391753780925202
    ],
    [
      3.3279864041633363e-06,
      6.621738638198886e-08,
      -0.08751217245691811
    ],
    [
      -0.012836525808331447,
      0.08670250976662633,
      1.0
    ]
  ],
  "E": [
    [
      -0.0008661939291494463,
      -0.05019779423906599,
      0.04472397392586283
    ],
    [
      0.06591489535463704,
      0.00014006302227511885,
      -0.7026052935579158
    ],
    [
      -0.04659251943970012,
      0.7037814091964609,
      -0.0010348607273865061
    ]
  ],
  "R": [
    [
      0.9997467422568623,
      0.002658798329538206,
      0.022346859695123705
    ],
    [
      -0.0026583438277035243,
      0.9999964653455458,
      -5.0045065612253775e-05
    ],
    [
      -0.02234691376643333,
      -9.373245227241311e-06,
      0.999750276497715
    ]
  ],
  "t": [
    [
      -0.9954689320294111
    ],
    [
      -0.06326149566924982
    ],
    [
      -0.07099005937392328
    ]
  ]
}