{
  "image_1": "frame_100",
  "image_2": "frame_101",
  "num_matches": 500,
  "inlier_count": 411,
  "inlier_ratio": 0.822,
  "reproj_rmse": 0.3487,
  "F": [
    [
      4.6172270651244827e-08,
      1.8805396441315938e-06,
      -0.008929016677701844
    ],
    [
      -2.331689117711417e-06,
      3.160364820076674e-08,
      0.05081573672953868
    ],
    [
      0.00970793672683832,
      -0.05060385871144596,
      1.0
    ]
  ],
  "E": [
    [
      -0.002992385447535985,
      -0.10640680227632597,
      0.08970992847995915
    ],
    [
      0.13064387103941982,
      -0.0036897625222797182,
      -0.6891776374827302
    ],
    [
      -0.08958399627240772,
      0.6931819001485852,
      -0.006861218195795733
    ]
  ],
  "R": [
    [
      0.9994097216553057,
      0.0008490867562597898,
      0.03434366480945883
    ],
    [
      -0.0006612904672042702,
      0.9999847707509535,
      -0.005479138717090198
    ],
    [
      -0.03434779404535471,
      0.0054531933620105295,
      0.9993950628887328
    ]
  ],
  "t": [
    [
      -0.9804292598558866
    ],
    [
      -0.1261169981095909
    ],
    [
      -0.15117198552067676
    ]
  ]
}