{
  "image_1": "frame_030",
  "image_2": "frame_031",
  "num_matches": 500,
  "inlier_count": 358,
  "inlier_ratio": 0.716,
  "reproj_rmse": 0.3053,
  "F": [
    [
      3.845949114841281e-09,
      2.7830664560099877e-06,
      -0.006670827349250709
    ],
    [
      -2.751282187624487e-06,
      7.998459703459924e-08,
      0.02474966347468332
    ],
    [
      0.0064962006573380405,
      -0.025116545856311543,
      1.0
    ]
  ],
  "E": [
    [
      -0.0005625100817729599,
      -0.31777387497433474,
      0.02857936526345998
    ],
    [
      0.31670057805083585,
      -0.005219974946472038,
      -0.6316516870751875
    ],
    [
      -0.02503951117996371,
      0.6310662664550991,
      -0.004549726203434323
    ]
  ],
  "R": [
    [
      0.9999960934230055,
      -0.0019502416635197445,
      -0.002002422578045393
    ],
    [
      0.001935589437384061,
      0.9999715302430042,
      -0.007293298087586088
    ],
    [
      0.0020165892633564053,
      0.007289393727764663,
      0.9999713986443939
    ]
  ],
  "t": [
    [
      -0.8924154501658313
    ],
    [
      -0.03713871131023206
    ],
    [
      -0.4496836448299315
    ]
  ]
}