{
  "image_1": "frame_070",
  "image_2": "frame_071",
  "num_matches": 500,
  "inlier_count": 395,
  "inlier_ratio": 0.79,
  "reproj_rmse": 0.406,
  "F": [
    [
      7.988179871352675e-07,
      -6.469670701467865e-05,
      0.2641044465814699
    ],
    [
      5.9424791452800824e-05,
      3.7020839751013984e-06,
      -1.0170301674348623
    ],
    [
      -0.2555505521785569,
      1.003293274025071,
      0.9999999999999999
    ]
  ],
  "E": [
    [
      0.0007369700635525663,
      -0.0053906274205225285,
      0.04910416144265752
    ],
    [
      -0.004802907391986552,
      -0.0047529873418366295,
      -0.7053695900322853
    ],
    [
      -0.0496623394753158,
      0.7053260110714334,
      -0.004016482746012094
    ]
  ],
  "R": [
    [
      0.9998883397654583,
      0.0007438114532825613,
      -0.014924970539264079
    ],
    [
      -0.0008443693219821052,
      0.9999769807241231,
      -0.006732389049596392
    ],
    [
      0.014919619349166786,
      0.006744239496710298,
      0.9998659511114913
    ]
  ],
  "t": [
    [
      -0.9975561932444227
    ],
    [
      -0.06939859724228443
    ],
    [
      -0.008091725434001065
    ]
  ]
}