{
  "image_1": "frame_182",
  "image_2": "frame_183",
  "num_matches": 500,
  "inlier_count": 356,
  "inlier_ratio": 0.712,
  "reproj_rmse": 0.5508,
  "F": [
    [
      -1.1098030341735237e-07,
      1.0455554929206936e-06,
      0.0051521049309330765
    ],
    [
      9.623509804970223e-08,
      -3.231884821772425e-08,
      -0.0692549075305353
    ],
    [
      -0.00678142555071202,
      0.06812347691522239,
      1.0
    ]
  ],
  "E": [
    [
      -0.0026601839166917204,
      0.062223473160473754,
      0.05794983683417434
    ],
    [
      -0.02645515284480104,
      0.0012006852118132912,
      -0.7042320768978477
    ],
    [
      -0.05457420098988567,
      0.7022371229063884,
      -0.0018772665947249594
    ]
  ],
  "R": [
    [
      0.9986905103556204,
      -0.004744076999807098,
      0.050938769704909424
    ],
    [
      0.004672231172354754,
      0.9999879154932672,
      0.0015294192696375221
    ],
    [
      -0.050945409817784684,
      -0.0012894188032454472,
      0.9987006070978669
    ]
  ],
  "t": [
    [
      -0.992736600735751
    ],
    [
      -0.08192515022229023
    ],
    [
      0.08810398016367421
    ]
  ]
}