{
  "image_1": "frame_014",
  "image_2": "frame_015",
  "num_matches": 500,
  "inlier_count": 388,
  "inlier_ratio": 0.776,
  "reproj_rmse": 0.3075,
  "F": [
    [
      -7.142445783263289e-08,
      5.982249439347354e-06,
      -0.005504862715197945
    ],
    [
      -6.439842672504336e-06,
      1.5928548499293246e-07,
      0.05425032638531775
    ],
    [
      0.006546813092475209,
      -0.05515413079409457,
      1.0
    ]
  ],
  "E": [
    [
      0.0037772124190056443,
      -0.2063811724074696,
      -0.0821092957126736
    ],
    [
      0.2338436012868356,
      -0.0028861089891548926,
      -0.6621092581279926
    ],
    [
      0.08212897446001002,
      0.6714354551131567,
      0.00019970996243011394
    ]
  ],
  "R": [
    [
      0.9991261964873779,
      0.001671067438183571,
      0.04176183696010555
    ],
    [
      -0.0014686316720695508,
      0.9999870260035378,
      -0.004877596294420625
    ],
    [
      -0.04176944593452481,
      0.004812001477202191,
      0.9991156880102054
    ]
  ],
  "t": [
    [
      -0.9493688512897699
    ],
    [
      0.11764498130652883
    ],
    [
      -0.2913047245997378
    ]
  ]
}