{
  "image_1": "frame_016",
  "image_2": "frame_017",
  "num_matches": 500,
  "inlier_count": 380,
  "inlier_ratio": 0.76,
  "reproj_rmse": 0.2247,
  "F": [
    [
      -1.3487431405545975e-08,
      2.4084224978625543e-06,
      -0.003401539790339098
    ],
    [
      -2.788173009985127e-06,
      1.302532789905124e-07,
      0.04107384828776839
    ],
    [
      0.004114791102144893,
      -0.04140088636346037,
      1.0
    ]
  ],
  "E": [
    [
      0.0007636348777128693,
      -0.13248816367290564,
      -0.019995401705472822
    ],
    [
      0.1545840152238721,
      -0.0052937733854372315,
      -0.6896615014236129
    ],
    [
      0.020574533472770325,
      0.6942934081229691,
      -0.004755094436398498
    ]
  ],
  "R": [
    [
      0.9994827133759974,
      0.0009090034955421926,
      0.03214777403179156
    ],
    [
      -0.0006578201478409443,
      0.9999691826258112,
      -0.007823111358041687
    ],
    [
      -0.032153894557380464,
      0.0077979171137117645,
      0.9994525099040377
    ]
  ],
  "t": [
    [
      -0.9818823628714304
    ],
    [
      0.029758079734398337
    ],
    [
      -0.18714027405274888
    ]
  ]
}