{
  "image_1": "frame_206",
  "image_2": "frame_207",
  "num_matches": 500,
  "inlier_count": 397,
  "inlier_ratio": 0.794,
  "reproj_rmse": 0.4989,
  "F": [
    [
      1.819574084262527e-07,
      -7.72652058623722e-06,
      0.02045137368326833
    ],
    [
      7.842197441885495e-06,
      1.1167322509437524e-07,
      0.03001363576448145
    ],
    [
      -0.02030737255136779,
      -0.031088395195798958,
      1.0
    ]
  ],
  "E": [
    [
      -0.00822902959996075,
      0.3251454674201939,
      -0.08296884254473277
    ],
    [
      -0.3338682133896186,
      -0.0057189207899674376,
      -0.6176426146993146
    ],
    [
      0.07028486893780779,
      0.6240238208051323,
      0.00031314742461397685
    ]
  ],
  "R": [
    [
      0.9996632762333109,
      0.021650260650297348,
      -0.014303858369595912
    ],
    [
      -0.02161768092688958,
      0.9997633613510118,
      0.0024284092465459636
    ],
    [
      0.014353049217029401,
      -0.0021183752971800154,
      0.9998947456929024
    ]
  ],
  "t": [
    [
      -0.8801464415134802
    ],
    [
      0.11846442961317326
    ],
    [
      0.4596829564031972
    ]
  ]
}