{
  "image_1": "frame_078",
  "image_2": "frame_080",
  "num_matches": 500,
  "inlier_count": 424,
  "inlier_ratio": 0.848,
  "reproj_rmse": 0.7326,
  "F": [
    [
      1.8264285829476435e-08,
      -3.5354735057642186e-07,
      -0.001872383191111427
    ],
    [
      2.2249506036921456e-07,
      7.446786880702016e-08,
      0.015121536236509326
    ],
    [
      0.0020435865513749457,
      -0.015243531540155838,
      1.0
    ]
  ],
  "E": [
    [
      -0.0027053607330814024,
      -0.14977786288396255,
      0.14352933740152113
    ],
    [
      0.16308719390887122,
      -0.012303420745034495,
      -0.6733494858545482
    ],
    [
      -0.1388842135360194,
      0.6762557027788562,
      -0.014130277002599901
    ]
  ],
  "R": [
    [
      0.9998674121345416,
      -0.0026663626710946853,
      0.016063893098529014
    ],
    [
      0.002948332410553728,
      0.9998415524725156,
      -0.01755497893324736
    ],
    [
      -0.01601453987386614,
      0.017600013052724253,
      0.9997168469387578
    ]
  ],
  "t": [
    [
      -0.9559901695292659
    ],
    [
      -0.19925693423473897
    ],
    [
      -0.21535893276755136
    ]
  ]
}