{
  "image_1": "frame_195",
  "image_2": "frame_196",
  "num_matches": 500,
  "inlier_count": 369,
  "inlier_ratio": 0.738,
  "reproj_rmse": 0.6006,
  "F": [
    [
      -1.8319960423497652e-08,
      4.266833264123408e-06,
      -0.006807928752806144
    ],
    [
      -4.084120470779162e-06,
      5.457139650116535e-09,
      -0.01730540245938677
    ],
    [
      0.0064561917021637395,
      0.016700560785143252,
      1.0
    ]
  ],
  "E": [
    [
      -0.001444527490928025,
      0.3702052715920823,
      0.048378046513360105
    ],
    [
      -0.3549838320007053,
      -0.0007671412351283371,
      -0.6095992949670321
    ],
    [
      -0.0490750704420961,
      0.6004736771901431,
      -0.0017678779031737313
    ]
  ],
  "R": [
    [
      0.9996852268855265,
      0.0006231700636301421,
      0.025081044753076542
    ],
    [
      -0.0006005673356707861,
      0.9999994067821646,
      -0.0009087101816929871
    ],
    [
      -0.02508159615553518,
      0.0008933612879358718,
      0.9996850081100044
    ]
  ],
  "t": [
    [
      -0.8492414672415799
    ],
    [
      -0.06891429587580958
    ],
    [
      0.5234880611258582
    ]
  ]
}