{
  "image_1": "frame_142",
  "image_2": "frame_143",
  "num_matches": 500,
  "inlier_count": 377,
  "inlier_ratio": 0.754,
  "reproj_rmse": 0.5108,
  "F": [
    [
      4.964282541101875e-09,
      2.3830328594409158e-07,
      -0.0009339040265741274
    ],
    [
      -8.309925387708231e-08,
      2.1808897203199945e-08,
      -0.013625277933528161
    ],
    [
      0.0006061893340026335,
      0.013329123387748271,
      1.0
    ]
  ],
  "E": [
    [
      -0.0004967817024993416,
      -0.02125623777908886,
      0.01652460785144956
    ],
    [
      0.04353831072592967,
      0.007030573785753214,
      -0.7055314991148665
    ],
    [
      -0.017916785486444466,
      0.7065357225948132,
      0.006435424006015724
    ]
  ],
  "R": [
    [
      0.9994933927470638,
      0.0013604455554428602,
      0.0317979094101216
    ],
    [
      -0.0016747877831069027,
      0.9999499758129851,
      0.009861082977645656
    ],
    [
      -0.031782903279045815,
      -0.009909342031695061,
      0.9994456723602608
    ]
  ],
  "t": [
    [
      -0.9992745997960468
    ],
    [
      -0.023676582865956426
    ],
    [
      -0.029827732502523217
    ]
  ]
}