{
  "image_1": "frame_147",
  "image_2": "frame_148",
  "num_matches": 500,
  "inlier_count": 372,
  "inlier_ratio": 0.744,
  "reproj_rmse": 0.3483,
  "F": [
    [
      4.179262187008592e-08,
      1.7322911923284944e-05,
      -0.030082044731584733
    ],
    [
      -1.674669788777731e-05,
      -3.291207187526777e-08,
      -0.04487549933929113
    ],
    [
      0.028417333297187552,
      0.04317002583670435,
      1.0
    ]
  ],
  "E": [
    [
      0.0020517812763242937,
      0.43651406906473367,
      0.025086137842200738
    ],
    [
      -0.42216641509835345,
      -0.004563186724588527,
      -0.5664022399400196
    ],
    [
      -0.027112036337393827,
      0.5558483213292914,
      -0.007919749503843979
    ]
  ],
  "R": [
    [
      0.9996685935746854,
      -0.006135617714105472,
      0.025001144287343846
    ],
    [
      0.0064588797105892964,
      0.9998963212726955,
      -0.012869715545219554
    ],
    [
      -0.024919588545848248,
      0.013026929822374942,
      0.999604578423943
    ]
  ],
  "t": [
    [
      -0.7859032299084666
    ],
    [
      -0.04343265777983276
    ],
    [
      0.6168222738014735
    ]
  ]
}