{
  "image_1": "frame_136",
  "image_2": "frame_137",
  "num_matches": 500,
  "inlier_count": 396,
  "inlier_ratio": 0.792,
  "reproj_rmse": 0.3356,
  "F": [
    [
      -3.680495481603563e-08,
      8.803027627033076e-06,
      -0.018037063317853534
    ],
    [
      -7.817982436124892e-06,
      -2.7058854162236306e-07,
      -0.09572711044767983
    ],
    [
      0.015464467060792554,
      0.09483126917515398,
      1.0
    ]
  ],
  "E": [
    [
      -0.0008544763245698352,
      0.1831622985565606,
      -0.006581185531938639
    ],
    [
      -0.16130556673341123,
      -0.006263011657449106,
      -0.6884146309204665
    ],
    [
      0.0013544121294364266,
      0.6829389957355682,
      -0.005158360843267856
    ]
  ],
  "R": [
    [
      0.9994745428712808,
      0.005808476328445444,
      0.03188886568985996
    ],
    [
      -0.005562593739393637,
      0.9999541551455438,
      -0.0077939180167490366
    ],
    [
      -0.03193267453776044,
      0.007612437842323396,
      0.9994610323003907
    ]
  ],
  "t": [
    [
      -0.9658235141625848
    ],
    [
      0.007291743334249091
    ],
    [
      0.25909799298679054
    ]
  ]
}