{
  "image_1": "frame_143",
  "image_2": "frame_144",
  "num_matches": 500,
  "inlier_count": 420,
  "inlier_ratio": 0.84,
  "reproj_rmse": 0.2459,
  "F": [
    [
      1.615507254330243e-08,
      7.102758729923274e-07,
      -0.002171832788168839
    ],
    [
      -5.777451879574846e-07,
      1.9326534950243537e-08,
      -0.00552794379464476
    ],
    [
      0.001895107467366252,
      0.005171357496622535,
      1.0
    ]
  ],
  "E": [
    [
      0.00543776971067982,
      0.2452465217485458,
      -0.08398575072250558
    ],
    [
      -0.1991149743487157,
      0.006978387388460308,
      -0.6728744495323563
    ],
    [
      0.0854353134153814,
      0.6579097579737195,
      0.01307783457087408
    ]
  ],
  "R": [
    [
      0.9976947640977725,
      0.0011147147252489331,
      0.06785215621460594
    ],
    [
      -0.00185993090446894,
      0.9999386369642613,
      0.010920758356728094
    ],
    [
      -0.067835819070168,
      -0.011021783754763634,
      0.997635615810674
    ]
  ],
  "t": [
    [
      -0.9303450627658435
    ],
    [
      0.12283732548452689
    ],
    [
      0.3454982715659037
    ]
  ]
}