{
  "image_1": "frame_207",
  "image_2": "frame_208",
  "num_matches": 500,
  "inlier_count": 357,
  "inlier_ratio": 0.714,
  "reproj_rmse": 0.3509,
  "F": [
    [
      -1.2010517626172354e-08,
      5.970259013874516e-07,
      -0.0010232523892928346
    ],
    [
      -4.3792368332395856e-07,
      1.1974216296401986e-08,
      -0.005981348606062982
    ],
    [
      0.0006659208891274448,
      0.005603859901032436,
      1.0
    ]
  ],
  "E": [
    [
      -0.004832442718622336,
      0.2477168766441616,
      0.0051995904541647965
    ],
    [
      -0.18968017037206164,
      0.005223763322399282,
      -0.6811681914332854
    ],
    [
      -0.014452939612504684,
      0.6620506386605619,
      0.0083705084507926
    ]
  ],
  "R": [
    [
      0.996090666633541,
      0.017614707615655707,
      0.0865627282446857
    ],
    [
      -0.018800463632483742,
      0.9997400057680024,
      0.012902070926721841
    ],
    [
      -0.08631295622762497,
      -0.01447905185464461,
      0.9961628534755943
    ]
  ],
  "t": [
    [
      -0.9365745680746922
    ],
    [
      -0.002842619858628725
    ],
    [
      0.35045684177662056
    ]
  ]
}