{
  "image_1": "frame_031",
  "image_2": "frame_032",
  "num_matches": 500,
  "inlier_count": 383,
  "inlier_ratio": 0.766,
  "reproj_rmse": 0.2723,
  "F": [
    [
      -2.700063506888955e-09,
      8.300392751075365e-08,
      0.0002361986018125604
    ],
    [
      5.8308318344425147e-08,
      1.3973995985505812e-07,
      -0.01914768139326329
    ],
    [
      -0.00043697208781267775,
      0.01855375936260665,
      0.9999999999999999
    ]
  ],
  "E": [
    [
      -0.0006964978135044663,
      -0.14244786883001678,
      -0.0008559669152555612
    ],
    [
      0.16592153510087804,
      0.004556809701835318,
      -0.687349412500542
    ],
    [
      0.003089889381786162,
      0.6925812953903446,
      0.005390134184938539
    ]
  ],
  "R": [
    [
      0.9994099244750818,
      -0.005090726192158718,
      0.03396891766818144
    ],
    [
      0.0048285789039372645,
      0.9999579617109924,
      0.007794846795537084
    ],
    [
      -0.03400717110374982,
      -0.007626225647980456,
      0.9993924919649367
    ]
  ],
  "t": [
    [
      -0.9794972045669373
    ],
    [
      -0.0003600285125001603
    ],
    [
      -0.2014574312975953
    ]
  ]
}