{
  "image_1": "frame_067",
  "image_2": "frame_068",
  "num_matches": 500,
  "inlier_count": 386,
  "inlier_ratio": 0.772,
  "reproj_rmse": 0.3282,
  "F": [
    [
      1.0004995174839206e-07,
      6.9711163195326e-07,
      -0.005020170337120991
    ],
    [
      -1.1349799320226772e-06,
      -1.9204292531485925e-08,
      0.01965187673583112
    ],
    [
      0.0052663684880503775,
      -0.019409368246717146,
      1.0
    ]
  ],
  "E": [
    [
      -0.010088925062770294,
      -0.06606863636923556,
      0.1105684956986387
    ],
    [
      0.12089965978273715,
      -0.001961624164344244,
      -0.6877989905425943
    ],
    [
      -0.09672013843170037,
      0.6972774545663605,
      -0.008312383363497057
    ]
  ],
  "R": [
    [
      0.9966732903751008,
      -0.019940156219948463,
      0.07902368267041404
    ],
    [
      0.01995073793265642,
      0.9998007492089546,
      0.0006556959324753343
    ],
    [
      -0.07902101181845685,
      0.0009230661609254467,
      0.9968725232646601
    ]
  ],
  "t": [
    [
      -0.9831660573052864
    ],
    [
      -0.1569197380673702
    ],
    [
      -0.09359860879119117
    ]
  ]
}