{
  "image_1": "frame_165",
  "image_2": "frame_166",
  "num_matches": 500,
  "inlier_count": 383,
  "inlier_ratio": 0.766,
  "reproj_rmse": 0.3555,
  "F": [
    [
      -1.5227068546175032e-07,
      -9.792740794218118e-06,
      0.03223236376566223
    ],
    [
      1.1094585382174994e-05,
      2.3293761126034342e-07,
      -0.2160492332856985
    ],
    [
      -0.03305557256775824,
      0.2142836466380152,
      1.0
    ]
  ],
  "E": [
    [
      -0.0012478153580717487,
      -0.10863479287989886,
      0.03454264168363777
    ],
    [
      0.11901120400735304,
      -5.7762198920787286e-05,
      -0.6961572037969684
    ],
    [
      -0.029965889325779847,
      0.698073923219424,
      0.00022676437319311824
    ]
  ],
  "R": [
    [
      0.9998658751685708,
      -0.00673832869253508,
      0.01492737752651413
    ],
    [
      0.006723156014704974,
      0.9999768307321119,
      0.0010663827471526742
    ],
    [
      -0.01493421730756797,
      -0.0009658806307455249,
      0.9998880118433351
    ]
  ],
  "t": [
    [
      -0.9869181634140586
    ],
    [
      -0.049019946671549464
    ],
    [
      -0.15358900856422014
    ]
  ]
}