{
  "image_1": "frame_066",
  "image_2": "frame_067",
  "num_matches": 500,
  "inlier_count": 402,
  "inlier_ratio": 0.804,
  "reproj_rmse": 0.29,
  "F": [
    [
      2.235121199644549e-08,
      -4.032129638769392e-06,
      0.009231857868751657
    ],
    [
      3.930701069392044e-06,
      5.121001867490912e-08,
      -0.019881931859989113
    ],
    [
      -0.009187883620996429,
      0.019502494604052352,
      1.0
    ]
  ],
  "E": [
    [
      0.0022645428137494997,
      -0.4227780988137533,
      0.05728052742184789
    ],
    [
      0.4104933579764789,
      0.003645077378357824,
      -0.5726869561965015
    ],
    [
      -0.060595192814185135,
      0.5637351126655937,
      0.003873527301639207
    ]
  ],
  "R": [
    [
      0.9997735905050614,
      0.002492048235643432,
      -0.02113190536153442
    ],
    [
      -0.002394323182681915,
      0.9999863289264354,
      0.004648567169361829
    ],
    [
      0.021143200919314487,
      -0.004596918078715623,
      0.9997658892956207
    ]
  ],
  "t": [
    [
      -0.7974615880248375
    ],
    [
      -0.08380413677720851
    ],
    [
      -0.5975214492249892
    ]
  ]
}