{
  "image_1": "frame_132",
  "image_2": "frame_133",
  "num_matches": 500,
  "inlier_count": 438,
  "inlier_ratio": 0.876,
  "reproj_rmse": 0.2283,
  "F": [
    [
      -1.6371572981851696e-08,
      -7.555794728153516e-07,
      0.003120469784389985
    ],
    [
      1.2411858543086832e-06,
      5.021426094419014e-09,
      -0.034764640189627286
    ],
    [
      -0.004354105395202851,
      0.03431224130290884,
      0.9999999999999999
    ]
  ],
  "E": [
    [
      -0.001403092680702932,
      -0.049484980227530784,
      0.04065989971764376
    ],
    [
      0.08207596676613811,
      0.0010788951036421008,
      -0.7011447898706037
    ],
    [
      -0.04760709143862715,
      0.703765119789726,
      -0.0016176933993849833
    ]
  ],
  "R": [
    [
      0.9988742155641752,
      0.009812459465449952,
      0.04641138998449082
    ],
    [
      -0.009841009694531472,
      0.9999515013197537,
      0.00038669957686600625
    ],
    [
      -0.04640534461940468,
      -0.0008429991752752749,
      0.9989223359917149
    ]
  ],
  "t": [
    [
      -0.9958875846377115
    ],
    [
      -0.05759088993003362
    ],
    [
      -0.06993717295924677
    ]
  ]
}