{
  "image_1": "frame_166",
  "image_2": "frame_167",
  "num_matches": 500,
  "inlier_count": 349,
  "inlier_ratio": 0.698,
  "reproj_rmse": 0.7133,
  "F": [
    [
      1.567414055495327e-08,
      -4.550496893779129e-06,
      0.005151333853819311
    ],
    [
      4.941978302621561e-06,
      9.370632954571642e-09,
      -0.061960282950801845
    ],
    [
      -0.005879399839532741,
      0.061861123855982074,
      1.0
    ]
  ],
  "E": [
    [
      0.0012577192800611293,
      -0.13573385852297454,
      -0.058858781197689475
    ],
    [
      0.152461257152398,
      0.0019398394085846477,
      -0.6879928511736663
    ],
    [
      0.05918047129692639,
      0.6913850849501291,
      0.0035151982427087656
    ]
  ],
  "R": [
    [
      0.9997116036002827,
      -0.001138512701072153,
      0.023987776382586423
    ],
    [
      0.001065515303820888,
      0.999994763765559,
      0.0030556699103854827
    ],
    [
      -0.02399112969596881,
      -0.003029229323344316,
      0.9997075819786593
    ]
  ],
  "t": [
    [
      -0.9778654116683221
    ],
    [
      0.08267573795999106
    ],
    [
      -0.192208113812903
    ]
  ]
}