{
  "image_1": "frame_092",
  "image_2": "frame_093",
  "num_matches": 500,
  "inlier_count": 416,
  "inlier_ratio": 0.832,
  "reproj_rmse": 0.3439,
  "F": [
    [
      -2.797725801726451e-09,
      3.634017179167321e-07,
      -0.0004221396563126737
    ],
    [
      -7.853326328735398e-07,
      2.3755208907373325e-07,
      0.039001492963021384
    ],
    [
      0.0011989947811440087,
      -0.03948516418395702,
      1.0
    ]
  ],
  "E": [
    [
      0.000418213070619669,
      0.051265717885289476,
      -0.010814674441416311
    ],
    [
      -0.02592884142217971,
      -0.00549050469330821,
      -0.7065330489260169
    ],
    [
      0.011005436116726898,
      0.7051353752146752,
      -0.00512614836133527
    ]
  ],
  "R": [
    [
      0.999351394927686,
      -0.0005567369523282566,
      0.03600665910708796
    ],
    [
      0.0008381720024483938,
      0.9999692159966214,
      -0.0078015720721174115
    ],
    [
      -0.03600120725451358,
      0.007826691706464637,
      0.9993210975322944
    ]
  ],
  "t": [
    [
      -0.9972509153510561
    ],
    [
      0.014737728184697577
    ],
    [
      0.07261825665378281
    ]
  ]
}