{
  "image_1": "frame_213",
  "image_2": "frame_214",
  "num_matches": 500,
  "inlier_count": 392,
  "inlier_ratio": 0.784,
  "reproj_rmse": 0.3334,
  "F": [
    [
      -2.662700025386766e-09,
      1.2732599420772214e-07,
      0.00030168292743109406
    ],
    [
      -7.510598645140035e-08,
      6.023877976096842e-08,
      -0.013034418137449743
    ],
    [
      -0.00043017503484746886,
      0.012745543334223328,
      1.0
    ]
  ],
  "E": [
    [
      -0.00017265746962949035,
      0.012936058736931702,
      0.026892013777720287
    ],
    [
      -0.01001011303555987,
      0.010987055993944513,
      -0.706446652941959
    ],
    [
      -0.02913777181323787,
      0.7062959632382884,
      0.010893095083321607
    ]
  ],
  "R": [
    [
      0.9999827783399245,
      0.0033950114615887914,
      0.004787162075914585
    ],
    [
      -0.0034693161226467123,
      0.9998722978897825,
      0.01559973583901772
    ],
    [
      -0.004733589463244314,
      -0.015616075364241476,
      0.9998668567969494
    ]
  ],
  "t": [
    [
      -0.9991090512739155
    ],
    [
      -0.03774145690628823
    ],
    [
      0.018886134944114858
    ]
  ]
}