{
  "image_1": "frame_149",
  "image_2": "frame_150",
  "num_matches": 500,
  "inlier_count": 416,
  "inlier_ratio": 0.832,
  "reproj_rmse": 0.5727,
  "F": [
    [
      -9.131392735978807e-10,
      -7.527153416278329e-06,
      0.020516921801458088
    ],
    [
      7.7472121527228e-06,
      -5.76071253075337e-08,
      -0.09452991696703099
    ],
    [
      -0.021161432198996057,
      0.09457181664501144,
      1.0
    ]
  ],
  "E": [
    [
      -0.0002469872379781991,
      -0.1507609379501569,
      0.05197617593872327
    ],
    [
      0.15608801467108663,
      0.0020603963727775566,
      -0.6876681502781691
    ],
    [
      -0.05316404294750327,
      0.6888292794195774,
      0.0014716005194669354
    ]
  ],
  "R": [
    [
      0.9999677811613641,
      0.0011029956011568143,
      0.007951103063232073
    ],
    [
      -0.001124820026128695,
      0.9999956111666414,
      0.002740880764272837
    ],
    [
      -0.007948044987739239,
      -0.0027497360162327227,
      0.9999646331409497
    ]
  ],
  "t": [
    [
      -0.9742377078726527
    ],
    [
      -0.07409185563646101
    ],
    [
      -0.21300536492629873
    ]
  ]
}