{
  "image_1": "frame_158",
  "image_2": "frame_159",
  "num_matches": 500,
  "inlier_count": 434,
  "inlier_ratio": 0.868,
  "reproj_rmse": 0.2617,
  "F": [
    [
      -4.9832056327905886e-08,
      -1.1411051919482736e-05,
      0.03433253787377642
    ],
    [
      1.7656333415625873e-05,
      -6.778456209399762e-07,
      -0.6821503373090254
    ],
    [
      -0.049820794184008636,
      0.6794300062241047,
      1.0
    ]
  ],
  "E": [
    [
      -0.00019985853942037165,
      -0.06781825206919431,
      0.018972313862514148
    ],
    [
      0.08909409576818761,
      -0.0027002035671715736,
      -0.7012176959058488
    ],
    [
      -0.02243053532401853,
      0.7034715303262992,
      -0.003750613741164817
    ]
  ],
  "R": [
    [
      0.9995305731466267,
      0.005486657826899936,
      0.030141830254088745
    ],
    [
      -0.005352471759351499,
      0.9999754115750039,
      -0.004530705405031804
    ],
    [
      -0.030165947544228355,
      0.004367245275039781,
      0.9995353634451692
    ]
  ],
  "t": [
    [
      -0.995028337334717
    ],
    [
      -0.026408102863807504
    ],
    [
      -0.09602718367234896
    ]
  ]
}