{
  "image_1": "frame_080",
  "image_2": "frame_081",
  "num_matches": 500,
  "inlier_count": 395,
  "inlier_ratio": 0.79,
  "reproj_rmse": 0.2683,
  "F": [
    [
      1.585440479655301e-08,
      -9.019587413582815e-07,
      0.0006759456247182173
    ],
    [
      1.0543780572035547e-06,
      3.2433772092324366e-08,
      -0.018196024080216977
    ],
    [
      -0.0011569174258745502,
      0.017989122637774784,
      1.0
    ]
  ],
  "E": [
    [
      0.0016213986746448437,
      -0.15987712446181696,
      -0.0164509062199231
    ],
    [
      0.17827483726311277,
      0.006998836127910255,
      -0.6840613712134587
    ],
    [
      0.009887298320901685,
      0.6886656926156595,
      0.006081782307619246
    ]
  ],
  "R": [
    [
      0.9996169765495545,
      0.007393478491497071,
      0.026669020786732472
    ],
    [
      -0.007615839090015179,
      0.9999370003078027,
      0.00824587232427395
    ],
    [
      -0.02660637496695853,
      -0.00844582093280338,
      0.9996103085302235
    ]
  ],
  "t": [
    [
      -0.9738234376155688
    ],
    [
      0.02140743353267031
    ],
    [
      -0.22629545762153647
    ]
  ]
}