{
  "image_1": "frame_150",
  "image_2": "frame_151",
  "num_matches": 500,
  "inlier_count": 462,
  "inlier_ratio": 0.924,
  "reproj_rmse": 0.4315,
  "F": [
    [
      3.742391698632967e-08,
      4.026597628079782e-06,
      -0.011001611974001412
    ],
    [
      -3.926869599478397e-06,
      1.0125608223848035e-07,
      -0.025362851141467694
    ],
    [
      0.010995053859194776,
      0.024797060954485882,
      1.0
    ]
  ],
  "E": [
    [
      0.0023979154729392234,
      0.24022264291728754,
      -0.08185038670392174
    ],
    [
      -0.23466345467962482,
      0.00491214272966691,
      -0.6618290279733904
    ],
    [
      0.08782233519242955,
      0.6593569813062394,
      0.0038374855221473478
    ]
  ],
  "R": [
    [
      0.9999428648949492,
      -0.007330611562477704,
      0.007780043688908556
    ],
    [
      0.007293124230478648,
      0.9999617115748991,
      0.004835878736771049
    ],
    [
      -0.007815195751871062,
      -0.004778861613189557,
      0.9999580417182722
    ]
  ],
  "t": [
    [
      -0.9333679296265979
    ],
    [
      0.11739907685339124
    ],
    [
      0.33917807225486996
    ]
  ]
}