{
  "image_1": "frame_160",
  "image_2": "frame_161",
  "num_matches": 500,
  "inlier_count": 430,
  "inlier_ratio": 0.86,
  "reproj_rmse": 0.3987,
  "F": [
    [
      -5.6231297527794684e-09,
      1.68951098893696e-06,
      -0.003586920444324919
    ],
    [
      -1.5963554460772473e-06,
      2.5195753336507234e-08,
      -0.012141792556013163
    ],
    [
      0.003401924821422395,
      0.01180362577023319,
      1.0
    ]
  ],
  "E": [
    [
      -0.0006457975917188754,
      0.30210341137992797,
      -0.01588594730332575
    ],
    [
      -0.2872733929252783,
      0.004922259223825642,
      -0.6458337353217781
    ],
    [
      0.016395526926617998,
      0.6391562499697105,
      0.006307034125767033
    ]
  ],
  "R": [
    [
      0.9997330701719027,
      0.003339247945622823,
      0.02286127353887696
    ],
    [
      -0.0035503667296986063,
      0.9999513723425475,
      0.009200426421672932
    ],
    [
      -0.0228294393436711,
      -0.009279136458400828,
      0.9996963110494307
    ]
  ],
  "t": [
    [
      -0.903859224056882
    ],
    [
      0.026402855969110933
    ],
    [
      0.42701451062459883
    ]
  ]
}