{
  "image_1": "frame_144",
  "image_2": "frame_145",
  "num_matches": 500,
  "inlier_count": 400,
  "inlier_ratio": 0.8,
  "reproj_rmse": 0.2897,
  "F": [
    [
      -6.954184277541251e-09,
      -1.6293499120566788e-06,
      0.004106957888109627
    ],
    [
      1.5970929284746697e-06,
      9.159588733290963e-08,
      0.010410659182782094
    ],
    [
      -0.003925416661692644,
      -0.0106555952365722,
      1.0
    ]
  ],
  "E": [
    [
      0.001871912508257142,
      0.34987839994276854,
      -0.08522734642984892
    ],
    [
      -0.3448183489819907,
      -0.015140612968761614,
      -0.6124488911323435
    ],
    [
      0.07769454170247038,
      0.6081374289176952,
      -0.015091393296233028
    ]
  ],
  "R": [
    [
      0.9999269791596525,
      -0.0024681484488019573,
      0.011829817914340457
    ],
    [
      0.002778342252393831,
      0.9996508377848825,
      -0.02627704949782924
    ],
    [
      -0.01176083172995579,
      0.026307998008542555,
      0.9995846998017737
    ]
  ],
  "t": [
    [
      -0.8606019993209238
    ],
    [
      0.1074934769647673
    ],
    [
      0.49780453109112366
    ]
  ]
}