{
  "image_1": "frame_033",
  "image_2": "frame_034",
  "num_matches": 500,
  "inlier_count": 373,
  "inlier_ratio": 0.746,
  "reproj_rmse": 0.2431,
  "F": [
    [
      1.965285868845056e-09,
      5.658870769200975e-07,
      -0.0010980700136849811
    ],
    [
      -5.450429153819472e-07,
      1.2004631725721728e-07,
      -0.007244883200022113
    ],
    [
      0.0011256362674021228,
      0.006785687453921058,
      1.0
    ]
  ],
  "E": [
    [
      -0.00018722376556506995,
      -0.09445620901010503,
      -0.013211375608253828
    ],
    [
      0.10121859206034262,
      0.017904868951894932,
      -0.69951316468548
    ],
    [
      0.012865010997296858,
      0.700369488616649,
      0.01833206777681022
    ]
  ],
  "R": [
    [
      0.9999529995058295,
      -0.0032591722975156695,
      0.009131077440791807
    ],
    [
      0.0030205640686350854,
      0.9996567426326411,
      0.026024471210854376
    ],
    [
      -0.009212761366816091,
      -0.02599566704342196,
      0.999619602810472
    ]
  ],
  "t": [
    [
      -0.9908616947700003
    ],
    [
      0.01520162628419472
    ],
    [
      -0.1340224324351656
    ]
  ]
}