{
  "image_1": "frame_060",
  "image_2": "frame_061",
  "num_matches": 500,
  "inlier_count": 405,
  "inlier_ratio": 0.81,
  "reproj_rmse": 0.4073,
  "F": [
    [
      -3.1418063492901293e-09,
      -1.447117841098956e-06,
      0.002873244031191586
    ],
    [
      1.4489864637199047e-06,
      4.251875017097739e-08,
      -0.011001581036808688
    ],
    [
      -0.002957418481994879,
      0.01080861306162016,
      1.0
    ]
  ],
  "E": [
    [
      -0.0007675957709150947,
      -0.34157489306456296,
      0.024446558110064097
    ],
    [
      0.3395399036477206,
      0.013688599688060573,
      -0.6192514095077374
    ],
    [
      -0.030926224286233556,
      0.6185566459906123,
      0.014580166858958507
    ]
  ],
  "R": [
    [
      0.9999945288563608,
      -0.002409425280216794,
      -0.0022664790234051546
    ],
    [
      0.002461915198402151,
      0.9997220073439602,
      0.023448816723199917
    ],
    [
      0.002209350787077402,
      -0.023454268310510167,
      0.9997224695219759
    ]
  ],
  "t": [
    [
      -0.8749038450266823
    ],
    [
      -0.04589047596517919
    ],
    [
      -0.48211754393842193
    ]
  ]
}