{
  "image_1": "frame_029",
  "image_2": "frame_030",
  "num_matches": 500,
  "inlier_count": 414,
  "inlier_ratio": 0.828,
  "reproj_rmse": 0.3448,
  "F": [
    [
      -9.485144384745028e-10,
      -6.708415784243691e-07,
      0.0018935216964208578
    ],
    [
      5.385927751584066e-07,
      1.3847082835473216e-07,
      0.023906657826636438
    ],
    [
      -0.0015260011625538928,
      -0.0242056076839381,
      1.0
    ]
  ],
  "E": [
    [
      -0.00024066452128318708,
      0.07786885743917325,
      -0.00625054649028094
    ],
    [
      -0.06874029780680004,
      -0.009860240513483913,
      -0.7036693942332675
    ],
    [
      0.0024066672132091495,
      0.7027290113789239,
      -0.00950731525926117
    ]
  ],
  "R": [
    [
      0.9999064812537719,
      0.004136687986107023,
      0.013035204609285658
    ],
    [
      -0.003959044477605774,
      0.9998993452216034,
      -0.013624440987908304
    ],
    [
      -0.013090252615006473,
      0.013571559892446189,
      0.999822213220211
    ]
  ],
  "t": [
    [
      -0.9938785778859291
    ],
    [
      0.007339037245789459
    ],
    [
      0.11023389202848541
    ]
  ]
}