{
  "image_1": "frame_083",
  "image_2": "frame_084",
  "num_matches": 500,
  "inlier_count": 401,
  "inlier_ratio": 0.802,
  "reproj_rmse": 1.0029,
  "F": [
    [
      -4.554574095786817e-09,
      1.6315141093696852e-06,
      -0.003129318106654694
    ],
    [
      -1.8827737985299246e-06,
      3.7446997398884074e-08,
      0.022694838327655353
    ],
    [
      0.0036055486493601274,
      -0.022851183148767742,
      1.0
    ]
  ],
  "E": [
    [
      0.0012965546009729423,
      -0.14165613891525264,
      -0.032120168798603445
    ],
    [
      0.16582746890290234,
      -0.008452166656156628,
      -0.6864985801847961
    ],
    [
      0.03345261880033334,
      0.6920083823958886,
      -0.007415108879592359
    ]
  ],
  "R": [
    [
      0.9993640972407094,
      0.0010655521446953364,
      0.03564078765809103
    ],
    [
      -0.0006217368743864707,
      0.9999221626907779,
      -0.012461219966612815
    ],
    [
      -0.03565129155474214,
      0.012431136650531424,
      0.9992869719215067
    ]
  ],
  "t": [
    [
      -0.9786727256955091
    ],
    [
      0.04794811446414033
    ],
    [
      -0.19975153140603605
    ]
  ]
}