{
  "image_1": "frame_071",
  "image_2": "frame_072",
  "num_matches": 500,
  "inlier_count": 383,
  "inlier_ratio": 0.766,
  "reproj_rmse": 0.2306,
  "F": [
    [
      -1.2903039555226286e-09,
      -5.767826256753567e-07,
      0.002054704844621882
    ],
    [
      5.782241114785777e-07,
      5.667400421812497e-08,
      0.006714079265586313
    ],
    [
      -0.0019983459398489126,
      -0.006939554329911946,
      1.0
    ]
  ],
  "E": [
    [
      -2.287890686674504e-05,
      -0.13803056516633674,
      -0.015532931300652789
    ],
    [
      0.13567145420043755,
      -0.02419945068763546,
      -0.6932486931756803
    ],
    [
      0.020203291557656516,
      0.69290920702916,
      -0.02426604495690015
    ]
  ],
  "R": [
    [
      0.999996859236093,
      0.00011598571695738136,
      -0.002503610445423743
    ],
    [
      -0.00020335622763146405,
      0.9993898869115899,
      -0.03492581545338388
    ],
    [
      0.0024980320641772025,
      0.034926214884418744,
      0.9993867716503226
    ]
  ],
  "t": [
    [
      -0.980516486961465
    ],
    [
      0.028771253423056954
    ],
    [
      -0.19431838248918473
    ]
  ]
}