{
  "image_1": "frame_183",
  "image_2": "frame_184",
  "num_matches": 500,
  "inlier_count": 356,
  "inlier_ratio": 0.712,
  "reproj_rmse": 0.6473,
  "F": [
    [
      1.945451655723571e-08,
      -4.3488300732681166e-07,
      -0.0005566518836937945
    ],
    [
      7.495800447911544e-07,
      2.4667381297308003e-08,
      -0.021496241281891534
    ],
    [
      -3.70052900009519e-05,
      0.02117631752178166,
      0.9999999999999999
    ]
  ],
  "E": [
    [
      0.0011534392415353365,
      -0.10830245609234776,
      -0.032456902153899306
    ],
    [
      0.14056649961241166,
      0.002891930130958928,
      -0.6922502732979073
    ],
    [
      0.03401657863662468,
      0.6978952300524188,
      0.0048137696867570886
    ]
  ],
  "R": [
    [
      0.9989289556027161,
      -0.003194784640468247,
      0.04615988528547141
    ],
    [
      0.002977183694063981,
      0.9999841340539312,
      0.004782051616330062
    ],
    [
      -0.0461744305402749,
      -0.004639503368949195,
      0.9989226181105175
    ]
  ],
  "t": [
    [
      -0.9871330174650764
    ],
    [
      0.045216259151006376
    ],
    [
      -0.15337501667052
    ]
  ]
}