{
  "image_1": "frame_138",
  "image_2": "frame_139",
  "num_matches": 500,
  "inlier_count": 442,
  "inlier_ratio": 0.884,
  "reproj_rmse": 0.4196,
  "F": [
    [
      -3.941624819501465e-08,
      2.4695765686689975e-05,
      -0.048009129199247325
    ],
    [
      -2.461845030230158e-05,
      -9.217833545291475e-08,
      -0.02927247009195387
    ],
    [
      0.047692183353541875,
      0.028862893389255864,
      1.0
    ]
  ],
  "E": [
    [
      0.0008718149025506474,
      -0.5579059750238644,
      -0.042048182735248435
    ],
    [
      0.5543570549232086,
      0.0013593080986203895,
      0.4368380148165149
    ],
    [
      0.04352336084167079,
      -0.43236028682355926,
      0.0011702514820733224
    ]
  ],
  "R": [
    [
      0.9999677200825609,
      0.0009613864285376375,
      0.007977125360685178
    ],
    [
      -0.0009461706611365167,
      0.9999977264564092,
      -0.001910979615931549
    ],
    [
      -0.007978944414210987,
      0.0019033702076907896,
      0.9999663562479926
    ]
  ],
  "t": [
    [
      -0.6115097922852731
    ],
    [
      -0.06097470282216698
    ],
    [
      0.7888839328792104
    ]
  ]
}