{
  "image_1": "frame_073",
  "image_2": "frame_074",
  "num_matches": 500,
  "inlier_count": 388,
  "inlier_ratio": 0.776,
  "reproj_rmse": 0.2298,
  "F": [
    [
      -4.728943610877355e-09,
      -1.3312818298214944e-07,
      0.0006713804266022945
    ],
    [
      -1.0202325702263746e-07,
      8.748391953641723e-08,
      0.016667349589849004
    ],
    [
      -8.212484283899166e-05,
      -0.016764678795357844,
      1.0
    ]
  ],
  "E": [
    [
      0.0012740795914854255,
      -0.22474514331197465,
      0.01723139568078268
    ],
    [
      0.25521330975335776,
      -0.014559887492559874,
      -0.6591813690076856
    ],
    [
      -0.01692193398116402,
      0.6698778259071643,
      -0.017393152218293063
    ]
  ],
  "R": [
    [
      0.9989428558933537,
      0.009117484139553603,
      0.0450559889758827
    ],
    [
      -0.007988553053046726,
      0.9996511898971605,
      -0.025173032342366078
    ],
    [
      -0.045269787714860676,
      0.024786488661287603,
      0.9986672500388178
    ]
  ],
  "t": [
    [
      -0.9478302340416948
    ],
    [
      -0.01637674901152349
    ],
    [
      -0.31835459715273395
    ]
  ]
}