{
  "image_1": "frame_081",
  "image_2": "frame_082",
  "num_matches": 500,
  "inlier_count": 408,
  "inlier_ratio": 0.816,
  "reproj_rmse": 0.3507,
  "F": [
    [
      4.143900739710197e-08,
      -2.4741456165256835e-06,
      0.003182059262894613
    ],
    [
      2.717504867089253e-06,
      6.33518805409995e-08,
      -0.02403005172350655
    ],
    [
      -0.003993361518548222,
      0.023839939029618454,
      1.0
    ]
  ],
  "E": [
    [
      0.0040038240742858965,
      -0.27043949868390255,
      -0.052476069237516104
    ],
    [
      0.2914475839613137,
      0.006346168158158491,
      -0.642204516397923
    ],
    [
      0.045163793121370574,
      0.6516244186816761,
      0.005472562594432613
    ]
  ],
  "R": [
    [
      0.9994499325385285,
      0.008580782523727543,
      0.03203439588959561
    ],
    [
      -0.008774112871335893,
      0.9999441044666509,
      0.00589939706313072
    ],
    [
      -0.03198198386673179,
      -0.006177225402064401,
      0.999469356505881
    ]
  ],
  "t": [
    [
      -0.9209698248061335
    ],
    [
      0.07199154215914123
    ],
    [
      -0.3829253186381236
    ]
  ]
}