{
  "image_1": "frame_125",
  "image_2": "frame_126",
  "num_matches": 500,
  "inlier_count": 408,
  "inlier_ratio": 0.816,
  "reproj_rmse": 0.394,
  "F": [
    [
      5.219712577255756e-09,
      2.1903350044614683e-07,
      -0.0009539844987548216
    ],
    [
      -7.596175620489915e-08,
      4.2762534116740656e-08,
      -0.01089534475380902
    ],
    [
      0.0005910353332023192,
      0.01058863329459402,
      1.0
    ]
  ],
  "E": [
    [
      0.0010691505961279524,
      -0.051593171373402025,
      -0.01635369712064424
    ],
    [
      0.08203044957135429,
      0.00886600883922623,
      -0.7020996946240373
    ],
    [
      0.010410086177689635,
      0.7050740201386735,
      0.008957256589168405
    ]
  ],
  "R": [
    [
      0.9990479196479888,
      0.007056681552793112,
      0.04305180010740514
    ],
    [
      -0.007568726845198499,
      0.9999024114145102,
      0.011742317547658396
    ],
    [
      -0.04296473694750337,
      -0.012056985233041159,
      0.9990038340697809
    ]
  ],
  "t": [
    [
      -0.9970652518015517
    ],
    [
      0.022289821299137196
    ],
    [
      -0.07323965808468128
    ]
  ]
}