{
  "image_1": "frame_200",
  "image_2": "frame_201",
  "num_matches": 500,
  "inlier_count": 316,
  "inlier_ratio": 0.632,
  "reproj_rmse": 0.362,
  "F": [
    [
      -2.91952123217494e-08,
      1.4800449342543976e-06,
      -0.0010326511973211478
    ],
    [
      -1.1468561681093636e-06,
      9.317506294666827e-08,
      -0.024842890437043928
    ],
    [
      0.0003443207955779135,
      0.023817365517114022,
      1.0
    ]
  ],
  "E": [
    [
      -0.0031224915764588405,
      0.03891518400292885,
      0.07766903757312607
    ],
    [
      -0.01070627893855837,
      -0.00408365660088914,
      -0.7027032470404504
    ],
    [
      -0.07865753055768664,
      0.7016282111883128,
      -0.007146411194146958
    ]
  ],
  "R": [
    [
      0.9992182646071756,
      0.0013173306678820884,
      0.03951106573272742
    ],
    [
      -0.0010892061679141918,
      0.9999826176391563,
      -0.005794656975598439
    ],
    [
      -0.0395180124164676,
      0.005747091390654446,
      0.9992023306794269
    ]
  ],
  "t": [
    [
      -0.992414610032357
    ],
    [
      -0.11024378385075637
    ],
    [
      0.054401745528913435
    ]
  ]
}