{
  "image_1": "frame_090",
  "image_2": "frame_091",
  "num_matches": 500,
  "inlier_count": 408,
  "inlier_ratio": 0.816,
  "reproj_rmse": 0.2378,
  "F": [
    [
      1.4022064820738636e-08,
      1.239572873143122e-06,
      -0.00400605706110964
    ],
    [
      -1.3596927955236132e-06,
      7.090370269454946e-08,
      0.01205624561138168
    ],
    [
      0.004152385958264946,
      -0.012300529150457208,
      1.0
    ]
  ],
  "E": [
    [
      -0.003989034129324139,
      -0.18419641256470407,
      0.12169093405568143
    ],
    [
      0.2093157686675207,
      -0.010073994719979443,
      -0.6647899159610328
    ],
    [
      -0.11938060070405927,
      0.6715097210583915,
      -0.014485983822768925
    ]
  ],
  "R": [
    [
      0.9993936768837273,
      0.001342286262093123,
      0.03479190814564612
    ],
    [
      -0.0008066177280651732,
      0.9998809979600788,
      -0.015405819880741627
    ],
    [
      -0.034808446857986064,
      0.015368415206119201,
      0.9992758297093887
    ]
  ],
  "t": [
    [
      -0.9499969323883785
    ],
    [
      -0.16816534276732767
    ],
    [
      -0.26310881008551984
    ]
  ]
}