{
  "image_1": "frame_202",
  "image_2": "frame_203",
  "num_matches": 500,
  "inlier_count": 402,
  "inlier_ratio": 0.804,
  "reproj_rmse": 0.4598,
  "F": [
    [
      9.837522977911469e-09,
      3.1402084398423296e-06,
      -0.006316650535434465
    ],
    [
      -2.9742016125517502e-06,
      9.92749892766717e-09,
      -0.011848251398205145
    ],
    [
      0.005999441554172915,
      0.011294131193229365,
      1.0
    ]
  ],
  "E": [
    [
      0.0008217460353461207,
      0.38261726842236,
      0.0014261786023681475
    ],
    [
      -0.36273250974875343,
      0.00028526740239995864,
      -0.6069776765172392
    ],
    [
      -0.00040418984877601746,
      0.5946460646297168,
      -0.0005969150941697397
    ]
  ],
  "R": [
    [
      0.9994498971969263,
      -0.0022698452474205376,
      0.03308701853608831
    ],
    [
      0.002301052521467806,
      0.9999969429343887,
      -0.0009051404144609194
    ],
    [
      -0.033084862858233255,
      0.000980777461612004,
      0.999452064846144
    ]
  ],
  "t": [
    [
      -0.840953407333682
    ],
    [
      -0.002508068419823735
    ],
    [
      0.5411017245275346
    ]
  ]
}