{
  "image_1": "frame_186",
  "image_2": "frame_187",
  "num_matches": 500,
  "inlier_count": 396,
  "inlier_ratio": 0.792,
  "reproj_rmse": 0.5969,
  "F": [
    [
      6.839577464137632e-09,
      8.346801837788646e-07,
      -0.003091434362974454
    ],
    [
      -6.547379077063409e-07,
      -2.329616344030816e-08,
      -0.016221537551534597
    ],
    [
      0.002559206196576865,
      0.01606026101478939,
      1.0
    ]
  ],
  "E": [
    [
      0.0005453271071757958,
      0.17344931466352778,
      -0.06715776881628505
    ],
    [
      -0.15001984715125422,
      0.0017051208237188731,
      -0.6876526084807876
    ],
    [
      0.06108240295635437,
      0.6828387197646515,
      0.005488429759616149
    ]
  ],
  "R": [
    [
      0.9993809961673069,
      0.009925811546079466,
      0.033750596510180086
    ],
    [
      -0.010089416082906255,
      0.999938145912144,
      0.004680601765779214
    ],
    [
      -0.033702050126768635,
      -0.005018228266584546,
      0.9994193260100172
    ]
  ],
  "t": [
    [
      -0.9647848174061688
    ],
    [
      0.0961772121994724
    ],
    [
      0.24482687751977505
    ]
  ]
}