{
  "image_1": "frame_148",
  "image_2": "frame_149",
  "num_matches": 500,
  "inlier_count": 377,
  "inlier_ratio": 0.754,
  "reproj_rmse": 0.4324,
  "F": [
    [
      2.23107556027941e-08,
      -3.5932671108755846e-06,
      0.026501719496575704
    ],
    [
      4.155523108309497e-06,
      -4.127044140927044e-07,
      -0.29638200386460967
    ],
    [
      -0.032155761640432164,
      0.29622845756766514,
      1.0
    ]
  ],
  "E": [
    [
      -0.0014138289737699703,
      0.0733498313524612,
      0.02865570446387118
    ],
    [
      -0.06657093172640687,
      -0.005022669970483587,
      -0.7033476314126041
    ],
    [
      -0.04001217055889179,
      0.702155814629477,
      -0.0042526863021917945
    ]
  ],
  "R": [
    [
      0.999834366479889,
      0.01562763421943545,
      0.009328271783249895
    ],
    [
      -0.015575214060001043,
      0.9998626454928031,
      -0.0056659381498354216
    ],
    [
      -0.009415535711992107,
      0.005519709850720919,
      0.9999404384714221
    ]
  ],
  "t": [
    [
      -0.9937772928953476
    ],
    [
      -0.041114270260845395
    ],
    [
      0.10351960638696849
    ]
  ]
}