{
  "image_1": "frame_088",
  "image_2": "frame_089",
  "num_matches": 500,
  "inlier_count": 426,
  "inlier_ratio": 0.852,
  "reproj_rmse": 0.5966,
  "F": [
    [
      -1.0444800696562138e-08,
      1.1691252854592103e-06,
      -0.0017860401403146636
    ],
    [
      -9.372245605900041e-07,
      -2.1165579401068165e-08,
      -0.029950798134686617
    ],
    [
      0.001182753118205167,
      0.02965586543231642,
      1.0
    ]
  ],
  "E": [
    [
      -0.0008558834214322333,
      0.18816027060152712,
      -0.007217401127262021
    ],
    [
      -0.17144996780555022,
      0.0003542955108579168,
      -0.6859645559660621
    ],
    [
      0.0038040736606235028,
      0.6816037266989221,
      0.0014794924376724256
    ]
  ],
  "R": [
    [
      0.9996866551660166,
      0.0054841052069848975,
      0.024423678532532328
    ],
    [
      -0.005532129922008749,
      0.99998289417292,
      0.001899184055560278
    ],
    [
      -0.024412845420143464,
      -0.0020337039188629107,
      0.9996998934814703
    ]
  ],
  "t": [
    [
      -0.963890957683177
    ],
    [
      0.010715500218306806
    ],
    [
      0.26608156597494614
    ]
  ]
}