{
  "image_1": "frame_093",
  "image_2": "frame_094",
  "num_matches": 500,
  "inlier_count": 359,
  "inlier_ratio": 0.718,
  "reproj_rmse": 0.336,
  "F": [
    [
      1.2007706570202552e-08,
      9.361733721329769e-07,
      -0.0028539337609454203
    ],
    [
      -7.817249962381916e-07,
      1.0724818730176638e-07,
      -0.013379744939521264
    ],
    [
      0.0025451329752310707,
      0.012697334079362247,
      1.0
    ]
  ],
  "E": [
    [
      0.0009435174454333215,
      -0.07421839595756588,
      -0.02408367458155576
    ],
    [
      0.10208082624232649,
      -0.0004007213709011714,
      -0.6992828207189095
    ],
    [
      0.024276451415793737,
      0.7027829789739819,
      0.0005791800675619158
    ]
  ],
  "R": [
    [
      0.999209717018195,
      -0.00019545033344128826,
      0.039747996371964814
    ],
    [
      0.00021713941011398952,
      0.9999998298962591,
      -0.0005413482515609106
    ],
    [
      -0.039747883803985654,
      0.0005495512897356232,
      0.9992095894888542
    ]
  ],
  "t": [
    [
      -0.9938920626456033
    ],
    [
      0.03414325653689182
    ],
    [
      -0.10494191652111307
    ]
  ]
}