{
  "image_1": "frame_054",
  "image_2": "frame_056",
  "num_matches": 500,
  "inlier_count": 378,
  "inlier_ratio": 0.756,
  "reproj_rmse": 0.2853,
  "F": [
    [
      4.0894098613727054e-09,
      3.95174508962534e-07,
      -0.0013696976625479007
    ],
    [
      -4.4188475478188925e-07,
      8.887323243855792e-08,
      0.008244315636522066
    ],
    [
      0.0013935670939102332,
      -0.008546796479826807,
      1.0
    ]
  ],
  "E": [
    [
      -0.000947378135188103,
      -0.01801993596822858,
      0.04498625505958194
    ],
    [
      0.03326693676573547,
      -0.01802495958831219,
      -0.7046887050664618
    ],
    [
      -0.04241987762953319,
      0.7053217205059412,
      -0.01883312253281531
    ]
  ],
  "R": [
    [
      0.9997955439575897,
      -0.0024572667998385145,
      0.02007067817542998
    ],
    [
      0.002967468172666708,
      0.9996721973304005,
      -0.0254301399377407
    ],
    [
      -0.020001610314959145,
      0.02548449969066057,
      0.9994751001702469
    ]
  ],
  "t": [
    [
      -0.997647854944904
    ],
    [
      -0.06296412791137804
    ],
    [
      -0.02709752978024583
    ]
  ]
}