{
  "image_1": "frame_096",
  "image_2": "frame_097",
  "num_matches": 500,
  "inlier_count": 435,
  "inlier_ratio": 0.87,
  "reproj_rmse": 0.295,
  "F": [
    [
      -1.5751349928495086e-08,
      -1.1341762903953997e-07,
      0.0018721531370310726
    ],
    [
      2.2941855921674648e-07,
      8.49614091144342e-08,
      -0.013934040509905992
    ],
    [
      -0.0020115659650216194,
      0.013495268370749184,
      1.0
    ]
  ],
  "E": [
    [
      -0.0024411905191123713,
      -0.04940622951814396,
      0.08803435673636553
    ],
    [
      0.06578806592369821,
      0.01072303923710081,
      -0.6983311723676374
    ],
    [
      -0.08610758364542652,
      0.7001446259502544,
      0.00874782319026472
    ]
  ],
  "R": [
    [
      0.9996699022977091,
      -0.004243559824049115,
      0.025339270709877945
    ],
    [
      0.0038460533070313885,
      0.9998691060782581,
      0.01571555230415533
    ],
    [
      -0.02540264383973337,
      -0.015612908450538292,
      0.9995553725410445
    ]
  ],
  "t": [
    [
      -0.9897504908891575
    ],
    [
      -0.1256226134992312
    ],
    [
      -0.06791851560726814
    ]
  ]
}