{
  "image_1": "frame_082",
  "image_2": "frame_083",
  "num_matches": 500,
  "inlier_count": 371,
  "inlier_ratio": 0.742,
  "reproj_rmse": 0.565,
  "F": [
    [
      -8.028321587985497e-09,
      3.428884987279531e-06,
      -0.008049800672120924
    ],
    [
      -3.7938011491780517e-06,
      2.5808679751550296e-07,
      0.033841492672049
    ],
    [
      0.008954065623260288,
      -0.0347481381431821,
      1.0
    ]
  ],
  "E": [
    [
      -0.00044287231100066107,
      -0.09960556720149728,
      0.03230117540199843
    ],
    [
      0.12548574774992355,
      -0.0010375921423164737,
      -0.6951443460509059
    ],
    [
      -0.0372242330280311,
      0.6990465485608579,
      -0.0031681228681426964
    ]
  ],
  "R": [
    [
      0.9992879790203499,
      0.007545168753035424,
      0.036967626565851563
    ],
    [
      -0.0074453681367686875,
      0.9999682595917408,
      -0.002836600495753211
    ],
    [
      -0.036987855827715604,
      0.0025593431877642533,
      0.9993124377709486
    ]
  ],
  "t": [
    [
      -0.9889743868414723
    ],
    [
      -0.04531199990386763
    ],
    [
      -0.14098398787183486
    ]
  ]
}