{
  "image_1": "frame_164",
  "image_2": "frame_165",
  "num_matches": 500,
  "inlier_count": 376,
  "inlier_ratio": 0.752,
  "reproj_rmse": 0.3959,
  "F": [
    [
      3.309729394494176e-08,
      1.7980298292236956e-06,
      -0.005073214145887111
    ],
    [
      -1.6898101131824889e-06,
      3.8801685621329485e-08,
      -0.008329929117531363
    ],
    [
      0.004906199699376331,
      0.007851871096561422,
      1.0
    ]
  ],
  "E": [
    [
      0.005318633384009607,
      0.30020489181600235,
      -0.06410103472336805
    ],
    [
      -0.27902571795750486,
      0.006103347840820602,
      -0.6463782590496369
    ],
    [
      0.07231767577644274,
      0.6362272995177631,
      0.005226243974764577
    ]
  ],
  "R": [
    [
      0.9994140127341928,
      -0.010768672899726286,
      0.032491026984652394
    ],
    [
      0.010616287902719082,
      0.9999318402339276,
      0.004858942020427845
    ],
    [
      -0.03254113676111037,
      -0.004511160645554554,
      0.9994602162407089
    ]
  ],
  "t": [
    [
      -0.9008216165433927
    ],
    [
      0.09276361454956118
    ],
    [
      0.4241642688674389
    ]
  ]
}