{
  "image_1": "frame_135",
  "image_2": "frame_136",
  "num_matches": 500,
  "inlier_count": 393,
  "inlier_ratio": 0.786,
  "reproj_rmse": 0.454,
  "F": [
    [
      1.7956074923608348e-08,
      6.401967981745899e-06,
      -0.014894481670282405
    ],
    [
      -6.87809653204785e-06,
      3.0999462984249525e-08,
      0.056784048258179926
    ],
    [
      0.01578472473013708,
      -0.05708135966310992,
      1.0
    ]
  ],
  "E": [
    [
      -0.0009040160507093895,
      -0.30300697721545417,
      0.03183963565492516
    ],
    [
      0.3223236536811242,
      -0.0013382898822343631,
      -0.628596111145774
    ],
    [
      -0.03126377250324033,
      0.6380923382998989,
      -0.0023530314871989355
    ]
  ],
  "R": [
    [
      0.9995383230915791,
      0.00021045416942908068,
      0.030382501218905344
    ],
    [
      -0.00014359820247567684,
      0.9999975638725892,
      -0.002202641242482338
    ],
    [
      -0.030382890758294534,
      0.002197261461321657,
      0.9995359183097124
    ]
  ],
  "t": [
    [
      -0.9024103192174776
    ],
    [
      -0.04410442858152983
    ],
    [
      -0.42861452979257114
    ]
  ]
}