{
  "image_1": "frame_197",
  "image_2": "frame_198",
  "num_matches": 500,
  "inlier_count": 401,
  "inlier_ratio": 0.802,
  "reproj_rmse": 0.6089,
  "F": [
    [
      6.352142430310123e-08,
      6.217445596793416e-06,
      -0.020907637881823954
    ],
    [
      -6.973676975860081e-06,
      1.1994144826546488e-07,
      0.07671360351190176
    ],
    [
      0.022563622922916464,
      -0.07707331468339348,
      1.0
    ]
  ],
  "E": [
    [
      -0.0015866236883669014,
      -0.1756541681159495,
      0.08041469063067996
    ],
    [
      0.1970188484277956,
      0.00037391409186024726,
      -0.6743432894065856
    ],
    [
      -0.0838648777856045,
      0.679762854255535,
      -0.0032061211228522346
    ]
  ],
  "R": [
    [
      0.9994914684281957,
      0.005362137674981157,
      0.031433294749406315
    ],
    [
      -0.005333221313648537,
      0.9999852745626604,
      -0.0010036972953954837
    ],
    [
      -0.03143821384347614,
      0.0008355461661170571,
      0.9995053479461409
    ]
  ],
  "t": [
    [
      -0.9619527778217899
    ],
    [
      -0.11353027424255656
    ],
    [
      -0.24851102605589137
    ]
  ]
}