{
  "image_1": "frame_176",
  "image_2": "frame_177",
  "num_matches": 500,
  "inlier_count": 344,
  "inlier_ratio": 0.688,
  "reproj_rmse": 0.867,
  "F": [
    [
      -8.751370364809645e-08,
      -1.0571781767976057e-06,
      0.009844629190332603
    ],
    [
      2.1077919273048662e-06,
      -3.323699715640441e-07,
      -0.08220698615470391
    ],
    [
      -0.012438834498132153,
      0.08258000140000929,
      1.0
    ]
  ],
  "E": [
    [
      -0.002325420993566916,
      0.08821434270574514,
      0.043677019182060225
    ],
    [
      -0.06276676636688434,
      0.0010428660078023468,
      -0.702969577856962
    ],
    [
      -0.0493525058534124,
      0.6998303279437752,
      -2.2081712143242164e-05
    ]
  ],
  "R": [
    [
      0.9993014839629822,
      0.008302025766786299,
      0.036436527243270345
    ],
    [
      -0.008388916891106588,
      0.999962320323084,
      0.0022324890746076523
    ],
    [
      -0.03641662014487375,
      -0.002536592644030989,
      0.9993334756101099
    ]
  ],
  "t": [
    [
      -0.9902576837911574
    ],
    [
      -0.061530773937861716
    ],
    [
      0.12491470510384384
    ]
  ]
}