{
  "image_1": "frame_171",
  "image_2": "frame_172",
  "num_matches": 500,
  "inlier_count": 367,
  "inlier_ratio": 0.734,
  "reproj_rmse": 0.3772,
  "F": [
    [
      6.018626165112222e-09,
      9.402611320633849e-07,
      -0.0025046087403162417
    ],
    [
      -1.1350743414634366e-06,
      7.696101700125957e-08,
      0.014118363481488523
    ],
    [
      0.002851343145859177,
      -0.01431094330815093,
      1.0
    ]
  ],
  "E": [
    [
      -0.0008705431751085358,
      -0.16551304202048425,
      0.0411781146837458
    ],
    [
      0.19295176466820793,
      -0.012519727711862333,
      -0.679095541929702
    ],
    [
      -0.040474016576868097,
      0.6859246112717439,
      -0.014847135794154124
    ]
  ],
  "R": [
    [
      0.9992302888515542,
      0.004441178978379423,
      0.03897570744606585
    ],
    [
      -0.003683934704373934,
      0.9998034796556273,
      -0.019478980815059936
    ],
    [
      -0.03905455756673232,
      0.019320403665078038,
      0.9990502807844485
    ]
  ],
  "t": [
    [
      -0.9704731196141458
    ],
    [
      -0.05370508096123572
    ],
    [
      -0.23515460528200335
    ]
  ]
}