{
  "image_1": "frame_077",
  "image_2": "frame_078",
  "num_matches": 500,
  "inlier_count": 400,
  "inlier_ratio": 0.8,
  "reproj_rmse": 0.3226,
  "F": [
    [
      4.851911207890617e-09,
      2.162747917742332e-06,
      -0.005120753427999133
    ],
    [
      -2.2519789372492046e-06,
      1.6404270846666177e-07,
      0.023013343851570327
    ],
    [
      0.0052409644455406,
      -0.023653534609158235,
      1.0
    ]
  ],
  "E": [
    [
      -0.00033220507598325774,
      0.01532299845469487,
      0.0268649057399008
    ],
    [
      -0.006291292839822838,
      -0.002953993501258906,
      -0.7065595640820438
    ],
    [
      -0.026568268082774057,
      0.706436060330166,
      -0.0032966581559765507
    ]
  ],
  "R": [
    [
      0.9999201879143476,
      -0.000457476302466113,
      0.012625708564996228
    ],
    [
      0.0005103556021713446,
      0.9999911112763394,
      -0.004185320235184946
    ],
    [
      -0.012623681653735952,
      0.0041914297971455475,
      0.9999115333757085
    ]
  ],
  "t": [
    [
      -0.9990429141911076
    ],
    [
      -0.03808611193152063
    ],
    [
      0.021510548167791774
    ]
  ]
}