{
  "image_1": "frame_121",
  "image_2": "frame_122",
  "num_matches": 500,
  "inlier_count": 416,
  "inlier_ratio": 0.832,
  "reproj_rmse": 0.4556,
  "F": [
    [
      2.5673709913298838e-08,
      -2.521513670362791e-06,
      0.0022723756650849295
    ],
    [
      1.709128637771968e-06,
      2.4798027200271e-07,
      0.07593812778845797
    ],
    [
      -0.0007386737585506968,
      -0.07557392708697754,
      1.0
    ]
  ],
  "E": [
    [
      -0.0004707534184350645,
      0.15228718870171262,
      0.013575427072823847
    ],
    [
      -0.13103126963906056,
      -0.006437026720015821,
      -0.6946687420029184
    ],
    [
      -0.015045171091414787,
      0.6903445748432531,
      -0.006842447480335583
    ]
  ],
  "R": [
    [
      0.999534915598247,
      0.0003715407289241364,
      0.03049285912294636
    ],
    [
      -8.953679241271648e-05,
      0.9999572227027067,
      -0.009249040374692517
    ],
    [
      -0.030494991116048892,
      0.00924200855748545,
      0.9994921914625725
    ]
  ],
  "t": [
    [
      -0.9763443023117802
    ],
    [
      -0.02119952583737478
    ],
    [
      0.21517988625239498
    ]
  ]
}