{
  "image_1": "frame_001",
  "image_2": "frame_003",
  "num_matches": 500,
  "inlier_count": 384,
  "inlier_ratio": 0.768,
  "reproj_rmse": 0.4936,
  "F": [
    [
      6.186226734351984e-09,
      -4.5547874702399015e-07,
      -0.0009298248563338839
    ],
    [
      3.807255578261653e-07,
      5.002233301828609e-08,
      0.021910701432814948
    ],
    [
      0.0011020963616502704,
      -0.022007405040252243,
      0.9999999999999999
    ]
  ],
  "E": [
    [
      -0.0003966293254927715,
      0.09118643744028525,
      0.025870349991783684
    ],
    [
      -0.08324875899406801,
      -0.009583379845936733,
      -0.7016004912621462
    ],
    [
      -0.027900776192082748,
      0.7006256378655416,
      -0.009768171487192178
    ]
  ],
  "R": [
    [
      0.9999409236408805,
      0.0012872889346475583,
      0.01079315132024583
    ],
    [
      -0.0011412859802046316,
      0.9999079136771235,
      -0.013522634069353473
    ],
    [
      -0.010809564955833295,
      0.013509517129083218,
      0.9998503119229422
    ]
  ],
  "t": [
    [
      -0.9909748748615475
    ],
    [
      -0.03832893469407598
    ],
    [
      0.1284511197240329
    ]
  ]
}