{
  "image_1": "frame_008",
  "image_2": "frame_009",
  "num_matches": 500,
  "inlier_count": 403,
  "inlier_ratio": 0.806,
  "reproj_rmse": 0.2912,
  "F": [
    [
      2.6280762096954712e-08,
      -1.6666427101013466e-06,
      -5.021065311245308e-05
    ],
    [
      1.8542381179166202e-06,
      2.4817574486632125e-08,
      -0.019362569515326694
    ],
    [
      -0.0003433693909984986,
      0.01921808021991628,
      1.0
    ]
  ],
  "E": [
    [
      0.004321217131402954,
      -0.11024668368882312,
      -0.13461067939722235
    ],
    [
      0.1356758118798996,
      0.004927463554584012,
      -0.680928830728234
    ],
    [
      0.13649166196328447,
      0.6847445160731981,
      0.010278929382416698
    ]
  ],
  "R": [
    [
      0.9993557592504017,
      -0.004330302824532978,
      0.03562744630901052
    ],
    [
      0.0040462073294778855,
      0.9999594739590326,
      0.008042303514633801
    ],
    [
      -0.035660828079287554,
      -0.007892966300602773,
      0.9993327806209885
    ]
  ],
  "t": [
    [
      -0.9692336775105923
    ],
    [
      0.18922854783097587
    ],
    [
      -0.15741230912820436
    ]
  ]
}