{
  "image_1": "frame_131",
  "image_2": "frame_132",
  "num_matches": 500,
  "inlier_count": 430,
  "inlier_ratio": 0.86,
  "reproj_rmse": 0.6079,
  "F": [
    [
      8.431042464554738e-08,
      -7.746037253383251e-06,
      0.014933828354825204
    ],
    [
      8.67138414182489e-06,
      7.725457312823756e-08,
      -0.07779715596131383
    ],
    [
      -0.017683012694565556,
      0.0776779351128243,
      0.9999999999999999
    ]
  ],
  "E": [
    [
      0.0023017729841261552,
      -0.22525312491519042,
      0.00916763008693138
    ],
    [
      0.25602597104334146,
      0.003654819494121611,
      -0.6590520895821032
    ],
    [
      -0.017491702783514383,
      0.6700398491279859,
      0.00012121543791063244
    ]
  ],
  "R": [
    [
      0.9988539841298775,
      0.012091630907262348,
      0.04630886362104375
    ],
    [
      -0.012142990334931202,
      0.9999259284420445,
      0.0008278979654318301
    ],
    [
      -0.04629542281474114,
      -0.001389277264596837,
      0.9989268260163439
    ]
  ],
  "t": [
    [
      -0.9478097763957283
    ],
    [
      -0.013242934964953912
    ],
    [
      -0.3185612224395706
    ]
  ]
}