{
  "image_1": "frame_199",
  "image_2": "frame_200",
  "num_matches": 500,
  "inlier_count": 350,
  "inlier_ratio": 0.7,
  "reproj_rmse": 0.455,
  "F": [
    [
      -9.730114860627017e-09,
      2.7883364044443776e-06,
      -0.00558607308078424
    ],
    [
      -2.236857417132138e-06,
      -9.534224577750319e-08,
      -0.04174117620786573
    ],
    [
      0.0043242985374961325,
      0.04130690408477466,
      1.0
    ]
  ],
  "E": [
    [
      -0.00028563694506317174,
      0.13502858073097393,
      -0.013371173494504852
    ],
    [
      -0.10659331524192729,
      -0.0028377893168963788,
      -0.6989005541611474
    ],
    [
      0.008759334935370068,
      0.6940293886518741,
      -0.0016497716385019665
    ]
  ],
  "R": [
    [
      0.9991463579257551,
      0.006157528536665137,
      0.04084899369652509
    ],
    [
      -0.0060342713829786045,
      0.9999768637199373,
      -0.003139998999104197
    ],
    [
      -0.04086738323620959,
      0.0028908246501590518,
      0.9991603975940336
    ]
  ],
  "t": [
    [
      -0.9814157222498965
    ],
    [
      0.018325309828453613
    ],
    [
      0.19101665670931747
    ]
  ]
}