{
  "image_1": "frame_097",
  "image_2": "frame_098",
  "num_matches": 500,
  "inlier_count": 423,
  "inlier_ratio": 0.846,
  "reproj_rmse": 0.2415,
  "F": [
    [
      -2.2064241977876408e-10,
      -1.6395864558270316e-07,
      0.00022199298761720537
    ],
    [
      2.679865013317953e-07,
      9.130810381890083e-08,
      -0.015192078654478884
    ],
    [
      -0.0003531157935671687,
      0.014757811135935547,
      0.9999999999999999
    ]
  ],
  "E": [
    [
      -0.0004866854206390358,
      -0.09242358412351372,
      -0.00013187170299542127
    ],
    [
      0.11064098210541007,
      0.007996675016428369,
      -0.6983506474873019
    ],
    [
      0.0024948985043898616,
      0.7009844676382815,
      0.008554406919566195
    ]
  ],
  "R": [
    [
      0.9996485191621999,
      -0.005301025930618523,
      0.025975705205128652
    ],
    [
      0.004984385598298788,
      0.9999126716102607,
      0.012239487466330402
    ],
    [
      -0.02603831862905709,
      -0.012105712590091397,
      0.999587643824021
    ]
  ],
  "t": [
    [
      -0.9914208257294124
    ],
    [
      -0.0014138013073156058
    ],
    [
      -0.130700984984328
    ]
  ]
}