{
  "image_1": "frame_041",
  "image_2": "frame_042",
  "num_matches": 500,
  "inlier_count": 369,
  "inlier_ratio": 0.738,
  "reproj_rmse": 0.3403,
  "F": [
    [
      -4.5988105074346846e-08,
      -1.855152225952941e-05,
      0.038707253502185915
    ],
    [
      2.0427669837377977e-05,
      -6.979561848938325e-08,
      -0.18552812432548513
    ],
    [
      -0.04233792615541195,
      0.18596455360778236,
      1.0
    ]
  ],
  "E": [
    [
      -0.000533332844451498,
      -0.20371118279140535,
      0.010781334413512434
    ],
    [
      0.22790732582594952,
      0.0022359306522028205,
      -0.6692688359902936
    ],
    [
      -0.011106534958515064,
      0.6770453631311679,
      0.001982461865601318
    ]
  ],
  "R": [
    [
      0.9993519485803638,
      -0.0007117063017902554,
      0.03598855849808452
    ],
    [
      0.0005846833760632126,
      0.999993563473021,
      0.0035399375528982193
    ],
    [
      -0.03599084625262128,
      -0.0035166015794592274,
      0.9993459323474286
    ]
  ],
  "t": [
    [
      -0.9574813130187966
    ],
    [
      -0.01627738435759511
    ],
    [
      -0.28803573038475017
    ]
  ]
}