{
  "image_1": "frame_005",
  "image_2": "frame_006",
  "num_matches": 500,
  "inlier_count": 417,
  "inlier_ratio": 0.834,
  "reproj_rmse": 0.2749,
  "F": [
    [
      -7.030360182234252e-09,
      1.330703201041527e-06,
      -0.0033782068557826886
    ],
    [
      -1.3760675726359637e-06,
      6.977763976515025e-08,
      0.01814295236006243
    ],
    [
      0.003530838958109631,
      -0.018405369550584638,
      1.0
    ]
  ],
  "E": [
    [
      0.0004175639973345232,
      -0.14510736619369669,
      0.031833775484522764
    ],
    [
      0.15663188303530662,
      -0.009153444132910492,
      -0.6888398745482226
    ],
    [
      -0.03394623737926657,
      0.6910480053911167,
      -0.010625007176282586
    ]
  ],
  "R": [
    [
      0.9998523482124236,
      0.006377722586530167,
      0.015956391468999825
    ],
    [
      -0.006143526621736492,
      0.9998733184330338,
      -0.014683465747608303
    ],
    [
      -0.01604801715947285,
      0.014583269191866267,
      0.9997648670587133
    ]
  ],
  "t": [
    [
      -0.9776812247916371
    ],
    [
      -0.04200702107296757
    ],
    [
      -0.20585148255599173
    ]
  ]
}