{
  "image_1": "frame_034",
  "image_2": "frame_035",
  "num_matches": 500,
  "inlier_count": 404,
  "inlier_ratio": 0.808,
  "reproj_rmse": 0.8438,
  "F": [
    [
      -1.2255636242962018e-08,
      -2.407186574906666e-06,
      0.004811646947262253
    ],
    [
      2.475406251504828e-06,
      6.644485997360945e-08,
      -0.0183473330272385
    ],
    [
      -0.004965934949136532,
      0.01812241706244704,
      1.0
    ]
  ],
  "E": [
    [
      -0.0007607546038874758,
      -0.21173494719309183,
      -0.018360308830814836
    ],
    [
      0.22071659393670304,
      0.009610965921526464,
      -0.6715402753800684
    ],
    [
      0.018053270437966035,
      0.6742496676417776,
      0.010842997655278335
    ]
  ],
  "R": [
    [
      0.9999059314724026,
      -0.004709668765363734,
      0.012882050552115554
    ],
    [
      0.004506038388768958,
      0.9998651624073447,
      0.015790903146233746
    ],
    [
      -0.012954683490754626,
      -0.015731370704911513,
      0.9997923285119763
    ]
  ],
  "t": [
    [
      -0.9537616394563249
    ],
    [
      0.021235490928794253
    ],
    [
      -0.2998129233815587
    ]
  ]
}