{
  "image_1": "frame_057",
  "image_2": "frame_058",
  "num_matches": 500,
  "inlier_count": 399,
  "inlier_ratio": 0.798,
  "reproj_rmse": 0.4213,
  "F": [
    [
      1.0908982343729437e-08,
      1.4224221275283553e-06,
      -0.004070368896386327
    ],
    [
      -1.3881503037839192e-06,
      7.058805198555298e-08,
      0.013608672548068817
    ],
    [
      0.0037835633511493754,
      -0.013868462223841523,
      0.9999999999999999
    ]
  ],
  "E": [
    [
      -0.0012149149529448926,
      -0.20717382270082826,
      0.09669449441402815
    ],
    [
      0.20085395752686203,
      -0.012031449934615534,
      -0.6713724392079118
    ],
    [
      -0.08629742892323297,
      0.6700568892758799,
      -0.00872952717253062
    ]
  ],
  "R": [
    [
      0.9998736806517586,
      -0.011150095778805477,
      -0.011326875298519723
    ],
    [
      0.010983886211423668,
      0.9998326206853427,
      -0.014631638909361616
    ],
    [
      0.01148812358913548,
      0.01450537754086096,
      0.9998287938636283
    ]
  ],
  "t": [
    [
      -0.9462850584461322
    ],
    [
      -0.13245361324081076
    ],
    [
      -0.29495868948219495
    ]
  ]
}