{
  "image_1": "frame_113",
  "image_2": "frame_114",
  "num_matches": 500,
  "inlier_count": 401,
  "inlier_ratio": 0.802,
  "reproj_rmse": 0.2082,
  "F": [
    [
      5.1373343662274024e-08,
      -6.249421366461264e-06,
      0.006104879376863652
    ],
    [
      7.095341323824953e-06,
      5.398275989028976e-08,
      -0.08958788724224635
    ],
    [
      -0.007723958084263307,
      0.08926676625199305,
      0.9999999999999999
    ]
  ],
  "E": [
    [
      0.002175091641457206,
      -0.14166386550937687,
      -0.0648261139566899
    ],
    [
      0.1669122731007525,
      -0.00035125160938008314,
      -0.6840535686736889
    ],
    [
      0.06587287305179913,
      0.6896307969794889,
      0.002281771973805347
    ]
  ],
  "R": [
    [
      0.9993228514185611,
      -0.0014802481203427947,
      0.036764758916365464
    ],
    [
      0.00148679370907763,
      0.9999988833663147,
      -0.00015070033212214937
    ],
    [
      -0.03676449478971397,
      0.00020525989787857982,
      0.9993239363645962
    ]
  ],
  "t": [
    [
      -0.9754221579752503
    ],
    [
      0.0917702009952046
    ],
    [
      -0.2003243468483188
    ]
  ]
}