{
  "image_1": "frame_108",
  "image_2": "frame_109",
  "num_matches": 500,
  "inlier_count": 348,
  "inlier_ratio": 0.696,
  "reproj_rmse": 0.7319,
  "F": [
    [
      1.5423810521277935e-08,
      -4.999978557738887e-07,
      -3.993601424502666e-05
    ],
    [
      8.165571062967905e-07,
      -8.088124526507907e-09,
      -0.024341435631718065
    ],
    [
      -0.0007139118062662965,
      0.024153241756507814,
      1.0
    ]
  ],
  "E": [
    [
      0.0007097026258333937,
      -0.11001973905404332,
      -0.007423818366076613
    ],
    [
      0.1377190245735847,
      0.003879502327607537,
      -0.6935205886290926
    ],
    [
      0.004130569057134495,
      0.6984678926700373,
      0.0036324164986790276
    ]
  ],
  "R": [
    [
      0.9992025552603108,
      0.0037632994466600574,
      0.03975036023156964
    ],
    [
      -0.003957499641134624,
      0.9999806107755483,
      0.004807938180909502
    ],
    [
      -0.03973149579181573,
      -0.004961416152249679,
      0.9991980747539047
    ]
  ],
  "t": [
    [
      -0.9877651950352092
    ],
    [
      0.009758368946007295
    ],
    [
      -0.15564284022263422
    ]
  ]
}