{
  "image_1": "frame_163",
  "image_2": "frame_164",
  "num_matches": 500,
  "inlier_count": 351,
  "inlier_ratio": 0.702,
  "reproj_rmse": 0.9357,
  "F": [
    [
      6.77365112348632e-08,
      -1.4474560147315055e-06,
      -0.0008844186389182104
    ],
    [
      1.883237811527339e-06,
      -1.4653431905939773e-08,
      -0.02964735108659267
    ],
    [
      -0.00029986444410205575,
      0.029592079441115214,
      1.0
    ]
  ],
  "E": [
    [
      0.006828352861527681,
      -0.08895898079315788,
      -0.11985119210038779
    ],
    [
      0.12444934634672573,
      0.00010977011817381222,
      -0.6856280174932793
    ],
    [
      0.11509191752898632,
      0.6919727398855491,
      0.005432553080580321
    ]
  ],
  "R": [
    [
      0.9986404102147366,
      0.007073468875453848,
      0.05164588196759402
    ],
    [
      -0.0070252527964727585,
      0.9999747009049936,
      -0.0011150664170473737
    ],
    [
      -0.05165246276111449,
      0.0007507250074176471,
      0.9986648384231193
    ]
  ],
  "t": [
    [
      -0.9774204469782586
    ],
    [
      0.169862119219845
    ],
    [
      -0.12568265704926965
    ]
  ]
}