{
  "image_1": "frame_072",
  "image_2": "frame_073",
  "num_matches": 500,
  "inlier_count": 432,
  "inlier_ratio": 0.864,
  "reproj_rmse": 0.9273,
  "F": [
    [
      -5.716820238812696e-09,
      8.312845944535751e-07,
      -0.0024000382664668483
    ],
    [
      -8.354881373861716e-07,
      6.445123602781486e-08,
      0.0070081380285892236
    ],
    [
      0.002365271632289336,
      -0.007255544464404965,
      1.0
    ]
  ],
  "E": [
    [
      0.0029777784624394174,
      -0.46003140254655833,
      0.11307635413581411
    ],
    [
      0.4645667143907334,
      -0.01569667601187267,
      -0.5240430687439549
    ],
    [
      -0.10001874700615056,
      0.5239493102984261,
      -0.01896297631559269
    ]
  ],
  "R": [
    [
      0.9999762853164983,
      0.006775721321457415,
      0.001232235850478658
    ],
    [
      -0.006727127360650703,
      0.9993328647103527,
      -0.03589667487767316
    ],
    [
      -0.0014746396477960944,
      0.03588753419188592,
      0.9993547469880429
    ]
  ],
  "t": [
    [
      -0.7423960932572691
    ],
    [
      -0.1364569114687351
    ],
    [
      -0.6559173362770325
    ]
  ]
}