{
  "image_1": "frame_190",
  "image_2": "frame_191",
  "num_matches": 500,
  "inlier_count": 369,
  "inlier_ratio": 0.738,
  "reproj_rmse": 0.64,
  "F": [
    [
      -2.4034489372066295e-08,
      -2.826611100896141e-06,
      0.009083912163917638
    ],
    [
      3.299724535894843e-06,
      -1.3303849113955739e-08,
      -0.044611981374307615
    ],
    [
      -0.010273790014471006,
      0.04454496174675601,
      1.0
    ]
  ],
  "E": [
    [
      -0.0015624983607448197,
      -0.11844577268313765,
      0.06496845425411488
    ],
    [
      0.14309563404214337,
      0.005874580297981728,
      -0.6893136516960789
    ],
    [
      -0.07067820951085428,
      0.693600300097796,
      0.002508046770229195
    ]
  ],
  "R": [
    [
      0.9993156530486806,
      0.006764273808675864,
      0.03636578297975332
    ],
    [
      -0.007025615093390752,
      0.9999503727526172,
      0.00706348104416709
    ],
    [
      -0.03631619892621993,
      -0.007314139166234638,
      0.9993135829477192
    ]
  ],
  "t": [
    [
      -0.9815775644178165
    ],
    [
      -0.09312162380204796
    ],
    [
      -0.16683479316994118
    ]
  ]
}