{
  "image_1": "frame_175",
  "image_2": "frame_176",
  "num_matches": 500,
  "inlier_count": 366,
  "inlier_ratio": 0.732,
  "reproj_rmse": 0.5522,
  "F": [
    [
      1.326671169500096e-07,
      -1.4324656762597291e-05,
      0.027730063423939078
    ],
    [
      1.615166806171269e-05,
      -9.144774838111169e-08,
      -0.15020381113207165
    ],
    [
      -0.032829166762983926,
      0.1506747114685662,
      1.0
    ]
  ],
  "E": [
    [
      0.0019954182708041427,
      -0.18907858341171704,
      -0.0064905981267570035
    ],
    [
      0.21868272030553906,
      0.0019682192346915056,
      -0.6724074250408489
    ],
    [
      0.000327297820788604,
      0.6813554481928678,
      0.00027300857423280463
    ]
  ],
  "R": [
    [
      0.9990031575766702,
      0.00904226175589528,
      0.04371416994729088
    ],
    [
      -0.009050199007485372,
      0.9999590459769367,
      -1.633460556474571e-05
    ],
    [
      -0.04371252737794573,
      -0.0003793036149330512,
      0.9990440786466833
    ]
  ],
  "t": [
    [
      -0.9635384577035829
    ],
    [
      0.009192247032483858
    ],
    [
      -0.26741193526223683
    ]
  ]
}