{
  "image_1": "frame_007",
  "image_2": "frame_008",
  "num_matches": 500,
  "inlier_count": 383,
  "inlier_ratio": 0.766,
  "reproj_rmse": 0.296,
  "F": [
    [
      7.028741162802308e-08,
      -4.678983498751558e-05,
      0.09609926549864652
    ],
    [
      5.0778715092209284e-05,
      -1.4641026034908725e-07,
      -0.42336802501983123
    ],
    [
      -0.10514653166243774,
      0.42406794975953066,
      1.0
    ]
  ],
  "E": [
    [
      -0.0002975461196584869,
      -0.2762771056999033,
      0.02974147680327446
    ],
    [
      0.29775867613712215,
      0.0014447948801862831,
      -0.6406515773194276
    ],
    [
      -0.031694338790905004,
      0.6501422400239478,
      -0.0003055260295227896
    ]
  ],
  "R": [
    [
      0.9994412678323957,
      0.002511549545505365,
      0.033329330513138855
    ],
    [
      -0.002548647684988803,
      0.9999961790548594,
      0.001070640303346769
    ],
    [
      -0.03332651419742827,
      -0.0011549868232239129,
      0.9994438500770749
    ]
  ],
  "t": [
    [
      -0.9195502345059259
    ],
    [
      -0.04250270181885869
    ],
    [
      -0.3906672325114993
    ]
  ]
}