{
  "image_1": "frame_107",
  "image_2": "frame_108",
  "num_matches": 500,
  "inlier_count": 346,
  "inlier_ratio": 0.692,
  "reproj_rmse": 0.4813,
  "F": [
    [
      -9.856422809959403e-09,
      -7.148775797936251e-06,
      0.016990940987546888
    ],
    [
      8.065871375630902e-06,
      -8.940558656482753e-09,
      -0.08167335023186195
    ],
    [
      -0.019137597622371813,
      0.08161235651964963,
      1.0
    ]
  ],
  "E": [
    [
      0.00017190263284224712,
      -0.14606924388728815,
      0.00867988266480744
    ],
    [
      0.17132794128996529,
      0.002757830058214038,
      -0.6859704609243207
    ],
    [
      -0.011544478843432411,
      0.6917625204061029,
      0.0018450182175231869
    ]
  ],
  "R": [
    [
      0.9993204324287259,
      0.003357298362539585,
      0.036706973154559064
    ],
    [
      -0.0034753341575124233,
      0.9999889924994017,
      0.0031522900446370457
    ],
    [
      -0.0366959859243253,
      -0.003277716848170441,
      0.9993211001421439
    ]
  ],
  "t": [
    [
      -0.9783541343262221
    ],
    [
      -0.012935041244318884
    ],
    [
      -0.20653298176029022
    ]
  ]
}