{
  "image_1": "frame_062",
  "image_2": "frame_063",
  "num_matches": 500,
  "inlier_count": 354,
  "inlier_ratio": 0.708,
  "reproj_rmse": 0.3381,
  "F": [
    [
      3.4612893994406525e-08,
      1.0450716739006002e-06,
      -0.005791736573682849
    ],
    [
      -1.6506961085050468e-06,
      3.1702805972933224e-07,
      0.05031929512190669
    ],
    [
      0.007282954067931715,
      -0.05091629755642527,
      1.0
    ]
  ],
  "E": [
    [
      -0.0022927117987996994,
      -0.022245548713095618,
      0.07076344639193559
    ],
    [
      0.04751914402979004,
      -0.0039164553800556945,
      -0.7019491168277932
    ],
    [
      -0.07704007290718097,
      0.7024986135477429,
      -0.006853359202978148
    ]
  ],
  "R": [
    [
      0.9993325868704315,
      0.009341270872732496,
      0.03531460713831461
    ],
    [
      -0.00912795029603361,
      0.9999391370869669,
      -0.006196986781099753
    ],
    [
      -0.03537034552056848,
      0.005870500852075621,
      0.9993570312343337
    ]
  ],
  "t": [
    [
      -0.9944771628245632
    ],
    [
      -0.09994027929331732
    ],
    [
      -0.032048606758805324
    ]
  ]
}