{
  "image_1": "frame_020",
  "image_2": "frame_021",
  "num_matches": 500,
  "inlier_count": 394,
  "inlier_ratio": 0.788,
  "reproj_rmse": 0.3721,
  "F": [
    [
      6.088378658912866e-09,
      6.635942353140943e-06,
      -0.013550754953669744
    ],
    [
      -6.911378963862043e-06,
      1.391083476931137e-07,
      0.03988330165538653
    ],
    [
      0.014088205753716273,
      -0.040691442375776786,
      1.0
    ]
  ],
  "E": [
    [
      -0.00027328734611943665,
      -0.30276810937514265,
      0.01203566777440778
    ],
    [
      0.3220212845123655,
      0.0006066004998115507,
      -0.6294053336971587
    ],
    [
      -0.01248685541211669,
      0.6388907969458597,
      0.00013509574942895846
    ]
  ],
  "R": [
    [
      0.9995387005490798,
      0.00030502969735674533,
      0.03036927825189706
    ],
    [
      -0.00032933331808664666,
      0.9999996295415708,
      0.000795271203102227
    ],
    [
      -0.030369024420007995,
      -0.0008049059601092047,
      0.9995384307179849
    ]
  ],
  "t": [
    [
      -0.9035336628600534
    ],
    [
      -0.01736952909024572
    ],
    [
      -0.4281649443122106
    ]
  ]
}