{
  "image_1": "frame_214",
  "image_2": "frame_215",
  "num_matches": 500,
  "inlier_count": 413,
  "inlier_ratio": 0.826,
  "reproj_rmse": 0.2816,
  "F": [
    [
      1.2964685846643071e-09,
      6.622008198116314e-07,
      -0.003888545961476497
    ],
    [
      -6.09895654912208e-07,
      6.456889703041646e-08,
      -0.0363247658524905
    ],
    [
      0.0036853210985953095,
      0.0361014072370511,
      1.0
    ]
  ],
  "E": [
    [
      9.682891915343312e-06,
      0.0005411433323960034,
      -0.054209523595241935
    ],
    [
      -8.993552568051114e-05,
      0.004144006888218261,
      -0.7050134064183936
    ],
    [
      0.05260331327481113,
      0.7051351479931782,
      0.004155118254379227
    ]
  ],
  "R": [
    [
      0.9999973803626551,
      0.0022800688470321767,
      0.0002013799398997275
    ],
    [
      -0.002281213228189402,
      0.9999801218860113,
      0.005878086342131891
    ],
    [
      -0.00018797349529745314,
      -0.005878530334260106,
      0.9999827036239548
    ]
  ],
  "t": [
    [
      -0.9970567031234606
    ],
    [
      0.07666701883920446
    ],
    [
      0.00031460909781414576
    ]
  ]
}