{
  "image_1": "frame_040",
  "image_2": "frame_041",
  "num_matches": 500,
  "inlier_count": 390,
  "inlier_ratio": 0.78,
  "reproj_rmse": 0.1899,
  "F": [
    [
      -1.177037994948776e-07,
      -1.5929059437387776e-06,
      0.013456794631602396
    ],
    [
      2.121165699506066e-06,
      1.745614369522422e-07,
      -0.050650716278566967
    ],
    [
      -0.014362963711439684,
      0.04967307468627188,
      1.0
    ]
  ],
  "E": [
    [
      -0.004817234677045684,
      -0.10968772343565852,
      0.13461944888832045
    ],
    [
      0.13454743265274216,
      0.0047123922467448304,
      -0.6808358066626338
    ],
    [
      -0.13710060259808296,
      0.6851009473758678,
      -0.0007101566123212615
    ]
  ],
  "R": [
    [
      0.999287148995169,
      0.0023558902411895677,
      0.03767815858397336
    ],
    [
      -0.002599116129528234,
      0.9999760928567307,
      0.006407675891620029
    ],
    [
      -0.03766216202573727,
      -0.006501038083128852,
      0.9992693821264559
    ]
  ],
  "t": [
    [
      -0.9693533943393136
    ],
    [
      -0.19150658522300248
    ],
    [
      -0.1538805533492649
    ]
  ]
}