{
  "image_1": "frame_022",
  "image_2": "frame_023",
  "num_matches": 500,
  "inlier_count": 368,
  "inlier_ratio": 0.736,
  "reproj_rmse": 0.5973,
  "F": [
    [
      -3.1295146328702666e-08,
      1.5007732256098943e-06,
      -0.000359996674167109
    ],
    [
      -1.7996423816613428e-06,
      1.4800330886007266e-07,
      0.03210109696662419
    ],
    [
      0.0010595096573673612,
      -0.03255489233203908,
      1.0
    ]
  ],
  "E": [
    [
      0.0025795958414611673,
      -0.04133540597973965,
      -0.07286311839470648
    ],
    [
      0.06427047498104473,
      -0.007331252458224436,
      -0.7003116235856838
    ],
    [
      0.07156294423455142,
      0.7022879090763103,
      -0.005032127500238425
    ]
  ],
  "R": [
    [
      0.9994254543609693,
      0.002835136830616175,
      0.03377459362482731
    ],
    [
      -0.00247516601345342,
      0.9999397425632109,
      -0.010695082787194063
    ],
    [
      -0.03380288047750372,
      0.010605340247761347,
      0.9993722489791542
    ]
  ],
  "t": [
    [
      -0.9929508506221081
    ],
    [
      0.1037225978646143
    ],
    [
      -0.05736053469980335
    ]
  ]
}