{
  "image_1": "frame_036",
  "image_2": "frame_037",
  "num_matches": 500,
  "inlier_count": 393,
  "inlier_ratio": 0.786,
  "reproj_rmse": 0.806,
  "F": [
    [
      -6.799775132622362e-10,
      -9.123542711633275e-07,
      0.0016641978453804883
    ],
    [
      1.220104383941424e-06,
      -4.0168603118294255e-08,
      -0.04253784461799543
    ],
    [
      -0.0022134354018238235,
      0.04243532058154424,
      0.9999999999999999
    ]
  ],
  "E": [
    [
      0.00046760318518171336,
      0.07385789199560029,
      -0.017248304406868493
    ],
    [
      -0.059076568511036695,
      0.003813425598257532,
      -0.7044033838995488
    ],
    [
      0.018586469791700172,
      0.7029910070369768,
      0.004094616852296668
    ]
  ],
  "R": [
    [
      0.9997812576405302,
      -0.001457250752908805,
      0.020864162838778372
    ],
    [
      0.0013469299418151018,
      0.9999850443270237,
      0.005300651093206224
    ],
    [
      -0.020871575178978086,
      -0.005271389050640672,
      0.9997682680536649
    ]
  ],
  "t": [
    [
      -0.9942306464119032
    ],
    [
      0.024951536587323457
    ],
    [
      0.1043208634804208
    ]
  ]
}