{
  "image_1": "frame_013",
  "image_2": "frame_014",
  "num_matches": 500,
  "inlier_count": 383,
  "inlier_ratio": 0.766,
  "reproj_rmse": 0.2882,
  "F": [
    [
      3.7602617772046e-07,
      1.690495021830108e-05,
      -0.06508850478670782
    ],
    [
      -1.9406047834601196e-05,
      -4.889014927689325e-07,
      0.24837473909435276
    ],
    [
      0.06899530268255458,
      -0.24606605375559454,
      1.0
    ]
  ],
  "E": [
    [
      -0.0032838691477437183,
      -0.17314348609156666,
      0.08621327315630986
    ],
    [
      0.19739194905583984,
      0.00029639233305861045,
      -0.673477280130806
    ],
    [
      -0.08562912171758166,
      0.6802230741063809,
      -0.0025937759019370853
    ]
  ],
  "R": [
    [
      0.9993545921495183,
      -0.0010752547545450492,
      0.035906029812312834
    ],
    [
      0.0010490885583932658,
      0.9999991702732355,
      0.0007475734330883305
    ],
    [
      -0.035906803852006675,
      -0.0007094223382723142,
      0.9993548909957262
    ]
  ],
  "t": [
    [
      -0.9618501140605585
    ],
    [
      -0.12218579088529906
    ],
    [
      -0.24477538803446805
    ]
  ]
}