{
  "image_1": "frame_098",
  "image_2": "frame_099",
  "num_matches": 500,
  "inlier_count": 428,
  "inlier_ratio": 0.856,
  "reproj_rmse": 0.5033,
  "F": [
    [
      6.217321812880973e-09,
      1.0378063652448261e-06,
      -0.0022797455291869357
    ],
    [
      -8.753056313173997e-07,
      6.846867642353776e-08,
      -0.017790392203445818
    ],
    [
      0.002035244767347123,
      0.017259617112026993,
      1.0
    ]
  ],
  "E": [
    [
      -0.0009389781995616461,
      -0.018021127775762622,
      0.030643894406887456
    ],
    [
      0.03798750998155573,
      0.003685979593235678,
      -0.7054059721624459
    ],
    [
      -0.028285714606210766,
      0.7063089447443313,
      0.0029460159485305863
    ]
  ],
  "R": [
    [
      0.9995873564993984,
      -0.0036292783807082424,
      0.02849464976060994
    ],
    [
      0.0034764123856619727,
      0.9999793098411456,
      0.005412434438477156
    ],
    [
      -0.02851370343307491,
      -0.00531114187923079,
      0.9995792917465174
    ]
  ],
  "t": [
    [
      -0.9987345082745596
    ],
    [
      -0.04349200092330619
    ],
    [
      -0.025255253656636747
    ]
  ]
}