{
  "image_1": "frame_024",
  "image_2": "frame_025",
  "num_matches": 500,
  "inlier_count": 349,
  "inlier_ratio": 0.698,
  "reproj_rmse": 0.3314,
  "F": [
    [
      -1.0784444177545538e-07,
      4.9681283706362935e-05,
      -0.09358437123345766
    ],
    [
      -4.632611904569374e-05,
      4.980352529198656e-07,
      -0.3462018068756008
    ],
    [
      0.08477480396518293,
      0.33779219853574927,
      1.0
    ]
  ],
  "E": [
    [
      -0.0002893254885183395,
      0.0630380065195166,
      0.005537498809133638
    ],
    [
      -0.03796757593196659,
      -0.00897209706057012,
      -0.7060012654785967
    ],
    [
      -0.007058479658440994,
      0.7042033587664847,
      -0.009134949012725397
    ]
  ],
  "R": [
    [
      0.9993714433340054,
      0.0014754299484733644,
      0.03541950528979511
    ],
    [
      -0.0010278284378018084,
      0.9999194315919632,
      -0.012652031200859927
    ],
    [
      -0.03543531878238325,
      0.012607673507520659,
      0.9992924420566377
    ]
  ],
  "t": [
    [
      -0.9959874116993102
    ],
    [
      -0.008964127939638206
    ],
    [
      0.08904336104837096
    ]
  ]
}