{
  "image_1": "frame_151",
  "image_2": "frame_152",
  "num_matches": 500,
  "inlier_count": 425,
  "inlier_ratio": 0.85,
  "reproj_rmse": 0.4179,
  "F": [
    [
      -5.246629707536334e-09,
      5.467353227141853e-06,
      -0.01017441782706288
    ],
    [
      -4.946908873471534e-06,
      -1.1530402027248481e-07,
      -0.1008479116369847
    ],
    [
      0.009093132656379205,
      0.10034196778741472,
      1.0
    ]
  ],
  "E": [
    [
      0.0001688002560407038,
      0.17323960709758499,
      -0.013711038240298828
    ],
    [
      -0.16309808583166366,
      -0.0012380709977684666,
      -0.6879082164878176
    ],
    [
      0.013288865387278031,
      0.6854211670000266,
      -0.0010072841519603378
    ]
  ],
  "R": [
    [
      0.9998904130245271,
      0.00019729932675036782,
      0.01480280428217115
    ],
    [
      -0.00017127742865207657,
      0.9999984380256624,
      -0.001759150442122162
    ],
    [
      -0.014803128239768565,
      0.001756422275889723,
      0.9998888850142827
    ]
  ],
  "t": [
    [
      -0.9693296833064806
    ],
    [
      0.018961395876936876
    ],
    [
      0.24503148884858864
    ]
  ]
}