{
  "image_1": "frame_010",
  "image_2": "frame_011",
  "num_matches": 500,
  "inlier_count": 421,
  "inlier_ratio": 0.842,
  "reproj_rmse": 0.2703,
  "F": [
    [
      -8.405307986017121e-08,
      -6.213500532738547e-06,
      0.015470320144230554
    ],
    [
      6.6234291875281565e-06,
      7.886960447043901e-08,
      -0.07708036424589478
    ],
    [
      -0.01553922994857149,
      0.0769080959984888,
      1.0
    ]
  ],
  "E": [
    [
      -0.0030975188253608093,
      -0.19557386494392828,
      0.03554145922150724
    ],
    [
      0.21359836089957504,
      0.0036676928771081792,
      -0.6730321616507117
    ],
    [
      -0.03001724355573685,
      0.6789271909217407,
      0.004990546523236174
    ]
  ],
  "R": [
    [
      0.9995749294610795,
      -0.010918834060806862,
      0.02703219294896858
    ],
    [
      0.010683373490556057,
      0.9999038594546761,
      0.008839534971064354
    ],
    [
      -0.02712611147472077,
      -0.00854698253162786,
      0.9995954797646223
    ]
  ],
  "t": [
    [
      -0.959664601206514
    ],
    [
      -0.05272566042681256
    ],
    [
      -0.2761591170388894
    ]
  ]
}