{
  "image_1": "frame_038",
  "image_2": "frame_039",
  "num_matches": 500,
  "inlier_count": 392,
  "inlier_ratio": 0.784,
  "reproj_rmse": 0.2055,
  "F": [
    [
      -9.091512879746645e-09,
      -6.103617943337586e-07,
      0.002210265264204248
    ],
    [
      8.372538054004375e-07,
      1.716041553771956e-08,
      -0.0223507701868059
    ],
    [
      -0.0027070262290083014,
      0.022045006862936423,
      0.9999999999999999
    ]
  ],
  "E": [
    [
      -0.001590752364481517,
      -0.02344454437064173,
      0.05019285100481482
    ],
    [
      0.0463948907204994,
      0.005526253259231022,
      -0.7037592130602289
    ],
    [
      -0.05277844058181427,
      0.7047475784516875,
      0.003705685254578547
    ]
  ],
  "R": [
    [
      0.9994453130375205,
      0.003162053741505119,
      0.03315218942194339
    ],
    [
      -0.0034166889288636676,
      0.9999650772492684,
      0.0076269599859998035
    ],
    [
      -0.03312691479893615,
      -0.007736000129297716,
      0.9994212134119946
    ]
  ],
  "t": [
    [
      -0.9969237689554566
    ],
    [
      -0.071273342461229
    ],
    [
      -0.03260536069500911
    ]
  ]
}