{
  "image_1": "frame_192",
  "image_2": "frame_193",
  "num_matches": 500,
  "inlier_count": 360,
  "inlier_ratio": 0.72,
  "reproj_rmse": 0.4881,
  "F": [
    [
      -2.3798507685599203e-08,
      1.987279978970945e-06,
      -0.0029725277097975068
    ],
    [
      -1.8210514193388933e-06,
      2.0440544776805986e-08,
      -0.011007713712965128
    ],
    [
      0.002639160220376457,
      0.010474129215824069,
      1.0
    ]
  ],
  "E": [
    [
      -0.0029762147728324005,
      0.31949027485509285,
      0.028555963072176633
    ],
    [
      -0.29349659563447367,
      3.387657955003731e-05,
      -0.6427217483765137
    ],
    [
      -0.031328111414384734,
      0.629990798423301,
      0.0005550639895175506
    ]
  ],
  "R": [
    [
      0.9991444280048893,
      0.005645653559122582,
      0.040969971719209186
    ],
    [
      -0.005760397480041923,
      0.9999798090008306,
      0.002683171916611892
    ],
    [
      -0.04095399623546314,
      -0.002916879591711004,
      0.9991567754891086
    ]
  ],
  "t": [
    [
      -0.8911808608713089
    ],
    [
      -0.03920462644099307
    ],
    [
      0.4519509602626093
    ]
  ]
}