{
  "image_1": "frame_137",
  "image_2": "frame_138",
  "num_matches": 500,
  "inlier_count": 375,
  "inlier_ratio": 0.75,
  "reproj_rmse": 0.4386,
  "F": [
    [
      2.2350173654587785e-09,
      8.83716201093844e-06,
      -0.02372503218610885
    ],
    [
      -8.6726712183959e-06,
      -9.966621067929801e-08,
      -0.023510763081375324
    ],
    [
      0.023113670777805757,
      0.023226559653751987,
      1.0
    ]
  ],
  "E": [
    [
      0.0002695627324405009,
      0.5017798023078033,
      -0.10393245595363987
    ],
    [
      -0.4942192128743374,
      -0.004137770059410715,
      -0.49547798702064605
    ],
    [
      0.09977714404180002,
      0.48753487492688385,
      -0.0010402167964635842
    ]
  ],
  "R": [
    [
      0.9998593488648284,
      0.002884919460276872,
      0.01652149288983712
    ],
    [
      -0.0027933195549577072,
      0.9999806156479668,
      -0.005564682756208167
    ],
    [
      -0.01653722629297677,
      0.005517750268095298,
      0.9998480257411692
    ]
  ],
  "t": [
    [
      -0.6890790985725568
    ],
    [
      0.14305112866013076
    ],
    [
      0.710426893142071
    ]
  ]
}