{
  "image_1": "frame_099",
  "image_2": "frame_100",
  "num_matches": 500,
  "inlier_count": 429,
  "inlier_ratio": 0.858,
  "reproj_rmse": 0.1904,
  "F": [
    [
      4.6350007837882557e-08,
      1.460663732678255e-05,
      -0.02749819581314257
    ],
    [
      -1.073903319815022e-05,
      -2.1394446077150662e-07,
      -0.5205066412275304
    ],
    [
      0.02169148238502358,
      0.5161948830292863,
      1.0
    ]
  ],
  "E": [
    [
      0.00015252117331597114,
      0.050170987041473596,
      7.063693137077397e-05
    ],
    [
      -0.03248205895744527,
      -0.0024113447359303945,
      -0.7063561695855681
    ],
    [
      0.0019828354214943074,
      0.7053174047260373,
      -0.0025166867250817687
    ]
  ],
  "R": [
    [
      0.9996810412708499,
      -0.0030743664308532565,
      0.02506718960470286
    ],
    [
      0.0031645617082383883,
      0.9999886585251866,
      -0.003559265400737346
    ],
    [
      -0.025055962819737744,
      0.0036374568103245434,
      0.9996794324357827
    ]
  ],
  "t": [
    [
      -0.9974796677737804
    ],
    [
      -0.00035254573357610005
    ],
    [
      0.070952012581845
    ]
  ]
}