{
  "image_1": "frame_212",
  "image_2": "frame_213",
  "num_matches": 500,
  "inlier_count": 428,
  "inlier_ratio": 0.856,
  "reproj_rmse": 0.2693,
  "F": [
    [
      -5.107368391206363e-07,
      4.54404984481616e-05,
      -0.0932797420442315
    ],
    [
      -4.553860354074431e-05,
      -1.1627063377645239e-07,
      -0.048619586265688984
    ],
    [
      0.09536977420745822,
      0.04964844877803031,
      1.0
    ]
  ],
  "E": [
    [
      0.0072196675396181895,
      -0.5831955674261573,
      0.037459864147591296
    ],
    [
      0.5835903726623312,
      0.0021116138376487494,
      0.396746809384531
    ],
    [
      -0.03996618137216425,
      -0.39851686667416125,
      -0.004935960080523816
    ]
  ],
  "R": [
    [
      0.9999227780595747,
      0.012240748197489947,
      -0.002145227537583616
    ],
    [
      -0.012212678764423009,
      0.9998454955413378,
      0.012642607448357886
    ],
    [
      0.0022996510646992596,
      -0.012615432186885593,
      0.9999177778576189
    ]
  ],
  "t": [
    [
      -0.5628988632305884
    ],
    [
      0.06340011460614456
    ],
    [
      0.8240905867934901
    ]
  ]
}