{
  "image_1": "frame_146",
  "image_2": "frame_147",
  "num_matches": 500,
  "inlier_count": 407,
  "inlier_ratio": 0.814,
  "reproj_rmse": 0.4363,
  "F": [
    [
      -1.1046958316445353e-08,
      4.473692918465609e-08,
      0.0002589496649920103
    ],
    [
      2.7698364220560567e-07,
      2.8493339808726595e-08,
      -0.009771946325033448
    ],
    [
      -0.0007886287019612994,
      0.009327001748171084,
      1.0
    ]
  ],
  "E": [
    [
      -0.0039911852921463535,
      0.055305915042990816,
      0.038429440736906385
    ],
    [
      0.02488549781535766,
      0.010376146516764835,
      -0.7055781900292649
    ],
    [
      -0.033438007208463606,
      0.7040771901212508,
      0.006178968176956124
    ]
  ],
  "R": [
    [
      0.993442740451063,
      -0.007575975761814062,
      0.11407947245818717
    ],
    [
      0.005912558753569434,
      0.9998713209311936,
      0.014912519180054158
    ],
    [
      -0.1141777697017568,
      -0.014140232337776833,
      0.9933596985661165
    ]
  ],
  "t": [
    [
      -0.9954380988146575
    ],
    [
      -0.05352504716434732
    ],
    [
      0.07898139498840608
    ]
  ]
}