{
  "image_1": "frame_037",
  "image_2": "frame_038",
  "num_matches": 500,
  "inlier_count": 368,
  "inlier_ratio": 0.736,
  "reproj_rmse": 0.2654,
  "F": [
    [
      -4.70368062388388e-09,
      -3.682827801633957e-06,
      0.008515115243915019
    ],
    [
      3.991834406786328e-06,
      1.9227012167101315e-07,
      -0.04267723529414518
    ],
    [
      -0.009226543090677318,
      0.04203458358882558,
      1.0
    ]
  ],
  "E": [
    [
      -0.0003832102295369325,
      -0.4053541551998947,
      0.0390901058998468
    ],
    [
      0.42202405139750077,
      0.0030369601062237464,
      -0.5658903848159055
    ],
    [
      -0.0418185255494761,
      0.5779831340601191,
      0.0010404729730934576
    ]
  ],
  "R": [
    [
      0.9995653669793807,
      0.001892076784225559,
      0.029419333452998075
    ],
    [
      -0.0020067850826548245,
      0.9999904977483022,
      0.003870042213497897
    ],
    [
      -0.0294117314860603,
      -0.0039273984448765925,
      0.9995596658491415
    ]
  ],
  "t": [
    [
      -0.8175081964516353
    ],
    [
      -0.05752476489922827
    ],
    [
      -0.5730368663163683
    ]
  ]
}