{
  "image_1": "frame_170",
  "image_2": "frame_171",
  "num_matches": 500,
  "inlier_count": 364,
  "inlier_ratio": 0.728,
  "reproj_rmse": 0.3291,
  "F": [
    [
      3.860594158438282e-08,
      -4.528662297101507e-06,
      0.0038070010045280905
    ],
    [
      4.0167016028256595e-06,
      1.6422392401346713e-07,
      0.038240938182073504
    ],
    [
      -0.0028995772018140654,
      -0.03779582088181212,
      1.0
    ]
  ],
  "E": [
    [
      -0.0017946042364582926,
      0.24664368921154212,
      0.07770000752026585
    ],
    [
      -0.22215097593736918,
      -0.008078572448071778,
      -0.6663391032692716
    ],
    [
      -0.07817237108166884,
      0.658370726955029,
      -0.011803605333140562
    ]
  ],
  "R": [
    [
      0.9993663116503256,
      -0.0038752004877448537,
      0.035383017954995544
    ],
    [
      0.004357909161174095,
      0.9998983524844799,
      -0.013575467821245815
    ],
    [
      -0.035326813699606496,
      0.01372106118354216,
      0.999281616319359
    ]
  ],
  "t": [
    [
      -0.9307270048721262
    ],
    [
      -0.11468112321943631
    ],
    [
      0.34726860263906617
    ]
  ]
}