{
  "image_1": "frame_018",
  "image_2": "frame_019",
  "num_matches": 500,
  "inlier_count": 403,
  "inlier_ratio": 0.806,
  "reproj_rmse": 0.3522,
  "F": [
    [
      9.34456623439331e-09,
      -9.934077810617351e-08,
      -0.001185832742734209
    ],
    [
      3.1886637896950146e-07,
      1.6530204207614706e-08,
      -0.03156583389697129
    ],
    [
      0.0008135467576482512,
      0.03125409842068203,
      1.0
    ]
  ],
  "E": [
    [
      0.000478499310316671,
      -0.019043722300501522,
      -0.02354284264212875
    ],
    [
      0.03421203862666762,
      0.003145523274069344,
      -0.7058818424864209
    ],
    [
      0.024264429671060895,
      0.7064212261584006,
      0.0036874746907272172
    ]
  ],
  "R": [
    [
      0.9997718818836069,
      -0.0012393415508743857,
      0.021322481737157166
    ],
    [
      0.0011433919443792143,
      0.999989169318162,
      0.004511529810783224
    ],
    [
      -0.02132784212649344,
      -0.004486120695248055,
      0.9997624707255893
    ]
  ],
  "t": [
    [
      -0.9990824212643112
    ],
    [
      0.03318031176203764
    ],
    [
      -0.027081034544776027
    ]
  ]
}