{
  "image_1": "frame_120",
  "image_2": "frame_121",
  "num_matches": 500,
  "inlier_count": 408,
  "inlier_ratio": 0.816,
  "reproj_rmse": 0.3017,
  "F": [
    [
      3.6011468122636548e-09,
      2.0221789277883164e-06,
      -0.004559713983578892
    ],
    [
      -2.175553499950561e-06,
      6.178899210968636e-08,
      0.02494397186071811
    ],
    [
      0.004798393242326511,
      -0.025207139866574215,
      1.0
    ]
  ],
  "E": [
    [
      -0.0008733018683231758,
      -0.2535946190767396,
      0.04053120532272848
    ],
    [
      0.27022008727504065,
      -0.005435556271338922,
      -0.6522862703604284
    ],
    [
      -0.03859264784715315,
      0.6587779360190483,
      -0.006530476342320169
    ]
  ],
  "R": [
    [
      0.9996911986877643,
      0.0005281198506509252,
      0.024844080897554688
    ],
    [
      -0.00031790677323252636,
      0.9999641250876405,
      -0.00846448303164719
    ],
    [
      -0.02484765987984444,
      0.008453971086588661,
      0.9996555027465025
    ]
  ],
  "t": [
    [
      -0.9317147931789609
    ],
    [
      -0.054298815095215086
    ],
    [
      -0.3591088732553704
    ]
  ]
}