{
  "image_1": "frame_208",
  "image_2": "frame_209",
  "num_matches": 500,
  "inlier_count": 343,
  "inlier_ratio": 0.686,
  "reproj_rmse": 0.3715,
  "F": [
    [
      8.933906706845623e-09,
      -1.4934792923498975e-06,
      0.0035769458231859836
    ],
    [
      1.2445664959462326e-06,
      1.9996539931639602e-07,
      0.017659521267589868
    ],
    [
      -0.0027722988935870523,
      -0.017922870673920354,
      1.0
    ]
  ],
  "E": [
    [
      -0.0020638154265215365,
      0.2008936646782516,
      -0.007326251857798079
    ],
    [
      -0.16956046706938635,
      -0.02074885051827865,
      -0.6861600067164563
    ],
    [
      -0.005456010046442798,
      0.6776507010929729,
      -0.018620951817061474
    ]
  ],
  "R": [
    [
      0.998880338315717,
      0.01193115361047007,
      0.04577900501105914
    ],
    [
      -0.010674937385110463,
      0.9995623806093619,
      -0.027587913700914485
    ],
    [
      -0.04608812686694039,
      0.0270683365589486,
      0.9985705732284667
    ]
  ],
  "t": [
    [
      -0.9587322902580127
    ],
    [
      0.0025212667296085115
    ],
    [
      0.2842992065249288
    ]
  ]
}