{
  "image_1": "frame_178",
  "image_2": "frame_179",
  "num_matches": 500,
  "inlier_count": 394,
  "inlier_ratio": 0.788,
  "reproj_rmse": 0.4431,
  "F": [
    [
      1.728298167918895e-08,
      -1.4593465869231223e-06,
      0.0024780676773192424
    ],
    [
      1.64506801991856e-06,
      1.6746228924493088e-08,
      -0.02398101045691504
    ],
    [
      -0.0031338540567791492,
      0.023857029861981287,
      1.0
    ]
  ],
  "E": [
    [
      0.001428104486472043,
      -0.13342947290054127,
      -0.004753285075796807
    ],
    [
      0.15155833774877053,
      0.006286312703813111,
      -0.6906343990850963
    ],
    [
      -0.003079275823071515,
      0.6943724425738194,
      0.0049041764149108024
    ]
  ],
  "R": [
    [
      0.9996090549173713,
      0.009765581479635174,
      0.026198678317123553
    ],
    [
      -0.0099499981250719,
      0.9999265663385006,
      0.006918053758608048
    ],
    [
      -0.02612919563458807,
      -0.007176025979644633,
      0.9996328174818135
    ]
  ],
  "t": [
    [
      -0.9820101247543709
    ],
    [
      0.005418363551418603
    ],
    [
      -0.18875051315514185
    ]
  ]
}