{
  "image_1": "frame_216",
  "image_2": "frame_217",
  "num_matches": 500,
  "inlier_count": 387,
  "inlier_ratio": 0.774,
  "reproj_rmse": 0.4389,
  "F": [
    [
      1.1036187611995914e-08,
      2.015876992095345e-06,
      -0.009903825858902865
    ],
    [
      -1.97253365813972e-06,
      3.0655098160303107e-08,
      -0.059245316855272366
    ],
    [
      0.010031551442482913,
      0.058994043697147315,
      0.9999999999999999
    ]
  ],
  "E": [
    [
      0.00014126451782307706,
      0.016116423753387756,
      -0.02616258896092778
    ],
    [
      -0.013593036448050417,
      0.003075248887574968,
      -0.7064826060715137
    ],
    [
      0.028514827969236795,
      0.706343420748412,
      0.00312024722085565
    ]
  ],
  "R": [
    [
      0.9999889510638488,
      -0.0032469592379735096,
      0.003399265498677872
    ],
    [
      0.003232363056250055,
      0.999985570988172,
      0.004290646167201767
    ],
    [
      -0.0034131480038452865,
      -0.004279611099910402,
      0.9999850175625321
    ]
  ],
  "t": [
    [
      -0.9990553136524513
    ],
    [
      0.03709715683994716
    ],
    [
      0.022633630225723792
    ]
  ]
}