{
  "image_1": "frame_133",
  "image_2": "frame_134",
  "num_matches": 500,
  "inlier_count": 413,
  "inlier_ratio": 0.826,
  "reproj_rmse": 0.4971,
  "F": [
    [
      2.6187432596627244e-08,
      1.5067629431073515e-07,
      -0.0025493449873169806
    ],
    [
      7.718703854767305e-08,
      6.710443951207988e-09,
      -0.019216917423068
    ],
    [
      0.002014272622020773,
      0.01895610956332004,
      1.0
    ]
  ],
  "E": [
    [
      0.003192024431049052,
      0.009864830355218982,
      -0.08069771697290494
    ],
    [
      0.018338165815145434,
      0.0019198567429977384,
      -0.7022345443608194
    ],
    [
      0.07889080886335222,
      0.7026075541722672,
      0.005090206811233993
    ]
  ],
  "R": [
    [
      0.9992033599612749,
      0.002500841252178046,
      0.03982952717683188
    ],
    [
      -0.0026090788164778306,
      0.9999930431576615,
      0.0026657726851071085
    ],
    [
      -0.039822583414791037,
      -0.0027675673994794195,
      0.9992029335529702
    ]
  ],
  "t": [
    [
      -0.9933583186116228
    ],
    [
      0.11425121908299253
    ],
    [
      0.013634873785242854
    ]
  ]
}