{
  "image_1": "frame_145",
  "image_2": "frame_146",
  "num_matches": 500,
  "inlier_count": 374,
  "inlier_ratio": 0.748,
  "reproj_rmse": 0.4563,
  "F": [
    [
      -5.681183984055338e-09,
      8.270381596709589e-08,
      -2.1005259840104774e-07
    ],
    [
      2.566280123947453e-07,
      6.118015600407008e-09,
      -0.011641556608151062
    ],
    [
      -0.000795047492096379,
      0.011243288926910294,
      1.0
    ]
  ],
  "E": [
    [
      -0.002741609939679333,
      0.06218503148232225,
      0.020000087760831467
    ],
    [
      0.006784925400447932,
      0.0029676082959446794,
      -0.7067895553179562
    ],
    [
      -0.028824939272539995,
      0.7037666116101265,
      0.0009293893337584651
    ]
  ],
  "R": [
    [
      0.9951338034103591,
      0.012436498617121892,
      0.0977448045278061
    ],
    [
      -0.012896381687133886,
      0.9999085365858972,
      0.004074530896803036
    ],
    [
      -0.09768519155640909,
      -0.005315257735573701,
      0.9952031709082281
    ]
  ],
  "t": [
    [
      -0.9957163269968414
    ],
    [
      -0.028060027860623605
    ],
    [
      0.08810011911672119
    ]
  ]
}