{
  "image_1": "frame_056",
  "image_2": "frame_057",
  "num_matches": 500,
  "inlier_count": 384,
  "inlier_ratio": 0.768,
  "reproj_rmse": 0.2449,
  "F": [
    [
      4.545299889684868e-09,
      9.712757698551537e-07,
      -0.0018724154309483609
    ],
    [
      -9.502454803152452e-07,
      1.1050721189755444e-07,
      0.01080473000762974
    ],
    [
      0.0017257589172099143,
      -0.011207911342596431,
      1.0
    ]
  ],
  "E": [
    [
      -0.0003557884727683831,
      -0.11096690137809445,
      0.024848995780259318
    ],
    [
      0.10645775643817487,
      -0.011913810792152724,
      -0.6985658935700757
    ],
    [
      -0.019789117752298316,
      0.6979119914447491,
      -0.011246785551011525
    ]
  ],
  "R": [
    [
      0.9999645885873469,
      -0.0047601985067158015,
      -0.006939890598196385
    ],
    [
      0.004646249236527733,
      0.9998556302401184,
      -0.01634414406347964
    ],
    [
      0.007016690058021774,
      0.016311320832856278,
      0.9998423410084801
    ]
  ],
  "t": [
    [
      -0.9869840400276789
    ],
    [
      -0.0325729658521818
    ],
    [
      -0.1574849409506636
    ]
  ]
}