{
  "image_1": "frame_117",
  "image_2": "frame_118",
  "num_matches": 500,
  "inlier_count": 439,
  "inlier_ratio": 0.878,
  "reproj_rmse": 0.3804,
  "F": [
    [
      -1.90798775118551e-08,
      -1.2323333330901278e-06,
      0.004912172460892679
    ],
    [
      1.441280449807702e-06,
      4.459854725134387e-08,
      -0.02445605466587729
    ],
    [
      -0.005394567935955581,
      0.024137248712352396,
      1.0
    ]
  ],
  "E": [
    [
      -0.0019480623607481284,
      -0.08512102602461166,
      0.07562469030270524
    ],
    [
      0.10450833747862831,
      0.0065507568786867,
      -0.6951226762659493
    ],
    [
      -0.0784848876698642,
      0.6976351113901038,
      0.004056585260530189
    ]
  ],
  "R": [
    [
      0.9995801682624564,
      0.0027491722394439727,
      0.02884318408909177
    ],
    [
      -0.0030090665595569055,
      0.9999552317488911,
      0.008971065514297978
    ],
    [
      -0.028817229825913337,
      -0.00905409023699064,
      0.9995436912487322
    ]
  ],
  "t": [
    [
      -0.9869463229559914
    ],
    [
      -0.10806997661362408
    ],
    [
      -0.11940617973278818
    ]
  ]
}