{
  "image_1": "frame_198",
  "image_2": "frame_199",
  "num_matches": 500,
  "inlier_count": 393,
  "inlier_ratio": 0.786,
  "reproj_rmse": 0.3398,
  "F": [
    [
      -7.537779524614232e-09,
      2.6320396867212485e-07,
      -1.5996238641532344e-05
    ],
    [
      1.8970889347926564e-07,
      -3.8745029571448654e-08,
      -0.03664229296654422
    ],
    [
      -0.0010534759181655177,
      0.03621004152806296,
      0.9999999999999999
    ]
  ],
  "E": [
    [
      -0.0010834129538746797,
      0.036208174616012175,
      0.02276830633531587
    ],
    [
      -0.008297893438434921,
      -0.0008436737676913834,
      -0.7066890076992663
    ],
    [
      -0.02636565647742065,
      0.7056857899564413,
      -0.0017017996713222846
    ]
  ],
  "R": [
    [
      0.9992079163399886,
      0.0050798416419884015,
      0.039468153394737235
    ],
    [
      -0.005038982361636135,
      0.9999866605162425,
      -0.0011346569227875698
    ],
    [
      -0.0394733907874318,
      0.0009348788507760545,
      0.9992201846546522
    ]
  ],
  "t": [
    [
      -0.9981677199088026
    ],
    [
      -0.03228248986939344
    ],
    [
      0.051176594063053665
    ]
  ]
}