{
  "image_1": "frame_127",
  "image_2": "frame_128",
  "num_matches": 500,
  "inlier_count": 402,
  "inlier_ratio": 0.804,
  "reproj_rmse": 0.4826,
  "F": [
    [
      -4.539221068488429e-09,
      -1.0687084302744915e-06,
      0.002919618089489811
    ],
    [
      1.1888622121225423e-06,
      7.66717201865042e-08,
      -0.020869071422146456
    ],
    [
      -0.003199913247528845,
      0.020549454784591734,
      1.0
    ]
  ],
  "E": [
    [
      -0.0008416726736488557,
      -0.18621194033137448,
      0.040756446375225006
    ],
    [
      0.20072864699449497,
      0.007432434737609023,
      -0.676625950422228
    ],
    [
      -0.04314163467738109,
      0.6808751166594496,
      0.0064252797752497835
    ]
  ],
  "R": [
    [
      0.9997567236835079,
      0.0003082122854256575,
      0.022054442972011923
    ],
    [
      -0.0005469924686549374,
      0.9999412947478126,
      0.010821638383714336
    ],
    [
      -0.02204981289847785,
      -0.010831069349595724,
      0.9996982013027162
    ]
  ],
  "t": [
    [
      -0.9629780028058776
    ],
    [
      -0.06049946123476072
    ],
    [
      -0.26270359971326374
    ]
  ]
}