{
  "image_1": "frame_209",
  "image_2": "frame_210",
  "num_matches": 500,
  "inlier_count": 397,
  "inlier_ratio": 0.794,
  "reproj_rmse": 0.4065,
  "F": [
    [
      -1.1625175488752805e-08,
      -1.9016072531345924e-06,
      0.003203828706342048
    ],
    [
      1.909728561908427e-06,
      7.649966309045359e-08,
      0.005583682880558587
    ],
    [
      -0.0030312047629065847,
      -0.005912459789327038,
      1.0
    ]
  ],
  "E": [
    [
      0.002623364770180074,
      0.48304299216080965,
      0.01035520916177602
    ],
    [
      -0.4852060678687128,
      -0.015142435429108415,
      -0.5134398805308862
    ],
    [
      -0.024279277729649724,
      0.5161221390123986,
      -0.017580587365333616
    ]
  ],
  "R": [
    [
      0.9999720122145405,
      -0.005317946392449374,
      -0.005262531118167102
    ],
    [
      0.005134242899128186,
      0.9993974917385982,
      -0.0343262735590585
    ],
    [
      0.005441905682332104,
      0.03429829372965412,
      0.999396824444514
    ]
  ],
  "t": [
    [
      -0.7301443080991998
    ],
    [
      -0.03808588801875186
    ],
    [
      0.6822307193934936
    ]
  ]
}