{
  "image_1": "frame_141",
  "image_2": "frame_142",
  "num_matches": 500,
  "inlier_count": 396,
  "inlier_ratio": 0.792,
  "reproj_rmse": 0.3765,
  "F": [
    [
      2.218540277242119e-08,
      -6.725565748674699e-06,
      0.015267135696018907
    ],
    [
      7.019298790570874e-06,
      6.439544713133747e-08,
      -0.05884338899209059
    ],
    [
      -0.016255126917163125,
      0.05872457736548311,
      0.9999999999999999
    ]
  ],
  "E": [
    [
      0.000698010684219225,
      -0.3256299006877323,
      0.057151834634249984
    ],
    [
      0.3378714351034471,
      0.0047994553215185524,
      -0.6183676127370487
    ],
    [
      -0.06225951763121027,
      0.6247083925146537,
      0.001696829645302107
    ]
  ],
  "R": [
    [
      0.9997807425873033,
      0.00568043055852166,
      0.02015439059488222
    ],
    [
      -0.005774376902466766,
      0.9999727193558792,
      0.004606204011581266
    ],
    [
      -0.020127675548099466,
      -0.004721573114739842,
      0.9997862688716783
    ]
  ],
  "t": [
    [
      -0.8839664567811634
    ],
    [
      -0.0829620887832116
    ],
    [
      -0.4601310629706303
    ]
  ]
}