{
  "image_1": "frame_094",
  "image_2": "frame_095",
  "num_matches": 500,
  "inlier_count": 415,
  "inlier_ratio": 0.83,
  "reproj_rmse": 0.1905,
  "F": [
    [
      3.7177910289883834e-09,
      -8.673297807371512e-07,
      0.001193761245886573
    ],
    [
      1.0616143379284677e-06,
      5.540540834446228e-08,
      -0.019367751950642838
    ],
    [
      -0.0015810474017898591,
      0.019064346448233148,
      1.0
    ]
  ],
  "E": [
    [
      0.0004881629846938178,
      -0.12879763814623468,
      -0.022261302947002834
    ],
    [
      0.1502391128051302,
      0.006571645518028482,
      -0.6906110119958108
    ],
    [
      0.02183891710255287,
      0.694855778807981,
      0.007438106058063451
    ]
  ],
  "R": [
    [
      0.9995298047893564,
      -0.0015048728118947155,
      0.030625229722751335
    ],
    [
      0.0012059261929216226,
      0.9999514711657114,
      0.00977757922734384
    ],
    [
      -0.030638457529198415,
      -0.00973605008973109,
      0.9994831135386341
    ]
  ],
  "t": [
    [
      -0.9827668741832457
    ],
    [
      0.029713719687546103
    ],
    [
      -0.18244551479941204
    ]
  ]
}