{
  "image_1": "frame_074",
  "image_2": "frame_075",
  "num_matches": 500,
  "inlier_count": 385,
  "inlier_ratio": 0.77,
  "reproj_rmse": 0.6745,
  "F": [
    [
      1.3503501793404146e-08,
      1.1096302481848012e-08,
      -0.0005258964411411395
    ],
    [
      1.9751657396182078e-07,
      4.550742905119578e-08,
      -0.00779187577296098
    ],
    [
      0.00013477987937975415,
      0.007442151389762429,
      1.0
    ]
  ],
  "E": [
    [
      0.006920141194334921,
      0.026149944840680173,
      -0.06829815782950745
    ],
    [
      0.0438302894711692,
      0.010450652542310965,
      -0.7022860746613692
    ],
    [
      0.07323134706081119,
      0.7026368969878344,
      0.01749781099970251
    ]
  ],
  "R": [
    [
      0.9951745813465697,
      -0.007924172223778975,
      0.09779959169775593
    ],
    [
      0.006459677714156786,
      0.9998623568766503,
      0.015282011153610497
    ],
    [
      -0.09790722754479955,
      -0.01457651520898415,
      0.995088790007632
    ]
  ],
  "t": [
    [
      -0.9945890142845695
    ],
    [
      0.09761105391428004
    ],
    [
      0.03556367273204454
    ]
  ]
}