{
  "image_1": "frame_169",
  "image_2": "frame_170",
  "num_matches": 500,
  "inlier_count": 345,
  "inlier_ratio": 0.69,
  "reproj_rmse": 0.6731,
  "F": [
    [
      -3.828268349026461e-08,
      2.651175045954494e-06,
      -0.0017166473399759007
    ],
    [
      -3.6028293202198712e-06,
      1.3535255251131917e-07,
      0.07860864714917891
    ],
    [
      0.003419100685572057,
      -0.07862615155289251,
      1.0
    ]
  ],
  "E": [
    [
      0.0005553809504731398,
      -0.1480469379636837,
      -0.022343258264750396
    ],
    [
      0.17379291593218008,
      -0.005420279632015686,
      -0.6849940551720671
    ],
    [
      0.024961321702867544,
      0.6910077293599067,
      -0.004196692129745699
    ]
  ],
  "R": [
    [
      0.9992884177729088,
      -0.00193620547505427,
      0.037668411345252645
    ],
    [
      0.0022146162100209477,
      0.9999705303769838,
      -0.007350772246254384
    ],
    [
      -0.03765306866590254,
      0.007428962641739226,
      0.9992632570719829
    ]
  ],
  "t": [
    [
      -0.9773255082332517
    ],
    [
      0.03315983472299509
    ],
    [
      -0.20912980733926914
    ]
  ]
}