{
  "image_1": "frame_015",
  "image_2": "frame_016",
  "num_matches": 500,
  "inlier_count": 368,
  "inlier_ratio": 0.736,
  "reproj_rmse": 0.3311,
  "F": [
    [
      7.464703707925912e-10,
      -3.5344059509185058e-06,
      0.0072630352235789715
    ],
    [
      9.265117240660954e-07,
      7.062248894868269e-07,
      0.24162894391094308
    ],
    [
      -0.0018335303390472376,
      -0.24103857881903507,
      1.0
    ]
  ],
  "E": [
    [
      -0.0002966370706580051,
      0.03864882413714649,
      0.005959828904973077
    ],
    [
      -0.014746881867209093,
      -0.004789918606042725,
      -0.7069093694216025
    ],
    [
      -0.007801601633910245,
      0.7059914415168868,
      -0.004960840093756382
    ]
  ],
  "R": [
    [
      0.9994272645022488,
      0.0024663928164484067,
      0.03374996112629718
    ],
    [
      -0.0022405122184404377,
      0.9999748503543764,
      -0.006728949675927837
    ],
    [
      -0.033765708559878,
      0.006649478567309408,
      0.999407655243961
    ]
  ],
  "t": [
    [
      -0.9984694896076571
    ],
    [
      -0.008801088443472433
    ],
    [
      0.05460054179982846
    ]
  ]
}