{
  "image_1": "frame_023",
  "image_2": "frame_024",
  "num_matches": 500,
  "inlier_count": 367,
  "inlier_ratio": 0.734,
  "reproj_rmse": 0.3387,
  "F": [
    [
      1.4907769693234614e-09,
      2.010355359075738e-06,
      -0.004914136519847792
    ],
    [
      -2.1197267931643052e-06,
      5.957516581581749e-08,
      0.011341764751524843
    ],
    [
      0.00506614440431783,
      -0.011659709939613471,
      1.0
    ]
  ],
  "E": [
    [
      -0.001465640399748151,
      -0.27094937916217665,
      0.07127181295082098
    ],
    [
      0.29643106226388405,
      -0.007854543472694774,
      -0.6383687770462135
    ],
    [
      -0.07005146507302136,
      0.6488536482728887,
      -0.011772248600041856
    ]
  ],
  "R": [
    [
      0.9992675042982175,
      0.004588316136770132,
      0.037992133509986536
    ],
    [
      -0.004051894130865097,
      0.9998911883771601,
      -0.014184271559102277
    ],
    [
      -0.03805308144636699,
      0.014019941538364285,
      0.9991773637506491
    ]
  ],
  "t": [
    [
      -0.9181553403521153
    ],
    [
      -0.09541735653913079
    ],
    [
      -0.384559877072447
    ]
  ]
}