{
  "image_1": "frame_025",
  "image_2": "frame_026",
  "num_matches": 500,
  "inlier_count": 352,
  "inlier_ratio": 0.704,
  "reproj_rmse": 0.6277,
  "F": [
    [
      -2.0004624230875303e-08,
      -1.072261399920614e-05,
      0.02183789151376588
    ],
    [
      9.979301285748254e-06,
      8.718832902861407e-08,
      0.09782007116274402
    ],
    [
      -0.02019635594530555,
      -0.09700193264147845,
      1.0
    ]
  ],
  "E": [
    [
      0.0008767524483853295,
      0.1606272096980142,
      -0.02799567651570204
    ],
    [
      -0.1436088611006266,
      -0.006424795735301969,
      -0.6918343221043111
    ],
    [
      0.027373646119391335,
      0.6879902190887149,
      -0.005916300719518039
    ]
  ],
  "R": [
    [
      0.9996855526763908,
      -0.0010902674533869658,
      0.02505208747747681
    ],
    [
      0.0013301903514269242,
      0.9999533954741674,
      -0.00956229435399587
    ],
    [
      -0.02504049447850487,
      0.009592611561174635,
      0.9996404130684735
    ]
  ],
  "t": [
    [
      -0.9730512554908941
    ],
    [
      0.03742960784215676
    ],
    [
      0.22753083009644456
    ]
  ]
}