{
  "image_1": "frame_153",
  "image_2": "frame_154",
  "num_matches": 500,
  "inlier_count": 418,
  "inlier_ratio": 0.836,
  "reproj_rmse": 0.5544,
  "F": [
    [
      -1.46170748783843e-07,
      1.9719595775982875e-05,
      -0.034939810523325066
    ],
    [
      -1.7499893898660533e-05,
      -5.73312240362975e-07,
      -0.3199693794239991
    ],
    [
      0.02845219079634265,
      0.3183234667541989,
      1.0
    ]
  ],
  "E": [
    [
      -0.0007282588496890166,
      0.12547874226193528,
      -0.0032140564658512264
    ],
    [
      -0.10777675287376959,
      -0.005111135641697756,
      -0.6988220067489515
    ],
    [
      -0.0019608580820322445,
      0.6958644152909255,
      -0.004352700730837678
    ]
  ],
  "R": [
    [
      0.9996574282710926,
      0.006451572349057605,
      0.025365396047573735
    ],
    [
      -0.006292573763666378,
      0.9999600831338668,
      -0.006343158073021835
    ],
    [
      -0.025405306883684697,
      0.00618137146072019,
      0.999658122074247
    ]
  ],
  "t": [
    [
      -0.9841181074652016
    ],
    [
      0.0034207355371730446
    ],
    [
      0.17748196845734707
    ]
  ]
}