{
  "image_1": "frame_102",
  "image_2": "frame_103",
  "num_matches": 500,
  "inlier_count": 419,
  "inlier_ratio": 0.838,
  "reproj_rmse": 0.2871,
  "F": [
    [
      2.065201233447986e-07,
      -1.0194521850563683e-05,
      0.008201611438468962
    ],
    [
      1.2144827652528661e-05,
      -2.811201448387881e-07,
      -0.2399341398685357
    ],
    [
      -0.014673815842721578,
      0.2400296586541946,
      1.0
    ]
  ],
  "E": [
    [
      0.0020797974673387324,
      -0.11239743087317565,
      -0.027042715285436815
    ],
    [
      0.1325490001280419,
      -0.0019437132431255255,
      -0.6940205489400361
    ],
    [
      0.01967609624018201,
      0.697853424088864,
      -0.002663727209507716
    ]
  ],
  "R": [
    [
      0.9995108881398198,
      0.011497705518146033,
      0.029082421800229602
    ],
    [
      -0.01135784786390473,
      0.999923148010761,
      -0.004969644267926811
    ],
    [
      -0.02913732626458493,
      0.004636899833653579,
      0.9995646629298593
    ]
  ],
  "t": [
    [
      -0.9865406058805642
    ],
    [
      0.03905028022578126
    ],
    [
      -0.15878510182979147
    ]
  ]
}