{
  "image_1": "frame_003",
  "image_2": "frame_004",
  "num_matches": 500,
  "inlier_count": 395,
  "inlier_ratio": 0.79,
  "reproj_rmse": 0.6804,
  "F": [
    [
      3.1302911758216744e-09,
      1.1980207898344178e-06,
      -0.0028641586792981727
    ],
    [
      -1.2978070167201736e-06,
      8.370651069168445e-08,
      0.023696649328193608
    ],
    [
      0.0029917853047436776,
      -0.023938406719615318,
      1.0
    ]
  ],
  "E": [
    [
      1.4175113355757794e-08,
      -0.04761586432493124,
      -0.004157732925981646
    ],
    [
      0.04735918721715795,
      -0.0075591870806918406,
      -0.7054630946901177
    ],
    [
      0.004647016519677534,
      0.7054491158137233,
      -0.007561816161410363
    ]
  ],
  "R": [
    [
      0.9999999555242807,
      2.6239141228188816e-05,
      -0.00029709080062739757
    ],
    [
      -2.942143085822406e-05,
      0.9999425754557433,
      -0.01071657246110885
    ],
    [
      0.00029679254666582777,
      0.010716580725318166,
      0.9999425317545715
    ]
  ],
  "t": [
    [
      -0.9977128271416639
    ],
    [
      0.006601228219259518
    ],
    [
      -0.06727212158825835
    ]
  ]
}