{
  "image_1": "frame_116",
  "image_2": "frame_117",
  "num_matches": 500,
  "inlier_count": 438,
  "inlier_ratio": 0.876,
  "reproj_rmse": 0.2589,
  "F": [
    [
      3.0296783141925535e-08,
      -2.652728741928532e-06,
      0.006169378476878702
    ],
    [
      2.589444120448765e-06,
      8.233779288523103e-08,
      -0.02147454821592902
    ],
    [
      -0.006355817545008146,
      0.021169796277185068,
      1.0
    ]
  ],
  "E": [
    [
      0.0033093061108036576,
      -0.3082659046234186,
      0.026853216953569223
    ],
    [
      0.3023794171224097,
      0.007150387033708574,
      -0.6385003079916792
    ],
    [
      -0.035153305705202635,
      0.6354667043549682,
      0.0043948599247022055
    ]
  ],
  "R": [
    [
      0.9999108515211127,
      0.009959547288765497,
      -0.008893617268925291
    ],
    [
      -0.009901845410835212,
      0.9999297930450894,
      0.0065086433505144765
    ],
    [
      0.00895781601637402,
      -0.006419999891520079,
      0.9999392687226607
    ]
  ],
  "t": [
    [
      -0.8991552538671591
    ],
    [
      -0.040814623929361034
    ],
    [
      -0.435722383997643
    ]
  ]
}