{
  "image_1": "frame_087",
  "image_2": "frame_088",
  "num_matches": 500,
  "inlier_count": 415,
  "inlier_ratio": 0.83,
  "reproj_rmse": 0.2548,
  "F": [
    [
      -1.93453063200452e-10,
      -6.681547792606977e-07,
      0.002302171165922822
    ],
    [
      7.120249380636208e-07,
      9.383077821089305e-08,
      -0.01151965036384452
    ],
    [
      -0.002499946406182927,
      0.011134021136860557,
      1.0
    ]
  ],
  "E": [
    [
      0.001111834672202232,
      -0.2915810678518336,
      0.07412277139327085
    ],
    [
      0.2999156499418434,
      0.01233346724950542,
      -0.6353781070974397
    ],
    [
      -0.08373037538838027,
      0.6392097417059784,
      0.008850950647582935
    ]
  ],
  "R": [
    [
      0.9998569637316141,
      0.007647431529057697,
      0.015085385921688399
    ],
    [
      -0.007884021399712102,
      0.9998458719802586,
      0.015686761635377855
    ],
    [
      -0.014963097405510328,
      -0.015803451364960003,
      0.9997631502715971
    ]
  ],
  "t": [
    [
      -0.9049696784478789
    ],
    [
      -0.11129375118872871
    ],
    [
      -0.4106623698810057
    ]
  ]
}