{
  "image_1": "frame_174",
  "image_2": "frame_175",
  "num_matches": 500,
  "inlier_count": 413,
  "inlier_ratio": 0.826,
  "reproj_rmse": 0.3257,
  "F": [
    [
      -1.539516251937802e-09,
      5.680569921515726e-08,
      -5.6403551244869996e-06
    ],
    [
      1.1796831264873242e-07,
      2.8962710220188706e-08,
      -0.01636433002075325
    ],
    [
      -0.0004543433761738747,
      0.016069421770302787,
      0.9999999999999999
    ]
  ],
  "E": [
    [
      -0.00046465692426039904,
      -0.03927887241275712,
      0.02372399105038712
    ],
    [
      0.06204445945153634,
      0.006083555901328977,
      -0.7039426156748494
    ],
    [
      -0.02978484042910097,
      0.7053808629762063,
      0.004805953384635714
    ]
  ],
  "R": [
    [
      0.9994362228398133,
      0.007887907156116501,
      0.032634604278040366
    ],
    [
      -0.008150562564781978,
      0.9999353936697017,
      0.007923182220315995
    ],
    [
      -0.03256999855028126,
      -0.008184705695089202,
      0.9994359438138692
    ]
  ],
  "t": [
    [
      -0.9978919044912291
    ],
    [
      -0.03400791777477803
    ],
    [
      -0.055273940328983
    ]
  ]
}