{
  "image_1": "frame_021",
  "image_2": "frame_022",
  "num_matches": 500,
  "inlier_count": 404,
  "inlier_ratio": 0.808,
  "reproj_rmse": 0.3824,
  "F": [
    [
      7.788485533627333e-07,
      -4.895480932558544e-06,
      -0.07411851365958955
    ],
    [
      -4.4060033574578246e-05,
      8.234097484538023e-06,
      5.309407491016763
    ],
    [
      0.18113601240938462,
      -5.287464121177547,
      1.0
    ]
  ],
  "E": [
    [
      -0.00047509699268227264,
      -0.023121189202005697,
      0.016987729628296866
    ],
    [
      0.04539521652733648,
      -0.003318957551090792,
      -0.7054383072001528
    ],
    [
      -0.018565607700519685,
      0.7064709949268769,
      -0.003963211367177425
    ]
  ],
  "R": [
    [
      0.999503161427557,
      0.0025441409243743274,
      0.031415882022887365
    ],
    [
      -0.002392651550631817,
      0.9999853339451419,
      -0.00485871517793857
    ],
    [
      -0.031427782531962274,
      0.004781133921989606,
      0.9994945899020884
    ]
  ],
  "t": [
    [
      -0.9991762626632085
    ],
    [
      -0.023876916542687095
    ],
    [
      -0.032812939319673676
    ]
  ]
}