{
  "image_1": "frame_204",
  "image_2": "frame_205",
  "num_matches": 500,
  "inlier_count": 379,
  "inlier_ratio": 0.758,
  "reproj_rmse": 0.22,
  "F": [
    [
      -8.082175670365804e-09,
      1.2730535661899008e-06,
      -0.0013933143917371949
    ],
    [
      -1.094384729391331e-06,
      1.061141140033521e-07,
      -0.02555956664246867
    ],
    [
      0.0010560316744304531,
      0.024891735342168105,
      1.0
    ]
  ],
  "E": [
    [
      -0.0008214654065338626,
      0.0027839075782587013,
      0.037101320231320116
    ],
    [
      0.012731381821187198,
      0.0014871809412374684,
      -0.7060162599319446
    ],
    [
      -0.03761757403117959,
      0.706099350230527,
      0.0006585892431017936
    ]
  ],
  "R": [
    [
      0.9997558845443785,
      0.000693085618726233,
      0.022083725935908755
    ],
    [
      -0.0007394878763138865,
      0.9999975360421757,
      0.002093099916005449
    ],
    [
      -0.022082220825089104,
      -0.002108919605559172,
      0.9997539337164566
    ]
  ],
  "t": [
    [
      -0.9986141067402109
    ],
    [
      -0.05247362997750963
    ],
    [
      0.004047712493993755
    ]
  ]
}