{
  "image_1": "frame_091",
  "image_2": "frame_092",
  "num_matches": 500,
  "inlier_count": 408,
  "inlier_ratio": 0.816,
  "reproj_rmse": 0.5008,
  "F": [
    [
      -2.8423877533549538e-08,
      1.4115755302374828e-06,
      0.00011052924865286861
    ],
    [
      -1.6767297559100575e-06,
      8.301987637109671e-08,
      0.027528169074332982
    ],
    [
      0.0003661462801330832,
      -0.027780996730424834,
      1.0
    ]
  ],
  "E": [
    [
      0.0018707830831961102,
      -0.19288852784509525,
      -0.06101548207184155
    ],
    [
      0.21441611296021262,
      -0.008707629927428812,
      -0.6707613311875722
    ],
    [
      0.06425039816369166,
      0.6774416932675608,
      -0.0064350423535344415
    ]
  ],
  "R": [
    [
      0.9994516939199778,
      -0.0007773647049339749,
      0.033101468617005914
    ],
    [
      0.0011949924662299771,
      0.9999199194284766,
      -0.012598679421043514
    ],
    [
      -0.033089024063770456,
      0.012631327494135227,
      0.9993725862020845
    ]
  ],
  "t": [
    [
      -0.9581937454857419
    ],
    [
      0.08976797048971143
    ],
    [
      -0.2716734392357179
    ]
  ]
}