{
  "image_1": "frame_063",
  "image_2": "frame_064",
  "num_matches": 500,
  "inlier_count": 373,
  "inlier_ratio": 0.746,
  "reproj_rmse": 0.6263,
  "F": [
    [
      -9.734875057910321e-09,
      3.149011283598071e-06,
      -0.008471987075826866
    ],
    [
      -3.2682111991738505e-06,
      -3.0578106396439615e-08,
      0.021962781615588456
    ],
    [
      0.00875329667562902,
      -0.02198446115703016,
      1.0
    ]
  ],
  "E": [
    [
      5.12795615147746e-05,
      -0.29708117948701623,
      0.07370638636530201
    ],
    [
      0.31777252853742655,
      -0.004558289242153241,
      -0.6277250848163878
    ],
    [
      -0.07524974975925802,
      0.6368063181072683,
      -0.00929446890286469
    ]
  ],
  "R": [
    [
      0.999475956627069,
      0.007957133193635488,
      0.03137668171977731
    ],
    [
      -0.007611673616189932,
      0.9999092644764187,
      -0.011114190883181288
    ],
    [
      -0.03146227183733008,
      0.010869537504693334,
      0.999445835753628
    ]
  ],
  "t": [
    [
      -0.9014545343765027
    ],
    [
      -0.09960983885514585
    ],
    [
      -0.42125716902540034
    ]
  ]
}