{
  "image_1": "frame_112",
  "image_2": "frame_113",
  "num_matches": 500,
  "inlier_count": 401,
  "inlier_ratio": 0.802,
  "reproj_rmse": 0.2451,
  "F": [
    [
      1.445938161257425e-07,
      4.4252251652553314e-06,
      -0.021863480222958354
    ],
    [
      -5.344932861685249e-06,
      -6.72084820885819e-08,
      0.0965367748750169
    ],
    [
      0.02314144965524495,
      -0.09597254724467472,
      1.0
    ]
  ],
  "E": [
    [
      -0.00320011582380804,
      -0.1265735090794092,
      0.0880911001591206
    ],
    [
      0.1495037842442324,
      -0.0005920589952561195,
      -0.6854841708068483
    ],
    [
      -0.08657210471848667,
      0.6902634076255515,
      -0.0032066251129925514
    ]
  ],
  "R": [
    [
      0.9994441352083996,
      -0.0021131070951807968,
      0.033270938909787745
    ],
    [
      0.0021275826007328136,
      0.9999976568203832,
      -0.00039968239905434355
    ],
    [
      -0.03327001637828872,
      0.0004702469004152811,
      0.9994462891411627
    ]
  ],
  "t": [
    [
      -0.9759189147985594
    ],
    [
      -0.12457704070967267
    ],
    [
      -0.17906097471649912
    ]
  ]
}