{
  "image_1": "frame_179",
  "image_2": "frame_180",
  "num_matches": 500,
  "inlier_count": 385,
  "inlier_ratio": 0.77,
  "reproj_rmse": 0.1809,
  "F": [
    [
      -1.3255590910170164e-08,
      1.4113358023838705e-06,
      -0.00257303278975734
    ],
    [
      -1.2996106367880209e-06,
      1.779615949371157e-08,
      -0.011684513704407677
    ],
    [
      0.0023155068512681954,
      0.011365282496936776,
      1.0
    ]
  ],
  "E": [
    [
      -0.0022849892213852633,
      0.24175194018642157,
      0.012511551369700112
    ],
    [
      -0.22312348233154977,
      0.004611243468090949,
      -0.6708880940361293
    ],
    [
      -0.015675532505347242,
      0.6642402068855559,
      0.00610556356780677
    ]
  ],
  "R": [
    [
      0.999571971422497,
      0.007991256552278773,
      0.028142739121462923
    ],
    [
      -0.008264927614806456,
      0.9999195553020086,
      0.009621532942085224
    ],
    [
      -0.028063587049146965,
      -0.009850012352747723,
      0.9995576083140908
    ]
  ],
  "t": [
    [
      -0.939568240551071
    ],
    [
      -0.01440925475726141
    ],
    [
      0.3420583206488404
    ]
  ]
}