{
  "image_1": "frame_061",
  "image_2": "frame_062",
  "num_matches": 500,
  "inlier_count": 395,
  "inlier_ratio": 0.79,
  "reproj_rmse": 0.2447,
  "F": [
    [
      -2.032084375933409e-08,
      3.870008320072196e-07,
      0.0008877564415262528
    ],
    [
      -1.8745096179045262e-07,
      5.169212329118345e-08,
      -0.017001854472594946
    ],
    [
      -0.0012686807990638924,
      0.016560354844089034,
      0.9999999999999999
    ]
  ],
  "E": [
    [
      -0.0024564573716465807,
      0.01205447781413026,
      0.0686993047802379
    ],
    [
      0.012069314028781902,
      0.006510400333704462,
      -0.7036349469130526
    ],
    [
      -0.07091702193606261,
      0.7034153899526149,
      0.004053876057236597
    ]
  ],
  "R": [
    [
      0.9993754685474433,
      0.0029882135739951327,
      0.035209990701708674
    ],
    [
      -0.003313904813447774,
      0.9999522316496863,
      0.009195240817913987
    ],
    [
      -0.03518083143511021,
      -0.009306180658475629,
      0.9993376326853133
    ]
  ],
  "t": [
    [
      -0.9951171397423743
    ],
    [
      -0.09705470446130819
    ],
    [
      0.017951672147304303
    ]
  ]
}