{
  "image_1": "frame_009",
  "image_2": "frame_010",
  "num_matches": 500,
  "inlier_count": 374,
  "inlier_ratio": 0.748,
  "reproj_rmse": 0.3662,
  "F": [
    [
      6.842625462622795e-09,
      3.228943190483901e-07,
      -0.0010171999331935286
    ],
    [
      -1.941712412682608e-07,
      1.0152422494790693e-07,
      -0.01270080144105256
    ],
    [
      0.0008819075370275388,
      0.012173116478879375,
      1.0
    ]
  ],
  "E": [
    [
      0.0012766006997087453,
      0.15188196651415511,
      0.005560152277547277
    ],
    [
      -0.1721952377743256,
      -0.0061123639538100795,
      0.6857817058385595
    ],
    [
      -0.010175564974098468,
      -0.6904701178586836,
      -0.007854202611676995
    ]
  ],
  "R": [
    [
      0.999524812699794,
      -0.009475022694990627,
      0.029332111113424653
    ],
    [
      0.009149581582887374,
      0.9998953111699119,
      0.011209453924375576
    ],
    [
      -0.029435250199359442,
      -0.01093575079059822,
      0.9995068661096567
    ]
  ],
  "t": [
    [
      -0.976626154928381
    ],
    [
      0.0054572945477415254
    ],
    [
      -0.21487571162424343
    ]
  ]
}