{
  "image_1": "frame_068",
  "image_2": "frame_069",
  "num_matches": 500,
  "inlier_count": 358,
  "inlier_ratio": 0.716,
  "reproj_rmse": 0.3989,
  "F": [
    [
      9.125602678253371e-10,
      3.5005999566526553e-07,
      -0.0007569082333568255
    ],
    [
      -1.928936953023019e-07,
      5.374174047346119e-08,
      -0.0060633649881732254
    ],
    [
      0.0004415002967445527,
      0.005619589255351787,
      1.0
    ]
  ],
  "E": [
    [
      -0.0002312529899114185,
      -0.05857918171279442,
      0.004440472109830289
    ],
    [
      0.12179673531558169,
      0.011341878658432478,
      -0.6964252042692373
    ],
    [
      -0.00839743342596187,
      0.7045549637584774,
      0.0104568765899659
    ]
  ],
  "R": [
    [
      0.9959176956398405,
      0.002907288476997961,
      0.09021912870972461
    ],
    [
      -0.004325425307540663,
      0.9998700888446683,
      0.015527270515586144
    ],
    [
      -0.09016226598383237,
      -0.015854119574004344,
      0.9958008900805391
    ]
  ],
  "t": [
    [
      -0.9965427318478179
    ],
    [
      -0.007596303510683411
    ],
    [
      -0.0827337885888328
    ]
  ]
}