{
  "image_1": "frame_130",
  "image_2": "frame_131",
  "num_matches": 500,
  "inlier_count": 458,
  "inlier_ratio": 0.916,
  "reproj_rmse": 0.6013,
  "F": [
    [
      5.352628326830553e-08,
      7.678782500344712e-06,
      -0.02632068338165991
    ],
    [
      -8.530806806783247e-06,
      -1.357125113091402e-07,
      0.07690307875965069
    ],
    [
      0.02865349530341114,
      -0.07659759521676238,
      1.0
    ]
  ],
  "E": [
    [
      -0.0009368571848531041,
      -0.2551955107341503,
      0.0987062981173868
    ],
    [
      0.2850365256892965,
      0.00323909939852366,
      -0.6395638173686263
    ],
    [
      -0.10758715790553518,
      0.6505611022192956,
      -0.00533917743379834
    ]
  ],
  "R": [
    [
      0.9988372734431363,
      0.014157532112467452,
      0.04608324495047733
    ],
    [
      -0.014115976155033294,
      0.9998996117097135,
      -0.0012270778110954061
    ],
    [
      -0.046095991125821245,
      0.0005751410682697314,
      0.9989368492626944
    ]
  ],
  "t": [
    [
      -0.9220970017429981
    ],
    [
      -0.13929688274280505
    ],
    [
      -0.36101730960538503
    ]
  ]
}