{
  "image_1": "frame_123",
  "image_2": "frame_124",
  "num_matches": 500,
  "inlier_count": 393,
  "inlier_ratio": 0.786,
  "reproj_rmse": 0.3524,
  "F": [
    [
      6.781378778051603e-08,
      1.9280539695611017e-06,
      -0.010267250456563811
    ],
    [
      -2.2000139324238526e-06,
      1.7238475399283802e-08,
      0.02579295697262984
    ],
    [
      0.010677761002673355,
      -0.02577574452344719,
      1.0
    ]
  ],
  "E": [
    [
      -0.005495178837195617,
      -0.12409481377163303,
      0.1640070847176359
    ],
    [
      0.14850044592351613,
      -0.002493443061347139,
      -0.6716994596252771
    ],
    [
      -0.1649106918351231,
      0.6761390386118017,
      -0.008582353514637346
    ]
  ],
  "R": [
    [
      0.9993781915659321,
      0.0022503098956252188,
      0.03518758769482205
    ],
    [
      -0.002104601687251323,
      0.9999890599757393,
      -0.004177389205632404
    ],
    [
      -0.03519660316202666,
      0.004100735813359825,
      0.9993719943502738
    ]
  ],
  "t": [
    [
      -0.9567360726626265
    ],
    [
      -0.2313492435316245
    ],
    [
      -0.17644720112101134
    ]
  ]
}