{
  "image_1": "frame_159",
  "image_2": "frame_160",
  "num_matches": 500,
  "inlier_count": 423,
  "inlier_ratio": 0.846,
  "reproj_rmse": 0.5149,
  "F": [
    [
      1.0123244007684325e-08,
      1.8238253516515462e-08,
      -0.0007026304818579048
    ],
    [
      1.016529653005521e-07,
      5.279194775228312e-08,
      -0.00763893438433377
    ],
    [
      0.00041096011797834973,
      0.007336374348648095,
      1.0
    ]
  ],
  "E": [
    [
      0.004023905591158818,
      -0.05385565576313229,
      -0.07470170645551014
    ],
    [
      0.09086668436188236,
      0.013391580625584121,
      -0.6972229108774658
    ],
    [
      0.07028606571193344,
      0.7012313481663031,
      0.016781557834067123
    ]
  ],
  "R": [
    [
      0.998691836460752,
      0.0038996948658852892,
      0.05098439140171737
    ],
    [
      -0.004852161330608021,
      0.9998157679572813,
      0.01857112474822146
    ],
    [
      -0.0509025767233076,
      -0.018794215172367214,
      0.9985267673723036
    ]
  ],
  "t": [
    [
      -0.9914666223113625
    ],
    [
      0.10434676601576974
    ],
    [
      -0.07813891005477619
    ]
  ]
}