{
  "image_1": "frame_210",
  "image_2": "frame_211",
  "num_matches": 500,
  "inlier_count": 408,
  "inlier_ratio": 0.816,
  "reproj_rmse": 0.2087,
  "F": [
    [
      7.696913081099806e-10,
      1.3441651632472476e-06,
      -0.0017699356557830353
    ],
    [
      -1.0603449096172399e-06,
      3.500130337342222e-08,
      -0.01807774501051928
    ],
    [
      0.001418480007213702,
      0.01743052650203409,
      1.0
    ]
  ],
  "E": [
    [
      0.000143586006370236,
      0.16822409156118606,
      0.029255631221695784
    ],
    [
      -0.1340963699805649,
      0.003826164511709706,
      -0.6936727166087221
    ],
    [
      -0.022250635883908975,
      0.6864182815355786,
      0.0011316694032512172
    ]
  ],
  "R": [
    [
      0.9987273147605991,
      -0.009467717327862474,
      0.04953900563882166
    ],
    [
      0.009294851147995407,
      0.9999498872171138,
      0.0037187089988396102
    ],
    [
      -0.04957173078701327,
      -0.003253518569354712,
      0.9987652667787857
    ]
  ],
  "t": [
    [
      -0.9704068656427495
    ],
    [
      -0.040538531197874046
    ],
    [
      0.2380486139462563
    ]
  ]
}