{
  "image_1": "frame_161",
  "image_2": "frame_162",
  "num_matches": 500,
  "inlier_count": 375,
  "inlier_ratio": 0.75,
  "reproj_rmse": 0.6138,
  "F": [
    [
      -2.220499813792734e-08,
      2.028804412468708e-06,
      -0.004072886291559898
    ],
    [
      -1.7880196026682883e-06,
      -1.3609160882184761e-08,
      -0.02387650734539339
    ],
    [
      0.003344382052297197,
      0.02348292648912421,
      1.0
    ]
  ],
  "E": [
    [
      -0.001045465923471476,
      0.12858273239284668,
      -0.011742385283972001
    ],
    [
      -0.106292801432409,
      -0.0024819602129687052,
      -0.6989730167390339
    ],
    [
      0.0038585665242900566,
      0.6953014720714563,
      -0.0009385237156770134
    ]
  ],
  "R": [
    [
      0.9994276637137636,
      0.011045944712188073,
      0.031973928583514805
    ],
    [
      -0.010991464162020386,
      0.9999378262762969,
      -0.001879174661785418
    ],
    [
      -0.031992697904732054,
      0.0015266588517936297,
      0.9994869366797782
    ]
  ],
  "t": [
    [
      -0.9831861515697382
    ],
    [
      0.01627280597657395
    ],
    [
      0.18187959519181035
    ]
  ]
}