{
  "image_1": "frame_095",
  "image_2": "frame_096",
  "num_matches": 500,
  "inlier_count": 378,
  "inlier_ratio": 0.756,
  "reproj_rmse": 0.7233,
  "F": [
    [
      8.640785093180143e-09,
      2.72905359328682e-07,
      -0.0013385068239637197
    ],
    [
      -1.7016915949983315e-07,
      4.25244464117825e-08,
      -0.009822754508256096
    ],
    [
      0.0011530661994336826,
      0.009526868917156988,
      1.0
    ]
  ],
  "E": [
    [
      0.0029203691589232946,
      0.12398135626757334,
      -0.07736295719965769
    ],
    [
      -0.10077766458173397,
      0.011735758798395784,
      -0.6952681935641803
    ],
    [
      0.08169670901221322,
      0.6914313124051623,
      0.013846619171489907
    ]
  ],
  "R": [
    [
      0.9994948268824944,
      -0.003858107883914455,
      0.03154688635489425
    ],
    [
      0.00334211842169016,
      0.9998600454340903,
      0.01639267485780926
    ],
    [
      -0.03160571593221606,
      -0.016278960289114897,
      0.9993678372713011
    ]
  ],
  "t": [
    [
      -0.9784018270581393
    ],
    [
      0.11232340187939009
    ],
    [
      0.17353189389716198
    ]
  ]
}