{
  "image_1": "frame_106",
  "image_2": "frame_107",
  "num_matches": 500,
  "inlier_count": 368,
  "inlier_ratio": 0.736,
  "reproj_rmse": 0.2742,
  "F": [
    [
      8.925750833412679e-08,
      2.082687440916315e-05,
      -0.05415213785908965
    ],
    [
      -2.2872973396058443e-05,
      -4.79285680160161e-08,
      0.19950927521964276
    ],
    [
      0.0585879757769169,
      -0.19967551418541393,
      1.0
    ]
  ],
  "E": [
    [
      -0.0008540176347828477,
      -0.2597896943124705,
      0.04781757616323132
    ],
    [
      0.28353144938744673,
      0.0014153836641898712,
      -0.6459888738637314
    ],
    [
      -0.05026353386419641,
      0.655744008067949,
      -0.0013139942372919604
    ]
  ],
  "R": [
    [
      0.99932695927778,
      0.0034371008659568464,
      0.036521429302033837
    ],
    [
      -0.003463904848399632,
      0.9999937757594369,
      0.0006706754700642782
    ],
    [
      -0.036518896804633105,
      -0.0007967308341913747,
      0.9993326450167386
    ]
  ],
  "t": [
    [
      -0.9276012772665246
    ],
    [
      -0.06791595892687202
    ],
    [
      -0.3673462847730406
    ]
  ]
}