{
  "image_1": "frame_168",
  "image_2": "frame_169",
  "num_matches": 500,
  "inlier_count": 357,
  "inlier_ratio": 0.714,
  "reproj_rmse": 0.2623,
  "F": [
    [
      2.7292298664163886e-07,
      2.4308581516232823e-05,
      -0.06795683783717614
    ],
    [
      -3.562075716046e-05,
      4.097909266383074e-07,
      1.0988704853130875
    ],
    [
      0.08665076473275242,
      -1.0929502352535063,
      1.0
    ]
  ],
  "E": [
    [
      -0.0004117424281276058,
      -0.07678255034385639,
      0.009342600199716491
    ],
    [
      0.09918117164414782,
      -0.0021240728201154533,
      -0.7000537140754975
    ],
    [
      -0.008023217284206711,
      0.702873284321116,
      -0.002267452200750269
    ]
  ],
  "R": [
    [
      0.9994902905363042,
      -0.0014794676903459609,
      0.031889971762422364
    ],
    [
      0.001569925882272406,
      0.9999948147694895,
      -0.0028117195554700387
    ],
    [
      -0.0318856465573325,
      0.0028603512874579747,
      0.9994874306033732
    ]
  ],
  "t": [
    [
      -0.9939989801326503
    ],
    [
      -0.01291362962222792
    ],
    [
      -0.10862442480966876
    ]
  ]
}