{
  "image_1": "frame_188",
  "image_2": "frame_189",
  "num_matches": 500,
  "inlier_count": 362,
  "inlier_ratio": 0.724,
  "reproj_rmse": 0.4343,
  "F": [
    [
      -4.6846973350495944e-08,
      -3.0131482189805556e-06,
      0.005506739803498298
    ],
    [
      3.0040245052350785e-06,
      1.7252271012108483e-08,
      0.01044587559840668
    ],
    [
      -0.0053927637220597905,
      -0.010527414744849469,
      1.0
    ]
  ],
  "E": [
    [
      0.0059036671599386765,
      0.38032095158826973,
      -0.006160451828817243
    ],
    [
      -0.3813461576921832,
      -0.007146975817843313,
      -0.5954152007646245
    ],
    [
      0.007061500935907372,
      0.5958751900943685,
      -0.013070187961334865
    ]
  ],
  "R": [
    [
      0.9998783591991174,
      -0.015542140672212365,
      -0.0013071605127062402
    ],
    [
      0.015509749378039341,
      0.999639140115542,
      -0.02193256080101713
    ],
    [
      0.001647567756185797,
      0.021909619174807004,
      0.9997585979165691
    ]
  ],
  "t": [
    [
      -0.8429509704956024
    ],
    [
      -0.0030878635045541434
    ],
    [
      0.5379815298311821
    ]
  ]
}