{
  "image_1": "frame_064",
  "image_2": "frame_065",
  "num_matches": 500,
  "inlier_count": 384,
  "inlier_ratio": 0.768,
  "reproj_rmse": 0.3184,
  "F": [
    [
      -7.993376155597535e-09,
      6.866564394138238e-07,
      -0.000482676993049132
    ],
    [
      -9.488292119132228e-07,
      8.487620055314345e-08,
      0.0347208299275508
    ],
    [
      0.0010463199681835377,
      -0.034859012376817385,
      1.0
    ]
  ],
  "E": [
    [
      -0.0006113401211661624,
      0.04378931621544317,
      0.026919660879389316
    ],
    [
      -0.05605731020021917,
      0.007423823786995599,
      0.7043102176033932
    ],
    [
      -0.025310657120643336,
      -0.7052771826253252,
      0.007106504340440313
    ]
  ],
  "R": [
    [
      0.9998369107862244,
      0.0031376686091139916,
      0.017785017997135617
    ],
    [
      -0.0029463914547558714,
      0.9999376504558306,
      -0.010770978519518477
    ],
    [
      -0.01781770487056057,
      0.010716820264050488,
      0.9997838162105713
    ]
  ],
  "t": [
    [
      -0.9973539675445006
    ],
    [
      0.03874031733786912
    ],
    [
      -0.06151626805816847
    ]
  ]
}