{
  "image_1": "frame_044",
  "image_2": "frame_045",
  "num_matches": 500,
  "inlier_count": 391,
  "inlier_ratio": 0.782,
  "reproj_rmse": 0.3084,
  "F": [
    [
      2.980503246715254e-08,
      8.34215873571678e-06,
      -0.02244282300752461
    ],
    [
      -8.495330085441989e-06,
      8.555178134676935e-09,
      0.05574067377531041
    ],
    [
      0.02254928842638756,
      -0.05587663424501768,
      1.0
    ]
  ],
  "E": [
    [
      -0.0009701066600560297,
      -0.38076598747208923,
      0.07696709720795664
    ],
    [
      0.3845078659966824,
      -0.0023632792607348662,
      -0.5885624094331826
    ],
    [
      -0.07497086821801953,
      0.5909389908638022,
      -0.0022960227310137708
    ]
  ],
  "R": [
    [
      0.9999814283738554,
      -0.0013462335034496453,
      0.005943951777898138
    ],
    [
      0.001364818048345262,
      0.9999941899219598,
      -0.0031236827653086177
    ],
    [
      -0.0059397120366814216,
      0.003131737166104605,
      0.9999774557675007
    ]
  ],
  "t": [
    [
      -0.835574518071074
    ],
    [
      -0.10716721606928169
    ],
    [
      -0.5388231737316542
    ]
  ]
}