{
  "image_1": "frame_129",
  "image_2": "frame_130",
  "num_matches": 500,
  "inlier_count": 430,
  "inlier_ratio": 0.86,
  "reproj_rmse": 0.4808,
  "F": [
    [
      3.044189921431068e-08,
      -5.74734330255595e-07,
      -0.0013860294978042924
    ],
    [
      8.550967055240054e-07,
      -1.0556606917701899e-08,
      -0.027561981542109343
    ],
    [
      0.0005682004054130934,
      0.02739728916700365,
      1.0
    ]
  ],
  "E": [
    [
      0.002023156803401396,
      -0.08874446596957643,
      -0.03685219982194089
    ],
    [
      0.11354139487480416,
      0.0018392101678598892,
      -0.6969603829081196
    ],
    [
      0.031037316631343403,
      0.7008175109946532,
      0.0022218993230813224
    ]
  ],
  "R": [
    [
      0.9993404198090959,
      0.008080672587503349,
      0.03540378604490381
    ],
    [
      -0.008132282419969106,
      0.9999660691343919,
      0.0013139872733192448
    ],
    [
      -0.035391966862857754,
      -0.0016010341801959297,
      0.9993722256352394
    ]
  ],
  "t": [
    [
      -0.9907191751093245
    ],
    [
      0.05198449019097678
    ],
    [
      -0.12559111772049705
    ]
  ]
}