{
  "image_1": "frame_006",
  "image_2": "frame_007",
  "num_matches": 500,
  "inlier_count": 401,
  "inlier_ratio": 0.802,
  "reproj_rmse": 0.4518,
  "F": [
    [
      -1.6382960758581994e-08,
      6.976085946291027e-07,
      0.00042754631638145977
    ],
    [
      -8.930836309555109e-07,
      2.448716582736091e-07,
      0.03172744250584841
    ],
    [
      0.0001752706425997385,
      -0.03247429230181618,
      1.0
    ]
  ],
  "E": [
    [
      0.00022161869001915784,
      0.039353884658803934,
      -0.03901821467032007
    ],
    [
      -0.02953199621888409,
      -0.005934538916631268,
      -0.7054038995860636
    ],
    [
      0.032755940881974366,
      0.7052145305527998,
      -0.005128030951428372
    ]
  ],
  "R": [
    [
      0.9998612835777062,
      0.008544459244977813,
      0.014297056289759143
    ],
    [
      -0.008429820700300995,
      0.9999319891712278,
      -0.008059476101580013
    ],
    [
      -0.014364947800197682,
      0.007937836498824926,
      0.9998653104425693
    ]
  ],
  "t": [
    [
      -0.996924070901449
    ],
    [
      0.054735379709139054
    ],
    [
      0.05609309284911224
    ]
  ]
}