{
  "image_1": "frame_126",
  "image_2": "frame_127",
  "num_matches": 500,
  "inlier_count": 400,
  "inlier_ratio": 0.8,
  "reproj_rmse": 0.3673,
  "F": [
    [
      -1.0754666386860116e-08,
      -9.69934460199228e-07,
      0.003359555682049077
    ],
    [
      1.0742187635713663e-06,
      7.878601447263516e-08,
      -0.015260381409972275
    ],
    [
      -0.003614615986710471,
      0.01495138046196096,
      0.9999999999999999
    ]
  ],
  "E": [
    [
      -0.0021400552323956987,
      -0.22295982372026918,
      0.08868139701328275
    ],
    [
      0.23946061581154626,
      0.011606329212407928,
      -0.6587634379231728
    ],
    [
      -0.09359980279952378,
      0.6649335285750978,
      0.00877872083912513
    ]
  ],
  "R": [
    [
      0.9996271276910209,
      0.0012544883921816602,
      0.027276947099576454
    ],
    [
      -0.0017184127256045234,
      0.9998541634080023,
      0.016991143969373942
    ],
    [
      -0.027251653929691866,
      -0.017031681495301425,
      0.9994835012062674
    ]
  ],
  "t": [
    [
      -0.9406592868770781
    ],
    [
      -0.1308024422736842
    ],
    [
      -0.3131306869457964
    ]
  ]
}