{
  "image_1": "frame_157",
  "image_2": "frame_158",
  "num_matches": 500,
  "inlier_count": 413,
  "inlier_ratio": 0.826,
  "reproj_rmse": 0.3884,
  "F": [
    [
      -2.111743372647063e-07,
      2.8431252131067038e-05,
      -0.04403114935613977
    ],
    [
      -2.633743698219957e-05,
      -6.496556238271492e-07,
      -0.2680268111383192
    ],
    [
      0.038445556832915534,
      0.26591210100197354,
      1.0
    ]
  ],
  "E": [
    [
      -0.0014675262344167573,
      0.2153155560819449,
      0.01704478931338352
    ],
    [
      -0.19821306197063493,
      -0.005585051105594971,
      -0.6784814214736683
    ],
    [
      -0.021658812137926194,
      0.6731974878057638,
      -0.00509127541607035
    ]
  ],
  "R": [
    [
      0.9996735616970273,
      0.004827368463257407,
      0.025089172120646708
    ],
    [
      -0.004656331997630481,
      0.9999655526933725,
      -0.00687109881792252
    ],
    [
      -0.025121477191983654,
      0.006752032313145567,
      0.9996616034655603
    ]
  ],
  "t": [
    [
      -0.9522043192856514
    ],
    [
      -0.026204960732857333
    ],
    [
      0.3043357264054594
    ]
  ]
}