{
  "image_1": "frame_215",
  "image_2": "frame_216",
  "num_matches": 500,
  "inlier_count": 413,
  "inlier_ratio": 0.826,
  "reproj_rmse": 0.2427,
  "F": [
    [
      3.1936651534763016e-08,
      3.177938615404768e-05,
      -0.05047166253887351
    ],
    [
      -3.174265903613979e-05,
      1.1467109345140437e-07,
      -0.06019483583254291
    ],
    [
      0.05073989383976907,
      0.05970017231902537,
      1.0
    ]
  ],
  "E": [
    [
      -0.0004067300233421418,
      -0.4825757786528405,
      -0.06804370584718272
    ],
    [
      0.4819646025537444,
      -0.002134109816800811,
      0.5131090042702627
    ],
    [
      0.06597340100168439,
      -0.5124065251145087,
      -0.0015123162701102394
    ]
  ],
  "R": [
    [
      0.9999981438346235,
      -0.0010688653569359552,
      0.001603076466186848
    ],
    [
      0.001063795788705288,
      0.9999944415903796,
      0.0031599251358880864
    ],
    [
      -0.0016064450901394633,
      -0.0031582139245503182,
      0.9999937224897864
    ]
  ],
  "t": [
    [
      -0.7245557349478019
    ],
    [
      -0.09407143240411647
    ],
    [
      0.6827661038450052
    ]
  ]
}