{
  "image_1": "frame_104",
  "image_2": "frame_105",
  "num_matches": 500,
  "inlier_count": 405,
  "inlier_ratio": 0.81,
  "reproj_rmse": 0.3462,
  "F": [
    [
      -5.695139492770343e-09,
      -2.0599125968078428e-06,
      0.005171284980670005
    ],
    [
      2.4696080218688612e-06,
      -1.9945187836107117e-08,
      -0.04197318860264686
    ],
    [
      -0.006099588946768581,
      0.041726687665483375,
      1.0
    ]
  ],
  "E": [
    [
      -0.0006612644944595004,
      -0.10071839344119972,
      0.03436491922556251
    ],
    [
      0.11993763442834776,
      0.0025614943254002706,
      -0.6959917551442211
    ],
    [
      -0.036769068887260094,
      0.6989454690767377,
      0.0012515888282854696
    ]
  ],
  "R": [
    [
      0.9996115795952187,
      0.0028945464934796716,
      0.027718433212377325
    ],
    [
      -0.0029834398069737422,
      0.9999905371134955,
      0.0031661917789580062
    ],
    [
      -0.027709006226679295,
      -0.0032476582424983717,
      0.999610756089524
    ]
  ],
  "t": [
    [
      -0.9886095490925755
    ],
    [
      -0.04906891818294043
    ],
    [
      -0.1422793052813039
    ]
  ]
}