{
  "image_1": "frame_177",
  "image_2": "frame_178",
  "num_matches": 500,
  "inlier_count": 370,
  "inlier_ratio": 0.74,
  "reproj_rmse": 0.3344,
  "F": [
    [
      3.1513206049785904e-09,
      -5.354765739350532e-08,
      -0.0001596662880011586
    ],
    [
      2.4919752137551616e-07,
      1.993321204417798e-08,
      -0.019282094773955923
    ],
    [
      -0.00039773847820448173,
      0.018999604101824413,
      1.0
    ]
  ],
  "E": [
    [
      0.0002590953436505375,
      0.0028785428057941102,
      -0.009933913963537206
    ],
    [
      0.017197342991819815,
      0.0036989247254976443,
      -0.7068178842352776
    ],
    [
      0.0042584788296966165,
      0.7070778623873802,
      0.0038436921177105506
    ]
  ],
  "R": [
    [
      0.9995665462369822,
      0.0079010245465054,
      0.028360067965126953
    ],
    [
      -0.008047011339421518,
      0.999954935184045,
      0.005037182702195792
    ],
    [
      -0.028318991019708455,
      -0.005263213104902767,
      0.9995850805886601
    ]
  ],
  "t": [
    [
      -0.9998929584853402
    ],
    [
      0.014074649200834236
    ],
    [
      0.003996976520716197
    ]
  ]
}