{
  "image_1": "frame_196",
  "image_2": "frame_197",
  "num_matches": 500,
  "inlier_count": 394,
  "inlier_ratio": 0.788,
  "reproj_rmse": 0.4377,
  "F": [
    [
      1.2120793391036373e-08,
      1.0632669473772953e-06,
      -0.003832609621101961
    ],
    [
      -7.040554815702996e-07,
      -8.561873234507106e-08,
      -0.04272342362604767
    ],
    [
      0.0030047273385668113,
      0.04251348951621517,
      0.9999999999999999
    ]
  ],
  "E": [
    [
      0.00034048405074228375,
      0.16094557767575862,
      -0.027534401766866206
    ],
    [
      -0.1439367247492901,
      -0.0002655469943036242,
      -0.6917536172319373
    ],
    [
      0.02609566705880215,
      0.6880522123740948,
      0.0007161174551169121
    ]
  ],
  "R": [
    [
      0.9996940025127812,
      0.002101740246074381,
      0.02464719107553373
    ],
    [
      -0.0021037066905264037,
      0.9999977857564597,
      5.385478823010867e-05
    ],
    [
      -0.0246470233118741,
      -0.00010568876956857515,
      0.9996962103918109
    ]
  ],
  "t": [
    [
      -0.9729730333535117
    ],
    [
      0.03896361892318149
    ],
    [
      0.22760780471520622
    ]
  ]
}