{
  "image_1": "frame_111",
  "image_2": "frame_112",
  "num_matches": 500,
  "inlier_count": 441,
  "inlier_ratio": 0.882,
  "reproj_rmse": 0.4006,
  "F": [
    [
      1.7040357548502094e-09,
      1.2601037337778101e-06,
      -0.0024519472487118227
    ],
    [
      -1.0558343776259654e-06,
      3.3435182204602615e-08,
      -0.019019910458281556
    ],
    [
      0.0020916949595603035,
      0.018552057544291255,
      1.0
    ]
  ],
  "E": [
    [
      -0.0007367753108098301,
      0.056917976645899836,
      0.02175404298535984
    ],
    [
      -0.029902548710512917,
      0.003010976288457531,
      -0.7061396415087032
    ],
    [
      -0.020398504156945083,
      0.7045065697464483,
      0.0021296044437424085
    ]
  ],
  "R": [
    [
      0.9992605937534359,
      -0.0017448270679756017,
      0.03840861036322032
    ],
    [
      0.0015847864243399186,
      0.999989937432009,
      0.004196842469745128
    ],
    [
      -0.03841554663830832,
      -0.004132869853926369,
      0.9992533038040206
    ]
  ],
  "t": [
    [
      -0.9962796421793123
    ],
    [
      -0.030449246045376785
    ],
    [
      0.08062082853909099
    ]
  ]
}