{
  "image_1": "frame_089",
  "image_2": "frame_090",
  "num_matches": 500,
  "inlier_count": 413,
  "inlier_ratio": 0.826,
  "reproj_rmse": 0.1942,
  "F": [
    [
      9.887844348672564e-08,
      1.0832379912199152e-05,
      -0.03604932283011295
    ],
    [
      -9.892654711387873e-06,
      -3.2203743034569986e-07,
      -0.10517936318281006
    ],
    [
      0.033404506619045315,
      0.10446159142478371,
      0.9999999999999999
    ]
  ],
  "E": [
    [
      0.001296538098579556,
      0.1308344952171628,
      -0.0627271486456327
    ],
    [
      -0.1128016418354214,
      -0.007012317983162959,
      -0.6953030391087146
    ],
    [
      0.05959688050448149,
      0.6922060342116141,
      -0.005027674423014317
    ]
  ],
  "R": [
    [
      0.9996359070113974,
      0.002952607040139485,
      0.02682043111449456
    ],
    [
      -0.0026946874128720433,
      0.999949830042987,
      -0.009647593313773222
    ],
    [
      -0.026847571086557137,
      0.009571808014558713,
      0.9995937116739403
    ]
  ],
  "t": [
    [
      -0.978719529461244
    ],
    [
      0.08695171829097219
    ],
    [
      0.18586952772686754
    ]
  ]
}