{
  "image_1": "frame_217",
  "image_2": "frame_218",
  "num_matches": 500,
  "inlier_count": 427,
  "inlier_ratio": 0.854,
  "reproj_rmse": 0.3666,
  "F": [
    [
      -4.725250387315742e-09,
      -4.921627568644986e-06,
      0.008225124847220551
    ],
    [
      5.0235772081584815e-06,
      -7.752029183107223e-09,
      -0.06842542418331186
    ],
    [
      -0.008396272202085825,
      0.06838135325212921,
      0.9999999999999999
    ]
  ],
  "E": [
    [
      -0.0004952025542591567,
      -0.165564891293923,
      -0.010844300637278854
    ],
    [
      0.16400803192005978,
      0.0026360909092896893,
      -0.6877444754013688
    ],
    [
      0.012054639213989199,
      0.6873264064519186,
      0.0030777266911303077
    ]
  ],
  "R": [
    [
      0.9999932230095042,
      -0.002837308681615542,
      -0.0023459783692667824
    ],
    [
      0.0028478727312298002,
      0.9999857654776249,
      0.004512035353954536
    ],
    [
      0.002333142938304028,
      -0.004518685823759675,
      0.9999870688776209
    ]
  ],
  "t": [
    [
      -0.9720806784305079
    ],
    [
      0.014279568981783798
    ],
    [
      -0.23421197350216316
    ]
  ]
}