{
  "image_1": "frame_180",
  "image_2": "frame_181",
  "num_matches": 500,
  "inlier_count": 366,
  "inlier_ratio": 0.732,
  "reproj_rmse": 0.2606,
  "F": [
    [
      4.0051657572652605e-09,
      2.3869525159634525e-07,
      -0.0009582319626647532
    ],
    [
      -7.208081666666402e-08,
      2.330368291502829e-08,
      -0.014911451456887348
    ],
    [
      0.0005369128174368326,
      0.014610592622781743,
      1.0
    ]
  ],
  "E": [
    [
      8.172495610940506e-06,
      0.032407378518695955,
      -0.006144684885556709
    ],
    [
      -0.006591327887301,
      0.005017567709294328,
      -0.7070294642060193
    ],
    [
      0.001478004851550648,
      0.7063444915220289,
      0.005290987816343408
    ]
  ],
  "R": [
    [
      0.999311305661503,
      0.006669155577741089,
      0.03650255800600881
    ],
    [
      -0.006934994655980235,
      0.9999503118184688,
      0.007160987590301439
    ],
    [
      -0.03645298651994995,
      -0.007409200903391244,
      0.9993079022582325
    ]
  ],
  "t": [
    [
      -0.9989114120865908
    ],
    [
      0.00902387450221552
    ],
    [
      0.04576636857061382
    ]
  ]
}