{
  "image_1": "frame_086",
  "image_2": "frame_087",
  "num_matches": 500,
  "inlier_count": 408,
  "inlier_ratio": 0.816,
  "reproj_rmse": 0.2668,
  "F": [
    [
      7.980950063708315e-09,
      5.354768560977493e-07,
      -0.0023602064551787984
    ],
    [
      -4.045232007904916e-07,
      8.616098231561323e-10,
      -0.01579813229914144
    ],
    [
      0.002023095882036064,
      0.015630137586021123,
      1.0
    ]
  ],
  "E": [
    [
      0.0007588796475036489,
      0.11328858084471917,
      -0.05816927813567327
    ],
    [
      -0.09740413483165081,
      0.006282181001028361,
      -0.6978246272112953
    ],
    [
      0.055907619186216825,
      0.695776542528414,
      0.00803467449026637
    ]
  ],
  "R": [
    [
      0.9997469435900933,
      0.004608636737429547,
      0.0220183843569266
    ],
    [
      -0.004822618966898853,
      0.9999415652160902,
      0.00967514855159478
    ],
    [
      -0.021972508472340363,
      -0.009778886471257275,
      0.9997107492924218
    ]
  ],
  "t": [
    [
      -0.9836477587358645
    ],
    [
      0.08383028542223628
    ],
    [
      0.1594037953749435
    ]
  ]
}