{
  "image_1": "frame_043",
  "image_2": "frame_044",
  "num_matches": 78,
  "inlier_count": 58,
  "inlier_ratio": 0.7436,
  "reproj_rmse": 26.1486,
  "F": [
    [
      -3.5016775778249616e-07,
      6.157854897527187e-06,
      -0.008167362195979811
    ],
    [
      -5.793854769978356e-06,
      1.5688946725300315e-07,
      0.0032207198183121523
    ],
    [
      0.00786809865492693,
      -0.004164244722472232,
      1.0
    ]
  ],
  "E": [
    [
      0.06754380181778906,
      0.5239753669536732,
      -0.4695519223372052
    ],
    [
      0.47861932119602474,
      -0.05848234662872498,
      0.02582612450652869
    ],
    [
      0.5152939965103264,
      -0.040662831888704586,
      0.007977779016246262
    ]
  ],
  "R": [
    [
      0.9953466656427766,
      -0.07945954836806146,
      0.05450867240128204
    ],
    [
      -0.05617951552126046,
      -0.018944293872723617,
      0.9982409407379867
    ],
    [
      -0.07828714600496686,
      -0.9966580626788745,
      -0.02332013867002819
    ]
  ],
  "t": [
    -0.028588175570720225,
    -0.7305290847099971,
    0.6822829124419806
  ],
  "num_3d_points": 53
}