{
  "image_1": "frame_009",
  "image_2": "frame_012",
  "num_matches": 61,
  "inlier_count": 47,
  "inlier_ratio": 0.7705,
  "reproj_rmse": 0.7238,
  "F": [
    [
      -6.029509625813682e-06,
      1.0872897206306593e-05,
      -0.023085943160477986
    ],
    [
      -9.718962048613729e-06,
      3.683981259498437e-07,
      0.007350736739779516
    ],
    [
      0.029201029367853668,
      -0.009995278634834282,
      1.0
    ]
  ],
  "E": [
    [
      -0.00204408745024713,
      0.05989087493928359,
      -0.013599925794838246
    ],
    [
      0.05556655834631769,
      0.02408067118728747,
      -0.7043384964103971
    ],
    [
      -0.03868255819656788,
      0.7031857639657012,
      0.022296843145975433
    ]
  ],
  "R": [
    [
      0.983828791197017,
      0.07092589318408823,
      0.16447014102218016
    ],
    [
      -0.07653885014180142,
      0.9966723288382041,
      0.02803699961126366
    ],
    [
      -0.16193428923729342,
      -0.040171962912836714,
      0.9859835188099961
    ]
  ],
  "t": [
    -0.9962167904867674,
    0.02189800644147421,
    0.0840986543657726
  ],
  "num_3d_points": 45
}