{
  "image_1": "frame_098",
  "image_2": "frame_099",
  "num_matches": 144,
  "inlier_count": 110,
  "inlier_ratio": 0.7639,
  "reproj_rmse": 0.488,
  "F": [
    [
      -4.013207057079215e-06,
      1.1374084408529369e-05,
      -0.024493415849160153
    ],
    [
      -1.137786367567102e-05,
      8.805865316617006e-08,
      0.004451617766022142
    ],
    [
      0.028650433655813545,
      -0.0055354067898970944,
      1.0
    ]
  ],
  "E": [
    [
      0.020914365831221856,
      0.03393936874667448,
      0.15642331522317302
    ],
    [
      -0.12575068718771268,
      -0.034111820251066086,
      -0.6765154095238188
    ],
    [
      -0.21141816680360845,
      0.6742358223776371,
      -0.0009584578741906579
    ]
  ],
  "R": [
    [
      0.986339597303407,
      0.07292931575266032,
      -0.14770075726008103
    ],
    [
      -0.07898518302153126,
      0.9962416512916468,
      -0.03555155544765805
    ],
    [
      0.1445528956970696,
      0.04673207822835811,
      0.9883929245042432
    ]
  ],
  "t": [
    0.9735938116129816,
    0.22516682290158718,
    -0.037616377461304945
  ],
  "num_3d_points": 98
}