{
  "image_1": "frame_108",
  "image_2": "frame_109",
  "num_matches": 136,
  "inlier_count": 121,
  "inlier_ratio": 0.8897,
  "reproj_rmse": 1.2454,
  "F": [
    [
      -4.965513601221747e-06,
      1.4367658143505511e-05,
      -0.03789296055505419
    ],
    [
      -1.3444975637039755e-05,
      7.223089932166404e-08,
      0.011133338877257135
    ],
    [
      0.04346733245865618,
      -0.012863721040919382,
      1.0
    ]
  ],
  "E": [
    [
      -0.054469991398035676,
      -0.0876827094937658,
      -0.33041272564599616
    ],
    [
      0.0002507842208049122,
      0.07344271579572009,
      -0.6241909117024094
    ],
    [
      0.2764003819380961,
      0.6392343519514622,
      0.01209445020334097
    ]
  ],
  "R": [
    [
      0.978967071607053,
      0.08708687453416958,
      -0.18449755823040415
    ],
    [
      -0.06618567627250244,
      0.990974468426168,
      0.11657212009663487
    ],
    [
      0.19298427129033993,
      -0.10190917137992399,
      0.9758952770780245
    ]
  ],
  "t": [
    0.8719772855116414,
    -0.4582396978699054,
    0.17225560324078668
  ],
  "num_3d_points": 111
}