{
  "image_1": "frame_093",
  "image_2": "frame_094",
  "num_matches": 540,
  "inlier_count": 501,
  "inlier_ratio": 0.9278,
  "reproj_rmse": 0.3671,
  "F": [
    [
      -6.940270495388602e-07,
      -3.9909178337454166e-05,
      0.007032682921808383
    ],
    [
      4.058927367564391e-05,
      -3.315887911455429e-07,
      -0.02588767023219378
    ],
    [
      -0.008454643602316505,
      0.02667278796319415,
      1.0
    ]
  ],
  "E": [
    [
      0.004277293248915631,
      0.06439491584727096,
      0.08751501485899846
    ],
    [
      -0.12626861462418051,
      -0.0037802923051211057,
      -0.6901978658612774
    ],
    [
      -0.12518040727832222,
      0.6928603209813793,
      0.010927730983349567
    ]
  ],
  "R": [
    [
      0.9945418240500956,
      0.0546952049200137,
      -0.08885378311510651
    ],
    [
      -0.05451069728339647,
      0.998503030394137,
      0.004503573625804714
    ],
    [
      0.0889670955847532,
      0.00036448934532044494,
      0.9960344989259812
    ]
  ],
  "t": [
    0.9881053807663331,
    0.12384548687919027,
    -0.09115948595881934
  ],
  "num_3d_points": 492
}