{
  "image_1": "frame_069",
  "image_2": "frame_070",
  "num_matches": 406,
  "inlier_count": 358,
  "inlier_ratio": 0.8818,
  "reproj_rmse": 0.161,
  "F": [
    [
      -5.515060421102403e-09,
      9.60331304043409e-08,
      -0.001371106697409935
    ],
    [
      -5.69341647609274e-08,
      8.425608561909845e-08,
      -0.003207324339507735
    ],
    [
      0.0009169249832306971,
      0.0028404786648342935,
      1.0
    ]
  ],
  "E": [
    [
      0.05560524323729481,
      -0.5520362601089512,
      -0.14198158314451967
    ],
    [
      0.547454575050299,
      0.07687754015289566,
      -0.42518335807345686
    ],
    [
      0.07274372403625921,
      0.4243126134906132,
      0.016578758615658884
    ]
  ],
  "R": [
    [
      0.9942617101197648,
      0.10517521812913636,
      -0.01954035007899002
    ],
    [
      -0.10420273551646035,
      0.993516143648949,
      0.045469354732691813
    ],
    [
      0.024195902558230342,
      -0.04317228046338768,
      0.9987746054535946
    ]
  ],
  "t": [
    0.5865240907195848,
    -0.16493904385509706,
    0.7929593954407317
  ],
  "num_3d_points": 327
}