{
  "image_1": "frame_073",
  "image_2": "frame_074",
  "num_matches": 369,
  "inlier_count": 325,
  "inlier_ratio": 0.8808,
  "reproj_rmse": 0.2367,
  "F": [
    [
      2.114505394822275e-07,
      -1.3706658155954479e-05,
      0.018616482193284864
    ],
    [
      1.3977680221458718e-05,
      -1.2751670438447816e-07,
      0.012066850927885462
    ],
    [
      -0.017604420214479142,
      -0.011881663086154199,
      1.0
    ]
  ],
  "E": [
    [
      -0.0006841987542009537,
      0.26395725883936005,
      0.038315029693799504
    ],
    [
      -0.3150994624046345,
      -0.027775809111648366,
      -0.6306026379785399
    ],
    [
      -0.05905810029850831,
      0.6536699201191197,
      -0.019156680120628704
    ]
  ],
  "R": [
    [
      0.996490174375969,
      0.014549047289320868,
      -0.08243577861052825
    ],
    [
      -0.017506288915224745,
      0.9992246626688349,
      -0.03526476092035753
    ],
    [
      0.08185879439967098,
      0.03658413231616135,
      0.995972258168924
    ]
  ],
  "t": [
    0.9261296409009213,
    0.06754474361546357,
    -0.3711086038542516
  ],
  "num_3d_points": 321
}