{
  "image_1": "frame_129",
  "image_2": "frame_130",
  "num_matches": 520,
  "inlier_count": 481,
  "inlier_ratio": 0.925,
  "reproj_rmse": 0.0753,
  "F": [
    [
      -5.405878219180543e-06,
      -5.436231739832899e-06,
      -0.02588423462517565
    ],
    [
      6.615700643896328e-06,
      -1.9546450840900262e-07,
      0.0023147078783342908
    ],
    [
      0.031092714345919044,
      -0.0032227156665957475,
      1.0
    ]
  ],
  "E": [
    [
      0.007622935957650822,
      -0.17669252756660514,
      -0.007547956331425258
    ],
    [
      0.1826766186907494,
      -0.008460363302995119,
      0.6830422375077757
    ],
    [
      0.03290542885248395,
      -0.6836107179741306,
      -0.016409324925894114
    ]
  ],
  "R": [
    [
      0.9990284151428175,
      0.043422228168654244,
      -0.007532319569686224
    ],
    [
      -0.043230914532326685,
      0.9987784016719656,
      0.023933081337181195
    ],
    [
      0.008562345819295741,
      -0.023584199254220953,
      0.9996851863359825
    ]
  ],
  "t": [
    0.9681577039973693,
    0.004685513177212966,
    -0.25029723561559414
  ],
  "num_3d_points": 459
}