{
  "image_1": "frame_089",
  "image_2": "frame_090",
  "num_matches": 548,
  "inlier_count": 468,
  "inlier_ratio": 0.854,
  "reproj_rmse": 0.6291,
  "F": [
    [
      1.368781978447747e-07,
      -1.748664055082814e-06,
      0.0026323530482603775
    ],
    [
      1.4289936569929001e-06,
      -5.055319440642244e-08,
      -0.00951327673424851
    ],
    [
      -0.0030929059576466447,
      0.00974999475996517,
      1.0
    ]
  ],
  "E": [
    [
      0.03148287016205366,
      -0.008457749423047218,
      0.16310868138016116
    ],
    [
      -0.11120154106833469,
      -0.022314773051490926,
      -0.6779902921778457
    ],
    [
      -0.2258716660297007,
      0.6696557652392789,
      0.0184778750545511
    ]
  ],
  "R": [
    [
      0.9789229061234628,
      0.08779321797734144,
      -0.18439711153913618
    ],
    [
      -0.09259565264985134,
      0.9955485974313172,
      -0.017579398820350346
    ],
    [
      0.18203293377062782,
      0.034283247070834515,
      0.9826945965014451
    ]
  ],
  "t": [
    0.9719391477036831,
    0.2343733426833376,
    0.020085552033165567
  ],
  "num_3d_points": 417
}