{
  "image_1": "frame_028",
  "image_2": "frame_029",
  "num_matches": 169,
  "inlier_count": 131,
  "inlier_ratio": 0.7751,
  "reproj_rmse": 0.1207,
  "F": [
    [
      -5.17861037317182e-07,
      1.4131326560330109e-05,
      -0.008261220481486834
    ],
    [
      -1.2619751232639625e-05,
      -1.5188975022286716e-06,
      -0.027281095458873212
    ],
    [
      0.007287086024309114,
      0.030197710150700358,
      1.0
    ]
  ],
  "E": [
    [
      0.0055698467135511034,
      0.08452856182654238,
      0.07579280794314357
    ],
    [
      -0.17335552548983033,
      -0.00201092365723311,
      -0.681340864882906
    ],
    [
      -0.10866515672928634,
      0.6933453691148149,
      0.016182581872551727
    ]
  ],
  "R": [
    [
      0.9906025032920428,
      0.049165922732149966,
      -0.12762990446378503
    ],
    [
      -0.04836636860295049,
      0.9987858225235939,
      0.00935815761949738
    ],
    [
      0.12793504156290475,
      -0.003097219360020831,
      0.9917777131860412
    ]
  ],
  "t": [
    0.9869947814524834,
    0.10694338510449403,
    -0.12001838929079313
  ],
  "num_3d_points": 121
}