{
  "image_1": "frame_096",
  "image_2": "frame_097",
  "num_matches": 243,
  "inlier_count": 191,
  "inlier_ratio": 0.786,
  "reproj_rmse": 0.149,
  "F": [
    [
      -2.0019208661140097e-06,
      4.481216528366791e-05,
      -0.035991534127729825
    ],
    [
      -4.442473809560262e-05,
      1.2736520834191503e-06,
      0.0962475119358822
    ],
    [
      0.041343879273786285,
      -0.10169827542540477,
      0.9999999999999999
    ]
  ],
  "E": [
    [
      -0.007614288978622217,
      0.12351320218453274,
      -0.00999077670686056
    ],
    [
      -0.1599815350171918,
      -0.006996459101828762,
      -0.6886573612302055
    ],
    [
      -0.029405790624260044,
      0.6955769768696048,
      0.001631390204649471
    ]
  ],
  "R": [
    [
      0.9969785137474305,
      0.05721122580296275,
      -0.052542542459300595
    ],
    [
      -0.05712577447670421,
      0.9983620896081183,
      0.003127926429510016
    ],
    [
      0.05263543498824452,
      -0.00011694201184162065,
      0.9986137878620361
    ]
  ],
  "t": [
    0.9844660439753791,
    -0.014696723242212403,
    -0.17495889398772735
  ],
  "num_3d_points": 188
}