{
  "image_1": "frame_026",
  "image_2": "frame_027",
  "num_matches": 487,
  "inlier_count": 433,
  "inlier_ratio": 0.8891,
  "reproj_rmse": 0.357,
  "F": [
    [
      3.924623232573959e-08,
      -4.1306672108649265e-07,
      0.000883127443743734
    ],
    [
      9.082661855242015e-08,
      1.514354393910759e-07,
      -0.0076687542904712
    ],
    [
      -0.0009186259801325557,
      0.0071976880375264705,
      0.9999999999999999
    ]
  ],
  "E": [
    [
      0.01331307646854497,
      -0.30202569672384383,
      -0.027788039034020367
    ],
    [
      0.2694694816923325,
      0.02638598574681037,
      -0.6528596550415762
    ],
    [
      -0.00890223050348266,
      0.6388023660422139,
      0.012149149872487273
    ]
  ],
  "R": [
    [
      0.9975598052801222,
      0.04858481663313972,
      -0.050139310747246035
    ],
    [
      -0.047596781982911444,
      0.9986517914652128,
      0.02071583327293884
    ],
    [
      0.051078187461536695,
      -0.018278812763558718,
      0.9985273675616502
    ]
  ],
  "t": [
    0.9031401501428926,
    -0.030471265534233172,
    0.428263203155041
  ],
  "num_3d_points": 433
}