{
  "image_1": "frame_090",
  "image_2": "frame_091",
  "num_matches": 619,
  "inlier_count": 545,
  "inlier_ratio": 0.8805,
  "reproj_rmse": 0.2793,
  "F": [
    [
      1.2282420419112744e-07,
      -6.37902431206518e-08,
      0.0023585760801384317
    ],
    [
      -2.5955483222973653e-07,
      7.815366068987371e-08,
      -0.005620149542612887
    ],
    [
      -0.0024075902243562938,
      0.005457780854697239,
      0.9999999999999999
    ]
  ],
  "E": [
    [
      0.03702483243048846,
      -0.12971698830700923,
      0.2577228813126497
    ],
    [
      0.06109702766158155,
      -0.002351878211504076,
      -0.6554645320000814
    ],
    [
      -0.2954855358638161,
      0.6278276866846987,
      0.02302486206440772
    ]
  ],
  "R": [
    [
      0.9918626748696366,
      0.059801695326594184,
      -0.11239302218783254
    ],
    [
      -0.061229110485020555,
      0.998080517718236,
      -0.009288497214897079
    ],
    [
      0.11162181789266187,
      0.01609463846637116,
      0.9936204166496247
    ]
  ],
  "t": [
    0.9114621014347877,
    0.3650421048857587,
    0.18968684537588648
  ],
  "num_3d_points": 544
}