{
  "image_1": "frame_106",
  "image_2": "frame_107",
  "num_matches": 140,
  "inlier_count": 120,
  "inlier_ratio": 0.8571,
  "reproj_rmse": 0.0378,
  "F": [
    [
      -4.8501376926783975e-06,
      5.960763211512506e-05,
      -0.07925925345876485
    ],
    [
      -5.956616703851914e-05,
      -1.793803196121256e-07,
      0.02080770948180136
    ],
    [
      0.08441185903533005,
      -0.02219934069623302,
      1.0
    ]
  ],
  "E": [
    [
      0.0029859805332994806,
      -0.6955240237970578,
      -0.12617606439482928
    ],
    [
      0.6950015331498991,
      0.0017311587108578448,
      0.02494686108820674
    ],
    [
      0.12789312938322772,
      -0.017494298221644007,
      0.001356514720488876
    ]
  ],
  "R": [
    [
      0.9999442684882808,
      0.002429035907959791,
      0.010274225128641856
    ],
    [
      -0.0024044130988774056,
      0.9999942095848607,
      -0.002408234706260698
    ],
    [
      -0.010280015325189691,
      0.002383397010220223,
      0.9999443188016048
    ]
  ],
  "t": [
    0.02518003237628722,
    0.18081773215397998,
    -0.9831942400707098
  ],
  "num_3d_points": 28
}