{
  "image_1": "frame_087",
  "image_2": "frame_088",
  "num_matches": 416,
  "inlier_count": 382,
  "inlier_ratio": 0.9183,
  "reproj_rmse": 0.2652,
  "F": [
    [
      -7.083011706198827e-06,
      -6.578783438413379e-05,
      -0.17430687001833495
    ],
    [
      5.359122536780321e-05,
      2.972214617088351e-06,
      -0.42792584988263915
    ],
    [
      0.18387949622807884,
      0.4263873560323755,
      1.0
    ]
  ],
  "E": [
    [
      0.00712564638830437,
      -0.15571015101396024,
      -0.054896735457101185
    ],
    [
      0.13785016101846065,
      -0.0023963182006379448,
      -0.6911760675381934
    ],
    [
      0.019221387616180495,
      0.6895347607280893,
      -0.011380197949998486
    ]
  ],
  "R": [
    [
      0.9981811842395767,
      0.054650901401051714,
      -0.025448033443249002
    ],
    [
      -0.0550298605053282,
      0.9983803361967832,
      -0.014436715289914151
    ],
    [
      0.024617836680753985,
      0.01581085929513317,
      0.9995718977870023
    ]
  ],
  "t": [
    0.9723064562892824,
    -0.08083606161535097,
    0.219284486912999
  ],
  "num_3d_points": 370
}