{
  "image_1": "frame_031",
  "image_2": "frame_032",
  "num_matches": 166,
  "inlier_count": 118,
  "inlier_ratio": 0.7108,
  "reproj_rmse": 0.0367,
  "F": [
    [
      4.328806422223642e-07,
      6.853789287738886e-07,
      0.019636169099246405
    ],
    [
      -4.233232976650557e-06,
      6.849905239201867e-07,
      -0.15679026963057172
    ],
    [
      -0.01996785350076794,
      0.15849582403034404,
      1.0
    ]
  ],
  "E": [
    [
      0.004717504742934523,
      0.0688584145649785,
      0.10036035057682298
    ],
    [
      -0.11368989679707596,
      -0.00754725428083067,
      -0.6905177751277375
    ],
    [
      -0.12043762819886714,
      0.6934381231233216,
      0.002293379484872241
    ]
  ],
  "R": [
    [
      0.9974356996351355,
      0.02779035704561536,
      -0.0659524157908208
    ],
    [
      -0.028264815307465108,
      0.9995807956201006,
      -0.006271622048664452
    ],
    [
      0.06575047763326888,
      0.008119672577364873,
      0.9978030595304032
    ]
  ],
  "t": [
    0.9850523477711174,
    0.14284851102990503,
    -0.0962609736453398
  ],
  "num_3d_points": 85
}