{
  "image_1": "frame_109",
  "image_2": "frame_110",
  "num_matches": 101,
  "inlier_count": 86,
  "inlier_ratio": 0.8515,
  "reproj_rmse": 0.0508,
  "F": [
    [
      -8.091944337077113e-07,
      3.516608488321419e-06,
      -0.006307143920881978
    ],
    [
      -3.2694917834550406e-06,
      7.142933129922092e-08,
      0.0024604154634318325
    ],
    [
      0.006933728438970072,
      -0.003297184346485906,
      0.9999999999999999
    ]
  ],
  "E": [
    [
      0.00855987761636305,
      -0.14944704695820715,
      0.0441680278318886
    ],
    [
      0.1513804312920211,
      -0.0010306230088264776,
      -0.6894306679877711
    ],
    [
      -0.08163055646378523,
      0.6860397317430256,
      -0.00978210434759927
    ]
  ],
  "R": [
    [
      0.9983441776696896,
      0.05751222155511834,
      0.0011168190662648458
    ],
    [
      -0.05749078878757692,
      0.9982462402834169,
      -0.014115699224809848
    ],
    [
      -0.0019266856551991285,
      0.014028119325772869,
      0.9998997448497363
    ]
  ],
  "t": [
    0.9753373713419426,
    0.05946859466971264,
    0.21255704719392168
  ],
  "num_3d_points": 85
}