{
  "image_1": "frame_040",
  "image_2": "frame_041",
  "num_matches": 108,
  "inlier_count": 92,
  "inlier_ratio": 0.8519,
  "reproj_rmse": 0.084,
  "F": [
    [
      -8.651901214524777e-08,
      2.3507858565658243e-06,
      -0.0017950712410183364
    ],
    [
      -1.6191123714918392e-06,
      -6.262647815652827e-08,
      0.03150095328701128
    ],
    [
      0.0023607197954540362,
      -0.03167025374424206,
      1.0
    ]
  ],
  "E": [
    [
      0.0038090837557770547,
      -0.10891252728169327,
      -0.018380598204749247
    ],
    [
      0.05026500999230344,
      -0.007789889371947446,
      -0.7049901022362857
    ],
    [
      -0.015207976652764832,
      0.6984373368657569,
      -0.0118916757695297
    ]
  ],
  "R": [
    [
      0.9952846572095558,
      0.048941988896648206,
      -0.08374444964352766
    ],
    [
      -0.050336689078022676,
      0.9986252419295901,
      -0.014623402946296602
    ],
    [
      0.08291362286089933,
      0.018769866912358418,
      0.9963799592726527
    ]
  ],
  "t": [
    0.987710186129202,
    -0.028344387201628886,
    0.1537048598151054
  ],
  "num_3d_points": 91
}