{
  "image_1": "frame_045",
  "image_2": "frame_046",
  "num_matches": 65,
  "inlier_count": 56,
  "inlier_ratio": 0.8615,
  "reproj_rmse": 0.2532,
  "F": [
    [
      8.134347361621069e-07,
      -1.206471059110292e-05,
      0.013242291408335868
    ],
    [
      1.1983702421352464e-05,
      2.2092918968682215e-07,
      -0.007954025236313481
    ],
    [
      -0.014308041462703917,
      0.007183402610319925,
      1.0
    ]
  ],
  "E": [
    [
      0.009816233005681501,
      -0.656253735747114,
      -0.25828551232015784
    ],
    [
      0.6546448905326159,
      0.012615727219852787,
      0.044038671563472735
    ],
    [
      0.2642119239296363,
      -0.04530344915523668,
      -0.0021054439593967728
    ]
  ],
  "R": [
    [
      0.999780800425385,
      0.018677865589661672,
      -0.009459832862712639
    ],
    [
      -0.018750757238509358,
      0.9997947213870815,
      -0.007676209319102234
    ],
    [
      0.009314515755443849,
      0.007851905726810382,
      0.9999257909328567
    ]
  ],
  "t": [
    0.07103900355520815,
    0.3724016813419899,
    -0.9253488248804027
  ],
  "num_3d_points": 51
}