{
  "image_1": "frame_061",
  "image_2": "frame_062",
  "num_matches": 64,
  "inlier_count": 51,
  "inlier_ratio": 0.7969,
  "reproj_rmse": 0.0375,
  "F": [
    [
      8.43385805562097e-08,
      -1.0443343155485423e-06,
      0.0023716752690082273
    ],
    [
      1.92828407958627e-06,
      9.86761180401662e-08,
      0.03053819471718148
    ],
    [
      -0.0019114213668495552,
      -0.03175058097848299,
      1.0
    ]
  ],
  "E": [
    [
      -0.005286993764036207,
      0.07078358154566408,
      -0.019117209811965265
    ],
    [
      -0.11887540828259999,
      -0.009234421704759964,
      -0.6967252145105006
    ],
    [
      -0.02070813037802828,
      0.7032139631654528,
      -0.0038598110856737145
    ]
  ],
  "R": [
    [
      0.9960715192085074,
      0.055836327911441164,
      -0.06873014700276665
    ],
    [
      -0.05621874680833219,
      0.9984118369280476,
      -0.0036409324715243156
    ],
    [
      0.06841769602198357,
      0.007490551870694287,
      0.9976286435862373
    ]
  ],
  "t": [
    0.9945815849587328,
    -0.02673343325204802,
    -0.10046290065259397
  ],
  "num_3d_points": 47
}