{
  "image_1": "frame_013",
  "image_2": "frame_014",
  "num_matches": 84,
  "inlier_count": 68,
  "inlier_ratio": 0.8095,
  "reproj_rmse": 4.2145,
  "F": [
    [
      -1.397804966562963e-07,
      5.607266838807638e-06,
      -0.008814542019709442
    ],
    [
      -5.3981821723826755e-06,
      8.231545145075442e-08,
      0.00464858347001919
    ],
    [
      0.008766237035252073,
      -0.005496681089861533,
      0.9999999999999999
    ]
  ],
  "E": [
    [
      -0.07273072620968309,
      -0.10580583996152948,
      -0.21735413204611367
    ],
    [
      -0.09374546357552065,
      0.08061219383476416,
      -0.6620921788315758
    ],
    [
      0.2113074457484604,
      0.6617465687123493,
      0.007784480742829328
    ]
  ],
  "R": [
    [
      0.9437943665063524,
      0.027831800564800224,
      -0.3293593548514977
    ],
    [
      0.012298331862879375,
      0.9928017746025475,
      0.11913600370762356
    ],
    [
      0.33030432147379457,
      -0.11649045979544237,
      0.9366584372077061
    ]
  ],
  "t": [
    0.9341012225423198,
    -0.30445823685429774,
    0.18644057513458814
  ],
  "num_3d_points": 66
}