{
  "image_1": "frame_048",
  "image_2": "frame_049",
  "num_matches": 109,
  "inlier_count": 90,
  "inlier_ratio": 0.8257,
  "reproj_rmse": 0.0484,
  "F": [
    [
      5.577106018329141e-07,
      -1.8300204286159834e-05,
      0.009843262339875779
    ],
    [
      1.675882610799784e-05,
      1.3587223116770925e-07,
      -0.021103375727439012
    ],
    [
      -0.011257968220949835,
      0.022780149588591304,
      1.0
    ]
  ],
  "E": [
    [
      -0.009887756494335653,
      -0.6984689935643741,
      -0.10433198444461192
    ],
    [
      0.6999347691704385,
      -0.0121200993996567,
      0.04399654780192419
    ],
    [
      0.08892687148888856,
      -0.03547628758660422,
      0.0005520391107715761
    ]
  ],
  "R": [
    [
      0.9997660675801882,
      -0.016280041715432157,
      0.014239745678569372
    ],
    [
      0.015975802872870714,
      0.999647086129986,
      0.02122444143894575
    ],
    [
      -0.014580255066826697,
      -0.020991984984080156,
      0.9996733230053777
    ]
  ],
  "t": [
    -0.048127628708024076,
    -0.1265600717318055,
    0.9907907345136927
  ],
  "num_3d_points": 18
}