{
  "image_1": "frame_112",
  "image_2": "frame_113",
  "num_matches": 122,
  "inlier_count": 102,
  "inlier_ratio": 0.8361,
  "reproj_rmse": 0.1158,
  "F": [
    [
      1.478829447500126e-07,
      -2.662877844252293e-06,
      0.0014804702128932608
    ],
    [
      8.217747527996929e-07,
      -1.0748006347566765e-08,
      -0.09945586176606881
    ],
    [
      -0.006074008528390319,
      0.10088538591925275,
      1.0
    ]
  ],
  "E": [
    [
      -4.766974611740906e-05,
      -0.03576392938344824,
      -0.06444507405158109
    ],
    [
      0.004295508948797132,
      0.0012393292141466966,
      -0.704148037894787
    ],
    [
      0.00868801446180411,
      0.7061472521959917,
      -0.001975228794498616
    ]
  ],
  "R": [
    [
      0.9958865914856085,
      0.07891179897130599,
      -0.044528921863081924
    ],
    [
      -0.07893351986707255,
      0.9968790693135862,
      0.001273030193054592
    ],
    [
      0.04449040728708524,
      0.002247030838719565,
      0.9990072845139014
    ]
  ],
  "t": [
    0.9945529362614511,
    -0.0911652718406319,
    0.050530685567774215
  ],
  "num_3d_points": 97
}