{
  "image_1": "frame_122",
  "image_2": "frame_123",
  "num_matches": 576,
  "inlier_count": 540,
  "inlier_ratio": 0.9375,
  "reproj_rmse": 0.2195,
  "F": [
    [
      1.5954059534057112e-07,
      -2.884903786141973e-06,
      0.002388094394390824
    ],
    [
      2.555908830448431e-06,
      8.763561382439085e-08,
      -0.011715217900748358
    ],
    [
      -0.0029571692009206217,
      0.011531431784111895,
      1.0
    ]
  ],
  "E": [
    [
      -0.00023202521985557265,
      -0.05745734264679422,
      -0.043745958819001216
    ],
    [
      -0.014476121078009106,
      0.012138845849793337,
      -0.7055517917890278
    ],
    [
      -0.007878222799144347,
      0.7046176111449939,
      0.008752493380957979
    ]
  ],
  "R": [
    [
      0.9921430340689504,
      0.07322637712163439,
      -0.10144011850395997
    ],
    [
      -0.07169882883089398,
      0.9972523525750937,
      0.01862855946440626
    ],
    [
      0.1025254987441438,
      -0.011209057814148767,
      0.9946672202954029
    ]
  ],
  "t": [
    0.9947712209621591,
    -0.060659037962399256,
    0.08216263785280535
  ],
  "num_3d_points": 540
}