{
  "image_1": "frame_088",
  "image_2": "frame_089",
  "num_matches": 477,
  "inlier_count": 429,
  "inlier_ratio": 0.8994,
  "reproj_rmse": 0.1022,
  "F": [
    [
      -3.419028037078073e-07,
      1.1575068977025033e-05,
      -0.004416785050299442
    ],
    [
      -1.1805903399524541e-05,
      2.89565883539361e-07,
      0.018148080101771484
    ],
    [
      0.004597643373040977,
      -0.018993302590550588,
      1.0
    ]
  ],
  "E": [
    [
      -0.007904074999695705,
      0.26228730264119615,
      -0.2581012404956366
    ],
    [
      -0.271217110413755,
      -0.004789513772275102,
      -0.5999106619231601
    ],
    [
      0.24823610041857908,
      0.6077939630220263,
      -0.004185734909063145
    ]
  ],
  "R": [
    [
      0.9997689913932897,
      0.01593686227726937,
      -0.01442152104316341
    ],
    [
      -0.015949647135404033,
      0.9998724983158717,
      -0.0007719247588182099
    ],
    [
      0.01440738021637189,
      0.001001764609350031,
      0.9998957064929173
    ]
  ],
  "t": [
    0.8538461759898168,
    -0.36476166818226247,
    -0.3713430128229959
  ],
  "num_3d_points": 385
}