{
  "image_1": "frame_070",
  "image_2": "frame_071",
  "num_matches": 291,
  "inlier_count": 274,
  "inlier_ratio": 0.9416,
  "reproj_rmse": 0.0501,
  "F": [
    [
      -2.070261889990945e-07,
      1.8845273796605978e-06,
      -0.0010376392938527559
    ],
    [
      -1.819864192597773e-06,
      -5.8957687523890004e-08,
      -0.0031728568282850364
    ],
    [
      0.0011393948376850335,
      0.0027939457070383696,
      1.0
    ]
  ],
  "E": [
    [
      0.056075478898070616,
      -0.6697010563742284,
      -0.21961156952423885
    ],
    [
      0.6796882611917469,
      0.04435117610769803,
      0.047726776685040787
    ],
    [
      0.18390178780109054,
      0.0008939329194617513,
      0.009226222382608153
    ]
  ],
  "R": [
    [
      0.9963931153571638,
      0.06589882713734978,
      0.053461240639999144
    ],
    [
      -0.06874327616357569,
      0.9962129766083178,
      0.05323595795600761
    ],
    [
      -0.049750594480313264,
      -0.05671904282617227,
      0.9971498525947534
    ]
  ],
  "t": [
    -0.015924464767715214,
    -0.25991920114874034,
    0.9654990524573613
  ],
  "num_3d_points": 212
}