{
  "image_1": "frame_019",
  "image_2": "frame_020",
  "num_matches": 203,
  "inlier_count": 185,
  "inlier_ratio": 0.9113,
  "reproj_rmse": 0.0923,
  "F": [
    [
      2.4666205482844928e-06,
      3.0578110604127584e-06,
      0.007049146193152507
    ],
    [
      -3.2720162872801465e-06,
      -4.1766285252055776e-08,
      0.00129044801115658
    ],
    [
      -0.009838769218650728,
      -0.0012121992461024459,
      1.0
    ]
  ],
  "E": [
    [
      0.010743769756825016,
      -0.6631787280507222,
      -0.21347883219161126
    ],
    [
      0.6608383477241927,
      0.00910495100117462,
      -0.11974593346136943
    ],
    [
      0.2191300150431204,
      0.12392229098210189,
      -0.0011515413080944515
    ]
  ],
  "R": [
    [
      0.9998736058935745,
      0.015865060077802973,
      0.0010354255685342817
    ],
    [
      -0.015852160047901714,
      0.9998086495300172,
      -0.011461821267957029
    ],
    [
      -0.001217069922383185,
      0.011443958829469858,
      0.999933775080687
    ]
  ],
  "t": [
    -0.17032518466937463,
    0.3126361766517427,
    -0.9344773686483391
  ],
  "num_3d_points": 56
}