{
  "image_1": "frame_025",
  "image_2": "frame_026",
  "num_matches": 462,
  "inlier_count": 411,
  "inlier_ratio": 0.8896,
  "reproj_rmse": 0.2646,
  "F": [
    [
      3.142181166607782e-07,
      -9.64266845302132e-06,
      0.014158983300108816
    ],
    [
      9.958300268538258e-06,
      -4.800550225924852e-08,
      -0.01066171696564554
    ],
    [
      -0.016413452980205027,
      0.011102021098903415,
      0.9999999999999999
    ]
  ],
  "E": [
    [
      0.01698515890123328,
      -0.1017713390093531,
      0.40858560650556963
    ],
    [
      0.0825063896168068,
      0.00320141310269094,
      -0.5709266940825438
    ],
    [
      -0.4261738894387353,
      0.5548012557966614,
      0.014437459175700551
    ]
  ],
  "R": [
    [
      0.9989442423282624,
      0.03114586234735156,
      -0.033768861068347394
    ],
    [
      -0.031126247512832328,
      0.9995148484712135,
      0.0011065266996847234
    ],
    [
      0.033786941782047136,
      -5.426054779243683e-05,
      0.9994290568223488
    ]
  ],
  "t": [
    0.8030092167432399,
    0.5783167931211018,
    0.14396487286672807
  ],
  "num_3d_points": 398
}