{
  "image_1": "frame_094",
  "image_2": "frame_095",
  "num_matches": 509,
  "inlier_count": 477,
  "inlier_ratio": 0.9371,
  "reproj_rmse": 0.3014,
  "F": [
    [
      1.5621277727870592e-06,
      4.36002758363613e-07,
      0.010575465498066976
    ],
    [
      -7.344249884546856e-07,
      -1.030327211052717e-07,
      -0.003837346144309784
    ],
    [
      -0.012413415017128735,
      0.0041762113716752244,
      1.0
    ]
  ],
  "E": [
    [
      -0.0017844608530013877,
      0.02566771375808739,
      -0.0035412713730169844
    ],
    [
      -0.09467377577420985,
      0.0048252776833062,
      -0.7007126226997272
    ],
    [
      -0.034637131275133355,
      0.7057247027597696,
      0.009683485107486338
    ]
  ],
  "R": [
    [
      0.993703164931794,
      0.055668440717694896,
      -0.09723705421595383
    ],
    [
      -0.05453830592940732,
      0.998410076844263,
      0.014244003727299928
    ],
    [
      0.0978753962489369,
      -0.008851167374614067,
      0.9951593157104142
    ]
  ],
  "t": [
    0.999325215900168,
    -0.005552164601474043,
    -0.03630821304224175
  ],
  "num_3d_points": 470
}