{
  "image_1": "frame_032",
  "image_2": "frame_033",
  "num_matches": 132,
  "inlier_count": 81,
  "inlier_ratio": 0.6136,
  "reproj_rmse": 0.0402,
  "F": [
    [
      7.201837945915712e-07,
      -2.525123700923812e-05,
      0.03072471941749092
    ],
    [
      1.5250666331950216e-05,
      3.780652862139824e-06,
      -0.41670976367988655
    ],
    [
      -0.030414637564932644,
      0.4112443565893047,
      1.0
    ]
  ],
  "E": [
    [
      0.003304019300943395,
      -0.13029577592200917,
      -0.012363512563086373
    ],
    [
      0.08503062224885745,
      -0.0005139530952056709,
      -0.7018552797584631
    ],
    [
      -0.009145888512361955,
      0.694930257618808,
      -0.004027774444674836
    ]
  ],
  "R": [
    [
      0.9974025514234388,
      0.03144113319664456,
      -0.06480436372132094
    ],
    [
      -0.03180464010866108,
      0.9994835876566324,
      -0.004585070619446334
    ],
    [
      0.0646267381319292,
      0.0066342405999193724,
      0.9978874543605052
    ]
  ],
  "t": [
    0.9827097616188037,
    -0.018368201183437426,
    0.18423933783098229
  ],
  "num_3d_points": 80
}