{
  "image_1": "frame_113",
  "image_2": "frame_114",
  "num_matches": 77,
  "inlier_count": 72,
  "inlier_ratio": 0.9351,
  "reproj_rmse": 0.1647,
  "F": [
    [
      -8.983400449999296e-08,
      5.231329552812146e-06,
      0.0028760990091115887
    ],
    [
      -3.7509603247006418e-06,
      5.476875369281831e-08,
      0.043159928859516875
    ],
    [
      -0.0014569562767492484,
      -0.04472787496621407,
      0.9999999999999999
    ]
  ],
  "E": [
    [
      -0.001848588645223398,
      -0.033036748350766657,
      -0.08475209026337381
    ],
    [
      -0.0032639559039018954,
      -0.002925862977393358,
      -0.7019671428233153
    ],
    [
      0.03137127709815478,
      0.7056286060245439,
      -0.007019175284426119
    ]
  ],
  "R": [
    [
      0.9958175993184933,
      0.07566047771087572,
      -0.05121328929208206
    ],
    [
      -0.07595379748788719,
      0.9971040863077931,
      -0.0038028562251908016
    ],
    [
      0.05077725410773448,
      0.007676794960302255,
      0.9986804980995753
    ]
  ],
  "t": [
    0.9916876919416363,
    -0.12019081782298456,
    0.045931350540914156
  ],
  "num_3d_points": 71
}