{
  "image_1": "frame_004",
  "image_2": "frame_005",
  "num_matches": 112,
  "inlier_count": 85,
  "inlier_ratio": 0.7589,
  "reproj_rmse": 0.094,
  "F": [
    [
      7.626056256880957e-08,
      -8.829547812383202e-06,
      0.006767709162871564
    ],
    [
      8.928531504263297e-06,
      7.305619116885511e-07,
      0.0057904621757709305
    ],
    [
      -0.007218187916724003,
      -0.008062541502868864,
      1.0
    ]
  ],
  "E": [
    [
      -0.016798485347915,
      0.5610003329958577,
      0.08252942140150932
    ],
    [
      -0.569590652356628,
      -0.010315595629602705,
      -0.41269248881309717
    ],
    [
      -0.085203466365754,
      0.41950462468070615,
      0.009303653822751093
    ]
  ],
  "R": [
    [
      0.9993400947248663,
      0.032353156032924185,
      -0.01651206740553174
    ],
    [
      -0.03203410137570667,
      0.9993016814031224,
      0.019234497496515082
    ],
    [
      0.01712283342050902,
      -0.018692855308961337,
      0.9996786412322969
    ]
  ],
  "t": [
    0.5969678917189438,
    0.10143950820085015,
    -0.7958262137128991
  ],
  "num_3d_points": 77
}