{
  "image_1": "frame_062",
  "image_2": "frame_063",
  "num_matches": 201,
  "inlier_count": 159,
  "inlier_ratio": 0.791,
  "reproj_rmse": 0.0432,
  "F": [
    [
      4.21839770799374e-08,
      1.283886287211731e-06,
      0.0024035920778154546
    ],
    [
      -4.667847288066588e-07,
      3.042911435074411e-08,
      0.028125219446078115
    ],
    [
      -0.0018542593512399122,
      -0.028686758325967707,
      1.0
    ]
  ],
  "E": [
    [
      0.0019135786000779448,
      -0.12038085520723758,
      -0.0991231985352786
    ],
    [
      0.07746859879383335,
      0.0007407767642975386,
      -0.6956895785671792
    ],
    [
      0.05377917480257609,
      0.6947600273520103,
      -0.010476731540205217
    ]
  ],
  "R": [
    [
      0.9959545348215333,
      0.06602299854631359,
      -0.06095513293707601
    ],
    [
      -0.06653136371523291,
      0.9977641523158027,
      -0.006346179616015435
    ],
    [
      0.060399852736695944,
      0.010375934487110603,
      0.998120332311142
    ]
  ],
  "t": [
    0.9753762140104209,
    -0.1415208657670376,
    0.16915402949751396
  ],
  "num_3d_points": 149
}