{
  "image_1": "frame_104",
  "image_2": "frame_105",
  "num_matches": 103,
  "inlier_count": 98,
  "inlier_ratio": 0.9515,
  "reproj_rmse": 0.1899,
  "F": [
    [
      2.068994942967654e-06,
      -5.625274784640717e-06,
      0.013154373543251094
    ],
    [
      5.564940817819918e-06,
      2.2871706591538043e-09,
      -0.004031354991585604
    ],
    [
      -0.01594260726603302,
      0.004043814170997793,
      1.0
    ]
  ],
  "E": [
    [
      -0.010052703515457702,
      0.16961069278635668,
      0.03734809198396095
    ],
    [
      -0.22398950838044834,
      -0.009584253274668468,
      -0.6696797366594225
    ],
    [
      -0.08725984846571036,
      0.6806465873660924,
      0.010397622553844823
    ]
  ],
  "R": [
    [
      0.9939256762671698,
      0.07636040643691128,
      -0.07925174058428527
    ],
    [
      -0.07572019705454898,
      0.9970678028137707,
      0.011056597584250136
    ],
    [
      0.07986364513888247,
      -0.004988478817181775,
      0.9967933152184668
    ]
  ],
  "t": [
    0.9692639228504462,
    0.05031684673098719,
    -0.24082288677701408
  ],
  "num_3d_points": 94
}