{
  "image_1": "frame_046",
  "image_2": "frame_048",
  "num_matches": 60,
  "inlier_count": 50,
  "inlier_ratio": 0.8333,
  "reproj_rmse": 0.8254,
  "F": [
    [
      -4.5019321225989844e-07,
      7.156095058298241e-06,
      -0.0071968119549271166
    ],
    [
      -6.692604416993642e-06,
      -4.097067443655831e-08,
      0.0034369734350573984
    ],
    [
      0.007564612350925605,
      -0.004661480128027356,
      1.0
    ]
  ],
  "E": [
    [
      0.06062451104000491,
      -0.6733806464053262,
      -0.18596357394576157
    ],
    [
      0.6834711866431147,
      0.05826825611118146,
      -0.06585199461202013
    ],
    [
      0.1505520116178798,
      0.10334239386511287,
      0.009519793343086218
    ]
  ],
  "R": [
    [
      0.9961540492430645,
      0.07952766288896712,
      0.036775821025028896
    ],
    [
      -0.08100159858410848,
      0.9958910674903123,
      0.04049348984498269
    ],
    [
      -0.033404359048859036,
      -0.04331665416933292,
      0.9985027873111368
    ]
  ],
  "t": [
    0.1288465977294292,
    -0.22421178454324278,
    0.9659853155848102
  ],
  "num_3d_points": 47
}