{
  "image_1": "frame_126",
  "image_2": "frame_127",
  "num_matches": 682,
  "inlier_count": 596,
  "inlier_ratio": 0.8739,
  "reproj_rmse": 0.5748,
  "F": [
    [
      -7.373036563111374e-07,
      2.422143086398568e-06,
      -0.005249536492632948
    ],
    [
      -2.2609391302331696e-06,
      6.58586065460932e-08,
      0.0011814517260638562
    ],
    [
      0.0059363405412565734,
      -0.001920554933209837,
      1.0
    ]
  ],
  "E": [
    [
      -0.010912469222980463,
      -0.04460419967851087,
      -0.13127087892547004
    ],
    [
      -0.03137946409888164,
      0.010699610225933671,
      -0.6940339831868921
    ],
    [
      0.0748348639482019,
      0.7016232086878548,
      -0.0012781457904655427
    ]
  ],
  "R": [
    [
      0.9906207644552271,
      0.08115848543387945,
      -0.10992634475966576
    ],
    [
      -0.07954838639684532,
      0.9966506478656803,
      0.018961548738903225
    ],
    [
      0.11109705329935568,
      -0.010039240558852521,
      0.9937588532421744
    ]
  ],
  "t": [
    0.980468601978291,
    -0.18556765750325108,
    0.06516106984612687
  ],
  "num_3d_points": 572
}