{
  "image_1": "frame_110",
  "image_2": "frame_111",
  "num_matches": 89,
  "inlier_count": 83,
  "inlier_ratio": 0.9326,
  "reproj_rmse": 0.4306,
  "F": [
    [
      2.7975383339821812e-05,
      -5.6568791363736095e-05,
      0.16882031565889266
    ],
    [
      5.1592720159557514e-05,
      -1.0819809654838456e-06,
      -0.07325793818715831
    ],
    [
      -0.2038761638534135,
      0.08171871809927861,
      1.0
    ]
  ],
  "E": [
    [
      -0.026124114223742115,
      0.021314916490461314,
      -0.15952283560079578
    ],
    [
      -0.12131246960259774,
      0.015388743960045578,
      -0.6773214306965928
    ],
    [
      0.09734329213596625,
      0.700153675477006,
      0.0026334202956375717
    ]
  ],
  "R": [
    [
      0.9843189942727296,
      0.0952531394752602,
      -0.1484687069184239
    ],
    [
      -0.09044699850964655,
      0.9951448024902527,
      0.03880930992985519
    ],
    [
      0.15144457063400532,
      -0.024772192005193826,
      0.9881552917070977
    ]
  ],
  "t": [
    0.9730525884174103,
    -0.22926905939254835,
    -0.024583705567588873
  ],
  "num_3d_points": 78
}