{
  "image_1": "frame_030",
  "image_2": "frame_031",
  "num_matches": 176,
  "inlier_count": 131,
  "inlier_ratio": 0.7443,
  "reproj_rmse": 0.0251,
  "F": [
    [
      4.592115429399439e-08,
      -1.2729230123003335e-06,
      0.002219917964355316
    ],
    [
      1.5616446761993525e-06,
      1.1071334834387742e-07,
      0.016416876184334295
    ],
    [
      -0.002119244801602044,
      -0.017251486065874545,
      0.9999999999999999
    ]
  ],
  "E": [
    [
      0.004779177588506387,
      -0.15908984297773898,
      0.003288354995553855
    ],
    [
      0.21196435325216004,
      0.010114305163674514,
      0.6745096525266729
    ],
    [
      0.017550248043226347,
      -0.6887206836426415,
      0.004256664251421547
    ]
  ],
  "R": [
    [
      0.9965811648953679,
      0.028333877235316274,
      -0.07760910498521217
    ],
    [
      -0.028879219211490528,
      0.9995654176513217,
      -0.005913250652009854
    ],
    [
      0.07740783212005309,
      0.008134324578773706,
      0.9969663285638694
    ]
  ],
  "t": [
    0.9743272222865572,
    -0.0033293932770061133,
    -0.22511192560983714
  ],
  "num_3d_points": 119
}