{
  "image_1": "frame_033",
  "image_2": "frame_034",
  "num_matches": 145,
  "inlier_count": 89,
  "inlier_ratio": 0.6138,
  "reproj_rmse": 0.183,
  "F": [
    [
      2.0072617782026882e-08,
      7.865773303662775e-07,
      -0.00011157821845074413
    ],
    [
      9.11895406055989e-08,
      1.6395064690020626e-07,
      0.0157809046742185
    ],
    [
      -0.000439771884370549,
      -0.01693077193822307,
      1.0
    ]
  ],
  "E": [
    [
      -0.017377191131568208,
      0.6121721409774052,
      0.019999326647128998
    ],
    [
      -0.6137491231166579,
      -0.018377036272738907,
      -0.35001768286556456
    ],
    [
      -0.031555247240905,
      0.35214903143976944,
      -0.000759008274442209
    ]
  ],
  "R": [
    [
      0.9995818929767909,
      0.028528127261918237,
      -0.004710115483028077
    ],
    [
      -0.028539835706928387,
      0.999589683806673,
      -0.0024375818134778834
    ],
    [
      0.00463864320218671,
      0.0025709885654483094,
      0.9999859364046273
    ]
  ],
  "t": [
    0.4990858242290203,
    0.03039473943899914,
    -0.8660193415092269
  ],
  "num_3d_points": 10
}