{
  "image_1": "frame_058",
  "image_2": "frame_059",
  "num_matches": 36,
  "inlier_count": 31,
  "inlier_ratio": 0.8611,
  "reproj_rmse": 0.0826,
  "F": [
    [
      1.7159692090542325e-06,
      -3.729586790726038e-05,
      0.013868363347783236
    ],
    [
      3.614517756570129e-05,
      3.517701473060359e-07,
      -0.18491688423740107
    ],
    [
      -0.022083114242407716,
      0.18427235197361186,
      0.9999999999999999
    ]
  ],
  "E": [
    [
      0.022234414380217185,
      -0.47415978484019494,
      -0.11595004116665197
    ],
    [
      0.47247500869349696,
      0.018089074245303267,
      -0.5119205500331854
    ],
    [
      0.09560639433521338,
      0.5161885529059055,
      -0.0044737488525944755
    ]
  ],
  "R": [
    [
      0.9988807284646348,
      0.047267629098854805,
      -0.001749726074114888
    ],
    [
      -0.04728063738722406,
      0.9988468069482878,
      -0.008342516255141416
    ],
    [
      0.0013533773380643987,
      0.008415906878200846,
      0.9999636697806562
    ]
  ],
  "t": [
    0.7228190883076046,
    -0.1695730049669081,
    0.6699086218020011
  ],
  "num_3d_points": 26
}