{
  "image_1": "frame_123",
  "image_2": "frame_124",
  "num_matches": 628,
  "inlier_count": 595,
  "inlier_ratio": 0.9475,
  "reproj_rmse": 0.31,
  "F": [
    [
      -1.6655652638738005e-06,
      3.5402017976617894e-07,
      -0.008994354427131401
    ],
    [
      1.3286481901005346e-07,
      2.3837817503603514e-08,
      0.0029282799472276277
    ],
    [
      0.0102856216672644,
      -0.0034711112333531695,
      0.9999999999999999
    ]
  ],
  "E": [
    [
      0.0020162626167623365,
      -0.19203266138947234,
      -0.17922587990731467
    ],
    [
      0.148963933254315,
      0.008439352235889798,
      -0.6672936107457937
    ],
    [
      0.13346306720356996,
      0.6674308088711477,
      -0.013377655231379876
    ]
  ],
  "R": [
    [
      0.9955622748077653,
      0.06958329155903645,
      -0.06335552474250394
    ],
    [
      -0.06991245702737756,
      0.9975486470407147,
      -0.002990842629586196
    ],
    [
      0.0629921053147377,
      0.007406910492910063,
      0.9979865391602071
    ]
  ],
  "t": [
    0.9284368321174935,
    -0.25478524675136394,
    0.27035074774351864
  ],
  "num_3d_points": 559
}