{
  "image_1": "frame_117",
  "image_2": "frame_118",
  "num_matches": 138,
  "inlier_count": 128,
  "inlier_ratio": 0.9275,
  "reproj_rmse": 0.2772,
  "F": [
    [
      -3.4710961420057176e-07,
      6.160304284961256e-07,
      -0.016508138456195063
    ],
    [
      -1.976008244841759e-06,
      -3.288002188537657e-07,
      -0.06650550020618395
    ],
    [
      0.014006671655925326,
      0.06801309947903598,
      0.9999999999999999
    ]
  ],
  "E": [
    [
      -0.006574273178325973,
      -0.04919810916924921,
      -0.12527798172092308
    ],
    [
      -0.006587124112857764,
      0.007332276815472713,
      -0.695876900524562
    ],
    [
      0.07478420041612999,
      0.7013572064307138,
      -0.002308996980604355
    ]
  ],
  "R": [
    [
      0.9941398714764785,
      0.07214703153562627,
      -0.08050293026547779
    ],
    [
      -0.07147635251276059,
      0.9973795719872489,
      0.011185723669195723
    ],
    [
      0.081098994890212,
      -0.005366118068901251,
      0.9966916061674583
    ]
  ],
  "t": [
    0.981673827992047,
    -0.1769643287725152,
    0.07071153921061395
  ],
  "num_3d_points": 127
}