{
  "image_1": "frame_020",
  "image_2": "frame_021",
  "num_matches": 246,
  "inlier_count": 218,
  "inlier_ratio": 0.8862,
  "reproj_rmse": 0.0824,
  "F": [
    [
      3.833244501727122e-06,
      7.209036932039886e-06,
      0.019783847902995443
    ],
    [
      -7.956814054868117e-06,
      -5.0049763848994817e-08,
      0.0028799838763123465
    ],
    [
      -0.024613523630145462,
      -0.0028388787809811287,
      1.0
    ]
  ],
  "E": [
    [
      0.010685818707647801,
      -0.5331807651262772,
      -0.30487979905665824
    ],
    [
      0.5373411217766512,
      -0.0021386408000261406,
      -0.336759228784969
    ],
    [
      0.3108654265817627,
      0.3519388017018197,
      0.002706734082620222
    ]
  ],
  "R": [
    [
      0.999667154601152,
      0.005639645864892823,
      0.025174876487380426
    ],
    [
      -0.00526918858543865,
      0.9998772181395914,
      -0.014757516629930079
    ],
    [
      -0.025255012636847818,
      0.014619953486594228,
      0.9995741299657382
    ]
  ],
  "t": [
    -0.49528253170299935,
    0.4423870859134899,
    -0.7476555891631106
  ],
  "num_3d_points": 217
}