{
  "image_1": "frame_041",
  "image_2": "frame_042",
  "num_matches": 116,
  "inlier_count": 82,
  "inlier_ratio": 0.7069,
  "reproj_rmse": 0.1086,
  "F": [
    [
      9.279764830557841e-08,
      -2.8865040987559956e-06,
      0.0018082378202968913
    ],
    [
      3.42545293441775e-06,
      5.647404613629914e-07,
      0.01081543750210956
    ],
    [
      -0.0016880128418671142,
      -0.012400137964313633,
      1.0
    ]
  ],
  "E": [
    [
      0.01330688866411069,
      -0.27426248375203,
      -0.09736261601840768
    ],
    [
      0.2931251796431109,
      0.026993480927980155,
      0.6348795250161301
    ],
    [
      0.14018763272030743,
      -0.6369554964262497,
      0.005969144733084868
    ]
  ],
  "R": [
    [
      0.9976474333352696,
      0.06010728701882263,
      -0.03296532734230856
    ],
    [
      -0.06060947615658513,
      0.9980569371702501,
      -0.014451351714069631
    ],
    [
      0.032032642094791675,
      0.016415365167314552,
      0.9993520128697648
    ]
  ],
  "t": [
    0.9111789480912083,
    0.1433664518768468,
    -0.3862628444875882
  ],
  "num_3d_points": 76
}