{
  "image_1": "frame_101",
  "image_2": "frame_102",
  "num_matches": 144,
  "inlier_count": 119,
  "inlier_ratio": 0.8264,
  "reproj_rmse": 0.1237,
  "F": [
    [
      4.466216698681836e-06,
      -5.005227381168173e-06,
      0.02226255241529217
    ],
    [
      4.806809730191704e-06,
      -7.4743724936587e-08,
      -0.004662645982284195
    ],
    [
      -0.029233422198555164,
      0.005531738577994772,
      1.0
    ]
  ],
  "E": [
    [
      -0.011431810857296729,
      0.1744365784549272,
      -0.022717247488416126
    ],
    [
      -0.2142083806270456,
      -0.0029795398048212546,
      -0.6734040576427671
    ],
    [
      -0.013981715819314823,
      0.6850544086540106,
      0.007934508958336412
    ]
  ],
  "R": [
    [
      0.9966346947425759,
      0.05773730732353986,
      -0.058186670109219685
    ],
    [
      -0.057031229342395434,
      0.9982780554522159,
      0.013724535774935282
    ],
    [
      0.0588788936297818,
      -0.010359891194867472,
      0.9982113746794129
    ]
  ],
  "t": [
    0.9684266833003012,
    -0.03557716014374922,
    -0.24674688396833683
  ],
  "num_3d_points": 113
}