{
  "image_1": "frame_002",
  "image_2": "frame_004",
  "num_matches": 120,
  "inlier_count": 99,
  "inlier_ratio": 0.825,
  "reproj_rmse": 0.2067,
  "F": [
    [
      3.5448815173263634e-07,
      -6.497467580681855e-06,
      0.008553906814583337
    ],
    [
      6.3517467547246635e-06,
      2.9821305499300307e-07,
      0.002673933557847797
    ],
    [
      -0.008571323437700005,
      -0.003974138463863938,
      1.0
    ]
  ],
  "E": [
    [
      -0.031462810036912696,
      0.5875016447756304,
      0.004212005120339502
    ],
    [
      -0.5903178700391176,
      -0.03550758979965059,
      0.3876354403547536
    ],
    [
      0.022649636915050637,
      -0.39154652015545105,
      -0.003908099950756245
    ]
  ],
  "R": [
    [
      0.9985421807077502,
      0.05342005164178709,
      0.00773378497242222
    ],
    [
      -0.05349618652664428,
      0.9985180103069534,
      0.009997055553981588
    ],
    [
      -0.007188280358845223,
      -0.010396209656970926,
      0.999920120534761
    ]
  ],
  "t": [
    -0.5546785879829443,
    -0.0023616774018982898,
    -0.8320613478062159
  ],
  "num_3d_points": 99
}