{
  "image_1": "frame_063",
  "image_2": "frame_064",
  "num_matches": 254,
  "inlier_count": 215,
  "inlier_ratio": 0.8465,
  "reproj_rmse": 0.1355,
  "F": [
    [
      1.9184999496957425e-07,
      -2.4218650683946457e-06,
      0.0038482635686870365
    ],
    [
      3.1943430585638963e-06,
      1.6505768328682376e-07,
      0.019540317330857912
    ],
    [
      -0.00359585968889939,
      -0.021093790113775837,
      1.0
    ]
  ],
  "E": [
    [
      -0.013514749020050234,
      0.16411178615043873,
      -0.02008099126320765
    ],
    [
      -0.23274353561648137,
      -0.014165424484959398,
      -0.6672344768853489
    ],
    [
      -0.027188218071151685,
      0.687146394900526,
      -1.4442713648895332e-06
    ]
  ],
  "R": [
    [
      0.9924663000503405,
      0.06937380600497382,
      -0.10098474293066084
    ],
    [
      -0.06942242090217798,
      0.9975827302487638,
      0.0030370685706310324
    ],
    [
      0.10095132857208103,
      0.003996417121136842,
      0.9948833388441709
    ]
  ],
  "t": [
    0.9720919987278207,
    -0.02925543482621966,
    -0.23276869536619268
  ],
  "num_3d_points": 192
}