{
  "image_1": "frame_107",
  "image_2": "frame_108",
  "num_matches": 181,
  "inlier_count": 163,
  "inlier_ratio": 0.9006,
  "reproj_rmse": 0.1005,
  "F": [
    [
      2.3006390685754875e-05,
      -1.759357802715107e-05,
      0.13204577094238135
    ],
    [
      1.6077520794872677e-05,
      -9.892754982607295e-07,
      0.013594200672773253
    ],
    [
      -0.16116932490410785,
      -0.009807441271656421,
      0.9999999999999999
    ]
  ],
  "E": [
    [
      0.024784148960970254,
      -0.5383471631969573,
      -0.25178648962713635
    ],
    [
      0.5443797240168956,
      0.0264252405793832,
      0.375356789050355
    ],
    [
      0.2686080400739841,
      -0.3688563871109574,
      -0.0051021199314718576
    ]
  ],
  "R": [
    [
      0.9985660641735702,
      0.051972775096070595,
      -0.012831450803346633
    ],
    [
      -0.05191253522768147,
      0.9986391973629053,
      0.004984192673541943
    ],
    [
      0.013073032056113154,
      -0.00431093251925041,
      0.9999052513581845
    ]
  ],
  "t": [
    0.5406877869516042,
    0.3523058434185291,
    -0.763896138054471
  ],
  "num_3d_points": 158
}