{
  "image_1": "frame_060",
  "image_2": "frame_061",
  "num_matches": 58,
  "inlier_count": 42,
  "inlier_ratio": 0.7241,
  "reproj_rmse": 0.0338,
  "F": [
    [
      1.3261658939546342e-07,
      -2.6576253480182254e-06,
      0.004181583773392025
    ],
    [
      3.045395522807946e-06,
      6.880915342314444e-08,
      0.019784065178534743
    ],
    [
      -0.0038469914337172853,
      -0.020915990509401076,
      1.0
    ]
  ],
  "E": [
    [
      -0.012825396575133858,
      0.23475892432776244,
      -0.015092632414552715
    ],
    [
      -0.28397386692531185,
      -0.014152001269783608,
      -0.6472477059701193
    ],
    [
      -0.01809277531932922,
      0.6666305490338562,
      -0.001141294873636092
    ]
  ],
  "R": [
    [
      0.9959631347235018,
      0.04960189203619495,
      -0.074813679084547
    ],
    [
      -0.049742327928232924,
      0.9987620840924025,
      -1.38448859030426e-05
    ],
    [
      0.07472037930856651,
      0.00373519555450519,
      0.9971975296951721
    ]
  ],
  "t": [
    0.9428636901461013,
    -0.021399573825815914,
    -0.3324907818934989
  ],
  "num_3d_points": 37
}