{
  "image_1": "frame_034",
  "image_2": "frame_035",
  "num_matches": 116,
  "inlier_count": 70,
  "inlier_ratio": 0.6034,
  "reproj_rmse": 0.2047,
  "F": [
    [
      8.423380831420174e-08,
      1.4184024374185615e-08,
      0.002167093696105915
    ],
    [
      -1.1412102035750401e-06,
      2.459382689192016e-07,
      -0.028482839883040866
    ],
    [
      -0.002247367719557865,
      0.028996963664929213,
      1.0
    ]
  ],
  "E": [
    [
      -0.008056569176278816,
      -0.037325108035296095,
      -0.07117795326657268
    ],
    [
      0.13326820028218164,
      0.007315459107420647,
      0.6906639900870231
    ],
    [
      0.1065484357208149,
      -0.6980009005723672,
      -0.009334038050230286
    ]
  ],
  "R": [
    [
      0.9891643195114632,
      0.04983502548986744,
      -0.1380956887084036
    ],
    [
      -0.05043500384389721,
      0.9987269864871867,
      -0.0008466696454663726
    ],
    [
      0.1378776972272532,
      0.0078023519945425324,
      0.9904185296684745
    ]
  ],
  "t": [
    0.9934542032444605,
    0.10167913894864122,
    -0.052058608880540605
  ],
  "num_3d_points": 62
}