{
  "image_1": "frame_128",
  "image_2": "frame_129",
  "num_matches": 668,
  "inlier_count": 618,
  "inlier_ratio": 0.9251,
  "reproj_rmse": 0.0432,
  "F": [
    [
      3.023710446392045e-07,
      -5.473229005284394e-06,
      0.004974014314688904
    ],
    [
      5.236754214789483e-06,
      3.6088839717302815e-08,
      -0.009041758401299936
    ],
    [
      -0.006055066626417711,
      0.009377188307483329,
      1.0
    ]
  ],
  "E": [
    [
      -0.001353484887363025,
      -0.670564211733944,
      -0.22028762791564516
    ],
    [
      0.6761348935747354,
      -0.004225018083286439,
      0.04765425821211991
    ],
    [
      0.20118785034622663,
      -0.04348959662387448,
      0.0003121750774855136
    ]
  ],
  "R": [
    [
      0.999961910970846,
      -0.004479189594805286,
      0.00749089234390303
    ],
    [
      0.00426720465410662,
      0.9995965849859519,
      0.028079498728840024
    ],
    [
      -0.007613643803996345,
      -0.028046464037321528,
      0.9995776249411692
    ]
  ],
  "t": [
    0.06025225319591881,
    0.28479054263486214,
    -0.9566943152389669
  ],
  "num_3d_points": 484
}