{
  "image_1": "frame_055",
  "image_2": "frame_056",
  "num_matches": 57,
  "inlier_count": 42,
  "inlier_ratio": 0.7368,
  "reproj_rmse": 0.297,
  "F": [
    [
      1.7869389495243443e-07,
      -1.6813587547818629e-06,
      0.0069264624750481245
    ],
    [
      2.4485843049756854e-06,
      -1.9602548393041153e-08,
      0.032995488298913626
    ],
    [
      -0.006652173650342925,
      -0.03364576527776226,
      1.0
    ]
  ],
  "E": [
    [
      -0.009606166802341103,
      0.006150232664615951,
      -0.13683302540361506
    ],
    [
      -0.052918521245510934,
      0.0019288908613495556,
      -0.6916467796152395
    ],
    [
      0.10425270829289447,
      0.6993387662627797,
      -0.004891207333764639
    ]
  ],
  "R": [
    [
      0.9965820322721873,
      0.0471304102582851,
      -0.06784524582550121
    ],
    [
      -0.046805817548096595,
      0.9988837160939612,
      0.006366880395664841
    ],
    [
      0.06806958495459806,
      -0.0031695664063315625,
      0.9976755411720308
    ]
  ],
  "t": [
    0.9809654625484328,
    -0.19401361672368128,
    -0.008091836190621522
  ],
  "num_3d_points": 40
}