{
  "image_1": "frame_102",
  "image_2": "frame_103",
  "num_matches": 108,
  "inlier_count": 93,
  "inlier_ratio": 0.8611,
  "reproj_rmse": 0.5378,
  "F": [
    [
      -2.3706618471589167e-07,
      8.214197018356051e-06,
      -0.0030924089705600295
    ],
    [
      -1.0364759329849042e-05,
      9.798282544774773e-08,
      -0.04777110237920554
    ],
    [
      0.002883171094973626,
      0.050434853971061316,
      1.0
    ]
  ],
  "E": [
    [
      -0.021742004451587117,
      -0.015075779183799848,
      -0.1384734903832114
    ],
    [
      -0.09606834248148237,
      0.02048931190943153,
      -0.6861749613840207
    ],
    [
      0.08670369586338202,
      0.7014970377032856,
      0.004945487098422333
    ]
  ],
  "R": [
    [
      0.9834812720765964,
      0.07873254339271955,
      -0.1629901042564032
    ],
    [
      -0.07314759637253193,
      0.9965187626944447,
      0.03999730919517061
    ],
    [
      0.1655717869068304,
      -0.02741427016804216,
      0.9858166366884019
    ]
  ],
  "t": [
    0.9799235670046098,
    -0.19756003664696054,
    0.026829736282966733
  ],
  "num_3d_points": 87
}