{
  "image_1": "frame_119",
  "image_2": "frame_120",
  "num_matches": 227,
  "inlier_count": 209,
  "inlier_ratio": 0.9207,
  "reproj_rmse": 0.0406,
  "F": [
    [
      -9.325654369406696e-07,
      5.065666391720912e-07,
      -0.004878016552112945
    ],
    [
      -2.418738173631594e-07,
      2.0696421246354077e-08,
      0.0014809710587805561
    ],
    [
      0.0058121428628561305,
      -0.001972042099714662,
      1.0
    ]
  ],
  "E": [
    [
      -0.014107296853784613,
      -0.6736659517805651,
      -0.20463566467993807
    ],
    [
      0.673729034512866,
      -0.024194680430111488,
      -0.03274788988388683
    ],
    [
      0.21270102440190683,
      0.056603400281461116,
      0.009226311528427263
    ]
  ],
  "R": [
    [
      0.998306998204096,
      -0.03501402306570994,
      0.04644518839967451
    ],
    [
      0.03545962803086351,
      0.9993323204769095,
      -0.008805000292351983
    ],
    [
      -0.04610587941510381,
      0.010437022515519812,
      0.9988820332974111
    ]
  ],
  "t": [
    0.09054738348582568,
    -0.29809857833072234,
    0.95023071353281
  ],
  "num_3d_points": 184
}