{
  "image_1": "frame_079",
  "image_2": "frame_080",
  "num_matches": 160,
  "inlier_count": 133,
  "inlier_ratio": 0.8313,
  "reproj_rmse": 0.1051,
  "F": [
    [
      5.350487849725491e-08,
      1.2333896114720592e-07,
      0.0017317394848273694
    ],
    [
      5.349018098865517e-07,
      -3.4156619350173724e-08,
      0.02161385824294854
    ],
    [
      -0.0018540558773994748,
      -0.022247988413011566,
      1.0
    ]
  ],
  "E": [
    [
      -0.008095680216598093,
      -0.005818394870659449,
      -0.14289699712125653
    ],
    [
      -0.034148319282517145,
      0.0036829501589384097,
      -0.6916241284651498
    ],
    [
      0.11027364918471012,
      0.698418007450533,
      -0.0030751770891969394
    ]
  ],
  "R": [
    [
      0.9971767063286044,
      0.04718348651189355,
      -0.058415194566292704
    ],
    [
      -0.046816807801260685,
      0.9988743465379436,
      0.007630618303654425
    ],
    [
      0.05870947847610034,
      -0.004874261890605546,
      0.9982632111362643
    ]
  ],
  "t": [
    0.9792661073035118,
    -0.20236794752685175,
    0.009225231725872904
  ],
  "num_3d_points": 133
}