{
  "image_1": "frame_037",
  "image_2": "frame_038",
  "num_matches": 103,
  "inlier_count": 80,
  "inlier_ratio": 0.7767,
  "reproj_rmse": 0.014,
  "F": [
    [
      6.559205951753481e-08,
      -2.64139105871069e-06,
      0.002306092800632816
    ],
    [
      2.839156152049797e-06,
      2.0911555427419923e-07,
      0.010042562694767321
    ],
    [
      -0.00216018868016059,
      -0.011183668606687099,
      1.0
    ]
  ],
  "E": [
    [
      -0.008596648654257215,
      0.3452296454496654,
      0.05909406359150464
    ],
    [
      -0.38495261260096825,
      -0.019642871435339476,
      -0.5895213328145819
    ],
    [
      -0.08495862120472966,
      0.6114906943845427,
      -0.00137344710144746
    ]
  ],
  "R": [
    [
      0.9970579437687495,
      0.03637700327819457,
      -0.06746977397421378
    ],
    [
      -0.037072700634864925,
      0.9992712498179249,
      -0.009087582459589558
    ],
    [
      0.06709002634722205,
      0.011562133013435283,
      0.9976799313632146
    ]
  ],
  "t": [
    0.8686201484916831,
    0.08820704971806656,
    -0.48756389736558736
  ],
  "num_3d_points": 76
}