{
  "image_1": "frame_135",
  "image_2": "frame_136",
  "num_matches": 294,
  "inlier_count": 270,
  "inlier_ratio": 0.9184,
  "reproj_rmse": 0.8518,
  "F": [
    [
      -4.0056775584223445e-07,
      1.3705644349465482e-05,
      -0.007519272833550513
    ],
    [
      -1.4124675382117837e-05,
      5.5250373814231184e-08,
      -0.019574857780017788
    ],
    [
      0.007951024464863983,
      0.019684397769312554,
      1.0
    ]
  ],
  "E": [
    [
      -0.010599829549322242,
      0.1095258386585788,
      -0.029760914816398337
    ],
    [
      -0.18951452213076608,
      0.005338663359842132,
      -0.6804294412428689
    ],
    [
      -0.010931347295061171,
      0.6984040636199036,
      0.013777222487369584
    ]
  ],
  "R": [
    [
      0.9912470063598907,
      0.06465536166121946,
      -0.11510454635248424
    ],
    [
      -0.0621600623048574,
      0.997749488353235,
      0.02514130356830685
    ],
    [
      0.11647102230516448,
      -0.01776633612522681,
      0.993035174736462
    ]
  ],
  "t": [
    0.9869204853775717,
    -0.04629298143339156,
    -0.154417989276203
  ],
  "num_3d_points": 263
}