{
  "image_1": "frame_016",
  "image_2": "frame_017",
  "num_matches": 161,
  "inlier_count": 141,
  "inlier_ratio": 0.8758,
  "reproj_rmse": 0.0922,
  "F": [
    [
      9.577738292660694e-07,
      -2.2286821377335155e-05,
      0.050385238159898364
    ],
    [
      2.120474944827482e-05,
      -7.631820377138724e-07,
      -0.11159768907124337
    ],
    [
      -0.054106820716139266,
      0.11586988952418951,
      1.0
    ]
  ],
  "E": [
    [
      -0.001372553800305607,
      0.2829501763356876,
      0.11415768499321731
    ],
    [
      -0.3198879158665122,
      -0.010959227868565761,
      -0.6199195959524838
    ],
    [
      -0.13341757926721548,
      0.6342946892191462,
      0.005161850127026184
    ]
  ],
  "R": [
    [
      0.9978055081512115,
      0.02887934511863488,
      -0.05958314634710904
    ],
    [
      -0.02908937093049027,
      0.9995732744283253,
      -0.0026603660470388424
    ],
    [
      0.05948089106570742,
      0.004387764140731082,
      0.9982198010077113
    ]
  ],
  "t": [
    0.9021145567661103,
    0.16279626016105578,
    -0.3996081882898023
  ],
  "num_3d_points": 141
}