{
  "image_1": "frame_097",
  "image_2": "frame_098",
  "num_matches": 193,
  "inlier_count": 174,
  "inlier_ratio": 0.9016,
  "reproj_rmse": 0.0779,
  "F": [
    [
      1.2476455002338783e-07,
      -1.4188166932487782e-06,
      0.00359882301766253
    ],
    [
      1.3504833103419625e-06,
      -4.318130120393923e-08,
      -0.007324551699528343
    ],
    [
      -0.004250983364536184,
      0.007434534418598326,
      1.0
    ]
  ],
  "E": [
    [
      -0.010217959907640657,
      0.3972764323031568,
      0.20636933016263115
    ],
    [
      -0.4395173415424909,
      -0.027322003801797782,
      -0.5137194513301703
    ],
    [
      -0.24086564461710108,
      0.5322435576972777,
      0.01869774450744515
    ]
  ],
  "R": [
    [
      0.9945487457868077,
      0.06705849068317066,
      -0.07984955279262812
    ],
    [
      -0.06693674785030071,
      0.9977483666121607,
      0.004203416466435184
    ],
    [
      0.07995163563750812,
      0.0011643668065264845,
      0.9967980639070417
    ]
  ],
  "t": [
    0.7739234189505162,
    0.29041466876418276,
    -0.5627627046691474
  ],
  "num_3d_points": 169
}