{
  "image_1": "frame_005",
  "image_2": "frame_008",
  "num_matches": 72,
  "inlier_count": 57,
  "inlier_ratio": 0.7917,
  "reproj_rmse": 0.7129,
  "F": [
    [
      8.294650584160411e-07,
      -1.6419180493822372e-05,
      0.02517713865325315
    ],
    [
      1.711488463078777e-05,
      7.977150228321933e-07,
      0.041607216057512934
    ],
    [
      -0.024833230265647037,
      -0.044767313715681094,
      0.9999999999999999
    ]
  ],
  "E": [
    [
      -0.01021392425853364,
      0.1957686969956037,
      -0.0028931531159381695
    ],
    [
      -0.2544638808834745,
      -0.010371479513278168,
      -0.6596417752114585
    ],
    [
      -0.030666737421490196,
      0.6786970896717103,
      0.002242434905675707
    ]
  ],
  "R": [
    [
      0.9948850063734744,
      0.05061465581435151,
      -0.08741842317295673
    ],
    [
      -0.05047841233082872,
      0.998718037354272,
      0.0037698477143606173
    ],
    [
      0.08749716556443538,
      0.000662178242907166,
      0.9961645484246889
    ]
  ],
  "t": [
    0.960793341663994,
    -0.00515638134775398,
    -0.2772175433581579
  ],
  "num_3d_points": 56
}