{
  "image_1": "frame_027",
  "image_2": "frame_028",
  "num_matches": 343,
  "inlier_count": 324,
  "inlier_ratio": 0.9446,
  "reproj_rmse": 0.1038,
  "F": [
    [
      -1.369205627905766e-05,
      -1.898121937505205e-05,
      -0.04971075382739019
    ],
    [
      2.157989433532855e-05,
      3.2692894005557473e-07,
      -0.01710374508273135
    ],
    [
      0.058168321537239435,
      0.01548261600788954,
      0.9999999999999999
    ]
  ],
  "E": [
    [
      0.0005435279042873394,
      -0.6829218836696693,
      -0.18222946887625052
    ],
    [
      0.6870688565414972,
      -0.0009507488583100805,
      0.023987834717172894
    ],
    [
      0.16539563556288814,
      -0.020347273129215207,
      0.00040558780876333105
    ]
  ],
  "R": [
    [
      0.9999848918114715,
      -0.0006602928605887138,
      0.005457120315526105
    ],
    [
      0.0005261094832453538,
      0.9996983755072739,
      0.024553639586205545
    ],
    [
      -0.005471686907299347,
      -0.02455039758244071,
      0.9996836192620806
    ]
  ],
  "t": [
    0.028629567079069697,
    0.23392334741512988,
    -0.9718334298751847
  ],
  "num_3d_points": 23
}