{
  "image_1": "frame_051",
  "image_2": "frame_052",
  "num_matches": 80,
  "inlier_count": 66,
  "inlier_ratio": 0.825,
  "reproj_rmse": 0.6163,
  "F": [
    [
      -1.7088830029016733e-07,
      -9.492165425906934e-06,
      -0.010686695637040791
    ],
    [
      6.8575657094718255e-06,
      8.247581466764149e-07,
      -0.11465172435037949
    ],
    [
      0.009542707084150925,
      0.11342187285415903,
      1.0
    ]
  ],
  "E": [
    [
      0.004688170901272776,
      0.16352909797511037,
      0.1322550756549604
    ],
    [
      -0.10501487022177837,
      -0.010760272611090275,
      0.6867612903580584
    ],
    [
      -0.10303841912553936,
      -0.6799396223810313,
      0.005006781837718592
    ]
  ],
  "R": [
    [
      0.9953802441886813,
      0.04148915468914796,
      -0.08658417593337028
    ],
    [
      -0.04082644715021455,
      0.9991219271211599,
      0.009411480159381862
    ],
    [
      0.08689862307293325,
      -0.005833077136433912,
      0.9962000825733496
    ]
  ],
  "t": [
    0.9547196972227469,
    -0.1855533542212196,
    0.23255161249099374
  ],
  "num_3d_points": 65
}