{
  "image_1": "frame_008",
  "image_2": "frame_009",
  "num_matches": 143,
  "inlier_count": 118,
  "inlier_ratio": 0.8252,
  "reproj_rmse": 0.1475,
  "F": [
    [
      -2.907390272437692e-06,
      0.0001442170509372169,
      -0.21265782662892094
    ],
    [
      -0.00013946032854199778,
      1.2664252850273587e-06,
      0.15360953713629888
    ],
    [
      0.21327866136693155,
      -0.15952515658137406,
      1.0
    ]
  ],
  "E": [
    [
      0.008784448929855857,
      -0.5801967844478663,
      -0.04549404404048846
    ],
    [
      0.587488984244133,
      0.008004143181728146,
      0.3910775569864683
    ],
    [
      0.04962116950026025,
      -0.40075847781475826,
      -0.002483995257729744
    ]
  ],
  "R": [
    [
      0.9997032188697059,
      0.016538530158491514,
      -0.017887179815298526
    ],
    [
      -0.01646464963536281,
      0.9998553316819461,
      0.004269779803488062
    ],
    [
      0.01795520798913025,
      -0.0039740064647885015,
      0.9998308945910228
    ]
  ],
  "t": [
    0.5678464875830381,
    0.06084359465414883,
    -0.8208827099708995
  ],
  "num_3d_points": 111
}