{
  "image_1": "frame_111",
  "image_2": "frame_112",
  "num_matches": 151,
  "inlier_count": 135,
  "inlier_ratio": 0.894,
  "reproj_rmse": 0.1176,
  "F": [
    [
      -2.3162367504217452e-08,
      9.301647712039034e-07,
      0.0006863874746775996
    ],
    [
      -1.3119115113560582e-06,
      -1.4321962407526552e-07,
      -0.013688287439149077
    ],
    [
      -0.0012833991395504827,
      0.01432253117964377,
      1.0
    ]
  ],
  "E": [
    [
      -0.008941943586185728,
      0.1971671127456122,
      0.11367142869023693
    ],
    [
      -0.23467682990725755,
      -0.01136013878904259,
      -0.6574846068563814
    ],
    [
      -0.16247570144259407,
      0.6588414782743833,
      0.012855156172781074
    ]
  ],
  "R": [
    [
      0.9955337153662767,
      0.07680145476739805,
      -0.05490134893268389
    ],
    [
      -0.07636373765027601,
      0.9970295801582575,
      0.010029748826801098
    ],
    [
      0.0555085681773258,
      -0.005792480907194045,
      0.9984414084080462
    ]
  ],
  "t": [
    0.9467037314767285,
    0.15818801786660885,
    -0.2805861646829216
  ],
  "num_3d_points": 133
}