{
  "image_1": "frame_133",
  "image_2": "frame_135",
  "num_matches": 173,
  "inlier_count": 146,
  "inlier_ratio": 0.8439,
  "reproj_rmse": 0.6059,
  "F": [
    [
      -2.7869643156659336e-07,
      2.919802073048018e-06,
      -0.003012510262902803
    ],
    [
      -2.6210614574349608e-06,
      1.515193277067893e-07,
      5.616629612183683e-05
    ],
    [
      0.0031549474480323295,
      -0.0012093887307327237,
      1.0
    ]
  ],
  "E": [
    [
      -0.0014301646790668132,
      0.08369854258580699,
      0.11617580008754151
    ],
    [
      -0.03141398758730014,
      -0.03697129957183749,
      0.6964223853804861
    ],
    [
      -0.028665960256747454,
      -0.7005227209460312,
      -0.024166459520123033
    ]
  ],
  "R": [
    [
      0.9895234690129978,
      0.12264060266695756,
      -0.07617471266744658
    ],
    [
      -0.11927595427388266,
      0.9917353174591577,
      0.047268454980443686
    ],
    [
      0.08134218465554777,
      -0.03768743400218552,
      0.995973446590718
    ]
  ],
  "t": [
    0.9792810547253757,
    -0.1590103489260214,
    0.12539666977388403
  ],
  "num_3d_points": 144
}