{
  "image_1": "frame_054",
  "image_2": "frame_055",
  "num_matches": 30,
  "inlier_count": 19,
  "inlier_ratio": 0.6333,
  "reproj_rmse": 0.0677,
  "F": [
    [
      4.293154632242696e-07,
      -1.6888596906418734e-05,
      0.0202288774897063
    ],
    [
      1.5676620808687064e-05,
      4.897697404413244e-08,
      0.09294713860545281
    ],
    [
      -0.01580041855807037,
      -0.09048184451659524,
      1.0
    ]
  ],
  "E": [
    [
      0.0010060207613243556,
      -0.05059510682852102,
      -0.048870108034301765
    ],
    [
      0.0395375629561947,
      -0.009162809783715531,
      -0.704194569536712
    ],
    [
      0.025154720951579602,
      0.7048076611328599,
      -0.011272476107204386
    ]
  ],
  "R": [
    [
      0.9992896669568521,
      0.034504846012118326,
      -0.01515180236617171
    ],
    [
      -0.034731396673566846,
      0.9992848210515658,
      -0.014952474746453576
    ],
    [
      0.01462503327746209,
      0.01546809676786303,
      0.999773397517664
    ]
  ],
  "t": [
    0.9950385275233858,
    -0.07018307869219602,
    0.0705171199736419
  ],
  "num_3d_points": 18
}