{
  "image_1": "frame_015",
  "image_2": "frame_016",
  "num_matches": 81,
  "inlier_count": 73,
  "inlier_ratio": 0.9012,
  "reproj_rmse": 0.0708,
  "F": [
    [
      1.1139794431779505e-06,
      -1.1979011197054062e-06,
      0.008673659997010435
    ],
    [
      1.3440660285045858e-06,
      8.03460608948361e-09,
      -0.0004948463642140855
    ],
    [
      -0.010360303971659856,
      0.00031126783982856287,
      1.0
    ]
  ],
  "E": [
    [
      0.009606199737502727,
      -0.6123427911377197,
      -0.1166169372688922
    ],
    [
      0.6197425896836407,
      0.015644563083943814,
      0.31753579956145156
    ],
    [
      0.12874692429421822,
      -0.331080048324486,
      -0.0003664307916526795
    ]
  ],
  "R": [
    [
      0.9994429215666896,
      0.02066920120438663,
      -0.02620363814077653
    ],
    [
      -0.02089752968661812,
      0.9997457447076502,
      -0.00846989916956109
    ],
    [
      0.026021909676984034,
      0.009012772077346104,
      0.9996207431602472
    ]
  ],
  "t": [
    0.4718993897226114,
    0.1723101051883174,
    -0.8646503302661821
  ],
  "num_3d_points": 68
}