{
  "image_1": "frame_071",
  "image_2": "frame_072",
  "num_matches": 235,
  "inlier_count": 207,
  "inlier_ratio": 0.8809,
  "reproj_rmse": 0.7052,
  "F": [
    [
      -1.3868650662604693e-06,
      3.1833240771105566e-05,
      -0.03326784115893089
    ],
    [
      -3.106485960852787e-05,
      -1.0638900316261776e-06,
      -0.004254209658396017
    ],
    [
      0.030675861244234846,
      0.004135655227462143,
      1.0
    ]
  ],
  "E": [
    [
      -0.02364000242012247,
      -0.08303756821638902,
      -0.25623583624928087
    ],
    [
      0.01250755357136693,
      0.018312144870870843,
      -0.6589095671991896
    ],
    [
      0.21157161903702307,
      0.6688339395917807,
      -0.011581396607159506
    ]
  ],
  "R": [
    [
      0.9913501090438563,
      0.06665106488035105,
      -0.11306014704151658
    ],
    [
      -0.0640476448623653,
      0.9975946938882758,
      0.02650897797994828
    ],
    [
      0.11455505439009964,
      -0.019038442065261403,
      0.99323445230087
    ]
  ],
  "t": [
    0.9240011999688251,
    -0.3615146157688479,
    0.12461526809212975
  ],
  "num_3d_points": 203
}