{
  "image_1": "frame_067",
  "image_2": "frame_068",
  "num_matches": 495,
  "inlier_count": 422,
  "inlier_ratio": 0.8525,
  "reproj_rmse": 0.2121,
  "F": [
    [
      -1.3322324154527699e-07,
      8.484823896868358e-06,
      0.0003420438884083124
    ],
    [
      -7.724977236262361e-06,
      -2.1318857038882067e-07,
      0.024698923852370852
    ],
    [
      -0.00023403285332268894,
      -0.02547260544658537,
      1.0
    ]
  ],
  "E": [
    [
      -0.02750422162541249,
      0.21391265863963402,
      -0.19824233906303584
    ],
    [
      -0.25706889623117857,
      -0.0017323523461168615,
      -0.6265298733898299
    ],
    [
      0.1640680140816618,
      0.6547052622510163,
      -0.0006876782702303415
    ]
  ],
  "R": [
    [
      0.9955182087510609,
      0.061128231730367244,
      -0.07215840443494687
    ],
    [
      -0.059703761934689625,
      0.9979794318579838,
      0.02173739633125238
    ],
    [
      0.07334137206191821,
      -0.017331845658629844,
      0.99715628176838
    ]
  ],
  "t": [
    0.910148193723769,
    -0.28765569452370143,
    -0.2981349809556862
  ],
  "num_3d_points": 405
}