{
  "image_1": "frame_049",
  "image_2": "frame_051",
  "num_matches": 70,
  "inlier_count": 45,
  "inlier_ratio": 0.6429,
  "reproj_rmse": 0.5933,
  "F": [
    [
      -1.3620098744106472e-07,
      8.195444408578862e-07,
      -0.0010585849671786336
    ],
    [
      -1.0396893903959678e-06,
      2.038897167715961e-09,
      -0.0054794958105100445
    ],
    [
      0.0006251147511177397,
      0.005515456653752254,
      1.0
    ]
  ],
  "E": [
    [
      -0.00036318153855071663,
      -0.07984100998597905,
      -0.06955388977021826
    ],
    [
      -0.07399729592122596,
      0.023010059825034495,
      -0.6996455218811293
    ],
    [
      -0.057389902582393064,
      0.6996673506108217,
      0.021227724021084336
    ]
  ],
  "R": [
    [
      0.9601899372486203,
      0.18099683444016962,
      -0.21278023951750835
    ],
    [
      -0.17412633315992243,
      0.9834142287592036,
      0.050758987127608804
    ],
    [
      0.21843833112979533,
      -0.011687625788788566,
      0.9757807616963202
    ]
  ],
  "t": [
    0.9887239631377619,
    -0.09477426923884782,
    0.11594292823367873
  ],
  "num_3d_points": 40
}