{
  "image_1": "frame_120",
  "image_2": "frame_121",
  "num_matches": 213,
  "inlier_count": 204,
  "inlier_ratio": 0.9577,
  "reproj_rmse": 0.2335,
  "F": [
    [
      -4.436060390873417e-07,
      4.1525620530312735e-06,
      -0.01716395830385302
    ],
    [
      -4.8116253320698e-06,
      2.299356716637875e-07,
      -0.04395769693723044
    ],
    [
      0.015466438268857956,
      0.04346847229288643,
      1.0
    ]
  ],
  "E": [
    [
      -0.0028150502590231536,
      -0.03842973643484765,
      -0.10767189280184418
    ],
    [
      0.0034873047741826564,
      -0.0010552629497538367,
      -0.6988204260932392
    ],
    [
      0.061651097503143314,
      0.7033591672810647,
      -0.0066147962011482726
    ]
  ],
  "R": [
    [
      0.9966233161836341,
      0.06554784406997402,
      -0.04945144868368473
    ],
    [
      -0.06571867384058103,
      0.9978365044435749,
      -0.0018347502451715244
    ],
    [
      0.049224196771222084,
      0.0050784385006987405,
      0.9987748434530294
    ]
  ],
  "t": [
    0.986835340216295,
    -0.15255646302340437,
    0.05368926233408517
  ],
  "num_3d_points": 200
}