{
  "image_1": "frame_095",
  "image_2": "frame_096",
  "num_matches": 436,
  "inlier_count": 377,
  "inlier_ratio": 0.8647,
  "reproj_rmse": 0.2013,
  "F": [
    [
      -3.5953625367324695e-07,
      7.603989845040825e-06,
      -0.007339013358754183
    ],
    [
      -7.649107416251223e-06,
      3.5196256691461704e-07,
      0.013040243869276337
    ],
    [
      0.008264652819292641,
      -0.0147782274505578,
      1.0
    ]
  ],
  "E": [
    [
      -0.003709720337206549,
      0.08431981950621648,
      0.009884558728322048
    ],
    [
      -0.11518272330504964,
      -0.005967207537329141,
      -0.6975662828430086
    ],
    [
      -0.04440936158003198,
      0.7006462051737784,
      0.00013790819158347734
    ]
  ],
  "R": [
    [
      0.9978166235614628,
      0.049080476305806184,
      -0.04419380714531587
    ],
    [
      -0.0491474139999099,
      0.9987914436425389,
      -0.00042872319114164244
    ],
    [
      0.04411935450030603,
      0.002599798463032054,
      0.999022884425791
    ]
  ],
  "t": [
    0.9927524379342569,
    0.014043769211040513,
    -0.11935396734895978
  ],
  "num_3d_points": 354
}