{
  "image_1": "frame_038",
  "image_2": "frame_039",
  "num_matches": 112,
  "inlier_count": 91,
  "inlier_ratio": 0.8125,
  "reproj_rmse": 0.0357,
  "F": [
    [
      2.504029396029243e-07,
      -2.295404317850314e-06,
      0.006880067887124206
    ],
    [
      1.5458879751369402e-06,
      4.6885983328317953e-07,
      -0.01735520425584789
    ],
    [
      -0.006983175441390714,
      0.016820500437426403,
      0.9999999999999999
    ]
  ],
  "E": [
    [
      -0.00329399235713223,
      -0.2885711400391367,
      -0.19147691212459003
    ],
    [
      0.3305108968825143,
      0.019838611310065132,
      0.5934612349748613
    ],
    [
      0.21871367832800884,
      -0.6085523315430127,
      -0.007318789873216378
    ]
  ],
  "R": [
    [
      0.9965056840213254,
      0.03798425163873534,
      -0.0743882943791212
    ],
    [
      -0.038959557717707205,
      0.9991722467453756,
      -0.011703597576773361
    ],
    [
      0.0738821668309077,
      0.014560836557139745,
      0.9971606728422086
    ]
  ],
  "t": [
    0.8718399381470157,
    0.2763068552364046,
    -0.40441271493509745
  ],
  "num_3d_points": 90
}