{
  "image_1": "frame_056",
  "image_2": "frame_057",
  "num_matches": 28,
  "inlier_count": 20,
  "inlier_ratio": 0.7143,
  "reproj_rmse": 0.1465,
  "F": [
    [
      1.9512313419277877e-07,
      -3.5663712156461626e-06,
      0.0069942828313603765
    ],
    [
      4.090686639652682e-06,
      1.408038765107481e-07,
      0.03145916572657837
    ],
    [
      -0.00645631163586945,
      -0.03316605328380675,
      1.0
    ]
  ],
  "E": [
    [
      -0.014039212777297043,
      0.2958773885697322,
      -0.0034353779482534756
    ],
    [
      -0.32717984327705346,
      -0.014252407633184595,
      -0.6266854880944961
    ],
    [
      -0.02608078047856966,
      0.641546718801143,
      0.0008877740935721789
    ]
  ],
  "R": [
    [
      0.9976892112322757,
      0.04676754029569907,
      -0.0492852408476383
    ],
    [
      -0.04674131853313339,
      0.9989056059954267,
      0.0016850675635145425
    ],
    [
      0.04931010984071843,
      0.0006224834131258548,
      0.998783322639048
    ]
  ],
  "t": [
    0.9080172571224647,
    -0.005571003791661252,
    -0.41889572053740187
  ],
  "num_3d_points": 12
}