{
  "image_1": "frame_121",
  "image_2": "frame_122",
  "num_matches": 226,
  "inlier_count": 209,
  "inlier_ratio": 0.9248,
  "reproj_rmse": 0.6617,
  "F": [
    [
      -4.79113615000957e-07,
      7.593864205389601e-06,
      -0.008815449494125016
    ],
    [
      -9.164801513301632e-06,
      1.3829211856735088e-07,
      -0.0508500019209929
    ],
    [
      0.008052805379970763,
      0.05369990628621808,
      1.0
    ]
  ],
  "E": [
    [
      -0.01517196154690768,
      0.10487973620021666,
      -0.03952453290452661
    ],
    [
      -0.21784122007946774,
      0.001898525884093267,
      -0.6713342012432495
    ],
    [
      -0.011619383913037953,
      0.6991207197464215,
      0.01245237445801176
    ]
  ],
  "R": [
    [
      0.9833047825187853,
      0.08080206129976655,
      -0.16304211592528273
    ],
    [
      -0.0772713950353493,
      0.9966198650326495,
      0.027892223496780076
    ],
    [
      0.16474476072086652,
      -0.014828065012404714,
      0.9862247676381954
    ]
  ],
  "t": [
    0.9871249807558019,
    -0.060860310134677874,
    -0.1479198939229224
  ],
  "num_3d_points": 191
}