{
  "image_1": "frame_014",
  "image_2": "frame_015",
  "num_matches": 121,
  "inlier_count": 107,
  "inlier_ratio": 0.8843,
  "reproj_rmse": 0.042,
  "F": [
    [
      -1.0371618158507712e-07,
      -1.7749736636404368e-06,
      -0.008378253767594206
    ],
    [
      4.817036762525229e-07,
      3.435834709041233e-08,
      -0.09751203038385776
    ],
    [
      0.00796872817648692,
      0.09769898264497624,
      1.0
    ]
  ],
  "E": [
    [
      0.0016712548945988241,
      -0.04090870272622595,
      0.05620045514530518
    ],
    [
      0.03325314346856635,
      -0.0015145148635844277,
      -0.7040940844405483
    ],
    [
      -0.0739292249742579,
      0.7020257379013429,
      -0.0017267769365330323
    ]
  ],
  "R": [
    [
      0.9996146182313354,
      0.02537624574791278,
      -0.011254384477335413
    ],
    [
      -0.025415410050756468,
      0.9996713611004232,
      -0.003350630922554366
    ],
    [
      0.011165659415103786,
      0.0036353744468434843,
      0.9999310536744308
    ]
  ],
  "t": [
    0.9951534492627692,
    0.07929003657237925,
    0.05816100515606773
  ],
  "num_3d_points": 84
}