{
  "image_1": "frame_059",
  "image_2": "frame_060",
  "num_matches": 90,
  "inlier_count": 79,
  "inlier_ratio": 0.8778,
  "reproj_rmse": 0.2681,
  "F": [
    [
      6.654499968260841e-07,
      3.7964654392259033e-06,
      0.02215812325318389
    ],
    [
      3.579363040878854e-06,
      3.886685307244702e-07,
      0.23134412058210643
    ],
    [
      -0.020263245591137822,
      -0.23629120611432142,
      1.0
    ]
  ],
  "E": [
    [
      0.018502768200025266,
      -0.4081793277446608,
      -0.07604139031057482
    ],
    [
      0.4182149095976118,
      0.014488680146683698,
      -0.5645931945917915
    ],
    [
      0.054227081782418106,
      0.5748413765445477,
      -0.0016427120028415052
    ]
  ],
  "R": [
    [
      0.9989576978755537,
      0.041916353517372426,
      0.01807033931558738
    ],
    [
      -0.04182612299705367,
      0.9991106194103262,
      -0.0053428097990624035
    ],
    [
      -0.018278219010864682,
      0.004581428742245992,
      0.999822442846964
    ]
  ],
  "t": [
    -0.809030272524536,
    0.11064259720509197,
    -0.5772592431677356
  ],
  "num_3d_points": 13
}