{
  "image_1": "frame_042",
  "image_2": "frame_043",
  "num_matches": 108,
  "inlier_count": 77,
  "inlier_ratio": 0.713,
  "reproj_rmse": 0.0266,
  "F": [
    [
      3.619221325153566e-07,
      -7.572359332288978e-06,
      0.008851799437634474
    ],
    [
      7.73782519213249e-06,
      5.040152084224767e-08,
      -0.004323251397428855
    ],
    [
      -0.009712617615799068,
      0.0036400935056179443,
      1.0
    ]
  ],
  "E": [
    [
      -0.004109768877265196,
      0.6995341309965517,
      0.1026358094185727
    ],
    [
      -0.700446846792953,
      -0.005891308112452714,
      0.002646536599132069
    ],
    [
      -0.09666968884279688,
      0.009224814399306539,
      0.0018377172163330233
    ]
  ],
  "R": [
    [
      0.999799327201719,
      0.008533040219282351,
      -0.01812436348140089
    ],
    [
      -0.008377537329615695,
      0.9999275945052767,
      0.008638438237429158
    ],
    [
      0.018196763318808207,
      -0.008484867206214303,
      0.9997984220997811
    ]
  ],
  "t": [
    0.014212670098830425,
    0.1366199337619729,
    -0.9905215765986806
  ],
  "num_3d_points": 44
}