{
  "image_1": "frame_021",
  "image_2": "frame_022",
  "num_matches": 288,
  "inlier_count": 254,
  "inlier_ratio": 0.8819,
  "reproj_rmse": 0.1615,
  "F": [
    [
      2.954170296068994e-08,
      -4.631927510917645e-07,
      0.0025824608526646537
    ],
    [
      6.02893619709957e-07,
      1.0174439144927856e-07,
      0.014731332420172332
    ],
    [
      -0.002386586201017682,
      -0.01532776557045085,
      1.0
    ]
  ],
  "E": [
    [
      -0.007706351178698191,
      0.2219107886929922,
      -0.01805761126881802
    ],
    [
      -0.24464328401591565,
      -0.01631179796238771,
      -0.6630616981712834
    ],
    [
      -0.006475471115916838,
      0.671177941956501,
      -0.009008243149901764
    ]
  ],
  "R": [
    [
      0.9989072334574681,
      0.031910605026414914,
      -0.034147506983610354
    ],
    [
      -0.032358559833249145,
      0.9993963080878733,
      -0.012646856757562715
    ],
    [
      0.0337233235590092,
      0.013738000843515384,
      0.9993367824617271
    ]
  ],
  "t": [
    0.949073376181659,
    -0.021576526660855966,
    -0.3143154150219178
  ],
  "num_3d_points": 253
}