{
  "image_1": "frame_099",
  "image_2": "frame_100",
  "num_matches": 100,
  "inlier_count": 76,
  "inlier_ratio": 0.76,
  "reproj_rmse": 0.4434,
  "F": [
    [
      2.7420380398534124e-07,
      -7.397464240023989e-06,
      -0.0010505214042578579
    ],
    [
      6.044875104932454e-06,
      -2.8404790671676053e-07,
      -0.06348946025108812
    ],
    [
      -0.00160480354514756,
      0.06407541088476196,
      1.0
    ]
  ],
  "E": [
    [
      0.013060218361300302,
      -0.15817128790062593,
      0.021574738877145075
    ],
    [
      0.10683742863913014,
      -0.00842536553265905,
      -0.698708392303533
    ],
    [
      -0.06854709258972254,
      0.6853856381129323,
      -0.014662461275382233
    ]
  ],
  "R": [
    [
      0.994483201828715,
      0.07166670730827579,
      -0.07659663402589711
    ],
    [
      -0.07364229231534605,
      0.9970128984995269,
      -0.023282890888232734
    ],
    [
      0.07469922397888995,
      0.028795195591665323,
      0.9967902801732116
    ]
  ],
  "t": [
    0.9740080133372572,
    0.02535190651747363,
    0.2250903613901291
  ],
  "num_3d_points": 66
}