{
  "image_1": "frame_064",
  "image_2": "frame_065",
  "num_matches": 491,
  "inlier_count": 448,
  "inlier_ratio": 0.9124,
  "reproj_rmse": 0.2598,
  "F": [
    [
      1.22361655954633e-07,
      -2.439954311678229e-06,
      0.001069334381274818
    ],
    [
      1.4284612559088415e-06,
      -3.342918818949445e-07,
      -0.05972626309899659
    ],
    [
      -0.003820519832093724,
      0.06277744573784379,
      1.0
    ]
  ],
  "E": [
    [
      -0.008084650697460031,
      0.2123223144557811,
      0.07285578880419058
    ],
    [
      -0.27528937533272263,
      -0.01892346525607203,
      -0.6469411947377
    ],
    [
      -0.12007684836198942,
      0.6636208023930567,
      0.007722771949623916
    ]
  ],
  "R": [
    [
      0.9928423365180195,
      0.07080736976087981,
      -0.09617905803752386
    ],
    [
      -0.07103584632588446,
      0.997473209911681,
      0.0010507355772013185
    ],
    [
      0.09601043356950623,
      0.00578894602099056,
      0.9953634937799165
    ]
  ],
  "t": [
    0.9482045214456223,
    0.1031964422155487,
    -0.3004308236917965
  ],
  "num_3d_points": 432
}