{
  "image_1": "frame_125",
  "image_2": "frame_126",
  "num_matches": 730,
  "inlier_count": 711,
  "inlier_ratio": 0.974,
  "reproj_rmse": 0.2601,
  "F": [
    [
      -7.870566855222083e-06,
      0.0001390550870411455,
      -0.16176528524829262
    ],
    [
      -0.0001240198783451793,
      5.710813532720764e-06,
      0.6809056527013716
    ],
    [
      0.19392565784756147,
      -0.7300156226499223,
      1.0
    ]
  ],
  "E": [
    [
      0.013270131726633033,
      -0.19016673144548732,
      0.035368703498438236
    ],
    [
      0.22591525153456402,
      0.0018082035007512371,
      0.6689257808575526
    ],
    [
      0.0014839093786308476,
      -0.6810371323418472,
      -0.009650092278046547
    ]
  ],
  "R": [
    [
      0.996816440321795,
      0.059738433022324275,
      -0.05280439303904649
    ],
    [
      -0.05890535945358846,
      0.9981154529765421,
      0.01719596339480116
    ],
    [
      0.053732140584834,
      -0.014030757266415863,
      0.9984568067366272
    ]
  ],
  "t": [
    0.9616751766247658,
    -0.05472347262899567,
    -0.26867488942427975
  ],
  "num_3d_points": 704
}