{
  "image_1": "frame_018",
  "image_2": "frame_019",
  "num_matches": 199,
  "inlier_count": 178,
  "inlier_ratio": 0.8945,
  "reproj_rmse": 0.481,
  "F": [
    [
      -2.2672461765546668e-07,
      9.773460318603699e-06,
      -0.004906967208655574
    ],
    [
      -1.0828194594084719e-05,
      1.3164432894723055e-07,
      -0.02006036955820398
    ],
    [
      0.00519485686241494,
      0.018716414482728386,
      1.0
    ]
  ],
  "E": [
    [
      0.0038503886104818167,
      -0.18836108349958836,
      -0.036117648834002064
    ],
    [
      0.08531957466766868,
      0.004791498774881583,
      -0.7009820383251879
    ],
    [
      0.0025557606073912595,
      0.6815372477491155,
      -0.0047993598400718354
    ]
  ],
  "R": [
    [
      0.9877712329755465,
      0.048597465849019875,
      -0.14814276094032552
    ],
    [
      -0.04901070429480453,
      0.9987978814643141,
      0.0008618856800425203
    ],
    [
      0.148006561241373,
      0.0064092351690026375,
      0.9889656108955723
    ]
  ],
  "t": [
    0.9624975762807249,
    -0.05141582758582996,
    0.266373475269957
  ],
  "num_3d_points": 176
}