{
  "image_1": "frame_115",
  "image_2": "frame_116",
  "num_matches": 108,
  "inlier_count": 95,
  "inlier_ratio": 0.8796,
  "reproj_rmse": 0.1577,
  "F": [
    [
      5.727640624849934e-08,
      1.3842367731460025e-07,
      0.0019298754093032351
    ],
    [
      -6.65379459877605e-07,
      -8.231160349006935e-08,
      -0.016422260814119582
    ],
    [
      -0.0027790027661741233,
      0.017360708709369004,
      0.9999999999999999
    ]
  ],
  "E": [
    [
      -0.01601846395781031,
      0.258238012414294,
      0.07681248760450532
    ],
    [
      -0.3070930237853782,
      -0.016974511241915638,
      -0.6324569834852177
    ],
    [
      -0.12724330102010015,
      0.6451087934367647,
      0.014285350260140394
    ]
  ],
  "R": [
    [
      0.9937287230446987,
      0.08369645144381366,
      -0.07414936959722507
    ],
    [
      -0.08291826031002278,
      0.9964646729203694,
      0.013517312190688857
    ],
    [
      0.0750185783863696,
      -0.007284204652163048,
      0.9971555311281551
    ]
  ],
  "t": [
    0.9242904083725582,
    0.10396061515030249,
    -0.36725935180477065
  ],
  "num_3d_points": 94
}