{
  "image_1": "frame_076",
  "image_2": "frame_077",
  "num_matches": 316,
  "inlier_count": 254,
  "inlier_ratio": 0.8038,
  "reproj_rmse": 0.2861,
  "F": [
    [
      -1.1425696030711e-06,
      7.908236423180237e-06,
      -0.01841551451769782
    ],
    [
      -7.118503850207817e-06,
      2.9394287331034963e-07,
      0.005419021522686031
    ],
    [
      0.01881278860415111,
      -0.007022123992104372,
      1.0
    ]
  ],
  "E": [
    [
      -0.00020593552308831802,
      -0.3153492268632574,
      -0.11389914236576294
    ],
    [
      0.26841133111950566,
      0.02125982069118446,
      -0.6449984459800867
    ],
    [
      0.0909251093955759,
      0.6251101692490832,
      0.005664882394367928
    ]
  ],
  "R": [
    [
      0.9966680452375575,
      0.02713143609842497,
      -0.07692004145593495
    ],
    [
      -0.025482540388316127,
      0.9994256678137388,
      0.022337740494958118
    ],
    [
      0.07748191877918043,
      -0.020303194091061766,
      0.996787004616331
    ]
  ],
  "t": [
    0.8804337659082028,
    -0.15152809662968372,
    0.44930570859992985
  ],
  "num_3d_points": 252
}