{
  "image_1": "frame_084",
  "image_2": "frame_085",
  "num_matches": 211,
  "inlier_count": 193,
  "inlier_ratio": 0.9147,
  "reproj_rmse": 0.0508,
  "F": [
    [
      8.269614795984048e-06,
      -0.00025485222696909843,
      0.024237627698856186
    ],
    [
      0.0002626170832816583,
      -4.288609727569418e-06,
      -0.46344695445491746
    ],
    [
      -0.04221608207076854,
      0.48281832821925263,
      1.0
    ]
  ],
  "E": [
    [
      -0.002995575404024509,
      -0.5684076009558179,
      -0.30389178828733604
    ],
    [
      0.5734814018745119,
      -0.00809368063481822,
      -0.2809414068735543
    ],
    [
      0.3076523739893731,
      0.2863555715151329,
      0.005441516135620064
    ]
  ],
  "R": [
    [
      0.9997467238014776,
      -0.014479811414162741,
      0.017228560869152643
    ],
    [
      0.014469379507546815,
      0.9998950465664549,
      0.00073000584455718
    ],
    [
      -0.017237323019494877,
      -0.00048053436586736886,
      0.9998513108366888
    ]
  ],
  "t": [
    0.4112264746223755,
    -0.4292446853293244,
    0.8041404023466188
  ],
  "num_3d_points": 162
}