{
  "image_1": "frame_039",
  "image_2": "frame_040",
  "num_matches": 114,
  "inlier_count": 96,
  "inlier_ratio": 0.8421,
  "reproj_rmse": 0.3457,
  "F": [
    [
      6.186112083560212e-09,
      8.033800050914674e-08,
      0.0002343153432386311
    ],
    [
      3.417360482677692e-07,
      1.639862712818082e-08,
      0.01506824546420087
    ],
    [
      -0.00014675336043515068,
      -0.015558902218407411,
      1.0
    ]
  ],
  "E": [
    [
      0.007563822534587068,
      -0.2037816974963383,
      -0.007602726489706829
    ],
    [
      0.20955050661683497,
      0.018793679395934283,
      0.6749938275862335
    ],
    [
      0.036334921990218684,
      -0.6760467144677385,
      0.010832161248634696
    ]
  ],
  "R": [
    [
      0.9992549657916268,
      0.03743924387223941,
      -0.00937103831224212
    ],
    [
      -0.037587251978502136,
      0.999162828764937,
      -0.01615054498008804
    ],
    [
      0.008758528956345324,
      0.016490743849935284,
      0.9998256565710826
    ]
  ],
  "t": [
    0.9574528781136947,
    0.015408796959979945,
    -0.2881779921646489
  ],
  "num_3d_points": 46
}