{
  "image_1": "frame_068",
  "image_2": "frame_069",
  "num_matches": 512,
  "inlier_count": 443,
  "inlier_ratio": 0.8652,
  "reproj_rmse": 0.1604,
  "F": [
    [
      1.2051795994363129e-05,
      -1.2385511814053338e-06,
      0.0568796954366932
    ],
    [
      -2.1393474228634792e-06,
      7.29939577316643e-08,
      -0.0014501298360225865
    ],
    [
      -0.06674219399554021,
      0.0014918344184801174,
      1.0
    ]
  ],
  "E": [
    [
      0.0006378399066375362,
      -0.24666214952669266,
      -0.3740708170140836
    ],
    [
      0.22327510345517257,
      0.03495995008710292,
      -0.5601912787941994
    ],
    [
      0.31892363341512203,
      0.5767170574247666,
      -0.005031298447215648
    ]
  ],
  "R": [
    [
      0.9946737926233147,
      0.08682079124078085,
      -0.05555354603151094
    ],
    [
      -0.0853612195654272,
      0.9959528303139457,
      0.028132223231451925
    ],
    [
      0.05777117328437634,
      -0.02324026673612023,
      0.9980593076262454
    ]
  ],
  "t": [
    0.773599897892364,
    -0.5198302823612871,
    0.36238056725093354
  ],
  "num_3d_points": 431
}