{
  "image_1": "frame_105",
  "image_2": "frame_106",
  "num_matches": 97,
  "inlier_count": 84,
  "inlier_ratio": 0.866,
  "reproj_rmse": 0.3867,
  "F": [
    [
      -4.6972990928227455e-06,
      -3.112571843756041e-05,
      -0.007162181567561863
    ],
    [
      3.212835804216074e-05,
      5.7630039450250246e-08,
      0.0017916627711059298
    ],
    [
      0.013303401323220422,
      0.0011879058074812732,
      1.0
    ]
  ],
  "E": [
    [
      0.006433479714560944,
      -0.21491433230477477,
      -0.19612159888854985
    ],
    [
      0.18693183516251324,
      0.01897593738729079,
      -0.6533853897952252
    ],
    [
      0.14862471647658826,
      0.6565007893079339,
      -0.0028462349969403562
    ]
  ],
  "R": [
    [
      0.9965411149376622,
      0.07028792708423473,
      -0.044332984842015366
    ],
    [
      -0.06995784866715543,
      0.9975097493540873,
      0.008955409170407796
    ],
    [
      0.04485204174465607,
      -0.005822993194860994,
      0.9989766699485969
    ]
  ],
  "t": [
    0.9113800069764029,
    -0.27489610839439393,
    0.3062982410548737
  ],
  "num_3d_points": 79
}