{
  "image_1": "frame_099",
  "image_2": "frame_100",
  "num_matches": 1294,
  "inlier_count": 724,
  "inlier_ratio": 0.5595,
  "reproj_rmse": 0.5982,
  "F": [
    [
      1.9011262103654586e-08,
      -2.226621765238614e-06,
      0.0032096167546935
    ],
    [
      2.2966609441788724e-06,
      -8.597250257215911e-08,
      0.02342065153875283
    ],
    [
      -0.0030161498896103655,
      -0.02332738889485084,
      1.0
    ]
  ],
  "E": [
    [
      -0.0004013541226912412,
      0.04169524839392019,
      -0.013578817123214829
    ],
    [
      -0.04519525793661422,
      -0.012804316852097606,
      -0.7054279006133537
    ],
    [
      0.00708658439361037,
      0.7057162318424323,
      -0.0125002601473966
    ]
  ],
  "R": [
    [
      0.9999560384267507,
      0.008071232953970631,
      -0.004772463984292721
    ],
    [
      -0.00815418534597952,
      0.9998114114172632,
      -0.017625290385232213
    ],
    [
      0.004629306127493189,
      0.017663431105622417,
      0.9998332724641418
    ]
  ],
  "t": [
    [
      0.9980751082977389
    ],
    [
      -0.018161231578925845
    ],
    [
      -0.05929795834590825
    ]
  ]
}