{
  "image_1": "frame_049",
  "image_2": "frame_050",
  "num_matches": 1249,
  "inlier_count": 641,
  "inlier_ratio": 0.5132,
  "reproj_rmse": 0.4306,
  "F": [
    [
      8.79784835541505e-09,
      -1.2556385732358882e-06,
      -0.0005603270465252827
    ],
    [
      1.3754905677650732e-06,
      4.728261497263291e-09,
      -0.023794967048647565
    ],
    [
      0.00038631380930209214,
      0.023638925209472545,
      1.0
    ]
  ],
  "E": [
    [
      0.0007484945276598729,
      -0.09124064876157292,
      -0.047798303933158814
    ],
    [
      0.10516625575766639,
      0.0062715893634742925,
      -0.697635565455573
    ],
    [
      0.04815909339218855,
      0.6994437357347558,
      0.007376435719636216
    ]
  ],
  "R": [
    [
      0.9998121260889967,
      -0.001903295312667877,
      0.019289634323994886
    ],
    [
      0.001725116920584177,
      0.9999557349686452,
      0.009249436465359563
    ],
    [
      -0.019306384876796007,
      -0.009214421862992178,
      0.9997711527808351
    ]
  ],
  "t": [
    [
      0.9893330136113146
    ],
    [
      -0.06641300517597601
    ],
    [
      0.12965145939113204
    ]
  ]
}