{
  "image_1": "frame_031",
  "image_2": "frame_032",
  "num_matches": 918,
  "inlier_count": 406,
  "inlier_ratio": 0.4423,
  "reproj_rmse": 0.4996,
  "F": [
    [
      4.272307429169805e-09,
      -1.1021797984379033e-06,
      0.0007799842740133656
    ],
    [
      1.0574194074979732e-06,
      2.849609841339939e-08,
      -0.013606022826347422
    ],
    [
      -0.0008817979713466907,
      0.0136351910577035,
      1.0
    ]
  ],
  "E": [
    [
      0.0010557749723171268,
      -0.2774752318029492,
      -0.02100015475293524
    ],
    [
      0.26969724606546197,
      0.01547004686793468,
      -0.6532999901480252
    ],
    [
      0.012030474593699084,
      0.6499598085178803,
      0.014003055206297688
    ]
  ],
  "R": [
    [
      0.9999114424025388,
      0.004745585893726326,
      -0.01243329268533988
    ],
    [
      -0.004473419455128174,
      0.9997517491807497,
      0.02182724280364854
    ],
    [
      0.012533789165792786,
      -0.021769690502076403,
      0.9996844425640479
    ]
  ],
  "t": [
    [
      -0.9193099309541479
    ],
    [
      0.021127990306677457
    ],
    [
      -0.39296674016344
    ]
  ]
}