{
  "image_1": "frame_026",
  "image_2": "frame_027",
  "num_matches": 887,
  "inlier_count": 396,
  "inlier_ratio": 0.4464,
  "reproj_rmse": 1.2066,
  "F": [
    [
      5.5082485292534725e-09,
      2.0606894249938655e-06,
      -0.0034137538592940594
    ],
    [
      -1.932697209883172e-06,
      3.8753933272394407e-08,
      0.02990739043488093
    ],
    [
      0.0030608750691558614,
      -0.030006006337187568,
      1.0
    ]
  ],
  "E": [
    [
      -0.0005627355542973205,
      -0.13518210589280927,
      0.01090997268003569
    ],
    [
      0.12280211287968885,
      -0.006442528200430054,
      -0.6962630831243423
    ],
    [
      -0.006001141352782459,
      0.6939994099159762,
      -0.005577937862602773
    ]
  ],
  "R": [
    [
      0.9998243466783613,
      -0.0056054455953362305,
      -0.01788448402570586
    ],
    [
      0.005457867033899657,
      0.999950743148546,
      -0.008289931490113818
    ],
    [
      0.017930071852289786,
      0.008190864200329162,
      0.9998056922557619
    ]
  ],
  "t": [
    [
      -0.9814341078964008
    ],
    [
      -0.013845864426332934
    ],
    [
      -0.1912991999352935
    ]
  ]
}