{
  "image_1": "frame_022",
  "image_2": "frame_024",
  "num_matches": 580,
  "inlier_count": 302,
  "inlier_ratio": 0.5207,
  "reproj_rmse": 3.5452,
  "F": [
    [
      5.313987897208605e-09,
      2.4304846182079655e-07,
      0.00030529226506866393
    ],
    [
      -1.0351532006079457e-07,
      4.3441311669569e-08,
      0.01831339028301876
    ],
    [
      -0.000552050284546269,
      -0.018806200403364275,
      1.0
    ]
  ],
  "E": [
    [
      -0.001486506094794536,
      -0.22541820888650171,
      -0.0348516812003781
    ],
    [
      0.21066905866031457,
      -0.004571216273609264,
      -0.6740100177192508
    ],
    [
      0.038249895743801006,
      0.6691734312536592,
      -0.004668384986633498
    ]
  ],
  "R": [
    [
      0.9997606629236744,
      -0.0032479117670413393,
      -0.021634877849636303
    ],
    [
      0.0031229797554113703,
      0.9999782693097187,
      -0.005805850995921635
    ],
    [
      0.021653264600573652,
      0.0057368961549817896,
      0.9997490805970489
    ]
  ],
  "t": [
    [
      -0.9465408408722138
    ],
    [
      0.05114973546466751
    ],
    [
      -0.31850296878179474
    ]
  ]
}