{
  "image_1": "frame_082",
  "image_2": "frame_083",
  "num_matches": 1453,
  "inlier_count": 712,
  "inlier_ratio": 0.49,
  "reproj_rmse": 0.4713,
  "F": [
    [
      8.537394888582074e-09,
      -1.3493324526855302e-06,
      0.005317537025537082
    ],
    [
      1.3767710289059208e-06,
      3.264903938416533e-08,
      -0.023751317303176603
    ],
    [
      -0.005623638839439618,
      0.023577753038306608,
      1.0
    ]
  ],
  "E": [
    [
      0.00017530989594354986,
      -0.03627679506794924,
      0.08952163808126391
    ],
    [
      0.03717326532101581,
      0.0038526098624017007,
      -0.7003976988899508
    ],
    [
      -0.09649169660358996,
      0.6995674148707888,
      0.0033156283161950586
    ]
  ],
  "R": [
    [
      0.9999511119910925,
      0.009690126175867841,
      0.001968522916679802
    ],
    [
      -0.009699838080625522,
      0.9999405273866431,
      0.004985461957719148
    ],
    [
      -0.001920096088062248,
      -0.00500431258196035,
      0.9999856349401199
    ]
  ],
  "t": [
    [
      -0.9906259028728103
    ],
    [
      -0.12685715693066424
    ],
    [
      -0.050671316273590415
    ]
  ]
}