{
  "image_1": "frame_003",
  "image_2": "frame_004",
  "num_matches": 1500,
  "inlier_count": 913,
  "inlier_ratio": 0.6087,
  "reproj_rmse": 0.3511,
  "F": [
    [
      3.20777582029826e-08,
      6.692053314229328e-06,
      -0.0364995171535192
    ],
    [
      -6.660348890173453e-06,
      1.8128258043645465e-07,
      -0.15660412729837095
    ],
    [
      0.03726933961197853,
      0.1562418776489234,
      1.0
    ]
  ],
  "E": [
    [
      0.0008416436193556297,
      0.20053516369296787,
      -0.09923419777274506
    ],
    [
      -0.19993309450527244,
      0.003828574431085084,
      -0.6708095402238298
    ],
    [
      0.10287641887721322,
      0.6703517176904806,
      0.0030317096728527514
    ]
  ],
  "R": [
    [
      0.9999916057538331,
      -0.004091860136339914,
      0.0002123734820731471
    ],
    [
      0.004090865890926859,
      0.9999815610915832,
      0.004488016611219198
    ],
    [
      -0.000230733902399749,
      -0.004487110146269596,
      0.9999899062512586
    ]
  ],
  "t": [
    [
      0.9486174294741372
    ],
    [
      -0.1416097488458968
    ],
    [
      -0.28296934733232526
    ]
  ]
}