{
  "image_1": "frame_030",
  "image_2": "frame_031",
  "num_matches": 1005,
  "inlier_count": 439,
  "inlier_ratio": 0.4368,
  "reproj_rmse": 0.4695,
  "F": [
    [
      5.956259052063262e-09,
      -1.6084297183916618e-06,
      0.0007352260769024872
    ],
    [
      1.5160506686414692e-06,
      -5.755325430504009e-09,
      -0.025073379459048004
    ],
    [
      -0.000854370245574478,
      0.0253333115685463,
      1.0
    ]
  ],
  "E": [
    [
      0.0019581997238321026,
      -0.28966939247154766,
      0.0033896635657751535
    ],
    [
      0.2792373321486291,
      0.010937645633105383,
      -0.649500555676608
    ],
    [
      -0.011571256692661094,
      0.6449134307608149,
      0.009219542346744169
    ]
  ],
  "R": [
    [
      0.9998518740170069,
      0.0065729795654997075,
      -0.015906789880764438
    ],
    [
      -0.00634871084206929,
      0.9998803135643874,
      0.014108593729557427
    ],
    [
      0.015997621552063912,
      -0.014005516270863948,
      0.9997739352566978
    ]
  ],
  "t": [
    [
      -0.9122240061519067
    ],
    [
      -0.010574348045907896
    ],
    [
      -0.40955530244836297
    ]
  ]
}