{
  "image_1": "frame_100",
  "image_2": "frame_102",
  "num_matches": 925,
  "inlier_count": 509,
  "inlier_ratio": 0.5503,
  "reproj_rmse": 0.5956,
  "F": [
    [
      -1.1002532566103714e-06,
      5.126895044827518e-05,
      -0.17207240894722575
    ],
    [
      -5.1609676727166356e-05,
      -1.1855454311310083e-06,
      -1.1165285923903168
    ],
    [
      0.1483079735299931,
      1.1130534603125695,
      1.0
    ]
  ],
  "E": [
    [
      -0.0003223537038210044,
      -0.008177591061081265,
      -0.05631857626085318
    ],
    [
      0.0015007335515107984,
      -0.009772230167173263,
      -0.7047822637023892
    ],
    [
      0.042228708844663065,
      0.7057310897884402,
      -0.010286797495543901
    ]
  ],
  "R": [
    [
      0.9997625602359538,
      0.020009587977487073,
      -0.008627835152716099
    ],
    [
      -0.020128342795603778,
      0.9997007151708317,
      -0.013904312396890819
    ],
    [
      0.008347033410374278,
      0.014074674983774103,
      0.999866106314914
    ]
  ],
  "t": [
    [
      0.9967559792250837
    ],
    [
      -0.07980240706774186
    ],
    [
      0.010444793211872831
    ]
  ]
}