{
  "image_1": "frame_087",
  "image_2": "frame_088",
  "num_matches": 759,
  "inlier_count": 286,
  "inlier_ratio": 0.3768,
  "reproj_rmse": 1.6502,
  "F": [
    [
      7.108378369243868e-08,
      7.565903729015193e-07,
      0.005288567639070304
    ],
    [
      -8.025577174800614e-07,
      -2.8070241088347002e-08,
      0.004196658878453121
    ],
    [
      -0.005443771201840981,
      -0.003849635945967624,
      0.9999999999999999
    ]
  ],
  "E": [
    [
      -0.02671311587028082,
      -0.21427491432897514,
      -0.5788715193046737
    ],
    [
      0.20887421858304545,
      0.008327332036323805,
      -0.354385827650189
    ],
    [
      0.5725382845344961,
      0.34750194899677456,
      -0.02087209540556791
    ]
  ],
  "R": [
    [
      0.9988055035515958,
      0.00636213797020152,
      -0.04844676744109114
    ],
    [
      -0.005382715070627764,
      0.9997790340516295,
      0.02032017345544429
    ],
    [
      0.04856534210227968,
      -0.020035125935191855,
      0.9986190471221991
    ]
  ],
  "t": [
    [
      -0.48637523704624075
    ],
    [
      0.8132808882735805
    ],
    [
      -0.319395249741052
    ]
  ]
}