{
  "image_1": "frame_094",
  "image_2": "frame_095",
  "num_matches": 1317,
  "inlier_count": 680,
  "inlier_ratio": 0.5163,
  "reproj_rmse": 0.6957,
  "F": [
    [
      1.644710763905279e-08,
      -1.7137533901044876e-06,
      0.00447489472947781
    ],
    [
      1.8033797739705098e-06,
      -1.590302452121959e-08,
      0.01312131021664364
    ],
    [
      -0.0046207485300614705,
      -0.013580986476587316,
      1.0
    ]
  ],
  "E": [
    [
      -0.0012696009906484182,
      -0.29166964654735705,
      -0.14576403123602172
    ],
    [
      0.28328589849490704,
      -0.005415406399911273,
      -0.6306212307638825
    ],
    [
      0.1475966728892889,
      0.6275960157896423,
      -0.007426446550727996
    ]
  ],
  "R": [
    [
      0.9999366593618177,
      0.001238085413390988,
      -0.01118679618286661
    ],
    [
      -0.0013409169922352082,
      0.9999568774318369,
      -0.009189407945578515
    ],
    [
      0.011174936507550803,
      0.009203826447705968,
      0.9998951996948344
    ]
  ],
  "t": [
    [
      -0.8873331421671213
    ],
    [
      0.20993635415193235
    ],
    [
      -0.4105686568860532
    ]
  ]
}