{
  "image_1": "frame_040",
  "image_2": "frame_041",
  "num_matches": 414,
  "inlier_count": 177,
  "inlier_ratio": 0.4275,
  "reproj_rmse": 0.5507,
  "F": [
    [
      1.3035876394020259e-08,
      2.7238986569356197e-07,
      0.0101389988383921
    ],
    [
      -1.1427888964706221e-07,
      1.5811047386370149e-09,
      0.0005472894754002489
    ],
    [
      -0.01032752952734848,
      -0.0011518879586390415,
      1.0
    ]
  ],
  "E": [
    [
      -0.0012162313483675133,
      -0.08476892634842936,
      -0.7020008584299073
    ],
    [
      0.0457896967038158,
      0.0013909530485823743,
      -0.003008190871112785
    ],
    [
      0.7051097371102197,
      0.02649770770749221,
      -0.00424199273838443
    ]
  ],
  "R": [
    [
      0.9994162559700068,
      0.033668109060045456,
      -0.005797045386641774
    ],
    [
      -0.03393700304159748,
      0.9979006167545148,
      -0.05516012060821894
    ],
    [
      0.003927738210280971,
      0.05532465556403868,
      0.9984606929465338
    ]
  ],
  "t": [
    [
      0.0038845001562248915
    ],
    [
      -0.9978900938611146
    ],
    [
      0.06480949955363147
    ]
  ]
}