{
  "image_1": "frame_097",
  "image_2": "frame_098",
  "num_matches": 1052,
  "inlier_count": 560,
  "inlier_ratio": 0.5323,
  "reproj_rmse": 3.2911,
  "F": [
    [
      6.5002390329822706e-09,
      -4.942954493378097e-07,
      0.0012562895772403498
    ],
    [
      5.591621132499899e-07,
      1.2450288245255093e-08,
      0.00822902040605156
    ],
    [
      -0.001274040428694572,
      -0.008441945703839746,
      1.0
    ]
  ],
  "E": [
    [
      -0.0006584817924426514,
      -0.15139763035951712,
      -0.054106101584392184
    ],
    [
      0.13617778854670243,
      -0.01971519762614906,
      -0.6911176144523015
    ],
    [
      0.05623361097462253,
      0.6884482555950577,
      -0.021236712135351086
    ]
  ],
  "R": [
    [
      0.9998011095795138,
      0.0027126157797700695,
      -0.01975811223786597
    ],
    [
      -0.0032882911037324103,
      0.9995692843606789,
      -0.02916218277662935
    ],
    [
      0.019670496312749752,
      0.02922135312253292,
      0.9993793994757437
    ]
  ],
  "t": [
    [
      -0.9738078390468945
    ],
    [
      0.08274495613452364
    ],
    [
      -0.2117818803512551
    ]
  ]
}