{
  "image_1": "frame_054",
  "image_2": "frame_055",
  "num_matches": 1295,
  "inlier_count": 711,
  "inlier_ratio": 0.549,
  "reproj_rmse": 0.3737,
  "F": [
    [
      -2.3578788826846485e-07,
      -1.9490701295799093e-05,
      0.013590914915235178
    ],
    [
      2.1749422973418787e-05,
      -5.847405920331532e-08,
      -0.582547416466434
    ],
    [
      -0.008101335314398179,
      0.5786712406180101,
      1.0
    ]
  ],
  "E": [
    [
      -0.0015782677809500374,
      -0.11948535669788705,
      -0.007326443653758747
    ],
    [
      0.12516928166511246,
      0.002742150584973575,
      -0.6959037003813289
    ],
    [
      0.016071479755897827,
      0.6967292383528458,
      0.004508783081998417
    ]
  ],
  "R": [
    [
      0.9998740870383759,
      -0.01369717636242384,
      0.008012329802944224
    ],
    [
      0.013646105188196941,
      0.9998864413460655,
      0.006394390158092583
    ],
    [
      -0.008099005023282452,
      -0.006284247926196507,
      0.9999474557923704
    ]
  ],
  "t": [
    [
      0.9855628693511593
    ],
    [
      -0.009280606400495833
    ],
    [
      0.16905531905606805
    ]
  ]
}