{
  "image_1": "frame_107",
  "image_2": "frame_108",
  "num_matches": 1088,
  "inlier_count": 575,
  "inlier_ratio": 0.5285,
  "reproj_rmse": 3.4704,
  "F": [
    [
      -6.986833482017835e-09,
      -2.0651542477968255e-07,
      0.0006120912828648191
    ],
    [
      2.0310339649431024e-07,
      -4.230015467058618e-08,
      0.006728192270611783
    ],
    [
      -0.0007890729843001678,
      -0.006526756002659387,
      1.0
    ]
  ],
  "E": [
    [
      0.0028239342404375476,
      0.07898144485177955,
      -0.0441899487141189
    ],
    [
      -0.07623429775325054,
      -0.02288406415034058,
      -0.7013971135029693
    ],
    [
      0.06366663433292696,
      0.6991639593320758,
      -0.02498526495200673
    ]
  ],
  "R": [
    [
      0.9994720735717703,
      -0.031664240710089844,
      0.00727667577945576
    ],
    [
      0.03190673456366466,
      0.9988402727148741,
      -0.03605648197425057
    ],
    [
      -0.00612653569561758,
      0.03626962176710876,
      0.9993232610608246
    ]
  ],
  "t": [
    [
      0.9917673166596835
    ],
    [
      -0.058425005327076944
    ],
    [
      -0.11394783173971305
    ]
  ]
}