{
  "image_1": "frame_033",
  "image_2": "frame_034",
  "num_matches": 852,
  "inlier_count": 430,
  "inlier_ratio": 0.5047,
  "reproj_rmse": 0.6721,
  "F": [
    [
      7.366472904973546e-09,
      -4.037938021367998e-06,
      0.005621659729706591
    ],
    [
      3.9610644173953925e-06,
      1.67644405704465e-08,
      -0.03667478455262058
    ],
    [
      -0.005691867382402921,
      0.036666224797987604,
      1.0
    ]
  ],
  "E": [
    [
      0.0007483318028174811,
      -0.16388628336118224,
      0.049447540125596615
    ],
    [
      0.15489707572409625,
      0.0054256055004422675,
      -0.6880445258936485
    ],
    [
      -0.05118840024421824,
      0.6860119165980219,
      0.005937507213171079
    ]
  ],
  "R": [
    [
      0.999921379278402,
      0.000789966550316587,
      -0.012514440252233056
    ],
    [
      -0.0006932702416863057,
      0.9999698887118805,
      0.007729233203973569
    ],
    [
      0.012520169262009162,
      -0.007719949637063274,
      0.9998918180179556
    ]
  ],
  "t": [
    [
      0.9702532317916783
    ],
    [
      0.07172432118694157
    ],
    [
      0.23122345890518148
    ]
  ]
}