{
  "image_1": "frame_113",
  "image_2": "frame_114",
  "num_matches": 1358,
  "inlier_count": 722,
  "inlier_ratio": 0.5317,
  "reproj_rmse": 3.8421,
  "F": [
    [
      -9.880925276710413e-08,
      5.266664090489755e-06,
      -0.0034185054616693513
    ],
    [
      -5.477273282192088e-06,
      -6.001131974321523e-08,
      0.12756993764752222
    ],
    [
      0.005873194008433985,
      -0.12683572705491944,
      0.9999999999999999
    ]
  ],
  "E": [
    [
      0.005390084848900381,
      -0.30301024938917254,
      -0.037735637973947064
    ],
    [
      0.3094761038861713,
      -0.004289347658516897,
      -0.6343707416662593
    ],
    [
      0.03180115175928664,
      0.6382952491297348,
      -0.008917611800553314
    ]
  ],
  "R": [
    [
      0.9998061917379744,
      0.016435304604419623,
      0.010837883786459057
    ],
    [
      -0.016275191681194345,
      0.9997594886433319,
      -0.014699762017243413
    ],
    [
      -0.01107687221869208,
      0.014520524445871562,
      0.99983321472717
    ]
  ],
  "t": [
    [
      0.9019221223333365
    ],
    [
      -0.059664138942632866
    ],
    [
      0.42775773022817976
    ]
  ]
}