{
  "image_1": "frame_105",
  "image_2": "frame_106",
  "num_matches": 983,
  "inlier_count": 455,
  "inlier_ratio": 0.4629,
  "reproj_rmse": 2.094,
  "F": [
    [
      1.2434418629727649e-08,
      -1.461024670236901e-06,
      0.004466874739229517
    ],
    [
      2.1042561111354614e-06,
      -3.8491828250955947e-08,
      0.07816881706206641
    ],
    [
      -0.005950172990636602,
      -0.0808783786402883,
      1.0
    ]
  ],
  "E": [
    [
      -0.0023743004275485714,
      -0.22766790976981074,
      -0.04410613801498255
    ],
    [
      0.21689736014275887,
      0.00684082495103026,
      -0.6717195867582095
    ],
    [
      0.046153664184181965,
      0.6676290950184174,
      0.00768764968394773
    ]
  ],
  "R": [
    [
      0.9998304103955956,
      -0.007138187303254426,
      -0.016976357978041146
    ],
    [
      0.0073518483581250516,
      0.9998941320349599,
      0.012556872531509614
    ],
    [
      0.01688492741749542,
      -0.012679550625992107,
      0.9997770392552676
    ]
  ],
  "t": [
    [
      -0.9446865449956692
    ],
    [
      0.05833583876953912
    ],
    [
      -0.3227448862789307
    ]
  ]
}