{
  "image_1": "frame_016",
  "image_2": "frame_017",
  "num_matches": 1052,
  "inlier_count": 512,
  "inlier_ratio": 0.4867,
  "reproj_rmse": 3.1524,
  "F": [
    [
      2.43769677123686e-08,
      5.326976995219322e-07,
      0.004515991718272898
    ],
    [
      -2.8423781543582706e-07,
      -7.1202351475430154e-09,
      0.05392184982362626
    ],
    [
      -0.004965159202863168,
      -0.05489769258178116,
      1.0
    ]
  ],
  "E": [
    [
      -0.00048252708858509093,
      -0.21487647691011824,
      -0.011408914753458925
    ],
    [
      0.19926963333615325,
      0.00440963241319844,
      -0.6783607840651549
    ],
    [
      0.010727477449881827,
      0.6735445478588395,
      0.0043797025252965685
    ]
  ],
  "R": [
    [
      0.9997303113906674,
      -0.0010131438656590785,
      -0.023200819516275395
    ],
    [
      0.001172236211017379,
      0.9999758882755938,
      0.0068446131887007836
    ],
    [
      0.023193325526644104,
      -0.006869964115252825,
      0.9997073938128448
    ]
  ],
  "t": [
    [
      -0.9525730454956748
    ],
    [
      0.014058094790138842
    ],
    [
      -0.3039851360938006
    ]
  ]
}