{
  "image_1": "frame_111",
  "image_2": "frame_112",
  "num_matches": 1439,
  "inlier_count": 801,
  "inlier_ratio": 0.5566,
  "reproj_rmse": 0.6031,
  "F": [
    [
      -1.3952821276006536e-09,
      -1.1007273572349974e-07,
      7.096661762940764e-05
    ],
    [
      1.530526965106369e-07,
      1.2512571766870384e-08,
      0.007269469012591823
    ],
    [
      -0.00017255675983475624,
      -0.007382076031138261,
      1.0
    ]
  ],
  "E": [
    [
      0.002509939304574026,
      0.2296299163484114,
      0.010004064371230269
    ],
    [
      -0.2410319679719996,
      -0.019294542672388313,
      -0.6642485884552247
    ],
    [
      -0.011046807094066914,
      0.6684962847371791,
      -0.02143664008257608
    ]
  ],
  "R": [
    [
      0.9997960673463294,
      -0.010167994375951683,
      -0.017448083252449287
    ],
    [
      0.009596821001422982,
      0.9994252436639322,
      -0.03251281830227141
    ],
    [
      0.017768645009691497,
      0.03233874174516499,
      0.999319008643816
    ]
  ],
  "t": [
    [
      -0.9456888710549207
    ],
    [
      -0.02470318901879162
    ],
    [
      0.3241331695695016
    ]
  ]
}