{
  "image_1": "frame_078",
  "image_2": "frame_079",
  "num_matches": 1417,
  "inlier_count": 784,
  "inlier_ratio": 0.5533,
  "reproj_rmse": 1.0993,
  "F": [
    [
      -3.066029373736281e-08,
      -1.0819170674012994e-06,
      0.006793240327461526
    ],
    [
      1.3685532826319315e-06,
      3.9228476494257315e-08,
      -0.050228866418424244
    ],
    [
      -0.007104681794508517,
      0.0493394631194383,
      1.0
    ]
  ],
  "E": [
    [
      -0.00047730720068103435,
      -0.09274061250793281,
      0.0889090200536385
    ],
    [
      0.09861411515521991,
      0.00048477913990716936,
      -0.6945251194352003
    ],
    [
      -0.09101706326325676,
      0.6950680478802563,
      -0.0005655866977084076
    ]
  ],
  "R": [
    [
      0.9999594722313074,
      0.002993479619042727,
      0.008490758190866532
    ],
    [
      -0.0029959022081613995,
      0.9999954751149845,
      0.0002726160593313036
    ],
    [
      -0.008489903700545032,
      -0.0002980424920236216,
      0.9999639157018758
    ]
  ],
  "t": [
    [
      0.9833556194201394
    ],
    [
      0.12577662544862442
    ],
    [
      0.13111813850718915
    ]
  ]
}