{
  "image_1": "frame_091",
  "image_2": "frame_092",
  "num_matches": 1500,
  "inlier_count": 772,
  "inlier_ratio": 0.5147,
  "reproj_rmse": 2.468,
  "F": [
    [
      -9.292868104729751e-09,
      -4.3987331207754537e-07,
      -0.007137149492493268
    ],
    [
      4.2585889865303625e-07,
      -2.27531443316299e-09,
      0.0056825740175179594
    ],
    [
      0.006954075764586492,
      -0.005795223577583364,
      1.0
    ]
  ],
  "E": [
    [
      -0.023757742134339028,
      -0.704298131859752,
      -0.0302819884075643
    ],
    [
      0.7033439606522155,
      -0.023098305767448223,
      0.05475240603031639
    ],
    [
      0.040415732634078515,
      -0.0512241158362043,
      0.0011340884865027945
    ]
  ],
  "R": [
    [
      0.9993968084441399,
      -0.0340134525650927,
      0.00700744720058917
    ],
    [
      0.034127365401052163,
      0.9992757078494134,
      -0.016833972580375202
    ],
    [
      -0.006429790233741461,
      0.017062964181406223,
      0.9998337427047029
    ]
  ],
  "t": [
    [
      -0.07046576935179964
    ],
    [
      -0.059597236833206384
    ],
    [
      0.995732265577201
    ]
  ]
}