{
  "image_1": "frame_018",
  "image_2": "frame_019",
  "num_matches": 1198,
  "inlier_count": 603,
  "inlier_ratio": 0.5033,
  "reproj_rmse": 3.2406,
  "F": [
    [
      2.6819746561353556e-09,
      -2.331415475153042e-06,
      0.004207851531590768
    ],
    [
      2.883662304450109e-06,
      -1.9907635734946624e-08,
      0.10936687047411411
    ],
    [
      -0.00517367358754753,
      -0.11194190008619564,
      1.0
    ]
  ],
  "E": [
    [
      -0.0009185563220965159,
      -0.31141364953716383,
      -0.004165832010339079
    ],
    [
      0.30117080834326004,
      0.003677175827329744,
      -0.639749002936214
    ],
    [
      0.0037663306331673797,
      0.6348015637276062,
      0.004468360365851868
    ]
  ],
  "R": [
    [
      0.9998662400133757,
      -0.002733526839862459,
      -0.016125443018115193
    ],
    [
      0.0028481327965363575,
      0.9999708204254052,
      0.007088472142499523
    ],
    [
      0.016105595955692442,
      -0.007133451391679314,
      0.9998448497892832
    ]
  ],
  "t": [
    [
      -0.8977787488907156
    ],
    [
      0.0027697732478902254
    ],
    [
      -0.440438016520346
    ]
  ]
}