{
  "image_1": "frame_055",
  "image_2": "frame_056",
  "num_matches": 1242,
  "inlier_count": 683,
  "inlier_ratio": 0.5499,
  "reproj_rmse": 0.4178,
  "F": [
    [
      3.532857606171473e-08,
      1.4927536567486322e-06,
      -0.0018665096936362863
    ],
    [
      -1.6048671298905937e-06,
      3.3411093226437014e-08,
      0.03631954142881928
    ],
    [
      0.0011005198415063276,
      -0.03628360597662301,
      1.0
    ]
  ],
  "E": [
    [
      -0.003092658983509009,
      -0.12711068630146866,
      0.007492832977458383
    ],
    [
      0.13364195725410932,
      6.0639157725305805e-05,
      -0.6943158195409371
    ],
    [
      0.008422359011916996,
      0.695529724791791,
      0.0031620343868415226
    ]
  ],
  "R": [
    [
      0.9996737767364524,
      -0.02377193693748393,
      0.009339974288944092
    ],
    [
      0.023729251752477788,
      0.9997075853477362,
      0.004654719053442458
    ],
    [
      -0.009447894831410314,
      -0.004431569974539223,
      0.999945547752884
    ]
  ],
  "t": [
    [
      -0.9836433971133578
    ],
    [
      -0.011433837446702871
    ],
    [
      -0.17976355213595369
    ]
  ]
}