{
  "image_1": "frame_048",
  "image_2": "frame_049",
  "num_matches": 1066,
  "inlier_count": 497,
  "inlier_ratio": 0.4662,
  "reproj_rmse": 0.3446,
  "F": [
    [
      1.0203050667821725e-08,
      9.898568505218593e-07,
      -0.0024199617653168646
    ],
    [
      -1.0868004209127732e-06,
      4.2613122740491514e-08,
      0.01999537317242852
    ],
    [
      0.0023737100089593352,
      -0.019910449931311077,
      0.9999999999999999
    ]
  ],
  "E": [
    [
      -0.0012721067210048026,
      -0.1716268061109924,
      0.048850996945547384
    ],
    [
      0.18250690754332985,
      -0.010437936741761243,
      -0.681492051791427
    ],
    [
      -0.04406889276698336,
      0.6842905559172909,
      -0.010556067421608637
    ]
  ],
  "R": [
    [
      0.9998829785894203,
      -0.00315015277115617,
      0.01497015913967531
    ],
    [
      0.0033659694760522565,
      0.9998904589698784,
      -0.014413199176187722
    ],
    [
      -0.014923115513696794,
      0.014461901622003474,
      0.999784053696017
    ]
  ],
  "t": [
    [
      0.9676323695144312
    ],
    [
      0.06558752199399898
    ],
    [
      0.2436921714511439
    ]
  ]
}