{
  "image_1": "frame_070",
  "image_2": "frame_071",
  "num_matches": 1225,
  "inlier_count": 555,
  "inlier_ratio": 0.4531,
  "reproj_rmse": 1.851,
  "F": [
    [
      6.656876586776266e-09,
      -8.424769795451408e-08,
      -0.000890057192557328
    ],
    [
      -7.571268716019618e-08,
      4.221802915248757e-08,
      0.028330462513736335
    ],
    [
      0.0014244340193108457,
      -0.027659021275665586,
      1.0
    ]
  ],
  "E": [
    [
      0.0038623976587378343,
      -0.25746516173731115,
      0.010396508018435889
    ],
    [
      0.2749497327109946,
      -0.01267205323178351,
      -0.6513280694986845
    ],
    [
      -0.013835268498963606,
      0.6581155841676724,
      -0.01717433114546335
    ]
  ],
  "R": [
    [
      0.999532919002934,
      0.016044903755645327,
      0.026009707667460524
    ],
    [
      -0.01537022250681146,
      0.999545457204882,
      -0.025935212379602994
    ],
    [
      -0.026414013128749858,
      0.02552332354055959,
      0.9993252022569419
    ]
  ],
  "t": [
    [
      0.9312235875416063
    ],
    [
      0.005255365287462741
    ],
    [
      0.3644104981224279
    ]
  ]
}