{
  "image_1": "frame_093",
  "image_2": "frame_094",
  "num_matches": 1326,
  "inlier_count": 664,
  "inlier_ratio": 0.5008,
  "reproj_rmse": 3.3487,
  "F": [
    [
      5.382722713807305e-09,
      -2.543877662635047e-07,
      0.0030902156521782154
    ],
    [
      2.9117767643463746e-07,
      -9.377458011083485e-09,
      0.009821557408393118
    ],
    [
      -0.0033779484808973137,
      -0.009936870724231876,
      1.0
    ]
  ],
  "E": [
    [
      0.006954501357416387,
      0.28756780504331997,
      0.1514167295497676
    ],
    [
      -0.27996474862884196,
      0.011000555465647897,
      0.6306966445710234
    ],
    [
      -0.16587787541346133,
      -0.6248863252645961,
      0.0071726705628711316
    ]
  ],
  "R": [
    [
      0.9997710995740031,
      -0.01903616951235354,
      -0.00976589508881942
    ],
    [
      0.018948156376256797,
      0.9997797158038086,
      -0.009027028148639232
    ],
    [
      0.009935583854500107,
      0.008839916150753413,
      0.9999115661176831
    ]
  ],
  "t": [
    [
      -0.8880645994985596
    ],
    [
      0.21780941091452719
    ],
    [
      -0.4048460542410285
    ]
  ]
}