{
  "image_1": "frame_013",
  "image_2": "frame_014",
  "num_matches": 1244,
  "inlier_count": 660,
  "inlier_ratio": 0.5305,
  "reproj_rmse": 3.1101,
  "F": [
    [
      4.6995434294375026e-09,
      -6.194831009889153e-07,
      0.0020394502703353916
    ],
    [
      7.168849875337789e-07,
      -2.0637522501795406e-08,
      0.025729182646718193
    ],
    [
      -0.002178680386667847,
      -0.026155321439837124,
      1.0
    ]
  ],
  "E": [
    [
      0.0002545062687447626,
      -0.2758314288828377,
      0.02438327034497532
    ],
    [
      0.26445958257318564,
      -0.002002547224591811,
      -0.6553623240227072
    ],
    [
      -0.023229456165517273,
      0.650644391482829,
      -0.0014232476504115943
    ]
  ],
  "R": [
    [
      0.9998464025169407,
      -0.0006257770265351743,
      -0.017515129946547803
    ],
    [
      0.0005764174338757956,
      0.9999958491468479,
      -0.002823018245854396
    ],
    [
      0.01751682382377906,
      0.0028124886111000336,
      0.9998426130101371
    ]
  ],
  "t": [
    [
      -0.9201330492861292
    ],
    [
      -0.03338692083392685
    ],
    [
      -0.390180067569627
    ]
  ]
}