{
  "image_1": "frame_025",
  "image_2": "frame_026",
  "num_matches": 1000,
  "inlier_count": 497,
  "inlier_ratio": 0.497,
  "reproj_rmse": 0.5572,
  "F": [
    [
      2.2995781999565865e-08,
      2.275161915118935e-06,
      -0.002818562137615352
    ],
    [
      -2.0914924238968477e-06,
      4.9165772183047034e-08,
      0.03858213051251374
    ],
    [
      0.0021577761597026913,
      -0.038833514168762864,
      1.0
    ]
  ],
  "E": [
    [
      -0.001393341657145469,
      -0.1432799002049082,
      0.003923209626022747
    ],
    [
      0.1283656726616413,
      -0.0014073025260154205,
      -0.6953452452564488
    ],
    [
      0.0032332303124457205,
      0.6924293082509944,
      5.45967270756211e-07
    ]
  ],
  "R": [
    [
      0.9997158848729681,
      -0.010310295077113117,
      -0.021490633961826655
    ],
    [
      0.010310087337746394,
      0.9999468423804829,
      -0.00012046738138292283
    ],
    [
      0.02149073362513257,
      -0.00010113715831270838,
      0.9997690423990576
    ]
  ],
  "t": [
    [
      -0.9792380070468346
    ],
    [
      -0.0055251209894087655
    ],
    [
      -0.20263859107533247
    ]
  ]
}