{
  "image_1": "frame_121",
  "image_2": "frame_122",
  "num_matches": 944,
  "inlier_count": 419,
  "inlier_ratio": 0.4439,
  "reproj_rmse": 1.7518,
  "F": [
    [
      2.3419163145753696e-08,
      -4.073245692902869e-07,
      0.0037947384335810345
    ],
    [
      6.475860735850763e-07,
      -1.3780370803365636e-07,
      0.03581150107503246
    ],
    [
      -0.0041468071787474905,
      -0.03618924936399566,
      1.0
    ]
  ],
  "E": [
    [
      0.0002311800152382125,
      -0.2319968142616087,
      -0.01032424039857396
    ],
    [
      0.21976469299292006,
      0.0006403974476445747,
      -0.6720105495098458
    ],
    [
      0.00903595356828376,
      0.6679027430542634,
      5.571778516757422e-05
    ]
  ],
  "R": [
    [
      0.9998316132221794,
      0.001808966682217774,
      -0.018261238760740206
    ],
    [
      -0.0018026301243205221,
      0.9999983092131124,
      0.00036344951650153605
    ],
    [
      0.018261865352943163,
      -0.00033047005731107887,
      0.9998331836178334
    ]
  ],
  "t": [
    [
      -0.9445325137744461
    ],
    [
      0.0144838497373067
    ],
    [
      -0.3280983823789945
    ]
  ]
}