{
  "image_1": "frame_035",
  "image_2": "frame_036",
  "num_matches": 902,
  "inlier_count": 463,
  "inlier_ratio": 0.5133,
  "reproj_rmse": 3.0838,
  "F": [
    [
      1.1801206529783295e-08,
      1.9667922034304665e-06,
      -0.002926281736717528
    ],
    [
      -1.9270143683990672e-06,
      3.281898780400355e-08,
      0.02140325166122967
    ],
    [
      0.0026372175907990797,
      -0.021361073385979267,
      1.0
    ]
  ],
  "E": [
    [
      -0.0012759735756209532,
      -0.11500685883555904,
      -0.029336658378037585
    ],
    [
      0.10614179747474936,
      -0.01021736585872489,
      -0.6983379333077945
    ],
    [
      0.03636058077849342,
      0.6967409388506788,
      -0.009735617570760927
    ]
  ],
  "R": [
    [
      0.9998955040013919,
      -0.008026692330585714,
      -0.012023031565785769
    ],
    [
      0.007865026812639092,
      0.9998788300826719,
      -0.013433782257579905
    ],
    [
      0.012129403573062969,
      0.013337817015453514,
      0.9998374768962326
    ]
  ],
  "t": [
    [
      -0.9858104835995833
    ],
    [
      0.04367276421612448
    ],
    [
      -0.1620813995832901
    ]
  ]
}