{
  "image_1": "frame_064",
  "image_2": "frame_065",
  "num_matches": 1057,
  "inlier_count": 535,
  "inlier_ratio": 0.5061,
  "reproj_rmse": 1.6613,
  "F": [
    [
      -2.4348984319129e-09,
      -2.520091684490787e-07,
      0.00035160126450639736
    ],
    [
      2.8586761940457946e-07,
      -2.2613022381807826e-09,
      -0.005755455457643767
    ],
    [
      -0.0003935360929191786,
      0.005769668527064746,
      1.0
    ]
  ],
  "E": [
    [
      0.0022158829437059296,
      0.3361891232283609,
      0.04089506823814356
    ],
    [
      -0.33018841707685487,
      0.03936161476490731,
      -0.6236885034249553
    ],
    [
      -0.016395655631724907,
      0.6197916700565408,
      0.03644102209561417
    ]
  ],
  "R": [
    [
      0.9998941118792337,
      -0.008064004714973413,
      0.012113498965845015
    ],
    [
      0.007334358965851419,
      0.9982241736715816,
      0.05911604076939207
    ],
    [
      -0.012568699526946947,
      -0.059020936333179466,
      0.9981776178950098
    ]
  ],
  "t": [
    [
      0.8778377488801943
    ],
    [
      0.029628473025776283
    ],
    [
      -0.47804083531337976
    ]
  ]
}