{
  "image_1": "frame_060",
  "image_2": "frame_062",
  "num_matches": 797,
  "inlier_count": 434,
  "inlier_ratio": 0.5445,
  "reproj_rmse": 0.4988,
  "F": [
    [
      8.773215061715432e-09,
      -7.140758797691532e-07,
      0.0037756848969597336
    ],
    [
      7.459060684525041e-07,
      1.033245045439897e-07,
      -0.021745462107578398
    ],
    [
      -0.004305705026494352,
      0.02149767595179698,
      1.0
    ]
  ],
  "E": [
    [
      -0.0011019586479391664,
      0.11554460849606629,
      -0.08858740557901698
    ],
    [
      -0.12601189547693709,
      -0.0034238482017005713,
      0.6900998856743162
    ],
    [
      0.10344475324334161,
      -0.6899063137689836,
      0.0006238666695531275
    ]
  ],
  "R": [
    [
      0.9996551801970212,
      0.021303756991149086,
      0.015351568106326985
    ],
    [
      -0.02132263011377089,
      0.9997720777724106,
      0.0010667481747181524
    ],
    [
      -0.015325343398842284,
      -0.0013937161472203329,
      0.9998815886918853
    ]
  ],
  "t": [
    [
      -0.9785708974902192
    ],
    [
      -0.12547053243002618
    ],
    [
      -0.16326709428697697
    ]
  ]
}