{
  "image_1": "frame_036",
  "image_2": "frame_037",
  "num_matches": 1274,
  "inlier_count": 711,
  "inlier_ratio": 0.5581,
  "reproj_rmse": 1.6033,
  "F": [
    [
      1.7554806089687655e-08,
      1.9447422622621973e-06,
      0.00013220732899633619
    ],
    [
      -1.8960256617449174e-06,
      -2.6980543841091426e-08,
      0.02446997892778228
    ],
    [
      -0.0004246795197208537,
      -0.024292033019827675,
      1.0
    ]
  ],
  "E": [
    [
      -0.001154119859782678,
      -0.030596003728245447,
      -0.09413472408814867
    ],
    [
      0.022309902288647796,
      -0.007797341538410385,
      -0.7003692421428399
    ],
    [
      0.09860061344417977,
      0.6995205116880775,
      -0.008635590611465327
    ]
  ],
  "R": [
    [
      0.9999287943095593,
      -0.006023469656454977,
      -0.010301656368204425
    ],
    [
      0.005910682794781186,
      0.9999226428759661,
      -0.010944043715327647
    ],
    [
      0.01036678057693307,
      0.01088237461408541,
      0.999887045512256
    ]
  ],
  "t": [
    [
      -0.9901527218404839
    ],
    [
      0.1335993591684932
    ],
    [
      -0.04181864012195035
    ]
  ]
}