{
  "image_1": "frame_043",
  "image_2": "frame_044",
  "num_matches": 1012,
  "inlier_count": 499,
  "inlier_ratio": 0.4931,
  "reproj_rmse": 0.5095,
  "F": [
    [
      2.155991912673176e-08,
      1.019733302404445e-06,
      -0.0006269855187049672
    ],
    [
      -1.0478823425736156e-06,
      1.7543864709255688e-08,
      0.013079966042202667
    ],
    [
      0.00028656387544814344,
      -0.013051331049002088,
      1.0
    ]
  ],
  "E": [
    [
      -0.0029302428877512245,
      -0.15986559848143136,
      -0.08437038326783265
    ],
    [
      0.16314995788158607,
      -0.01175337768552302,
      -0.6824948782153073
    ],
    [
      0.10121650210711565,
      0.6815114145695764,
      -0.007625260959334268
    ]
  ],
  "R": [
    [
      0.9997406415394021,
      -0.021800673214385183,
      0.006586372429842696
    ],
    [
      0.02187850584566499,
      0.9996887874431182,
      -0.011985793360032516
    ],
    [
      -0.0063230243037809,
      0.012126784730825589,
      0.99990647585449
    ]
  ],
  "t": [
    [
      -0.9667637172815617
    ],
    [
      0.12202205182744771
    ],
    [
      -0.2246742838327441
    ]
  ]
}