{
  "image_1": "frame_029",
  "image_2": "frame_030",
  "num_matches": 1282,
  "inlier_count": 675,
  "inlier_ratio": 0.5265,
  "reproj_rmse": 0.4895,
  "F": [
    [
      3.292898177917696e-08,
      -1.4285959941719187e-06,
      0.004658114903317888
    ],
    [
      1.7995792705488378e-06,
      2.871113768413716e-08,
      0.050996382691606584
    ],
    [
      -0.004758992794144542,
      -0.05219991260021842,
      1.0
    ]
  ],
  "E": [
    [
      0.0003543600371964553,
      -0.08434302068869726,
      -0.01955903509463396
    ],
    [
      0.07049913556301057,
      0.0002199216508059734,
      -0.7033102051378051
    ],
    [
      0.013445125538086295,
      0.7019307415060555,
      -0.000784240151684259
    ]
  ],
  "R": [
    [
      0.9997677328276544,
      0.008766163095701943,
      -0.019688442834090034
    ],
    [
      -0.00877903257201821,
      0.9999613026195238,
      -0.0005673187507842826
    ],
    [
      0.019682707734230073,
      0.0007400324621946201,
      0.9998060028666579
    ]
  ],
  "t": [
    [
      -0.9924752625997656
    ],
    [
      0.027733693167546612
    ],
    [
      -0.11926313508714503
    ]
  ]
}