{
  "image_1": "frame_046",
  "image_2": "frame_047",
  "num_matches": 805,
  "inlier_count": 406,
  "inlier_ratio": 0.5043,
  "reproj_rmse": 0.7406,
  "F": [
    [
      2.6903661203280276e-08,
      1.1679821780820339e-06,
      -0.0014404964522571964
    ],
    [
      -1.2795229687853193e-06,
      -6.149216196845273e-08,
      0.020627096632361622
    ],
    [
      0.0010313270188826527,
      -0.02037586308005182,
      1.0
    ]
  ],
  "E": [
    [
      -0.0014522786505762192,
      -0.09562573296522592,
      -0.026805396839168386
    ],
    [
      0.11305992961783387,
      -0.005097542159295994,
      -0.6974621574167932
    ],
    [
      0.04279224613689955,
      0.6993127469302299,
      -0.0018954639515413724
    ]
  ],
  "R": [
    [
      0.9994350235121592,
      -0.022241887719929014,
      0.025197861177168462
    ],
    [
      0.022341666626098655,
      0.999743601744727,
      -0.003685200516788904
    ],
    [
      -0.02510943467340615,
      0.004246080679254761,
      0.9996756909564456
    ]
  ],
  "t": [
    [
      0.9900859364538722
    ],
    [
      -0.03841891070877612
    ],
    [
      0.1351067198040507
    ]
  ]
}