{
  "image_1": "frame_047",
  "image_2": "frame_048",
  "num_matches": 710,
  "inlier_count": 320,
  "inlier_ratio": 0.4507,
  "reproj_rmse": 0.6964,
  "F": [
    [
      -1.6411881170696119e-09,
      1.7565083390764386e-07,
      0.001110681545011454
    ],
    [
      -2.2011491936443696e-07,
      -7.181822697985376e-08,
      0.019506687899170382
    ],
    [
      -0.0011666881680519271,
      -0.01907049496702358,
      1.0
    ]
  ],
  "E": [
    [
      0.0017808474052480026,
      0.28617302050269267,
      -0.0009654613495869655
    ],
    [
      -0.28528129862852303,
      0.01478306220467477,
      0.6468176610024646
    ],
    [
      -0.008801056185884578,
      -0.6464341275482008,
      0.013012074940344306
    ]
  ],
  "R": [
    [
      0.9999798996692457,
      -0.006226878454170413,
      -0.0011942538265761748
    ],
    [
      0.006201601367223772,
      0.9997784436167936,
      -0.020114766209529344
    ],
    [
      0.0013192414363387694,
      0.02010695560991176,
      0.9997969643573309
    ]
  ],
  "t": [
    [
      0.9144407020723267
    ],
    [
      -0.006775712507135815
    ],
    [
      0.404663183540943
    ]
  ]
}