{
  "image_1": "frame_019",
  "image_2": "frame_020",
  "num_matches": 1433,
  "inlier_count": 796,
  "inlier_ratio": 0.5555,
  "reproj_rmse": 0.3624,
  "F": [
    [
      7.508536019641201e-10,
      1.9342267241861143e-06,
      -0.0019290691195902876
    ],
    [
      -1.772712536370197e-06,
      2.8433352854235335e-08,
      0.06941133977703502
    ],
    [
      0.0017241647671009633,
      -0.06978481896699303,
      0.9999999999999999
    ]
  ],
  "E": [
    [
      3.716776228272099e-05,
      0.024340477846702558,
      0.004088148766509628
    ],
    [
      -0.019420197031208418,
      0.00196036799362495,
      0.706825116007015
    ],
    [
      -0.0043966466271323605,
      -0.7066716603590812,
      0.0019821772015224167
    ]
  ],
  "R": [
    [
      0.9999758205400558,
      -0.0003605537451666762,
      -0.006944662427966139
    ],
    [
      0.00034136490151684407,
      0.9999961216198378,
      -0.002764093935940763
    ],
    [
      0.006945632098345745,
      0.0027616564376365584,
      0.9999720653340645
    ]
  ],
  "t": [
    [
      0.9993906411373027
    ],
    [
      -0.00587678249869088
    ],
    [
      0.034406537672861705
    ]
  ]
}