{
  "image_1": "frame_001",
  "image_2": "frame_003",
  "num_matches": 1500,
  "inlier_count": 938,
  "inlier_ratio": 0.6253,
  "reproj_rmse": 5.7514,
  "F": [
    [
      2.9794825696802023e-09,
      9.588958185572743e-08,
      -0.0013004399915964493
    ],
    [
      -6.074870880485727e-08,
      4.848964974357635e-09,
      -0.01682950279131242
    ],
    [
      0.0013539999100080186,
      0.01680824976210326,
      1.0
    ]
  ],
  "E": [
    [
      -0.0037696834150300184,
      -0.6091816697613636,
      -0.013110430652729153
    ],
    [
      0.5972178030170692,
      -0.011036811108014702,
      0.3784273046454395
    ],
    [
      -0.0008829408554142402,
      -0.35869966753220867,
      -0.006872256423854966
    ]
  ],
  "R": [
    [
      0.9994416547144667,
      -0.006888286064098165,
      0.03269450009875846
    ],
    [
      0.006260027706408091,
      0.9997945325972337,
      0.01927964319675175
    ],
    [
      -0.03282058614229133,
      -0.01906421002240078,
      0.9992794228950672
    ]
  ],
  "t": [
    [
      0.5073688979861564
    ],
    [
      0.001928553224867229
    ],
    [
      -0.861726802437276
    ]
  ]
}