{
  "image_1": "frame_014",
  "image_2": "frame_015",
  "num_matches": 1213,
  "inlier_count": 612,
  "inlier_ratio": 0.5045,
  "reproj_rmse": 2.5364,
  "F": [
    [
      8.805447705314889e-09,
      1.9008174653301537e-08,
      0.0015056052859451733
    ],
    [
      1.4489708760587904e-07,
      7.450882311717608e-08,
      0.027503405998038005
    ],
    [
      -0.0016470173955183615,
      -0.02823987448334716,
      1.0
    ]
  ],
  "E": [
    [
      0.0002995445324389446,
      -0.19368756794000244,
      -0.019222838665291314
    ],
    [
      0.18285059712469218,
      -0.0012391120054360601,
      -0.6827696746545068
    ],
    [
      0.017589579173454453,
      0.6798465406946423,
      -0.00212171793546266
    ]
  ],
  "R": [
    [
      0.999869730443406,
      0.003118068306221102,
      -0.015836659782553553
    ],
    [
      -0.0031605986848525225,
      0.9999914641536046,
      -0.002661247054187867
    ],
    [
      0.015828226653163635,
      0.002710953700794573,
      0.9998710506715593
    ]
  ],
  "t": [
    [
      -0.9613693554219505
    ],
    [
      0.027917560952225424
    ],
    [
      -0.2738422397039259
    ]
  ]
}