{
  "image_1": "frame_011",
  "image_2": "frame_012",
  "num_matches": 1091,
  "inlier_count": 546,
  "inlier_ratio": 0.5005,
  "reproj_rmse": 1.3198,
  "F": [
    [
      -1.0295776533678533e-08,
      -9.836686910491635e-07,
      0.0018358010139083983
    ],
    [
      1.0648414383315714e-06,
      4.452044116988482e-11,
      0.009660244935352032
    ],
    [
      -0.002072168320195075,
      -0.010095113800939397,
      1.0
    ]
  ],
  "E": [
    [
      -0.0029683409067468077,
      -0.16390464129649046,
      -0.03307615649754627
    ],
    [
      0.1548639768376389,
      -0.005025932482809919,
      -0.6890978676527318
    ],
    [
      0.04431565633111822,
      0.6864366008945751,
      -0.0030591532311268848
    ]
  ],
  "R": [
    [
      0.9997965469392374,
      -0.01550217623708712,
      -0.012905319069728832
    ],
    [
      0.01545406400819855,
      0.9998732835870598,
      -0.00381951233289852
    ],
    [
      0.012962894507313,
      0.0036192956144740548,
      0.999909427930974
    ]
  ],
  "t": [
    [
      -0.9716299968455903
    ],
    [
      0.04766586781210567
    ],
    [
      -0.2316530040287781
    ]
  ]
}