{
  "image_1": "frame_067",
  "image_2": "frame_068",
  "num_matches": 1285,
  "inlier_count": 645,
  "inlier_ratio": 0.5019,
  "reproj_rmse": 0.4655,
  "F": [
    [
      1.8574409839590948e-08,
      -1.7623747962207924e-06,
      0.005776463426035449
    ],
    [
      1.8440341155297033e-06,
      7.278007218447037e-08,
      -0.027469689214784133
    ],
    [
      -0.0063841857547035615,
      0.02715723468363208,
      1.0
    ]
  ],
  "E": [
    [
      0.0009936895025521456,
      -0.11411029270587598,
      0.10134739507332344
    ],
    [
      0.12252341298691474,
      0.0024031602871379724,
      -0.6889914807668415
    ],
    [
      -0.11484396511782173,
      0.688323232946357,
      -0.0012358702531222838
    ]
  ],
  "R": [
    [
      0.9997335456632517,
      0.01957334576664002,
      0.012236086428348947
    ],
    [
      -0.01957488788104131,
      0.9998083935060618,
      6.2667742227670575e-06
    ],
    [
      -0.012233619252990102,
      -0.0002457851243512568,
      0.999925136272534
    ]
  ],
  "t": [
    [
      0.9764287574540165
    ],
    [
      0.143338602767805
    ],
    [
      0.16137201298050083
    ]
  ]
}