{
  "image_1": "frame_118",
  "image_2": "frame_119",
  "num_matches": 972,
  "inlier_count": 526,
  "inlier_ratio": 0.5412,
  "reproj_rmse": 0.7681,
  "F": [
    [
      4.83931654306022e-08,
      9.036139567773243e-07,
      0.004468214290623805
    ],
    [
      -3.3209885110104116e-07,
      -2.610619431720991e-07,
      0.07801225376850754
    ],
    [
      -0.00582064598715852,
      -0.07925556189178443,
      1.0
    ]
  ],
  "E": [
    [
      -0.002858184267737337,
      -0.16771329832055648,
      -0.08887475075619469
    ],
    [
      0.15477412772149826,
      0.0034102683897244677,
      -0.6843421130519801
    ],
    [
      0.092312540066773,
      0.6805481654340975,
      0.0026758660226302204
    ]
  ],
  "R": [
    [
      0.999781730140546,
      -0.006519980475049869,
      -0.019848978104211046
    ],
    [
      0.006649911736985745,
      0.9999568475537854,
      0.006487041250520589
    ],
    [
      0.019805826189956688,
      -0.006617619277400996,
      0.9997819444078957
    ]
  ],
  "t": [
    [
      -0.9632916059295455
    ],
    [
      0.12417094475779307
    ],
    [
      -0.23801440801689805
    ]
  ]
}