{
  "image_1": "frame_089",
  "image_2": "frame_090",
  "num_matches": 1132,
  "inlier_count": 385,
  "inlier_ratio": 0.3401,
  "reproj_rmse": 2.2293,
  "F": [
    [
      -3.7021564903458304e-08,
      2.402634864346203e-06,
      0.001222548014528575
    ],
    [
      -2.3708903999668797e-06,
      -1.730526988956787e-08,
      0.007615856270356956
    ],
    [
      -0.0015163704527387345,
      -0.008439190795809804,
      1.0
    ]
  ],
  "E": [
    [
      -0.0071678795759807495,
      -0.67828416271495,
      0.12037271965599884
    ],
    [
      0.6631197003869805,
      0.01812988966348389,
      0.23455733097698178
    ],
    [
      -0.06957989282363061,
      -0.159558682597016,
      0.003964636435361498
    ]
  ],
  "R": [
    [
      0.9936806621121236,
      0.009349463899865927,
      0.11185405343212351
    ],
    [
      -0.0010360385781259876,
      0.9972463954189933,
      -0.07415223157727095
    ],
    [
      -0.11223933521041488,
      0.07356775345631869,
      0.9909541448941592
    ]
  ],
  "t": [
    [
      -0.22534251474176656
    ],
    [
      0.09926155896859162
    ],
    [
      0.969209932863351
    ]
  ]
}