{
  "image_1": "frame_006",
  "image_2": "frame_007",
  "num_matches": 1500,
  "inlier_count": 862,
  "inlier_ratio": 0.5747,
  "reproj_rmse": 0.7255,
  "F": [
    [
      3.661712909806024e-08,
      -3.3651681393732994e-06,
      0.005047233059408611
    ],
    [
      3.4425805190136178e-06,
      7.186487400860261e-08,
      0.017202992772091762
    ],
    [
      -0.004895029473198224,
      -0.017720553627223846,
      0.9999999999999999
    ]
  ],
  "E": [
    [
      -0.0038298543088382646,
      0.3901622108773552,
      0.016211282492013753
    ],
    [
      -0.39935998795385996,
      -0.012337791870365567,
      -0.5830031156047193
    ],
    [
      -0.02791742032858424,
      0.5891711070863561,
      -0.0077939761683354985
    ]
  ],
  "R": [
    [
      0.9998123329084365,
      0.010490907134911562,
      -0.016286185301554734
    ],
    [
      -0.01071636447009745,
      0.9998470928514683,
      -0.01381848215295
    ],
    [
      0.016138726614387644,
      0.013990417576113669,
      0.9997718788400242
    ]
  ],
  "t": [
    [
      0.8336617728302426
    ],
    [
      0.030553104865045925
    ],
    [
      -0.5514295569740914
    ]
  ]
}