{
  "image_1": "frame_108",
  "image_2": "frame_109",
  "num_matches": 844,
  "inlier_count": 467,
  "inlier_ratio": 0.5533,
  "reproj_rmse": 3.4797,
  "F": [
    [
      5.269922857319406e-10,
      8.790667396311405e-09,
      1.5792256789543637e-06
    ],
    [
      1.5134976508504267e-08,
      1.1719830968240674e-08,
      0.0022797512645487327
    ],
    [
      -0.00013157791020717264,
      -0.002345056294182771,
      0.9999999999999999
    ]
  ],
  "E": [
    [
      -0.028495994355348574,
      -0.6667210598590658,
      0.06571299039188779
    ],
    [
      0.6920478150506376,
      -0.014953021220978161,
      0.14437745202455965
    ],
    [
      -0.00832340100976441,
      -0.22313707914945755,
      0.022243080520430905
    ]
  ],
  "R": [
    [
      0.9918612716618365,
      -0.05376795055194054,
      -0.11541328030521017
    ],
    [
      0.042285638312077614,
      0.9941156912607858,
      -0.09972921929720788
    ],
    [
      0.12009638866304412,
      0.0940372260465739,
      0.9882984658227291
    ]
  ],
  "t": [
    [
      0.31734148651463234
    ],
    [
      0.0016614427579874763
    ],
    [
      -0.9483098758025486
    ]
  ]
}