{
  "image_1": "frame_117",
  "image_2": "frame_118",
  "num_matches": 781,
  "inlier_count": 406,
  "inlier_ratio": 0.5198,
  "reproj_rmse": 2.9796,
  "F": [
    [
      -4.735261974891396e-09,
      -4.0525644506489086e-07,
      -8.175261280713525e-05
    ],
    [
      2.849610722047607e-07,
      -1.2292104424521075e-08,
      -0.012174615370858951
    ],
    [
      0.00018271679838572329,
      0.012562063113254179,
      1.0
    ]
  ],
  "E": [
    [
      0.0001317372471646737,
      -0.16696793260515172,
      -0.006209983230269893
    ],
    [
      0.14339790222943996,
      0.02738149815110197,
      -0.6918722106785883
    ],
    [
      -0.0008620385916857378,
      0.6865486689049394,
      0.027082275299203134
    ]
  ],
  "R": [
    [
      0.9994103470502621,
      0.002063270405075197,
      -0.03427391317182876
    ],
    [
      -0.0007117747421240498,
      0.9992233561916491,
      0.0393976879754778
    ],
    [
      0.034328582633004145,
      -0.03935006170684078,
      0.9986356297759842
    ]
  ],
  "t": [
    [
      -0.9716821787345273
    ],
    [
      -0.000527799053724656
    ],
    [
      -0.236291059834859
    ]
  ]
}