{
  "image_1": "frame_056",
  "image_2": "frame_057",
  "num_matches": 1146,
  "inlier_count": 594,
  "inlier_ratio": 0.5183,
  "reproj_rmse": 0.3693,
  "F": [
    [
      6.616413614880197e-09,
      2.2150309442123167e-07,
      -5.389887196501565e-05
    ],
    [
      -2.3976737195441415e-07,
      -7.65118397271396e-08,
      0.02046179729020791
    ],
    [
      -0.0005589638845313926,
      -0.020239278703958787,
      1.0
    ]
  ],
  "E": [
    [
      -0.0024143945884660648,
      -0.08256885017733508,
      -0.010675852424035964
    ],
    [
      0.08685997778706729,
      -0.002166390487872517,
      -0.7016678557653395
    ],
    [
      0.031692671522638806,
      0.7015488373389253,
      0.0005064100109098073
    ]
  ],
  "R": [
    [
      0.9995309012887263,
      -0.030014735911190783,
      0.006090402049804572
    ],
    [
      0.030011457177632088,
      0.9995493568309315,
      0.0006290444708024862
    ],
    [
      -0.00610653805539145,
      -0.00044596754653971737,
      0.9999812554772841
    ]
  ],
  "t": [
    [
      -0.9930383495658003
    ],
    [
      0.01502472607104801
    ],
    [
      -0.11682933663306322
    ]
  ]
}