{
  "image_1": "frame_125",
  "image_2": "frame_126",
  "num_matches": 1500,
  "inlier_count": 880,
  "inlier_ratio": 0.5867,
  "reproj_rmse": 0.676,
  "F": [
    [
      -6.665339843622748e-09,
      -1.3741006899586604e-06,
      0.0036458158328988
    ],
    [
      1.4179413679848819e-06,
      3.974956298189327e-08,
      0.004168171873802287
    ],
    [
      -0.0036051536817081685,
      -0.004448252593878573,
      1.0
    ]
  ],
  "E": [
    [
      -0.004774795191792622,
      -0.6518156979158878,
      0.11693554462800802
    ],
    [
      0.6619204290727498,
      -0.00038614593714957963,
      0.2292564402359188
    ],
    [
      -0.09922888957992815,
      -0.24654747439070895,
      0.01049890975128688
    ]
  ],
  "R": [
    [
      0.9995292566796317,
      -0.01235626834253336,
      -0.028081803256032767
    ],
    [
      0.011472159900680907,
      0.9994401379820483,
      -0.03142928789581134
    ],
    [
      0.02845443003604964,
      0.031092333831217817,
      0.9991114112991863
    ]
  ],
  "t": [
    [
      0.3505503594930953
    ],
    [
      -0.13637254415796984
    ],
    [
      -0.9265619108614083
    ]
  ]
}