{
  "image_1": "frame_071",
  "image_2": "frame_072",
  "num_matches": 1237,
  "inlier_count": 596,
  "inlier_ratio": 0.4818,
  "reproj_rmse": 4.3166,
  "F": [
    [
      2.138266795939784e-09,
      4.1034079756681225e-07,
      -0.0007224182203479026
    ],
    [
      -4.574628403161713e-07,
      -3.572100792532673e-08,
      0.01129682226190178
    ],
    [
      0.0006908969650573093,
      -0.011009575325867361,
      1.0
    ]
  ],
  "E": [
    [
      -0.002356663954098215,
      -0.4108383708827826,
      0.07054302008880557
    ],
    [
      0.4302193567546743,
      -0.0202582582758896,
      -0.5579888584774091
    ],
    [
      -0.05519123472573983,
      0.5708421988599427,
      -0.021735108295845965
    ]
  ],
  "R": [
    [
      0.9995373948928201,
      -0.0005121238537035416,
      0.03040943833800208
    ],
    [
      0.0015788799444435286,
      0.9993837469800624,
      -0.03506612910219098
    ],
    [
      -0.030372740228621242,
      0.03509792018409287,
      0.9989222355367586
    ]
  ],
  "t": [
    [
      0.8077499136021457
    ],
    [
      0.07936424711800646
    ],
    [
      0.5841587056229823
    ]
  ]
}