{
  "image_1": "frame_092",
  "image_2": "frame_093",
  "num_matches": 1394,
  "inlier_count": 701,
  "inlier_ratio": 0.5029,
  "reproj_rmse": 0.7311,
  "F": [
    [
      -1.9999988729212388e-08,
      -3.9000608316812933e-07,
      0.00042760097136101244
    ],
    [
      4.1814678872831134e-07,
      -3.518291254580073e-08,
      0.006491029447139813
    ],
    [
      -0.0007394351834388279,
      -0.006560062401409808,
      1.0
    ]
  ],
  "E": [
    [
      -0.005306064689017765,
      -0.12898715868604307,
      0.13688626168633042
    ],
    [
      0.12311366332372305,
      -0.009927728289336009,
      -0.6827838123850393
    ],
    [
      -0.10130670843239829,
      0.6876615294813957,
      -0.002369238282096048
    ]
  ],
  "R": [
    [
      0.9986564997883113,
      -0.05097355518902283,
      -0.009321593316078708
    ],
    [
      0.05092534186554651,
      0.9986881941139385,
      -0.005338585329268175
    ],
    [
      0.009581491869011305,
      0.004856707612395015,
      0.9999423020378382
    ]
  ],
  "t": [
    [
      -0.9639463781073719
    ],
    [
      -0.19261740138918268
    ],
    [
      -0.18359171227416016
    ]
  ]
}