{
  "image_1": "frame_051",
  "image_2": "frame_052",
  "num_matches": 1319,
  "inlier_count": 689,
  "inlier_ratio": 0.5224,
  "reproj_rmse": 0.7648,
  "F": [
    [
      -6.141554934813825e-09,
      -2.8832047867371787e-06,
      0.0030576329931778835
    ],
    [
      2.975239418731139e-06,
      -1.9582838195307638e-08,
      -0.025592455060463253
    ],
    [
      -0.003252019936506253,
      0.02590347130805746,
      1.0
    ]
  ],
  "E": [
    [
      0.00046187986870713905,
      0.032289223119036925,
      -0.022409127360516104
    ],
    [
      -0.019359153142165988,
      0.013044431167720567,
      -0.7063468688931687
    ],
    [
      0.024203997323441667,
      0.7058459710579291,
      0.013409780501474379
    ]
  ],
  "R": [
    [
      0.9998416092597064,
      -0.002031096076284246,
      0.01768137555987895
    ],
    [
      0.0017053709509544032,
      0.9998289279834036,
      0.018417558944597213
    ],
    [
      -0.017715758603012784,
      -0.018384488469547385,
      0.9996740281115803
    ]
  ],
  "t": [
    [
      0.9984538284250265
    ],
    [
      -0.032532039897470624
    ],
    [
      -0.045073483152704846
    ]
  ]
}