{
  "image_1": "frame_038",
  "image_2": "frame_039",
  "num_matches": 1500,
  "inlier_count": 733,
  "inlier_ratio": 0.4887,
  "reproj_rmse": 1.2144,
  "F": [
    [
      3.696624334127128e-08,
      1.4622322509105675e-07,
      0.009333957564925142
    ],
    [
      -1.176317964656377e-07,
      -7.403998211072959e-09,
      0.009577671574088264
    ],
    [
      -0.009559398164817143,
      -0.009663386074374355,
      1.0
    ]
  ],
  "E": [
    [
      -0.005327753691196964,
      -0.16671237334306824,
      -0.40378131785678373
    ],
    [
      0.15916674738695338,
      0.0009617047473721348,
      -0.5583259167556425
    ],
    [
      0.4022099623592828,
      0.5570248152075378,
      -0.005190444675270548
    ]
  ],
  "R": [
    [
      0.9998953795887972,
      0.002536684632617525,
      -0.01424061473567817
    ],
    [
      -0.00252265133670998,
      0.9999963147845818,
      0.0010033182389798667
    ],
    [
      0.014243107357903656,
      -0.0009672891656146987,
      0.9998980939298072
    ]
  ],
  "t": [
    [
      -0.7863068704767942
    ],
    [
      0.5708540850289585
    ],
    [
      -0.2363199505897479
    ]
  ]
}