{
  "image_1": "frame_063",
  "image_2": "frame_064",
  "num_matches": 1177,
  "inlier_count": 578,
  "inlier_ratio": 0.4911,
  "reproj_rmse": 1.0752,
  "F": [
    [
      5.093287282506583e-09,
      6.585423029565924e-07,
      -0.0006270005351492851
    ],
    [
      -6.584730466252438e-07,
      6.499244234933975e-08,
      -0.00572043920811266
    ],
    [
      0.0007905538601541312,
      0.00568317670922402,
      1.0
    ]
  ],
  "E": [
    [
      -0.0038884894757444106,
      -0.49162121327601976,
      -0.001030078631758688
    ],
    [
      0.4992784215874595,
      -0.03554300084730886,
      0.49858246723996497
    ],
    [
      -0.03409183810108264,
      -0.5069880203583548,
      -0.03108972855207934
    ]
  ],
  "R": [
    [
      0.9998161425491019,
      -0.007871433584338531,
      -0.017484897241957287
    ],
    [
      0.008944909615358938,
      0.9980242528306152,
      0.06218986536297727
    ],
    [
      0.01696082811090066,
      -0.06233483211832341,
      0.9979111678975101
    ]
  ],
  "t": [
    [
      0.7187383407675201
    ],
    [
      -0.04179177404256412
    ],
    [
      -0.6940235191498395
    ]
  ]
}