{
  "image_1": "frame_072",
  "image_2": "frame_073",
  "num_matches": 1366,
  "inlier_count": 693,
  "inlier_ratio": 0.5073,
  "reproj_rmse": 1.8645,
  "F": [
    [
      6.339149351507084e-09,
      9.042527230749249e-08,
      -0.0009052633566732353
    ],
    [
      -1.4355330334815508e-07,
      -1.4048199995233693e-09,
      0.00862823076609498
    ],
    [
      0.0007949504417884945,
      -0.008400305337547796,
      0.9999999999999999
    ]
  ],
  "E": [
    [
      -0.0034997651346392344,
      -0.22068264903637277,
      0.017970492771340496
    ],
    [
      0.22387850672938264,
      -0.025158163685866666,
      -0.6701702209572198
    ],
    [
      -0.00033941449502804445,
      0.6712739326086296,
      -0.021737746261295852
    ]
  ],
  "R": [
    [
      0.9998696597155267,
      -0.01548453609090059,
      0.004570855763060322
    ],
    [
      0.015624225604834667,
      0.9993562080800404,
      -0.03229633022701886
    ],
    [
      -0.004067819392048866,
      0.03236353679579882,
      0.9994678855928593
    ]
  ],
  "t": [
    [
      0.9496988801173166
    ],
    [
      0.015320310994511817
    ],
    [
      0.3127895861037354
    ]
  ]
}