{
  "image_1": "frame_057",
  "image_2": "frame_058",
  "num_matches": 1184,
  "inlier_count": 604,
  "inlier_ratio": 0.5101,
  "reproj_rmse": 1.091,
  "F": [
    [
      2.5650383550038114e-08,
      7.015950389826658e-07,
      -0.002013427141871537
    ],
    [
      -7.359758480636684e-07,
      2.055236719398442e-08,
      0.011017838871160921
    ],
    [
      0.0016300844577704645,
      -0.01099462079702091,
      1.0
    ]
  ],
  "E": [
    [
      -0.007273347152495582,
      -0.23193160047954609,
      0.08319769924486001
    ],
    [
      0.23335550518445985,
      -0.014437284994414816,
      -0.6624420276564578
    ],
    [
      -0.060119001989535084,
      0.6648854654148422,
      -0.007302769127171848
    ]
  ],
  "R": [
    [
      0.9995206901888062,
      -0.03093698598073824,
      0.0011370061212966909
    ],
    [
      0.030947540002658383,
      0.9994617868265363,
      -0.010880553354086192
    ],
    [
      -0.0007997826430459765,
      0.010910525740534534,
      0.9999401585973977
    ]
  ],
  "t": [
    [
      -0.9372651428070471
    ],
    [
      -0.11408183901477278
    ],
    [
      -0.3294228074767938
    ]
  ]
}