{
  "image_1": "frame_009",
  "image_2": "frame_010",
  "num_matches": 1123,
  "inlier_count": 540,
  "inlier_ratio": 0.4809,
  "reproj_rmse": 3.6968,
  "F": [
    [
      -4.903971838515344e-11,
      -2.73975699194539e-06,
      0.00498548344442635
    ],
    [
      2.8708867945197776e-06,
      -7.435252461985455e-08,
      0.023227829562246123
    ],
    [
      -0.00528310628914428,
      -0.023901016832986392,
      1.0
    ]
  ],
  "E": [
    [
      -0.0009169842863525792,
      -0.24906083379660032,
      -0.01710916518805568
    ],
    [
      0.24103415446935875,
      0.0015375934253759366,
      -0.6645565040565721
    ],
    [
      0.01818052771649776,
      0.6615174468104915,
      0.0020242909903999385
    ]
  ],
  "R": [
    [
      0.9999215332970395,
      -0.002843397196694075,
      -0.012200095953679102
    ],
    [
      0.0028845871117297688,
      0.9999901949706302,
      0.0033599285402996643
    ],
    [
      0.012190422719987548,
      -0.003394857137334813,
      0.9999199310639453
    ]
  ],
  "t": [
    [
      -0.9356015569407038
    ],
    [
      0.02301413051781592
    ],
    [
      -0.3523067930747857
    ]
  ]
}