{
  "image_1": "frame_081",
  "image_2": "frame_082",
  "num_matches": 1500,
  "inlier_count": 839,
  "inlier_ratio": 0.5593,
  "reproj_rmse": 1.0222,
  "F": [
    [
      -6.988928173594904e-09,
      1.2321658223613124e-06,
      0.0005044033829265017
    ],
    [
      -1.1562234236034328e-06,
      2.9135579000513588e-08,
      -0.017725615846636435
    ],
    [
      -0.0004955070709102402,
      0.017330361088997128,
      1.0
    ]
  ],
  "E": [
    [
      -0.0006825207752281121,
      -0.17124021001906004,
      0.053978468239081236
    ],
    [
      0.17887103846374647,
      0.00898116040587135,
      -0.681734863594029
    ],
    [
      -0.05625039997761834,
      0.683879713416548,
      0.008315395440732886
    ]
  ],
  "R": [
    [
      0.999925128701247,
      -0.0001284006373938329,
      0.012236033061040541
    ],
    [
      -3.269125080417046e-05,
      0.9999133468474066,
      0.013164259481645575
    ],
    [
      -0.012236663069508963,
      -0.013163673867666755,
      0.9998384778389101
    ]
  ],
  "t": [
    [
      0.9672255679050034
    ],
    [
      0.0795244128197283
    ],
    [
      0.24114428991066952
    ]
  ]
}