{
  "image_1": "frame_021",
  "image_2": "frame_022",
  "num_matches": 1138,
  "inlier_count": 593,
  "inlier_ratio": 0.5211,
  "reproj_rmse": 0.4624,
  "F": [
    [
      4.08840346989417e-09,
      -2.921553499523655e-07,
      0.0021497959003491792
    ],
    [
      3.3457027496344037e-07,
      4.1902848656936274e-08,
      0.022523299794528533
    ],
    [
      -0.002113309643972019,
      -0.022632505516288735,
      0.9999999999999999
    ]
  ],
  "E": [
    [
      -0.0003406266149974185,
      0.07065585844512587,
      -0.06143280292734186
    ],
    [
      -0.0723467016502483,
      -0.01072513648794725,
      -0.7007182627885687
    ],
    [
      0.05769621107215502,
      0.7010270639315321,
      -0.010520913983591057
    ]
  ],
  "R": [
    [
      0.9999920888002929,
      0.003800754127645495,
      -0.001173288067107356
    ],
    [
      -0.0038178277805566707,
      0.9998815521035688,
      -0.014909928034588345
    ],
    [
      0.0011164801230835047,
      0.01491428949094674,
      0.999888152465622
    ]
  ],
  "t": [
    [
      0.9911948792900231
    ],
    [
      -0.08537965099735105
    ],
    [
      -0.1012078379613298
    ]
  ]
}