{
  "image_1": "frame_032",
  "image_2": "frame_033",
  "num_matches": 680,
  "inlier_count": 267,
  "inlier_ratio": 0.3926,
  "reproj_rmse": 0.8082,
  "F": [
    [
      5.793014529292356e-09,
      -1.727347866504218e-06,
      0.0016254357835619611
    ],
    [
      1.6802524857368921e-06,
      1.5395811002227624e-08,
      -0.016403058334434763
    ],
    [
      -0.0017436268723897857,
      0.01643833214971445,
      1.0
    ]
  ],
  "E": [
    [
      -0.00011206442244208757,
      -0.08661642527630956,
      -0.02833853068961877
    ],
    [
      0.07719068123691517,
      0.012970644443412614,
      -0.7022513340403482
    ],
    [
      0.024618830430486262,
      0.701179476106234,
      0.012336548113196072
    ]
  ],
  "R": [
    [
      0.9998953413397578,
      0.003313837480910159,
      -0.014082785526999306
    ],
    [
      -0.0030582650968322134,
      0.9998309461690724,
      0.018130805201491615
    ],
    [
      0.014140487319991638,
      -0.018085838764266754,
      0.999736439795282
    ]
  ],
  "t": [
    [
      0.9916597299399406
    ],
    [
      -0.03785300386931723
    ],
    [
      0.1231995540313095
    ]
  ]
}