{
  "image_1": "frame_069",
  "image_2": "frame_070",
  "num_matches": 1239,
  "inlier_count": 615,
  "inlier_ratio": 0.4964,
  "reproj_rmse": 1.3807,
  "F": [
    [
      -3.133925323942676e-08,
      8.535737898230236e-07,
      -0.000664228721835432
    ],
    [
      -7.159622044127982e-07,
      -1.1424481902791435e-07,
      -0.012667258984796736
    ],
    [
      0.0001455486420315534,
      0.012345014519474758,
      0.9999999999999999
    ]
  ],
  "E": [
    [
      0.005437865514385766,
      -0.1563377476900354,
      -0.019782529105474046
    ],
    [
      0.1644094317814166,
      0.0027102836987406994,
      -0.6874195168668895
    ],
    [
      -0.0025110346824338318,
      0.6895951815949491,
      -0.0025240776482240656
    ]
  ],
  "R": [
    [
      0.9993775278876937,
      0.033280131650924416,
      0.011704255225288396
    ],
    [
      -0.03323525191196779,
      0.999439518474234,
      -0.00400835905814468
    ],
    [
      -0.011831093923620722,
      0.0036168700955607255,
      0.9999234688051294
    ]
  ],
  "t": [
    [
      0.9748205884243974
    ],
    [
      -0.02886523632640309
    ],
    [
      0.2211144918718179
    ]
  ]
}