{
  "image_1": "frame_020",
  "image_2": "frame_021",
  "num_matches": 1398,
  "inlier_count": 733,
  "inlier_ratio": 0.5243,
  "reproj_rmse": 0.7824,
  "F": [
    [
      2.3137230871513753e-09,
      5.9445765779575154e-08,
      0.0009455109590437683
    ],
    [
      2.4085451059641378e-08,
      -1.621157563489168e-08,
      0.03336071230333151
    ],
    [
      -0.0009110829287996221,
      -0.03348841025836746,
      1.0
    ]
  ],
  "E": [
    [
      -0.00048614176214783377,
      0.08801441560056918,
      -0.03422035460252647
    ],
    [
      -0.09008766570367396,
      -0.007528200806271254,
      -0.7005119620787038
    ],
    [
      0.03012107117591469,
      0.7008805671923398,
      -0.0072024240532127205
    ]
  ],
  "R": [
    [
      0.9999865063422672,
      0.004545468869190432,
      -0.0025151234852585636
    ],
    [
      -0.004570797733638422,
      0.9999379571666966,
      -0.010158229440786943
    ],
    [
      0.0024687935241821113,
      0.010169588489841872,
      0.999945240764954
    ]
  ],
  "t": [
    [
      0.991042071401147
    ],
    [
      -0.04712811615497341
    ],
    [
      -0.12495820653565415
    ]
  ]
}