{
  "image_1": "frame_109",
  "image_2": "frame_110",
  "num_matches": 970,
  "inlier_count": 491,
  "inlier_ratio": 0.5062,
  "reproj_rmse": 1.7928,
  "F": [
    [
      1.8125565020793157e-09,
      1.4357901807454007e-07,
      -0.0002516141498736918
    ],
    [
      -1.0547544418293398e-07,
      1.2196900616433096e-08,
      0.0033997945580272007
    ],
    [
      0.00011260491995512555,
      -0.0034587684789028216,
      1.0
    ]
  ],
  "E": [
    [
      0.002560941320836995,
      0.04946785171107692,
      0.04575855396629064
    ],
    [
      -0.07226162531890525,
      -0.049993397791186826,
      -0.6998934504752083
    ],
    [
      -0.038189427596263835,
      0.7028312539676519,
      -0.04950151206936452
    ]
  ],
  "R": [
    [
      0.9991804900856474,
      -0.018358710421297483,
      -0.03607361894615467
    ],
    [
      0.015692500691666188,
      0.9972193298201234,
      -0.07285158649711088
    ],
    [
      0.03731077128990347,
      0.07222579860943666,
      0.996690192768536
    ]
  ],
  "t": [
    [
      -0.9954421409258863
    ],
    [
      -0.069686091373668
    ],
    [
      0.06510601153463778
    ]
  ]
}