{
  "image_1": "frame_015",
  "image_2": "frame_016",
  "num_matches": 1129,
  "inlier_count": 640,
  "inlier_ratio": 0.5669,
  "reproj_rmse": 2.3075,
  "F": [
    [
      2.0747304587389564e-08,
      -1.7690440827145688e-06,
      0.003745727746142262
    ],
    [
      1.9935980484248963e-06,
      -2.5653988146148824e-08,
      0.030864326781408647
    ],
    [
      -0.0039213671939323375,
      -0.03182269089957926,
      0.9999999999999999
    ]
  ],
  "E": [
    [
      0.0008106789445466373,
      -0.2086567197348509,
      -0.007512737313581789
    ],
    [
      0.19701621474916076,
      0.0014350574117636995,
      -0.6790645088043799
    ],
    [
      0.004310025487532797,
      0.6756037786168673,
      0.00042131284071577995
    ]
  ],
  "R": [
    [
      0.9998421090648737,
      0.0045035230055670596,
      -0.017189392695589556
    ],
    [
      -0.004490252888608674,
      0.9999895902955703,
      0.0008105118714407584
    ],
    [
      0.017192863917951495,
      -0.00073319917875845,
      0.9998519229612268
    ]
  ],
  "t": [
    [
      -0.9554111940805361
    ],
    [
      0.010386974381770038
    ],
    [
      -0.29509585051097653
    ]
  ]
}