{
  "image_1": "frame_039",
  "image_2": "frame_040",
  "num_matches": 592,
  "inlier_count": 221,
  "inlier_ratio": 0.3733,
  "reproj_rmse": 1.8949,
  "F": [
    [
      3.1510554840959026e-08,
      -1.2123080080086033e-07,
      0.0021141989748252204
    ],
    [
      1.0629310049064234e-07,
      -4.377440154234895e-09,
      5.565930768034174e-05
    ],
    [
      -0.002343796831291743,
      -3.081924649561184e-05,
      1.0
    ]
  ],
  "E": [
    [
      -0.025440298870138826,
      -0.22313899708045198,
      -0.5468057295585809
    ],
    [
      0.20982042346911495,
      0.0018938065028449283,
      -0.39775882798707113
    ],
    [
      0.5470889208212263,
      0.38543426552106974,
      -0.021427345254566084
    ]
  ],
  "R": [
    [
      0.9989959426294812,
      -0.004723466179513525,
      -0.044551043501638965
    ],
    [
      0.005059362718569438,
      0.9999595992879198,
      0.007429847967834691
    ],
    [
      0.04451414897216302,
      -0.007647787862785943,
      0.9989794802107248
    ]
  ],
  "t": [
    [
      -0.548753630142409
    ],
    [
      0.7716990581185424
    ],
    [
      -0.32148097471620746
    ]
  ]
}