{
  "image_1": "frame_005",
  "image_2": "frame_006",
  "num_matches": 1500,
  "inlier_count": 829,
  "inlier_ratio": 0.5527,
  "reproj_rmse": 0.847,
  "F": [
    [
      9.874454492778907e-09,
      -2.516843142508746e-06,
      0.004509352741386313
    ],
    [
      2.5836053696002105e-06,
      -4.3041466668610775e-08,
      0.014681981799493113
    ],
    [
      -0.004459630422196022,
      -0.014813020551992058,
      0.9999999999999999
    ]
  ],
  "E": [
    [
      -0.0008278740025751611,
      0.3565509833344375,
      -0.0032098937585624287
    ],
    [
      -0.36367783434249956,
      -0.010536017710300898,
      -0.6063178336393241
    ],
    [
      -0.003938924625248107,
      0.6105382099978555,
      -0.009700321903208397
    ]
  ],
  "R": [
    [
      0.9999286430249883,
      0.0022160500507350943,
      -0.011738738449213248
    ],
    [
      -0.0024029725414181076,
      0.9998701668334514,
      -0.015933461626761285
    ],
    [
      0.011701905023183024,
      0.015960532529302313,
      0.9998041442303631
    ]
  ],
  "t": [
    [
      0.863551281036559
    ],
    [
      0.0034956400480529986
    ],
    [
      -0.5042489122653339
    ]
  ]
}