{
  "image_1": "frame_075",
  "image_2": "frame_076",
  "num_matches": 1340,
  "inlier_count": 726,
  "inlier_ratio": 0.5418,
  "reproj_rmse": 0.6588,
  "F": [
    [
      8.570449658461624e-09,
      2.7983200117508996e-06,
      0.0005542674866475183
    ],
    [
      -2.55489475795552e-06,
      1.3831573706830067e-07,
      -0.03967199378613154
    ],
    [
      -0.0003064212704506819,
      0.03827885526728947,
      1.0
    ]
  ],
  "E": [
    [
      -0.0028924016971435514,
      -0.11990886317913131,
      0.12615723275887505
    ],
    [
      0.1282689979980952,
      0.0006809746312576948,
      -0.6837671059813824
    ],
    [
      -0.11917048246614828,
      0.6866623543978331,
      0.0004511448827533407
    ]
  ],
  "R": [
    [
      0.9998614801639544,
      -0.01074619827868592,
      0.012709827178269684
    ],
    [
      0.010708827212270039,
      0.999938144362656,
      0.003004740971451869
    ],
    [
      -0.012741330546064744,
      -0.002868217412075321,
      0.9999147122753984
    ]
  ],
  "t": [
    [
      0.9692242786545884
    ],
    [
      0.17893655413265733
    ],
    [
      0.16907396979317466
    ]
  ]
}