{
  "frame_001": {
    "R_w2c": [
      [
        1.0,
        0.0,
        0.0
      ],
      [
        0.0,
        1.0,
        0.0
      ],
      [
        0.0,
        0.0,
        1.0
      ]
    ],
    "t_w2c": [
      0.0,
      0.0,
      0.0
    ]
  },
  "frame_006": {
    "R_w2c": [
      [
        0.999146,
        0.011209,
        0.039767
      ],
      [
        -0.009029,
        0.998468,
        -0.054582
      ],
      [
        -0.040318,
        0.054176,
        0.997717
      ]
    ],
    "t_w2c": [
      -0.979083769427485,
      -0.02731687941389551,
      -0.20161585272380902
    ]
  },
  "frame_011": {
    "R_w2c": [
      [
        0.983284623351,
        0.003838544515000001,
        0.182031569611
      ],
      [
        0.001986173218999998,
        0.999491211815,
        -0.031805330325
      ],
      [
        -0.182061289857,
        0.031635308295000004,
        0.982778276792
      ]
    ],
    "t_w2c": [
      -1.9958560302930013,
      -0.004638079465207098,
      -0.09606422696052933
    ]
  },
  "frame_016": {
    "R_w2c": [
      [
        0.9427327795256462,
        -0.0007542198282340329,
        0.3335473427937133
      ],
      [
        0.011463085833132805,
        0.9994794174227581,
        -0.030137861227088912
      ],
      [
        -0.33335109998407403,
        0.03223512666142171,
        0.9422513304315302
      ]
    ],
    "t_w2c": [
      -2.981935376926328,
      0.0038229660737724505,
      0.12826762688268048
    ]
  },
  "frame_021": {
    "R_w2c": [
      [
        0.8959067986322287,
        0.0004251700780524304,
        0.44424015077011847
      ],
      [
        0.013996349953366289,
        0.9994751829991064,
        -0.029182061944197257
      ],
      [
        -0.44402012144755626,
        0.032362715649587405,
        0.8954318019298629
      ]
    ],
    "t_w2c": [
      -3.920643206768754,
      0.026471347968040626,
      0.2677390381315737
    ]
  },
  "frame_026": {
    "R_w2c": [
      [
        0.8200672183331652,
        0.0188113469615982,
        0.5719557197044802
      ],
      [
        0.03213093167368996,
        0.9963686178443735,
        -0.07883889605207256
      ],
      [
        -0.5713630607470909,
        0.08303166247527814,
        0.8164860265686081
      ]
    ],
    "t_w2c": [
      -4.8365117878358115,
      0.033854020535462735,
      0.8395988347398763
    ]
  },
  "frame_031": {
    "R_w2c": [
      [
        0.7619241701917521,
        0.022729140010983626,
        0.647264851378683
      ],
      [
        0.06237014520719549,
        0.992163238928382,
        -0.10825915537914338
      ],
      [
        -0.644654339874309,
        0.12285610940738075,
        0.7545369572301003
      ]
    ],
    "t_w2c": [
      -5.727590737999004,
      -0.09962558496367223,
      1.399665969513763
    ]
  },
  "frame_036": {
    "R_w2c": [
      [
        0.6915034621292091,
        0.014739361711804674,
        0.7222200283309521
      ],
      [
        0.017470929124055446,
        0.9991570937971989,
        -0.03711858458790558
      ],
      [
        -0.722160120866336,
        0.038286863264200915,
        0.6906651717804237
      ]
    ],
    "t_w2c": [
      -6.553670457209136,
      -0.03947326251255575,
      1.985971533447669
    ]
  },
  "frame_041": {
    "R_w2c": [
      [
        0.5677453888056515,
        0.027013928335532435,
        0.8227590853363888
      ],
      [
        -0.012288663494487866,
        0.9996267267139529,
        -0.024341324011595878
      ],
      [
        -0.8231110383952427,
        0.0037103457942977845,
        0.5678676303739101
      ]
    ],
    "t_w2c": [
      -7.151181727540697,
      0.030081941307702937,
      2.97180389776019
    ]
  },
  "frame_046": {
    "R_w2c": [
      [
        0.4802838183410421,
        0.021529806947745908,
        0.8768468112704373
      ],
      [
        -0.006098211838735711,
        0.9997551397972654,
        -0.02120685887121315
      ],
      [
        -0.877089800346562,
        0.0048399149952691465,
        0.4803000435406602
      ]
    ],
    "t_w2c": [
      -7.772740523594737,
      -0.062132896178127554,
      3.429029693549298
    ]
  },
  "frame_051": {
    "R_w2c": [
      [
        0.3720889245306373,
        0.012717174021493093,
        0.9281080098126953
      ],
      [
        0.002885232342361201,
        0.999883604925904,
        -0.014857303433671582
      ],
      [
        -0.9281900522825541,
        0.008207571430346092,
        0.372011503004151
      ]
    ],
    "t_w2c": [
      -8.306196184778647,
      -0.16878642717308354,
      4.351551075746084
    ]
  },
  "frame_056": {
    "R_w2c": [
      [
        0.2965802271612307,
        0.04146864740670142,
        0.9541055089848268
      ],
      [
        -0.009273039908423477,
        0.9991329901413222,
        -0.040542233706311014
      ],
      [
        -0.9549608927112265,
        0.0031784417787472244,
        0.296709246698138
      ]
    ],
    "t_w2c": [
      -8.92212665076441,
      0.04794815292995877,
      4.857897530514045
    ]
  },
  "frame_061": {
    "R_w2c": [
      [
        0.17465352513247534,
        0.02340881051317378,
        0.9843496768270005
      ],
      [
        -0.02350045945570352,
        0.9995295417430199,
        -0.019598952319903173
      ],
      [
        -0.984347759371253,
        -0.019708346582127976,
        0.17512313757737333
      ]
    ],
    "t_w2c": [
      -9.240802657201005,
      -0.03592640066213217,
      5.9040538076699285
    ]
  },
  "frame_066": {
    "R_w2c": [
      [
        0.04996382061689412,
        0.04158939518112132,
        0.9978825926156903
      ],
      [
        -0.0025261953493068015,
        0.9991327005779872,
        -0.041513828226566
      ],
      [
        -0.9987459510871175,
        -0.0004456571424583549,
        0.05002661654635964
      ]
    ],
    "t_w2c": [
      -9.429495459670433,
      -0.0311619519389255,
      6.963869740120461
    ]
  },
  "frame_071": {
    "R_w2c": [
      [
        -0.04969667625657024,
        0.04060809438483102,
        0.9979360557710099
      ],
      [
        -0.04966969105684299,
        0.9978346901568695,
        -0.04307562029925416
      ],
      [
        -0.9975269153601272,
        -0.051707603661071404,
        -0.04757062786551548
      ]
    ],
    "t_w2c": [
      -9.67176636925728,
      0.2763478876705877,
      7.682619695423238
    ]
  },
  "frame_076": {
    "R_w2c": [
      [
        -0.22822553129426562,
        0.038913417029423414,
        0.972828139063895
      ],
      [
        -0.03582176159299536,
        0.9981869429194018,
        -0.04832956535534887
      ],
      [
        -0.9729474789057391,
        -0.04587843298380744,
        -0.22641708429028679
      ]
    ],
    "t_w2c": [
      -9.133390341451236,
      0.24079799957426215,
      9.256534980615534
    ]
  },
  "frame_081": {
    "R_w2c": [
      [
        -0.30624720094218216,
        0.034728287014046615,
        0.9513160515128044
      ],
      [
        -0.05603220624039429,
        0.9969419109700333,
        -0.05442936739592044
      ],
      [
        -0.9503001130799167,
        -0.06997374902337426,
        -0.30336424386883737
      ]
    ],
    "t_w2c": [
      -9.34418519012661,
      0.3974242624023844,
      9.828871644896232
    ]
  },
  "frame_086": {
    "R_w2c": [
      [
        -0.46539023142538477,
        0.043055469328428464,
        0.8840556040917182
      ],
      [
        -0.026137210951731736,
        0.9977093536780357,
        -0.06234719690372686
      ],
      [
        -0.8847185400417432,
        -0.05212364994868283,
        -0.4631985600952792
      ]
    ],
    "t_w2c": [
      -8.511794820561722,
      0.28894481623845225,
      11.215223743697747
    ]
  },