{
  "image_1": "frame_008",
  "image_2": "frame_009",
  "num_matches": 1124,
  "inlier_count": 633,
  "inlier_ratio": 0.5632,
  "reproj_rmse": 3.5144,
  "F": [
    [
      9.26064935395235e-08,
      -6.431716466901309e-06,
      0.018759709992887553
    ],
    [
      6.6657885752358355e-06,
      1.830255251763803e-07,
      0.0674346882564221
    ],
    [
      -0.018641834374665798,
      -0.06895635573931373,
      1.0
    ]
  ],
  "E": [
    [
      0.0006206936028285014,
      -0.03997433315795492,
      0.023484945814834943
    ],
    [
      0.03442357481274076,
      0.0009306490144425758,
      -0.7058761209461144
    ],
    [
      -0.031218373353836947,
      0.7052857898840955,
      0.0007387613960514635
    ]
  ],
  "R": [
    [
      0.9999096499196615,
      0.010923599658766554,
      -0.00783370717061728
    ],
    [
      -0.010917774961217,
      0.9999400904627952,
      0.0007859231216875702
    ],
    [
      0.007841822966390001,
      -0.000700325461469511,
      0.9999690071981289
    ]
  ],
  "t": [
    [
      0.9978478087852835
    ],
    [
      0.03325817402170486
    ],
    [
      0.05651233814973809
    ]
  ]
}