{
  "image_1": "frame_099",
  "image_2": "frame_100",
  "num_matches": 1463,
  "inlier_count": 885,
  "inlier_ratio": 0.6049,
  "reproj_rmse": 0.9999,
  "F": [
    [
      1.9119201977298e-08,
      -2.2936992515760147e-06,
      0.002910284690901026
    ],
    [
      2.3859671537522185e-06,
      -5.1919338179277976e-08,
      0.02147862168954181
    ],
    [
      -0.002749239531216074,
      -0.021505413636296607,
      1.0
    ]
  ],
  "E": [
    [
      0.0016460583389818722,
      -0.2534501600280699,
      -0.07088739152161327
    ],
    [
      0.24736579827744526,
      -0.00936205439163961,
      -0.6580656466956248
    ],
    [
      0.06959298267635819,
      0.6568250397053836,
      -0.012045206282193638
    ]
  ],
  "R": [
    [
      0.99993540223264,
      0.008579418944465414,
      -0.00745553032478774
    ],
    [
      -0.008708796034818125,
      0.9998089783885361,
      -0.01749753140576441
    ],
    [
      0.007303987504946763,
      0.017561329797231448,
      0.9998191093704303
    ]
  ],
  "t": [
    [
      0.9281543886627396
    ],
    [
      -0.10650932747134424
    ],
    [
      0.35663033237190866
    ]
  ]
}