{
  "image_1": "frame_069",
  "image_2": "frame_070",
  "num_matches": 1381,
  "inlier_count": 895,
  "inlier_ratio": 0.6481,
  "reproj_rmse": 0.8351,
  "F": [
    [
      -9.589472351665017e-09,
      1.3190977427396476e-07,
      0.000471490463813407
    ],
    [
      -4.717273533702036e-09,
      -9.612057432875093e-09,
      -0.014887905775617244
    ],
    [
      -0.0010687239541209244,
      0.014447041754497677,
      1.0
    ]
  ],
  "E": [
    [
      0.007265834716207278,
      -0.19272730489551834,
      -0.024464392395971108
    ],
    [
      0.20761556877322285,
      0.004410561418201387,
      -0.6754535681830227
    ],
    [
      0.0015960400551609493,
      0.680320469875619,
      -0.002279868946284801
    ]
  ],
  "R": [
    [
      0.9991501865030108,
      0.03488043199892604,
      0.021960425190946598
    ],
    [
      -0.034797004043040425,
      0.9993857017015255,
      -0.004169861409940656
    ],
    [
      -0.02209238150647236,
      0.003402160801279159,
      0.9997501447768111
    ]
  ],
  "t": [
    [
      0.9614623103359617
    ],
    [
      -0.03574352472182873
    ],
    [
      0.27260342302306995
    ]
  ]
}