{
  "image_1": "frame_115",
  "image_2": "frame_116",
  "num_matches": 1516,
  "inlier_count": 930,
  "inlier_ratio": 0.6135,
  "reproj_rmse": 3.1732,
  "F": [
    [
      -4.2139466166116024e-09,
      2.301418624309819e-07,
      -0.00026018804462781973
    ],
    [
      -2.340792165961834e-07,
      1.9447553044378478e-08,
      -0.002992110934945547
    ],
    [
      0.00029465753756539387,
      0.0030566427463354314,
      1.0
    ]
  ],
  "E": [
    [
      0.008080193349657528,
      -0.5021743160816856,
      -0.0656149803768078
    ],
    [
      0.5273554357044876,
      -0.038021832325623,
      0.4692796538598617
    ],
    [
      0.02357491539843096,
      -0.4905346619516531,
      -0.0499750042932413
    ]
  ],
  "R": [
    [
      0.9988890135068229,
      0.021548499903278714,
      -0.04190943625586108
    ],
    [
      -0.017265262211195252,
      0.9948370961583776,
      0.10000531399853783
    ],
    [
      0.04384802636544033,
      -0.0991706320393583,
      0.9941038860827222
    ]
  ],
  "t": [
    [
      0.6977826898017381
    ],
    [
      0.02131624604383878
    ],
    [
      -0.7159922733295727
    ]
  ]
}