{
  "image_1": "frame_078",
  "image_2": "frame_079",
  "num_matches": 1563,
  "inlier_count": 979,
  "inlier_ratio": 0.6264,
  "reproj_rmse": 1.2372,
  "F": [
    [
      -1.8042809565082424e-08,
      2.093557805260761e-06,
      -6.618319452147874e-05
    ],
    [
      -1.936906033574348e-06,
      -7.658366734262388e-08,
      -0.024739650757372656
    ],
    [
      -6.947940479017001e-05,
      0.02405969844051005,
      1.0
    ]
  ],
  "E": [
    [
      -0.00039085464068321687,
      -0.09905465202946351,
      0.07006439303517802
    ],
    [
      0.10610888666775722,
      0.0016731130646398125,
      -0.695558997274654
    ],
    [
      -0.07260819665833539,
      0.6963781241470337,
      0.0005900280898517271
    ]
  ],
  "R": [
    [
      0.9999409421983403,
      0.003364064052811755,
      0.010334175755422004
    ],
    [
      -0.003383762000663648,
      0.9999924905020882,
      0.001889204635279548
    ],
    [
      -0.010327742745548762,
      -0.001924061454237326,
      0.9999448163360328
    ]
  ],
  "t": [
    [
      0.9851690250638048
    ],
    [
      0.09935578667677193
    ],
    [
      0.13989431621289017
    ]
  ]
}