{
  "image_1": "frame_065",
  "image_2": "frame_066",
  "num_matches": 1350,
  "inlier_count": 796,
  "inlier_ratio": 0.5896,
  "reproj_rmse": 1.4502,
  "F": [
    [
      -2.3368597733601335e-08,
      -1.6117133068804574e-06,
      0.004704207803018942
    ],
    [
      1.6257591213624676e-06,
      1.4438760276798224e-07,
      -0.022285357407303825
    ],
    [
      -0.004549165863110977,
      0.02212507916759343,
      1.0
    ]
  ],
  "E": [
    [
      -0.0018320202209969423,
      -0.07083489527512365,
      0.0740193692220521
    ],
    [
      0.07978595344355738,
      0.01593564276083611,
      -0.6983190681065319
    ],
    [
      -0.0689005768554649,
      0.7001717851869071,
      0.015592051569035467
    ]
  ],
  "R": [
    [
      0.9998351157570516,
      -0.010066184958720525,
      0.015113345740123157
    ],
    [
      0.009702904102062065,
      0.9996667642512748,
      0.023920997123268624
    ],
    [
      -0.015349102614480428,
      -0.023770409583389863,
      0.9995996061809788
    ]
  ],
  "t": [
    [
      0.9894444848277858
    ],
    [
      0.10705826726221995
    ],
    [
      0.09766339567457559
    ]
  ]
}