{
  "image_1": "frame_102",
  "image_2": "frame_103",
  "num_matches": 1522,
  "inlier_count": 879,
  "inlier_ratio": 0.5775,
  "reproj_rmse": 0.6074,
  "F": [
    [
      -7.690919197512996e-11,
      -2.3379485214475594e-08,
      0.0018494966123186306
    ],
    [
      3.1146823789717815e-08,
      3.6862110070288874e-07,
      0.045325013698691026
    ],
    [
      -0.0016170082332397557,
      -0.04610468904018539,
      1.0
    ]
  ],
  "E": [
    [
      -0.0001067997914092858,
      -0.036365893791637384,
      -0.036666426545584344
    ],
    [
      0.031113379415604558,
      -0.005047605150367954,
      -0.7054377385282283
    ],
    [
      0.03392282587900517,
      0.7053487095808059,
      -0.005440557669699351
    ]
  ],
  "R": [
    [
      0.9999659587657032,
      0.004215138084760844,
      -0.007093230626053368
    ],
    [
      -0.004267218535018075,
      0.9999639332682808,
      -0.007343228758761977
    ],
    [
      0.007062022073201148,
      0.007373247151391359,
      0.9999478801771032
    ]
  ],
  "t": [
    [
      0.9973295177892983
    ],
    [
      -0.05223172146820947
    ],
    [
      0.05104586387390302
    ]
  ]
}