{
  "image_1": "frame_114",
  "image_2": "frame_115",
  "num_matches": 1408,
  "inlier_count": 854,
  "inlier_ratio": 0.6065,
  "reproj_rmse": 1.8798,
  "F": [
    [
      9.245315932371714e-10,
      -1.2060513450308476e-07,
      0.0006003243844690698
    ],
    [
      1.4226724739428365e-07,
      1.2698837228399193e-09,
      -0.0048025843911526055
    ],
    [
      -0.0007688667900055728,
      0.004759162249033953,
      1.0
    ]
  ],
  "E": [
    [
      -0.005708394889354854,
      0.1891898392467414,
      0.0166764945313858
    ],
    [
      -0.18987639262561004,
      0.030923727148762202,
      -0.6804033433590135
    ],
    [
      -0.026951578618383466,
      0.6796119988281019,
      0.03660090041465572
    ]
  ],
  "R": [
    [
      0.9995479897312822,
      0.03002490737172185,
      0.0015235358453118963
    ],
    [
      -0.030063391775775564,
      0.9981016310634478,
      0.053752456161752615
    ],
    [
      9.326890506961005e-05,
      -0.05377396215460044,
      0.9985531294303308
    ]
  ],
  "t": [
    [
      0.963220134220339
    ],
    [
      0.009161764959942809
    ],
    [
      -0.2685573218055521
    ]
  ]
}