{
  "image_1": "frame_060",
  "image_2": "frame_061",
  "num_matches": 1423,
  "inlier_count": 940,
  "inlier_ratio": 0.6606,
  "reproj_rmse": 0.9663,
  "F": [
    [
      3.895491320849355e-09,
      5.667627867320726e-07,
      -0.006033657045960537
    ],
    [
      -5.984658786766998e-07,
      -7.30856060377316e-08,
      0.029428056756297297
    ],
    [
      0.00623136903182309,
      -0.029037070058896705,
      1.0
    ]
  ],
  "E": [
    [
      0.0022089216144185768,
      -0.28883143767204567,
      0.11722348128874364
    ],
    [
      0.29246842139899043,
      -0.008867411386732433,
      -0.6339037331851092
    ],
    [
      -0.11745049091126873,
      0.6336005200958229,
      -0.011644242560835084
    ]
  ],
  "R": [
    [
      0.999960289465357,
      0.00859830856597893,
      0.002342772324112563
    ],
    [
      -0.008554938302309328,
      0.9998025932033772,
      -0.017932865204582135
    ],
    [
      -0.0024965021534331666,
      0.017912110808228146,
      0.9998364485071506
    ]
  ],
  "t": [
    [
      -0.8975858473841314
    ],
    [
      -0.15842757685247194
    ],
    [
      -0.41138831955752553
    ]
  ]
}