{
  "image_1": "frame_086",
  "image_2": "frame_087",
  "num_matches": 1963,
  "inlier_count": 1062,
  "inlier_ratio": 0.541,
  "reproj_rmse": 2.0679,
  "F": [
    [
      1.7570259493628952e-08,
      8.745140231967483e-07,
      0.003585272370881415
    ],
    [
      -8.49497259317614e-07,
      4.429055240483781e-09,
      0.006093082658508981
    ],
    [
      -0.0037378370345691712,
      -0.006062887283079018,
      1.0
    ]
  ],
  "E": [
    [
      0.010101643498784178,
      -0.6101109227018244,
      0.2162037566715852
    ],
    [
      0.625766537873354,
      -0.0005892727715110176,
      0.2504059259896634
    ],
    [
      -0.21425596787691054,
      -0.28382361544832785,
      0.01303284341462489
    ]
  ],
  "R": [
    [
      0.9984805931401632,
      -0.0029670355698621087,
      -0.055024556539740976
    ],
    [
      0.0027258056370990658,
      0.999986345459974,
      -0.004458573452809478
    ],
    [
      0.05503703395075693,
      0.004301812819325401,
      0.9984750469092207
    ]
  ],
  "t": [
    [
      0.4022898316540814
    ],
    [
      -0.30236654952670317
    ],
    [
      -0.8641396652596421
    ]
  ]
}