{
  "image_1": "frame_048",
  "image_2": "frame_049",
  "num_matches": 1107,
  "inlier_count": 615,
  "inlier_ratio": 0.5556,
  "reproj_rmse": 0.9956,
  "F": [
    [
      6.218617749478889e-09,
      1.4860907125463932e-06,
      -0.002836357189888945
    ],
    [
      -1.505296576371128e-06,
      9.636395696085346e-08,
      0.013515373300220316
    ],
    [
      0.002728033569086609,
      -0.013803804491569116,
      1.0
    ]
  ],
  "E": [
    [
      -0.0017371429186436701,
      -0.22185534238742757,
      0.06026919771793706
    ],
    [
      0.23597354306093488,
      -0.01017982026773932,
      -0.6640436982437256
    ],
    [
      -0.055271992684001764,
      0.6687549027224278,
      -0.010748263204404255
    ]
  ],
  "R": [
    [
      0.9997980672959436,
      -0.002408737369716543,
      0.01995050414349775
    ],
    [
      0.002695722153591415,
      0.999893105776367,
      -0.014370459385884923
    ],
    [
      -0.019913756887303402,
      0.0144213385361575,
      0.9996976879444399
    ]
  ],
  "t": [
    [
      0.9456688777739
    ],
    [
      0.08073196464080258
    ],
    [
      0.31494876328553645
    ]
  ]
}