{
  "image_1": "frame_108",
  "image_2": "frame_109",
  "num_matches": 901,
  "inlier_count": 515,
  "inlier_ratio": 0.5716,
  "reproj_rmse": 1.4369,
  "F": [
    [
      -2.9233863900821308e-08,
      -6.848032668320962e-07,
      0.001001849695933237
    ],
    [
      7.375600413233325e-07,
      5.749444038173132e-09,
      0.001136866639984867
    ],
    [
      -0.000847408886200856,
      -0.0015146224468948369,
      1.0
    ]
  ],
  "E": [
    [
      -0.026770751672412423,
      -0.6100401604881376,
      0.0428706552189249
    ],
    [
      0.6493499912133902,
      0.0016791088968815605,
      0.2793051931830447
    ],
    [
      0.00380264194307103,
      -0.3528694273722595,
      0.03309867177535193
    ]
  ],
  "R": [
    [
      0.9919890446851451,
      -0.051634023006727314,
      -0.11528947433653358
    ],
    [
      0.04019541785816237,
      0.9942327256140452,
      -0.09942643361437956
    ],
    [
      0.11975835506494398,
      0.09399582430197462,
      0.9883434228070378
    ]
  ],
  "t": [
    [
      0.5005925216532946
    ],
    [
      0.025705196574382146
    ],
    [
      -0.8653013175385024
    ]
  ]
}