{
  "image_1": "frame_076",
  "image_2": "frame_077",
  "num_matches": 1411,
  "inlier_count": 884,
  "inlier_ratio": 0.6265,
  "reproj_rmse": 0.9972,
  "F": [
    [
      1.4119113941327786e-06,
      9.490401377985899e-06,
      -0.33523954116206445
    ],
    [
      -1.9043706657953335e-05,
      -1.8552642004910404e-07,
      2.3148302219313166
    ],
    [
      0.3243370771375757,
      -2.2803472073976723,
      0.9999999999999999
    ]
  ],
  "E": [
    [
      -0.00012243389165704792,
      -0.03037149436346439,
      0.1501009244704482
    ],
    [
      0.03059362397766913,
      -0.002959151709501613,
      -0.6903345142081538
    ],
    [
      -0.1454223638397813,
      0.6912929617231581,
      -0.0026793780116264347
    ]
  ],
  "R": [
    [
      0.9999781029316586,
      -0.0065972759814304505,
      -0.0005192367724969477
    ],
    [
      0.006595150386158294,
      0.9999702749680486,
      -0.003994142174384726
    ],
    [
      0.0005455717964011134,
      0.003990630269778417,
      0.9999918885778347
    ]
  ],
  "t": [
    [
      0.9762656091588897
    ],
    [
      0.21210154212577395
    ],
    [
      0.043799500014160754
    ]
  ]
}