{
  "image_1": "frame_096",
  "image_2": "frame_097",
  "num_matches": 1430,
  "inlier_count": 808,
  "inlier_ratio": 0.565,
  "reproj_rmse": 0.7898,
  "F": [
    [
      1.3374193648040326e-08,
      -1.0704427120301443e-06,
      0.002629289259909735
    ],
    [
      1.1355992476366548e-06,
      -1.558414432648361e-08,
      0.005634836785838515
    ],
    [
      -0.0026699425408462344,
      -0.005913318858481131,
      1.0
    ]
  ],
  "E": [
    [
      -0.0007804976642842153,
      -0.26531653293811386,
      -0.09732221812290201
    ],
    [
      0.2533329499166539,
      -0.017758581324050667,
      -0.651556127874396
    ],
    [
      0.10307813499179039,
      0.6481507773828138,
      -0.01980008592427317
    ]
  ],
  "R": [
    [
      0.999898054117855,
      0.0022318136354004675,
      -0.014103204572859629
    ],
    [
      -0.0026298398919619437,
      0.9995969442554881,
      -0.028267171369502943
    ],
    [
      0.01403443313674363,
      0.028301378817772255,
      0.9995009087757463
    ]
  ],
  "t": [
    [
      -0.9166623304496948
    ],
    [
      0.14820028006187289
    ],
    [
      -0.3711695689629163
    ]
  ]
}