{
  "image_1": "frame_032",
  "image_2": "frame_033",
  "num_matches": 746,
  "inlier_count": 373,
  "inlier_ratio": 0.5,
  "reproj_rmse": 1.6395,
  "F": [
    [
      -2.4600153487339054e-10,
      -1.0787393596672639e-06,
      0.0004944144109700676
    ],
    [
      1.0169048638996419e-06,
      7.302783792881873e-08,
      -0.015879921557934912
    ],
    [
      -0.0005245429592226963,
      0.015775139852252765,
      1.0
    ]
  ],
  "E": [
    [
      -7.381039399625478e-05,
      -0.00836845771747496,
      -0.022754325445411186
    ],
    [
      0.0056793359167217885,
      0.01270741118257407,
      -0.7066084385105016
    ],
    [
      0.02057162075653028,
      0.7066407989292083,
      0.012592669274366424
    ]
  ],
  "R": [
    [
      0.9999862829734367,
      0.002948834650848192,
      -0.004328768782379793
    ],
    [
      -0.002870651945459768,
      0.9998346277725287,
      0.017957629698173442
    ],
    [
      0.004381007004944728,
      -0.017944956984363106,
      0.9998293780923081
    ]
  ],
  "t": [
    [
      -0.9994120312992285
    ],
    [
      0.03196206761603957
    ],
    [
      -0.012410395966990808
    ]
  ]
}