{
  "image_1": "frame_030",
  "image_2": "frame_031",
  "num_matches": 1081,
  "inlier_count": 629,
  "inlier_ratio": 0.5819,
  "reproj_rmse": 0.7325,
  "F": [
    [
      -1.796321897144984e-08,
      -8.226164528987261e-07,
      -0.0032542721177587957
    ],
    [
      4.1332474820563495e-07,
      -4.220217737134858e-07,
      -0.06944665915474672
    ],
    [
      0.00334566733904322,
      0.07208478730061645,
      1.0
    ]
  ],
  "E": [
    [
      0.0007783784277576905,
      -0.13057563184436174,
      -0.014092401775111217
    ],
    [
      0.12258188788497694,
      0.010381327827655742,
      -0.6962143615697816
    ],
    [
      0.007401765901308431,
      0.6948093451524631,
      0.00935211190567943
    ]
  ],
  "R": [
    [
      0.9999060483582676,
      0.00721822017186491,
      -0.011652971900071057
    ],
    [
      -0.007058773911504657,
      0.9998816930842929,
      0.013666511835646157
    ],
    [
      0.011750241164319636,
      -0.0135829721503828,
      0.9998387043419267
    ]
  ],
  "t": [
    [
      -0.9825994124847373
    ],
    [
      0.017405260074208468
    ],
    [
      -0.18492012196188468
    ]
  ]
}