{
  "image_1": "frame_013",
  "image_2": "frame_014",
  "num_matches": 1392,
  "inlier_count": 952,
  "inlier_ratio": 0.6839,
  "reproj_rmse": 2.2682,
  "F": [
    [
      3.1511294053300746e-09,
      -1.4993221194606246e-06,
      0.0024163312855964405
    ],
    [
      1.6127483310908548e-06,
      -1.4994818977507396e-08,
      0.023394854369320907
    ],
    [
      -0.0025433784285347023,
      -0.023942799178706686,
      1.0
    ]
  ],
  "E": [
    [
      -0.00034475350342931424,
      -0.2751270630065129,
      -0.0051654464661438455
    ],
    [
      0.2642184828041326,
      -0.0026301083258015575,
      -0.6558533228236652
    ],
    [
      0.0067440917446492735,
      0.65135607756079,
      -0.0024841047549393194
    ]
  ],
  "R": [
    [
      0.99986087657006,
      -0.000940227726138233,
      -0.016653632527899198
    ],
    [
      0.000879459771929653,
      0.9999929305256621,
      -0.0036558787189927533
    ],
    [
      0.016656952154006366,
      0.0036407239007410245,
      0.9998546349717131
    ]
  ],
  "t": [
    [
      -0.9211713179525702
    ],
    [
      0.008728667256104264
    ],
    [
      -0.38905939565760006
    ]
  ]
}