{
  "image_1": "frame_033",
  "image_2": "frame_034",
  "num_matches": 930,
  "inlier_count": 547,
  "inlier_ratio": 0.5882,
  "reproj_rmse": 0.4479,
  "F": [
    [
      7.4949407460461e-09,
      -4.8135769751805095e-06,
      0.006710811646416964
    ],
    [
      4.734970339620193e-06,
      -6.454585065905655e-08,
      -0.04074896330757146
    ],
    [
      -0.006796747349981736,
      0.040937829620797464,
      1.0
    ]
  ],
  "E": [
    [
      0.0003955972146575941,
      -0.24521952682449885,
      0.02187846590454934
    ],
    [
      0.23848512559075,
      0.005216252651845582,
      -0.665232183453572
    ],
    [
      -0.02417836942619754,
      0.6628272092583622,
      0.005275859452912923
    ]
  ],
  "R": [
    [
      0.9999509755776951,
      0.0007321347461625716,
      -0.00987473644858966
    ],
    [
      -0.0006570435811072625,
      0.9999708621110914,
      0.0076054731958852045
    ],
    [
      0.009880016950804149,
      -0.007598612209757421,
      0.9999223201616905
    ]
  ],
  "t": [
    [
      0.9374311280264549
    ],
    [
      0.03357909104873562
    ],
    [
      0.34654772377176135
    ]
  ]
}