{
  "image_1": "frame_012",
  "image_2": "frame_013",
  "num_matches": 1303,
  "inlier_count": 777,
  "inlier_ratio": 0.5963,
  "reproj_rmse": 1.726,
  "F": [
    [
      -2.4279571970498114e-09,
      -2.609737708361815e-07,
      0.0003646005771040835
    ],
    [
      3.5694915495895377e-07,
      3.367820679756439e-08,
      0.016164087997539628
    ],
    [
      -0.0006431711559877284,
      -0.01661333159056445,
      1.0
    ]
  ],
  "E": [
    [
      -0.001406331143780142,
      -0.13898758983199025,
      -0.03480350389979935
    ],
    [
      0.13609843815605466,
      -0.004897963199924221,
      -0.6929577118340969
    ],
    [
      0.04185778055462643,
      0.6920734001432849,
      -0.00378918731208312
    ]
  ],
  "R": [
    [
      0.9999506806747277,
      -0.009152128484167965,
      -0.003856781346971455
    ],
    [
      0.009131728073136815,
      0.9999443950284215,
      -0.005274314518731988
    ],
    [
      0.003904838094895252,
      0.005238835314600622,
      0.9999786531941565
    ]
  ],
  "t": [
    [
      -0.9792539897510808
    ],
    [
      0.050256038396149484
    ],
    [
      -0.19630576700982258
    ]
  ]
}