{
  "image_1": "frame_081",
  "image_2": "frame_082",
  "num_matches": 1996,
  "inlier_count": 1111,
  "inlier_ratio": 0.5566,
  "reproj_rmse": 1.2616,
  "F": [
    [
      -8.637195042373828e-09,
      -3.445964524394648e-07,
      0.002220220578428399
    ],
    [
      4.4594986425687987e-07,
      -5.4510049286835825e-08,
      -0.02187695001204032
    ],
    [
      -0.002291481858306271,
      0.021716265150380307,
      1.0
    ]
  ],
  "E": [
    [
      -0.0003181522926075925,
      -0.08543519150307491,
      0.029865145980165923
    ],
    [
      0.09263128585092995,
      0.00951553747865913,
      -0.7002617359527475
    ],
    [
      -0.03117467890829658,
      0.701224090531714,
      0.00917140823483807
    ]
  ],
  "R": [
    [
      0.9999410363678857,
      7.22539515665907e-05,
      0.01085903158138865
    ],
    [
      -0.00021948982847152382,
      0.9999080584726313,
      0.013558260423367975
    ],
    [
      -0.010857053547547332,
      -0.013559844426066784,
      0.9998491161207309
    ]
  ],
  "t": [
    [
      0.9917749743641802
    ],
    [
      0.043872556080990645
    ],
    [
      0.12023975651942381
    ]
  ]
}