{
  "image_1": "frame_010",
  "image_2": "frame_011",
  "num_matches": 1215,
  "inlier_count": 661,
  "inlier_ratio": 0.544,
  "reproj_rmse": 1.016,
  "F": [
    [
      -1.0784151994569486e-08,
      -1.2844813908546994e-06,
      0.0023910936071247623
    ],
    [
      1.3797094109523506e-06,
      -1.1391922488026129e-07,
      0.01339768509542185
    ],
    [
      -0.002670646349345532,
      -0.013650465490160872,
      1.0
    ]
  ],
  "E": [
    [
      -0.004828151916907753,
      -0.24976102849325763,
      -0.0991010724271978
    ],
    [
      0.2389528203118495,
      -0.007217873009901607,
      -0.6578116647654826
    ],
    [
      0.10920456585618926,
      0.652649286813218,
      -0.005624227047873911
    ]
  ],
  "R": [
    [
      0.99979323609106,
      -0.013184615648180964,
      -0.015480664610263484
    ],
    [
      0.013089702032507478,
      0.999895001829011,
      -0.00621651172784158
    ],
    [
      0.015561001486597725,
      0.006012589090563111,
      0.9998608423201509
    ]
  ],
  "t": [
    [
      -0.9249595613202093
    ],
    [
      0.14236056808462727
    ],
    [
      -0.35239647923460865
    ]
  ]
}