{
  "image_1": "frame_088",
  "image_2": "frame_089",
  "num_matches": 1217,
  "inlier_count": 697,
  "inlier_ratio": 0.5727,
  "reproj_rmse": 3.582,
  "F": [
    [
      2.778070713317478e-08,
      -4.4776670371275656e-08,
      -0.009484898618795907
    ],
    [
      4.891753848378475e-08,
      2.89053570282382e-09,
      -0.0005939279853274842
    ],
    [
      0.009241975157169567,
      0.0011205795759207547,
      1.0
    ]
  ],
  "E": [
    [
      0.012909163134545477,
      0.04747005047838109,
      -0.6800769887864713
    ],
    [
      -0.06510605165350855,
      -0.0001588924456269259,
      0.18578194186083433
    ],
    [
      0.689177892930323,
      -0.14480378896583046,
      0.01967685454613332
    ]
  ],
  "R": [
    [
      0.9978069484686175,
      0.06196774141995376,
      0.023265696014853492
    ],
    [
      -0.061490537620931984,
      0.9978930856803926,
      -0.020695490676791772
    ],
    [
      -0.02449913000158244,
      0.019219484243192766,
      0.9995150844557533
    ]
  ],
  "t": [
    [
      0.2648593480996069
    ],
    [
      0.9604647280037917
    ],
    [
      0.08577314256137465
    ]
  ]
}