{
  "image_1": "frame_121",
  "image_2": "frame_122",
  "num_matches": 1074,
  "inlier_count": 535,
  "inlier_ratio": 0.4981,
  "reproj_rmse": 0.7349,
  "F": [
    [
      8.303322262349533e-09,
      3.240824335711912e-06,
      -0.0015233767925848106
    ],
    [
      -3.011818882650005e-06,
      1.656222369584707e-07,
      0.043638931778550126
    ],
    [
      0.0012589020427649612,
      -0.044517484073030106,
      1.0
    ]
  ],
  "E": [
    [
      0.00030826031796303213,
      -0.20939980033188452,
      -0.0142874375393302
    ],
    [
      0.19945004290572088,
      0.00046854485858608845,
      -0.6782441028133187
    ],
    [
      0.012623453997458805,
      0.6752721589229251,
      -0.00023530284045907005
    ]
  ],
  "R": [
    [
      0.9998888826335536,
      0.0024749536197013443,
      -0.014700237766925472
    ],
    [
      -0.0024757683729004255,
      0.9999969345878755,
      -3.7226546890547184e-05
    ],
    [
      0.014700100570661512,
      7.361679411169858e-05,
      0.9998919449739456
    ]
  ],
  "t": [
    [
      -0.9549319323649231
    ],
    [
      0.02021869677195909
    ],
    [
      -0.296135456929152
    ]
  ]
}