{
  "image_1": "frame_122",
  "image_2": "frame_123",
  "num_matches": 1081,
  "inlier_count": 600,
  "inlier_ratio": 0.555,
  "reproj_rmse": 0.8931,
  "F": [
    [
      4.141902212155465e-09,
      1.1598164196151116e-06,
      -1.4051655651305417e-05
    ],
    [
      -1.0420019537809857e-06,
      1.9116366049854498e-08,
      0.02490195620815519
    ],
    [
      -0.00011883711871568263,
      -0.025125979461771305,
      1.0
    ]
  ],
  "E": [
    [
      -0.00044934366637718666,
      -0.36579166482515374,
      -0.05518238033102255
    ],
    [
      0.35402422431947833,
      -0.005999029857089913,
      -0.6092049119778191
    ],
    [
      0.05809865386061576,
      0.6026754037773088,
      -0.007635476083364004
    ]
  ],
  "R": [
    [
      0.9998293429024809,
      0.0015489075641867411,
      -0.018408855384061562
    ],
    [
      -0.0017490905363942433,
      0.9999394644452779,
      -0.010863154568815953
    ],
    [
      0.018390914971506522,
      0.010893499449125453,
      0.9997715268581431
    ]
  ],
  "t": [
    [
      -0.8522337249085088
    ],
    [
      0.08366881686577304
    ],
    [
      -0.5164273494043958
    ]
  ]
}