{
  "image_1": "frame_103",
  "image_2": "frame_104",
  "num_matches": 1534,
  "inlier_count": 897,
  "inlier_ratio": 0.5847,
  "reproj_rmse": 1.9024,
  "F": [
    [
      1.2136908785488306e-08,
      1.4882083731050691e-06,
      0.001084195206898967
    ],
    [
      -1.3976703495783904e-06,
      9.613943112849944e-08,
      0.021038644751501804
    ],
    [
      -0.0012854451432052743,
      -0.021478592814821465,
      1.0
    ]
  ],
  "E": [
    [
      -0.00042118654562869125,
      -0.10234100398310987,
      -0.05150798818607729
    ],
    [
      0.09845026765327106,
      -0.004669092664347363,
      -0.6982578637700363
    ],
    [
      0.05323244293337124,
      0.6976662653688208,
      -0.0047809936529336385
    ]
  ],
  "R": [
    [
      0.9999858650391767,
      -0.0015567349685711995,
      -0.005083925460411837
    ],
    [
      0.0015238200685697423,
      0.9999778967951378,
      -0.006471776693542308
    ],
    [
      0.005093887930453483,
      0.006463938227589233,
      0.9999661343307292
    ]
  ],
  "t": [
    [
      -0.9867857605971478
    ],
    [
      0.07377940167820095
    ],
    [
      -0.14425831889605226
    ]
  ]
}