{
  "image_1": "frame_003",
  "image_2": "frame_004",
  "num_matches": 2000,
  "inlier_count": 1345,
  "inlier_ratio": 0.6725,
  "reproj_rmse": 0.5643,
  "F": [
    [
      9.926626059965297e-08,
      1.5868599133005155e-05,
      -0.030266315057048954
    ],
    [
      -1.5653121217827724e-05,
      -3.9550961063924284e-07,
      -0.09370103291966358
    ],
    [
      0.030385051440518875,
      0.09376617868988497,
      1.0
    ]
  ],
  "E": [
    [
      -0.0005075564928441874,
      -0.19855624650209108,
      0.10330292420699541
    ],
    [
      0.19960374453417296,
      -0.0042100305875168945,
      0.6702664738185938
    ],
    [
      -0.10687622046484682,
      -0.670338978585594,
      -0.003204276024381012
    ]
  ],
  "R": [
    [
      0.9999899680926996,
      -0.0037945390957892233,
      -0.002380165332982742
    ],
    [
      0.0038067510879824795,
      0.999979506457898,
      0.005147359553504684
    ],
    [
      0.002360584697898682,
      -0.0051563686126405925,
      0.9999839196220179
    ]
  ],
  "t": [
    [
      0.9485817468322787
    ],
    [
      -0.14753626594992642
    ],
    [
      -0.28004592445914156
    ]
  ]
}