{
  "image_1": "frame_090",
  "image_2": "frame_091",
  "num_matches": 2000,
  "inlier_count": 1243,
  "inlier_ratio": 0.6215,
  "reproj_rmse": 0.7335,
  "F": [
    [
      4.229971890922277e-08,
      3.87148985594341e-06,
      -0.0017444559462222351
    ],
    [
      -3.858941174202757e-06,
      1.9318440970585907e-08,
      0.009651555517604247
    ],
    [
      0.0013528976021810316,
      -0.010364284204975465,
      1.0
    ]
  ],
  "E": [
    [
      -0.004038898885132169,
      0.13893913215842493,
      0.2808678659439757
    ],
    [
      -0.1504535760566342,
      0.002856878968001621,
      0.6310874182451394
    ],
    [
      -0.2874505620332729,
      -0.6310569235704523,
      -0.0040509947550352535
    ]
  ],
  "R": [
    [
      0.9997653920512548,
      -0.009891342248207424,
      0.01926972249747172
    ],
    [
      0.009934749746111027,
      0.9999483201252899,
      -0.0021581997342169645
    ],
    [
      -0.019247379148415816,
      0.002349133274093848,
      0.9998119923109433
    ]
  ],
  "t": [
    [
      0.8964294135412294
    ],
    [
      -0.39770398596699347
    ],
    [
      0.1955654521741839
    ]
  ]
}