{
  "image_1": "frame_014",
  "image_2": "frame_015",
  "num_matches": 1242,
  "inlier_count": 763,
  "inlier_ratio": 0.6143,
  "reproj_rmse": 3.8786,
  "F": [
    [
      1.1447146921684146e-08,
      -5.288377120696528e-07,
      0.002325127407518654
    ],
    [
      6.894133203694605e-07,
      1.1243684145050915e-08,
      0.025782345581967007
    ],
    [
      -0.002497740111887183,
      -0.026368597556139767,
      1.0
    ]
  ],
  "E": [
    [
      0.0009409492907388387,
      -0.15807294846619793,
      0.029873133074965
    ],
    [
      0.14978575656449553,
      -0.00021025202983980412,
      -0.6904216434699032
    ],
    [
      -0.03223525739927903,
      0.6884493573566262,
      -0.0004014802294815231
    ]
  ],
  "R": [
    [
      0.9999203866097343,
      0.0036706408541809926,
      -0.01207256550857197
    ],
    [
      -0.0036842328697920257,
      0.999992603985645,
      -0.00110381256118091
    ],
    [
      0.012068424520222193,
      0.0011482028255901302,
      0.9999265146798897
    ]
  ],
  "t": [
    [
      -0.973775799142616
    ],
    [
      -0.04200326541600088
    ],
    [
      -0.22359878957309326
    ]
  ]
}