{
  "image_1": "frame_067",
  "image_2": "frame_068",
  "num_matches": 1340,
  "inlier_count": 722,
  "inlier_ratio": 0.5388,
  "reproj_rmse": 1.2739,
  "F": [
    [
      -3.105170638573551e-08,
      4.69310471976458e-07,
      0.0024051558138706523
    ],
    [
      -3.171291708504374e-07,
      -3.309797753947697e-08,
      -0.019137342344521784
    ],
    [
      -0.002836715948703531,
      0.01871904210545224,
      1.0
    ]
  ],
  "E": [
    [
      0.0014999345229710652,
      -0.1058129628003718,
      0.08146135635930912
    ],
    [
      0.10971324352054004,
      0.0024114133296687435,
      -0.6937663374827626
    ],
    [
      -0.0943981896115805,
      0.6927480395357666,
      -9.107718328254627e-05
    ]
  ],
  "R": [
    [
      0.999811363743991,
      0.018565512218591554,
      0.00570602177022192
    ],
    [
      -0.0185688852244099,
      0.999827438253308,
      0.0005387182474116681
    ],
    [
      -0.005695035548934163,
      -0.0006445710889555964,
      0.9999835754142202
    ]
  ],
  "t": [
    [
      0.9820034771017214
    ],
    [
      0.11528623732006874
    ],
    [
      0.14959363102989898
    ]
  ]
}