{
  "image_1": "frame_082",
  "image_2": "frame_083",
  "num_matches": 1685,
  "inlier_count": 1073,
  "inlier_ratio": 0.6368,
  "reproj_rmse": 0.7591,
  "F": [
    [
      9.283943195061646e-09,
      -8.779257030195152e-07,
      0.004239545070799535
    ],
    [
      8.691314788130981e-07,
      4.8415133809550574e-08,
      -0.02684613591495801
    ],
    [
      -0.004538831778140168,
      0.026761892226920797,
      0.9999999999999999
    ]
  ],
  "E": [
    [
      -0.0009210707884199486,
      0.03814135726914018,
      0.10410288332777767
    ],
    [
      -0.035244903191431115,
      0.003849444814204912,
      -0.6985366773390613
    ],
    [
      -0.11100368927679466,
      0.6972525556849782,
      0.0036771892219561396
    ]
  ],
  "R": [
    [
      0.9999350024836977,
      0.010190289895670057,
      0.005113589714685417
    ],
    [
      -0.010221051627348654,
      0.9999296059618826,
      0.0060260455146809765
    ],
    [
      -0.005051822597736885,
      -0.006077920101164303,
      0.999968768500139
    ]
  ],
  "t": [
    [
      -0.987630475610299
    ],
    [
      -0.1468978487640581
    ],
    [
      0.05483671830321875
    ]
  ]
}