{
  "image_1": "frame_091",
  "image_2": "frame_092",
  "num_matches": 2000,
  "inlier_count": 1109,
  "inlier_ratio": 0.5545,
  "reproj_rmse": 1.6297,
  "F": [
    [
      -1.753490045092629e-07,
      -5.963737869455174e-06,
      -0.012426094359767404
    ],
    [
      5.978235609567147e-06,
      -1.8723868623158013e-07,
      0.0018540336271149966
    ],
    [
      0.012853171301024808,
      -0.001843355519415737,
      1.0
    ]
  ],
  "E": [
    [
      -0.02404872005992055,
      -0.6932335375639971,
      -0.039153315054165534
    ],
    [
      0.6915066336393422,
      -0.022007591460165257,
      0.1368151891621125
    ],
    [
      0.04647738974422421,
      -0.1332836988585339,
      0.0026632324059941335
    ]
  ],
  "R": [
    [
      0.9993552317437336,
      -0.03509611961867379,
      0.007575168258168369
    ],
    [
      0.03522280968553629,
      0.9992298285687222,
      -0.017294605412629185
    ],
    [
      -0.006962360539669449,
      0.017550273109947938,
      0.9998217408365764
    ]
  ],
  "t": [
    [
      -0.18609642328779294
    ],
    [
      -0.07233043018595292
    ],
    [
      0.979865516338138
    ]
  ]
}