{
  "image_1": "frame_041",
  "image_2": "frame_042",
  "num_matches": 1507,
  "inlier_count": 862,
  "inlier_ratio": 0.572,
  "reproj_rmse": 0.5844,
  "F": [
    [
      -4.733440807990227e-07,
      1.732474679730627e-05,
      -0.01935724953509652
    ],
    [
      -1.709444775272136e-05,
      -1.6053105132697073e-07,
      0.005970786037228848
    ],
    [
      0.022552655474335128,
      -0.007668082587781823,
      1.0
    ]
  ],
  "E": [
    [
      0.018570539330336307,
      -0.6561762792167839,
      -0.03850187939042508
    ],
    [
      0.64918862396194,
      0.006033046192491162,
      0.28001991990971004
    ],
    [
      0.01753728042716237,
      -0.2593977252184721,
      -0.0108292298020638
    ]
  ],
  "R": [
    [
      0.9991695036457358,
      0.02645943635283944,
      0.030987113647829467
    ],
    [
      -0.027776663332586566,
      0.9986940480697892,
      0.042879544354923846
    ],
    [
      -0.029812077392251612,
      -0.04370465167310916,
      0.9985995911593852
    ]
  ],
  "t": [
    [
      0.3677102960432423
    ],
    [
      0.014599819863504171
    ],
    [
      -0.9298257812320245
    ]
  ]
}