{
  "image_1": "frame_074",
  "image_2": "frame_075",
  "num_matches": 1514,
  "inlier_count": 1057,
  "inlier_ratio": 0.6982,
  "reproj_rmse": 0.749,
  "F": [
    [
      3.1022084251563324e-08,
      3.923945568856395e-07,
      -0.004524220502947677
    ],
    [
      -5.669092883468109e-07,
      2.563089825699717e-08,
      0.02943497153933747
    ],
    [
      0.0040970569751888316,
      -0.029073189599029683,
      1.0
    ]
  ],
  "E": [
    [
      -0.008093652518944693,
      -0.3126338736197197,
      0.14560634745073647
    ],
    [
      0.3241537180019872,
      -0.007324416378900947,
      -0.611479799434596
    ],
    [
      -0.13393425070146237,
      0.6196771721753728,
      -0.004282420329829746
    ]
  ],
  "R": [
    [
      0.999684008696379,
      -0.017456292254645095,
      0.018087581857689716
    ],
    [
      0.017507834547826756,
      0.9998430936042725,
      -0.002695162570856377
    ],
    [
      -0.018037696254902258,
      0.003010985313456782,
      0.999832773758321
    ]
  ],
  "t": [
    [
      0.8729184903946958
    ],
    [
      0.20475924845369126
    ],
    [
      0.44281707205089205
    ]
  ]
}