{
  "image_1": "frame_016",
  "image_2": "frame_017",
  "num_matches": 1106,
  "inlier_count": 695,
  "inlier_ratio": 0.6284,
  "reproj_rmse": 1.9313,
  "F": [
    [
      2.2001717439438135e-08,
      -8.925393383953269e-07,
      0.004569130207893285
    ],
    [
      1.141009774311926e-06,
      -1.0135799135935579e-07,
      0.03942470228628497
    ],
    [
      -0.005013638823442228,
      -0.04029319538859697,
      1.0
    ]
  ],
  "E": [
    [
      -0.0007675399404609778,
      -0.18505935798535292,
      -0.04405337145501843
    ],
    [
      0.17508383492586593,
      0.0031109739434979156,
      -0.6837185842205604
    ],
    [
      0.043632296937566456,
      0.6810038412729832,
      0.0025702886094807714
    ]
  ],
  "R": [
    [
      0.999888466344642,
      -0.0005946088246710918,
      -0.014923180334819847
    ],
    [
      0.0006651188673094388,
      0.9999886378977789,
      0.004720348741058842
    ],
    [
      0.014920204015102356,
      -0.004729747952110265,
      0.9998775009952255
    ]
  ],
  "t": [
    [
      -0.9631321252745493
    ],
    [
      0.06107160027718204
    ],
    [
      -0.2620052841141075
    ]
  ]
}