{
  "image_1": "frame_005",
  "image_2": "frame_006",
  "num_matches": 2000,
  "inlier_count": 1399,
  "inlier_ratio": 0.6995,
  "reproj_rmse": 1.8272,
  "F": [
    [
      9.487681641054737e-09,
      -2.1473907820517933e-06,
      0.0036117478276205053
    ],
    [
      2.2129367772863585e-06,
      2.2525850140597597e-08,
      0.014023020652637745
    ],
    [
      -0.0035663392722461345,
      -0.014305604858401886,
      1.0
    ]
  ],
  "E": [
    [
      -0.001430382783336172,
      0.387564150420558,
      -0.04985262874626219
    ],
    [
      -0.3959304777440361,
      -0.010082507488238688,
      -0.5841436649274732
    ],
    [
      0.04243278402813269,
      0.5893408426544777,
      -0.00985430368583287
    ]
  ],
  "R": [
    [
      0.9999130482109829,
      0.0020140309330054854,
      -0.013032256014263333
    ],
    [
      -0.002219278096773046,
      0.9998734364222767,
      -0.015753918301054888
    ],
    [
      0.012998877726542013,
      0.01578147066999859,
      0.9997909653329253
    ]
  ],
  "t": [
    [
      0.8334346989670199
    ],
    [
      -0.06186402122138629
    ],
    [
      -0.549144284715841
    ]
  ]
}