{
  "image_1": "frame_112",
  "image_2": "frame_113",
  "num_matches": 1604,
  "inlier_count": 1075,
  "inlier_ratio": 0.6702,
  "reproj_rmse": 0.7156,
  "F": [
    [
      -4.286036099528657e-09,
      2.7652861736894002e-08,
      -0.0006530801663464888
    ],
    [
      7.559285792035584e-08,
      2.9499895312876748e-08,
      0.015919234358545847
    ],
    [
      0.0006715147400978688,
      -0.016240380318997442,
      1.0
    ]
  ],
  "E": [
    [
      0.0018599113542422025,
      -0.03834936320806569,
      0.06654395176729604
    ],
    [
      0.022932878397804394,
      -0.01238654697443478,
      -0.7035497078120125
    ],
    [
      -0.07125878538107713,
      0.7023088667949778,
      -0.010985256561537947
    ]
  ],
  "R": [
    [
      0.9996914805930546,
      0.007274409971632478,
      -0.023749243971773394
    ],
    [
      -0.0076994157623695575,
      0.9998109691547948,
      -0.01785342977323757
    ],
    [
      0.023614881464542097,
      0.01803077694705293,
      0.9995585167743314
    ]
  ],
  "t": [
    [
      -0.9940802478215548
    ],
    [
      -0.09315004219078905
    ],
    [
      -0.055924328613674315
    ]
  ]
}