{
  "image_1": "frame_029",
  "image_2": "frame_030",
  "num_matches": 1346,
  "inlier_count": 839,
  "inlier_ratio": 0.6233,
  "reproj_rmse": 0.7781,
  "F": [
    [
      2.4397450037813977e-08,
      -1.9259821894576514e-06,
      0.0037152423959771995
    ],
    [
      2.0865042383422235e-06,
      2.8748926047364283e-07,
      0.024977583515335095
    ],
    [
      -0.0037460285386246954,
      -0.02635423175598113,
      1.0
    ]
  ],
  "E": [
    [
      0.0004828634167169153,
      -0.08372045666493998,
      -0.012251182675120641
    ],
    [
      0.07120819197649082,
      0.00034724208010888507,
      -0.7034048658777713
    ],
    [
      0.00639837536656559,
      0.7021041733132576,
      -0.00046753440815892097
    ]
  ],
  "R": [
    [
      0.9998065420931833,
      0.008371055649263907,
      -0.017798983538064236
    ],
    [
      -0.008378693078344063,
      0.9999648352752202,
      -0.00035456353502555946
    ],
    [
      0.017795389570624376,
      0.0005036271620781168,
      0.9998415226773248
    ]
  ],
  "t": [
    [
      -0.992814746568357
    ],
    [
      0.017370519730087654
    ],
    [
      -0.11839402029121064
    ]
  ]
}