{
  "image_1": "frame_049",
  "image_2": "frame_050",
  "num_matches": 1328,
  "inlier_count": 863,
  "inlier_ratio": 0.6498,
  "reproj_rmse": 0.5029,
  "F": [
    [
      6.666245591759097e-09,
      -1.650467918982342e-06,
      0.00035173283181784236
    ],
    [
      1.800758743522763e-06,
      5.4318783496531725e-08,
      -0.026152101506643155
    ],
    [
      -0.0005537511491169808,
      0.025898303888832422,
      1.0
    ]
  ],
  "E": [
    [
      -0.0007237156578498587,
      0.1559612505972754,
      0.04292107079041641
    ],
    [
      -0.1712865238065078,
      -0.005879441148429021,
      0.6847630017054325
    ],
    [
      -0.042331709189627066,
      -0.6882718753882332,
      -0.007013458923000298
    ]
  ],
  "R": [
    [
      0.99976223787396,
      -0.0013501059410778865,
      0.021763385196226642
    ],
    [
      0.0011571724360447191,
      0.999959945020171,
      0.008875207446021664
    ],
    [
      -0.021774495934574034,
      -0.00884791326836604,
      0.9997237547230687
    ]
  ],
  "t": [
    [
      0.9734817370962683
    ],
    [
      -0.05875356039264308
    ],
    [
      0.22109121801016887
    ]
  ]
}