{
  "image_1": "frame_119",
  "image_2": "frame_120",
  "num_matches": 936,
  "inlier_count": 579,
  "inlier_ratio": 0.6186,
  "reproj_rmse": 0.9234,
  "F": [
    [
      1.1776089401696719e-08,
      1.95142100693038e-06,
      -0.002159701322079261
    ],
    [
      -1.5903543772068531e-06,
      -1.3665347312774264e-09,
      0.05027010130850376
    ],
    [
      0.0014485465856963055,
      -0.05107770980370938,
      1.0
    ]
  ],
  "E": [
    [
      -0.001287429241952195,
      -0.09917738801763817,
      -0.033259900414976326
    ],
    [
      0.086454806707313,
      0.00040466612946225025,
      -0.7010194066967907
    ],
    [
      0.03793214807984733,
      0.6990809389175904,
      0.0003928326421647682
    ]
  ],
  "R": [
    [
      0.9998098859396894,
      -0.006857355175176522,
      -0.018252908186556116
    ],
    [
      0.006884528469214488,
      0.9999752841773967,
      0.0014262896238411609
    ],
    [
      0.01824267647638203,
      -0.0015516811321859055,
      0.9998323844728387
    ]
  ],
  "t": [
    [
      -0.9889954168309696
    ],
    [
      0.0468442969208592
    ],
    [
      -0.14033416310124586
    ]
  ]
}