{
  "image_1": "frame_045",
  "image_2": "frame_046",
  "num_matches": 906,
  "inlier_count": 501,
  "inlier_ratio": 0.553,
  "reproj_rmse": 0.5745,
  "F": [
    [
      -8.089419727559645e-08,
      -7.345205414095902e-07,
      0.00575084616138017
    ],
    [
      -1.8249470071037778e-07,
      1.3974464115097497e-07,
      0.06507596145041811
    ],
    [
      -0.00539425824942649,
      -0.062170266794057294,
      0.9999999999999999
    ]
  ],
  "E": [
    [
      -0.0005697728969635298,
      -0.16420578630501037,
      -0.04741526733366804
    ],
    [
      0.1931139642305809,
      -0.014894782685354267,
      -0.6782020149877581
    ],
    [
      0.061822158949073926,
      0.6851290956662858,
      -0.009551941964835548
    ]
  ],
  "R": [
    [
      0.998904452010962,
      -0.016148686703975235,
      0.04392169931157619
    ],
    [
      0.016915320706434145,
      0.9997100168478135,
      -0.01713925726345522
    ],
    [
      -0.04363218626287402,
      0.01786343001445385,
      0.9988879467638202
    ]
  ],
  "t": [
    [
      0.9703483163549839
    ],
    [
      -0.07109386941854685
    ],
    [
      0.23101906128747632
    ]
  ]
}