{
  "image_1": "frame_113",
  "image_2": "frame_114",
  "num_matches": 1486,
  "inlier_count": 850,
  "inlier_ratio": 0.572,
  "reproj_rmse": 0.8864,
  "F": [
    [
      -9.25026498558044e-08,
      5.243859549401302e-06,
      -0.005348986231967225
    ],
    [
      -5.259671689123597e-06,
      -2.4902662616855446e-07,
      0.05241589475178031
    ],
    [
      0.006209831982240133,
      -0.05233610204848324,
      1.0
    ]
  ],
  "E": [
    [
      -0.0034106156395721375,
      0.19395205207413546,
      -0.0017819159350482973
    ],
    [
      -0.20098230473513817,
      0.007307216550750358,
      0.6779019001758054
    ],
    [
      0.010591869063032255,
      -0.6798086005276021,
      0.01084455803206216
    ]
  ],
  "R": [
    [
      0.9997931058569135,
      0.01767370925888318,
      0.01006903580382873
    ],
    [
      -0.017511587003056883,
      0.9997191454839676,
      -0.01596792013508069
    ],
    [
      -0.010348420247587586,
      0.01578829166941121,
      0.9998218041453891
    ]
  ],
  "t": [
    [
      0.9616317319772589
    ],
    [
      -0.001860917872608875
    ],
    [
      0.2743372906461835
    ]
  ]
}