{
  "image_1": "frame_036",
  "image_2": "frame_037",
  "num_matches": 1338,
  "inlier_count": 826,
  "inlier_ratio": 0.6173,
  "reproj_rmse": 0.7229,
  "F": [
    [
      1.7305383314336707e-08,
      2.9300202126720516e-06,
      -0.001869032281659138
    ],
    [
      -2.89008455096906e-06,
      9.166859683704803e-08,
      0.024450832064103638
    ],
    [
      0.0015811235927168182,
      -0.0245081259169024,
      0.9999999999999999
    ]
  ],
  "E": [
    [
      -0.0021718652333320857,
      -0.22880557994049494,
      -0.04825794936950655
    ],
    [
      0.21682565087031672,
      -0.007578805335765914,
      -0.6711084340606881
    ],
    [
      0.0542274368022843,
      0.6669820934993336,
      -0.007169416169361391
    ]
  ],
  "R": [
    [
      0.9998355786001341,
      -0.005872181255965031,
      -0.017156143291321424
    ],
    [
      0.0057106842464645785,
      0.9999390670389138,
      -0.009447237415444919
    ],
    [
      0.017210573807181606,
      0.009347710770220362,
      0.9998081898307214
    ]
  ],
  "t": [
    [
      0.9437313811802169
    ],
    [
      -0.07131154979199417
    ],
    [
      0.32293303182230215
    ]
  ]
}