{
  "image_1": "frame_026",
  "image_2": "frame_027",
  "num_matches": 985,
  "inlier_count": 555,
  "inlier_ratio": 0.5635,
  "reproj_rmse": 1.5934,
  "F": [
    [
      1.0220938899148184e-08,
      2.1456152180145425e-06,
      -0.0025836792280462878
    ],
    [
      -1.9723577397150848e-06,
      -7.247836540521319e-08,
      0.025919088221968922
    ],
    [
      0.0021784337554158458,
      -0.025868469364371906,
      1.0
    ]
  ],
  "E": [
    [
      -0.0004267846000360137,
      -0.0985314859080109,
      0.00611983982696563
    ],
    [
      0.08412934859668346,
      -0.006401268204279919,
      -0.7020351338774418
    ],
    [
      -0.0014802572487817626,
      0.7001755514448169,
      -0.0058193615919370075
    ]
  ],
  "R": [
    [
      0.9997728761222312,
      -0.005607519945880218,
      -0.020560931164190166
    ],
    [
      0.005434392139166543,
      0.9999493919380066,
      -0.008466459997462261
    ],
    [
      0.020607366458618076,
      0.008352800899543992,
      0.999752753016851
    ]
  ],
  "t": [
    [
      -0.9902059499923809
    ],
    [
      -0.007476265346203729
    ],
    [
      -0.13941406692353459
    ]
  ]
}