{
  "image_1": "frame_100",
  "image_2": "frame_101",
  "num_matches": 1408,
  "inlier_count": 900,
  "inlier_ratio": 0.6392,
  "reproj_rmse": 0.5121,
  "F": [
    [
      -2.2666294262192435e-08,
      1.501381738598257e-06,
      0.016252094909225443
    ],
    [
      -1.5473783691378396e-06,
      6.0151085026374615e-09,
      0.14474481379046875
    ],
    [
      -0.014574008344232576,
      -0.14466502536429038,
      1.0
    ]
  ],
  "E": [
    [
      -0.001689589595841297,
      0.16586624681908663,
      0.09494024232809746
    ],
    [
      -0.1652732716106009,
      0.004714534983859781,
      0.6807002302932994
    ],
    [
      -0.08968631413797933,
      -0.681687525960719,
      0.006330969545902228
    ]
  ],
  "R": [
    [
      0.9999500788721211,
      0.009985868825174785,
      0.000349553208950415
    ],
    [
      -0.00998216520572151,
      0.9999064717403469,
      -0.009349018642425919
    ],
    [
      -0.0004428785896557763,
      0.009345062630990834,
      0.9999562358738391
    ]
  ],
  "t": [
    [
      0.9627791894716355
    ],
    [
      -0.136453034628512
    ],
    [
      0.23331695536546534
    ]
  ]
}