{
  "image_1": "frame_080",
  "image_2": "frame_081",
  "num_matches": 1461,
  "inlier_count": 864,
  "inlier_ratio": 0.5914,
  "reproj_rmse": 2.187,
  "F": [
    [
      1.1205495379564584e-09,
      8.282709519525365e-07,
      -0.0008581143019637512
    ],
    [
      -6.909016987803343e-07,
      -3.9868315741903553e-08,
      -0.014912045630515545
    ],
    [
      0.0007595975380796991,
      0.014494727945833574,
      0.9999999999999999
    ]
  ],
  "E": [
    [
      0.0003512729785124205,
      -0.13239560822406385,
      -0.034288255039746585
    ],
    [
      0.1417042173019879,
      0.00897484983388375,
      -0.6919388526251039
    ],
    [
      0.032897413978318316,
      0.6936738370952715,
      0.009484412307098372
    ]
  ],
  "R": [
    [
      0.9999179033113229,
      -0.0006610826309566414,
      0.01279646854576949
    ],
    [
      0.0004938090790905583,
      0.9999144541074184,
      0.013070601350237031
    ],
    [
      -0.012804014607974507,
      -0.01306320928479903,
      0.9998326908903811
    ]
  ],
  "t": [
    [
      0.9811173172425434
    ],
    [
      -0.04604326437575972
    ],
    [
      0.18785320761812463
    ]
  ]
}