{
  "image_1": "frame_097",
  "image_2": "frame_098",
  "num_matches": 1258,
  "inlier_count": 777,
  "inlier_ratio": 0.6176,
  "reproj_rmse": 3.7393,
  "F": [
    [
      7.92027545790909e-09,
      1.758702193518441e-07,
      0.000980577437021126
    ],
    [
      -1.1707332931080279e-07,
      1.0056447545915776e-08,
      0.00848805678567838
    ],
    [
      -0.0010692377330235945,
      -0.008597291428718488,
      1.0
    ]
  ],
  "E": [
    [
      -0.0009114862284128892,
      -0.19735524331428528,
      -0.06929586633037105
    ],
    [
      0.18203174600222327,
      -0.019944401133120418,
      -0.6788285257592894
    ],
    [
      0.07331181103951755,
      0.675319441572528,
      -0.021810253581885153
    ]
  ],
  "R": [
    [
      0.9998078030223595,
      0.0022218000486758094,
      -0.01947872224110428
    ],
    [
      -0.0028080251258210537,
      0.9995423407832185,
      -0.030120158971977555
    ],
    [
      0.019402886653669904,
      0.030169066709928905,
      0.9993564706366578
    ]
  ],
  "t": [
    [
      -0.9552467325657158
    ],
    [
      0.10638136045658685
    ],
    [
      -0.2760193581434633
    ]
  ]
}