{
  "image_1": "frame_066",
  "image_2": "frame_067",
  "num_matches": 1517,
  "inlier_count": 815,
  "inlier_ratio": 0.5372,
  "reproj_rmse": 1.5015,
  "F": [
    [
      -1.3972264507579422e-08,
      -1.3015611483819727e-06,
      0.004650795969181915
    ],
    [
      1.4042174171982898e-06,
      5.5546074508421736e-08,
      -0.02516097279169906
    ],
    [
      -0.004781327125323012,
      0.02484465653819069,
      1.0
    ]
  ],
  "E": [
    [
      -0.0002665234540741648,
      -0.1707432911979665,
      0.09323507928125796
    ],
    [
      0.17155173549184094,
      0.0066145428094611085,
      -0.6793528496939689
    ],
    [
      -0.09479831705244077,
      0.6798029945808097,
      0.006403170807024086
    ]
  ],
  "R": [
    [
      0.9999967570969788,
      -0.00017353901979208497,
      0.0025408029704092894
    ],
    [
      0.00014869836985462181,
      0.9999522259840037,
      0.009773619515373165
    ],
    [
      -0.002542377690397696,
      -0.009773210007212943,
      0.9999490090408781
    ]
  ],
  "t": [
    [
      0.9614092546543879
    ],
    [
      0.13420846087966629
    ],
    [
      0.24016730438010392
    ]
  ]
}