{
  "image_1": "frame_070",
  "image_2": "frame_071",
  "num_matches": 1296,
  "inlier_count": 728,
  "inlier_ratio": 0.5617,
  "reproj_rmse": 2.8803,
  "F": [
    [
      -8.057089562255588e-09,
      7.168299720736083e-07,
      -0.0011720586314499625
    ],
    [
      -9.300885146333495e-07,
      1.443316694667878e-07,
      0.029540010442698657
    ],
    [
      0.0017813844583603204,
      -0.029129800738259774,
      1.0
    ]
  ],
  "E": [
    [
      0.0017311226426242558,
      -0.15341478557708507,
      0.03814271067042639
    ],
    [
      0.1650664819416856,
      -0.016995505745567973,
      -0.6865289417317139
    ],
    [
      -0.04384752364936345,
      0.6883505245390134,
      -0.01998028850416186
    ]
  ],
  "R": [
    [
      0.9997738347751834,
      0.015023720195012899,
      0.015052147037093955
    ],
    [
      -0.014594167652619672,
      0.9994942852660756,
      -0.0282521502010714
    ],
    [
      -0.015468987344088442,
      0.02802608698977909,
      0.9994874931076375
    ]
  ],
  "t": [
    [
      0.9746856317843672
    ],
    [
      0.047795846860994716
    ],
    [
      0.21841125478314893
    ]
  ]
}