{
  "image_1": "frame_061",
  "image_2": "frame_062",
  "num_matches": 1499,
  "inlier_count": 886,
  "inlier_ratio": 0.5911,
  "reproj_rmse": 0.7782,
  "F": [
    [
      -1.8139422642877106e-08,
      1.4414914244890786e-06,
      -0.0005061443647567836
    ],
    [
      -1.4825945392852877e-06,
      1.6678593388621523e-07,
      -0.011473594713807319
    ],
    [
      0.0005009680244718887,
      0.011265607988842838,
      1.0
    ]
  ],
  "E": [
    [
      -0.00447953672472351,
      0.31899656621057726,
      -0.03460122196736364
    ],
    [
      -0.31890181530367157,
      0.00751036636404315,
      -0.6297560291971244
    ],
    [
      0.03185974413917111,
      0.6304910796077952,
      0.011933375729970353
    ]
  ],
  "R": [
    [
      0.9999022501375463,
      0.013963331762706449,
      -0.0007180083258613856
    ],
    [
      -0.013947188436857424,
      0.999722479896998,
      0.018985234349430932
    ],
    [
      0.0009829061899306324,
      -0.018973364347964594,
      0.9998195063813972
    ]
  ],
  "t": [
    [
      0.8910935752601443
    ],
    [
      -0.05749035193838388
    ],
    [
      -0.4501634142887381
    ]
  ]
}