{
  "image_1": "frame_098",
  "image_2": "frame_099",
  "num_matches": 1489,
  "inlier_count": 884,
  "inlier_ratio": 0.5937,
  "reproj_rmse": 1.549,
  "F": [
    [
      8.592428317256572e-09,
      -5.679650981094071e-07,
      0.0027420618641854676
    ],
    [
      5.95607298161957e-07,
      -2.584456817528281e-09,
      0.010071995722957324
    ],
    [
      -0.002692106752417641,
      -0.010163580711029655,
      1.0
    ]
  ],
  "E": [
    [
      -0.0012109505219068078,
      0.3739750015769834,
      0.03410195732177411
    ],
    [
      -0.3921921481769999,
      -0.017593193684166984,
      -0.5864958774903166
    ],
    [
      -0.04775841865327692,
      0.5986712368921896,
      -0.013731569394360696
    ]
  ],
  "R": [
    [
      0.9994506789227384,
      0.006204908215838377,
      -0.03255517646872996
    ],
    [
      -0.007029820402353282,
      0.999655542380339,
      -0.025285929157945232
    ],
    [
      0.03238706572055877,
      0.02550089610784256,
      0.9991500299112788
    ]
  ],
  "t": [
    [
      0.8473231830903177
    ],
    [
      0.06161792160015467
    ],
    [
      -0.5274909052631798
    ]
  ]
}