{
  "image_1": "frame_094",
  "image_2": "frame_095",
  "num_matches": 1599,
  "inlier_count": 856,
  "inlier_ratio": 0.5353,
  "reproj_rmse": 1.1399,
  "F": [
    [
      1.0002355039055007e-08,
      -7.850199874506014e-07,
      0.002238985047029659
    ],
    [
      9.113070333680777e-07,
      6.137926230889687e-09,
      0.015404575528143056
    ],
    [
      -0.0024266722770425212,
      -0.015953972062141126,
      1.0
    ]
  ],
  "E": [
    [
      -0.0014060628844199754,
      -0.4494472290098139,
      -0.12199252121000041
    ],
    [
      0.43875068260940686,
      -0.003443960591576158,
      -0.5401066820006278
    ],
    [
      0.12453105666691532,
      0.5322907907759576,
      -0.006505057679676134
    ]
  ],
  "R": [
    [
      0.9998341703553658,
      0.0017910362737738883,
      -0.018122471654382466
    ],
    [
      -0.0019353417286818442,
      0.9999665382247931,
      -0.007948388711941076
    ],
    [
      0.01810762939180871,
      0.007982143809085393,
      0.9998041803963513
    ]
  ],
  "t": [
    [
      -0.7524799480276971
    ],
    [
      0.17759926634240478
    ],
    [
      -0.6342179660107983
    ]
  ]
}