{
  "image_1": "frame_007",
  "image_2": "frame_008",
  "num_matches": 1196,
  "inlier_count": 649,
  "inlier_ratio": 0.5426,
  "reproj_rmse": 2.714,
  "F": [
    [
      6.210940640475515e-08,
      -3.3636726729485376e-06,
      0.008021109768617314
    ],
    [
      3.5136959000636434e-06,
      -1.607546982466631e-08,
      0.025264725531981946
    ],
    [
      -0.007976915271786882,
      -0.025876272631110295,
      1.0
    ]
  ],
  "E": [
    [
      0.0065069305828291965,
      -0.5143850059455403,
      0.017045114994651323
    ],
    [
      0.5216855859817408,
      0.00994265896603955,
      0.47704342075881134
    ],
    [
      -0.007276003971554896,
      -0.48495635541263915,
      0.0038013551552161734
    ]
  ],
  "R": [
    [
      0.9998132143449965,
      0.012149484420979535,
      -0.015030849923744094
    ],
    [
      -0.012262211024375351,
      0.9998972084667667,
      -0.007430389031586984
    ],
    [
      0.014939029483853672,
      0.007613312595144762,
      0.9998594215535549
    ]
  ],
  "t": [
    [
      0.685675126525114
    ],
    [
      -0.018701209709774368
    ],
    [
      -0.7276674278955736
    ]
  ]
}