{
  "image_1": "frame_046",
  "image_2": "frame_047",
  "num_matches": 863,
  "inlier_count": 463,
  "inlier_ratio": 0.5365,
  "reproj_rmse": 0.9893,
  "F": [
    [
      -3.0315650389392066e-07,
      -8.725828034909035e-06,
      0.02604435565284245
    ],
    [
      6.785226941156217e-06,
      -1.892910907530987e-06,
      0.250342160131724
    ],
    [
      -0.028274068852448604,
      -0.23921866964023214,
      0.9999999999999999
    ]
  ],
  "E": [
    [
      -0.004593010400874977,
      -0.23283201685472746,
      -0.023156255714481638
    ],
    [
      0.2524014563015205,
      -0.008454799246940965,
      -0.6600305555554491
    ],
    [
      0.039317111683814604,
      0.6665311395050892,
      -0.0020089207857229645
    ]
  ],
  "R": [
    [
      0.9993001738212517,
      -0.022671891534723855,
      0.029751435848603125
    ],
    [
      0.022803332195335167,
      0.9997316199502491,
      -0.0040860876690167625
    ],
    [
      -0.02965081182033702,
      0.004761659992841821,
      0.9995489762650491
    ]
  ],
  "t": [
    [
      0.9436439404971392
    ],
    [
      -0.034108426020008416
    ],
    [
      0.3292001349292992
    ]
  ]
}