{
  "image_1": "frame_027",
  "image_2": "frame_028",
  "num_matches": 835,
  "inlier_count": 498,
  "inlier_ratio": 0.5964,
  "reproj_rmse": 0.6186,
  "F": [
    [
      5.953258854588947e-09,
      1.9750832972003555e-07,
      0.0011084055829500567
    ],
    [
      -1.3156717684409147e-07,
      4.7513928782934736e-08,
      0.01309830686003248
    ],
    [
      -0.0011921049978146404,
      -0.013381839436155549,
      1.0
    ]
  ],
  "E": [
    [
      -9.768861019585956e-05,
      -0.06364846256386476,
      -0.017591234090823495
    ],
    [
      0.05277878522379203,
      -0.009806217941801788,
      -0.7048236193997099
    ],
    [
      0.016479515509464596,
      0.7039923415379554,
      -0.010223709410225589
    ]
  ],
  "R": [
    [
      0.9998824265354085,
      0.0026401194435170215,
      -0.015105061237462886
    ],
    [
      -0.0028535434891022726,
      0.9998961619817243,
      -0.014125244910189827
    ],
    [
      0.015066200424106002,
      0.014166687105354198,
      0.9997861344213769
    ]
  ],
  "t": [
    [
      -0.9956298631051135
    ],
    [
      0.026149701959297462
    ],
    [
      -0.08965137355742443
    ]
  ]
}