{
  "image_1": "frame_037",
  "image_2": "frame_038",
  "num_matches": 1458,
  "inlier_count": 853,
  "inlier_ratio": 0.585,
  "reproj_rmse": 0.7807,
  "F": [
    [
      2.1469211059219557e-08,
      -2.8515341392994617e-06,
      0.008481318378607017
    ],
    [
      2.7410111554271774e-06,
      -6.299394272032319e-08,
      -0.04258994226454994
    ],
    [
      -0.008541746595352515,
      0.04279967866935779,
      1.0
    ]
  ],
  "E": [
    [
      0.0004035115560349991,
      -0.18706031096387338,
      0.03625462162595299
    ],
    [
      0.17760835956819868,
      0.0021330745504470248,
      -0.683440909596098
    ],
    [
      -0.036497229725917096,
      0.6809652335495633,
      0.0027251174870175127
    ]
  ],
  "R": [
    [
      0.9999062879595039,
      -0.000494636687170244,
      -0.013681031890675627
    ],
    [
      0.000539301301718309,
      0.9999945368025408,
      0.0032612143716417522
    ],
    [
      0.01367934403222365,
      -0.0032682869548960117,
      0.9999010920322212
    ]
  ],
  "t": [
    [
      -0.963009739983229
    ],
    [
      -0.0521391157367108
    ],
    [
      -0.2643742674838598
    ]
  ]
}