{
  "image_1": "frame_059",
  "image_2": "frame_060",
  "num_matches": 1156,
  "inlier_count": 727,
  "inlier_ratio": 0.6289,
  "reproj_rmse": 1.8441,
  "F": [
    [
      2.092929011210259e-09,
      6.909012367612692e-07,
      -0.002278637126031397
    ],
    [
      -6.925474245888353e-07,
      3.484627787530757e-10,
      0.011387117108655411
    ],
    [
      0.0021796440379402496,
      -0.011342121593978665,
      1.0
    ]
  ],
  "E": [
    [
      0.0003906654205225,
      0.44083065033642227,
      0.0658524462665822
    ],
    [
      -0.43070135340168725,
      -0.012216628342429902,
      -0.5553894957905559
    ],
    [
      -0.0747933377530728,
      0.5490080144005351,
      -0.014744602821031292
    ]
  ],
  "R": [
    [
      0.9998791183336508,
      -0.003160254616179123,
      0.015223715416475103
    ],
    [
      0.0035362078008886466,
      0.9996878642567602,
      -0.024731948814163518
    ],
    [
      -0.01514080429534198,
      0.024782793396193048,
      0.9995781956389265
    ]
  ],
  "t": [
    [
      -0.776313906129735
    ],
    [
      -0.1085320794549592
    ],
    [
      0.6209327716257016
    ]
  ]
}