{
  "image_1": "frame_116",
  "image_2": "frame_117",
  "num_matches": 873,
  "inlier_count": 428,
  "inlier_ratio": 0.4903,
  "reproj_rmse": 3.0105,
  "F": [
    [
      -1.0028218927103378e-08,
      9.028402934993632e-07,
      -0.001345034826703493
    ],
    [
      -1.0049067654088765e-06,
      2.7551454109134172e-08,
      -0.006554449192844505
    ],
    [
      0.0017527414596696387,
      0.007310113716617702,
      1.0
    ]
  ],
  "E": [
    [
      -0.00641176914578959,
      0.6700419305540394,
      -0.044004942493277334
    ],
    [
      -0.6817502452483182,
      0.018960071285701378,
      -0.1527013301624119
    ],
    [
      0.10833903827330031,
      0.22083368560123404,
      0.010041125889103757
    ]
  ],
  "R": [
    [
      0.9949210631676311,
      0.0029126529281063573,
      -0.10061607485044899
    ],
    [
      0.0066043436208323356,
      0.9955385084822864,
      0.09412470862745186
    ],
    [
      0.10044132969414896,
      -0.09431115831005965,
      0.9904629951227286
    ]
  ],
  "t": [
    [
      0.31326112287888636
    ],
    [
      -0.15191723118219616
    ],
    [
      -0.9374372639076145
    ]
  ]
}