{
  "image_1": "frame_092",
  "image_2": "frame_093",
  "num_matches": 1625,
  "inlier_count": 899,
  "inlier_ratio": 0.5532,
  "reproj_rmse": 1.2059,
  "F": [
    [
      5.1117673442870184e-08,
      1.019311618601444e-06,
      -0.0016248873322128893
    ],
    [
      -1.00758428689695e-06,
      4.31169897665174e-08,
      0.007906237646019929
    ],
    [
      0.0010780276539518175,
      -0.007941618565726316,
      1.0
    ]
  ],
  "E": [
    [
      -0.007992363704401515,
      -0.23545619339451673,
      0.21496937573740993
    ],
    [
      0.22497702156172403,
      -0.013286708226986856,
      -0.6350750133150581
    ],
    [
      -0.18262353240769819,
      0.6409518756737035,
      0.0015936459863824417
    ]
  ],
  "R": [
    [
      0.9986182597725094,
      -0.04964087038657794,
      -0.017243991306765405
    ],
    [
      0.04959065173606669,
      0.998764082090671,
      -0.00332800029621938
    ],
    [
      0.017387883980432006,
      0.002468261096899571,
      0.9998457726958895
    ]
  ],
  "t": [
    [
      -0.8925073339902575
    ],
    [
      -0.3029472911747298
    ],
    [
      -0.33414607216529785
    ]
  ]
}