{
  "image_1": "frame_042",
  "image_2": "frame_043",
  "num_matches": 1284,
  "inlier_count": 817,
  "inlier_ratio": 0.6363,
  "reproj_rmse": 0.9135,
  "F": [
    [
      -4.1702273019998523e-08,
      -3.190300079552473e-06,
      0.005133056248063675
    ],
    [
      3.190236035481055e-06,
      -3.128245777137411e-08,
      -0.016459473156838756
    ],
    [
      -0.00527649998965114,
      0.0170652143777678,
      1.0
    ]
  ],
  "E": [
    [
      0.001174955040864442,
      0.032252170641098026,
      -0.04492328894266607
    ],
    [
      -0.01632189931086649,
      0.03147038432302804,
      -0.7046968353065326
    ],
    [
      0.05240132906097664,
      0.7037776397064077,
      0.03220295738730768
    ]
  ],
  "R": [
    [
      0.9997680900526853,
      -0.009507291269219675,
      0.01932297919906899
    ],
    [
      0.008641383707346267,
      0.9989759186617962,
      0.04441216524155135
    ],
    [
      -0.019725430287520836,
      -0.04423488834102184,
      0.9988264023610056
    ]
  ],
  "t": [
    [
      0.9969356198673632
    ],
    [
      -0.06550695873683494
    ],
    [
      -0.04275755134156676
    ]
  ]
}