{
  "image_1": "frame_021",
  "image_2": "frame_023",
  "num_matches": 622,
  "inlier_count": 401,
  "inlier_ratio": 0.6447,
  "reproj_rmse": 0.9085,
  "F": [
    [
      2.432384103122632e-09,
      1.304672186741093e-07,
      0.0009289488419882588
    ],
    [
      -8.74850263186333e-08,
      -9.25800885696444e-09,
      0.014191024312677167
    ],
    [
      -0.000890752245874326,
      -0.014211116696079124,
      0.9999999999999999
    ]
  ],
  "E": [
    [
      2.5253899714331254e-06,
      -0.08764342464734491,
      -0.053835059659216124
    ],
    [
      0.07782495755329936,
      -0.01639516344923365,
      -0.7003884297865375
    ],
    [
      0.050431309964798145,
      0.699782339332169,
      -0.017671983863621288
    ]
  ],
  "R": [
    [
      0.9998955735636366,
      0.007584703640218932,
      -0.01230098526688514
    ],
    [
      -0.007881684610284725,
      0.9996742041144704,
      -0.024276834138829792
    ],
    [
      0.012112845064231381,
      0.02437125148182398,
      0.9996295919417649
    ]
  ],
  "t": [
    [
      0.9893638526459273
    ],
    [
      -0.07912675929732477
    ],
    [
      0.12205786759038015
    ]
  ]
}