{
  "image_1": "frame_031",
  "image_2": "frame_032",
  "num_matches": 1035,
  "inlier_count": 526,
  "inlier_ratio": 0.5082,
  "reproj_rmse": 0.9422,
  "F": [
    [
      2.28500631279725e-09,
      -1.0116678670038108e-06,
      0.0006029390851203452
    ],
    [
      9.684244507909925e-07,
      4.9126660240279945e-08,
      -0.013276251494015033
    ],
    [
      -0.0006793705327450892,
      0.013227417683788094,
      1.0
    ]
  ],
  "E": [
    [
      0.0015421121914858278,
      -0.2853233135568186,
      0.015462787398773974
    ],
    [
      0.2728199168976426,
      0.01575617844547451,
      -0.6517991993605202
    ],
    [
      -0.02445496420923329,
      0.6465339789809302,
      0.014957910387502705
    ]
  ],
  "R": [
    [
      0.9998189232501322,
      0.0044004809200055076,
      -0.01851368355079014
    ],
    [
      -0.003983501011589147,
      0.9997389135315626,
      0.022499699785139816
    ],
    [
      0.01860785937814452,
      -0.022421876335476973,
      0.9995754133785804
    ]
  ],
  "t": [
    [
      0.9147121195619051
    ],
    [
      0.030946389070353967
    ],
    [
      0.4029194203933005
    ]
  ]
}