{
  "image_1": "frame_017",
  "image_2": "frame_018",
  "num_matches": 1213,
  "inlier_count": 725,
  "inlier_ratio": 0.5977,
  "reproj_rmse": 2.2836,
  "F": [
    [
      4.639888328823496e-09,
      -3.4649047268541235e-06,
      0.00553584300905138
    ],
    [
      3.94847375216623e-06,
      -1.7888517760832968e-07,
      0.07493820309311848
    ],
    [
      -0.0063070911405629015,
      -0.07647892419424979,
      1.0
    ]
  ],
  "E": [
    [
      -0.0006297711958372786,
      -0.24415194537011153,
      -0.023405904972158456
    ],
    [
      0.23191188833690757,
      0.0033652468773424306,
      -0.6676204202632551
    ],
    [
      0.022693871332766166,
      0.6631781474639075,
      0.0031389666955266102
    ]
  ],
  "R": [
    [
      0.999827038927882,
      -0.0007976821841269091,
      -0.018581063797227904
    ],
    [
      0.000897276548202805,
      0.999985273928482,
      0.005352272505637601
    ],
    [
      0.01857652075873162,
      -0.0053680191236327775,
      0.9998130311449183
    ]
  ],
  "t": [
    [
      -0.9379142760110077
    ],
    [
      0.031257818523171915
    ],
    [
      -0.3454558721977669
    ]
  ]
}