{
  "image_1": "frame_109",
  "image_2": "frame_110",
  "num_matches": 1132,
  "inlier_count": 718,
  "inlier_ratio": 0.6343,
  "reproj_rmse": 1.5676,
  "F": [
    [
      -1.2345913490645902e-09,
      -1.2557066521368003e-07,
      0.0002560456090294996
    ],
    [
      1.6686656381620504e-07,
      1.6099115741591233e-08,
      0.0026576914612887284
    ],
    [
      -0.00032263558268697917,
      -0.0028242931284802844,
      1.0
    ]
  ],
  "E": [
    [
      0.0009913034197385825,
      0.020857189394560216,
      0.03705873632315887
    ],
    [
      -0.030766671728614116,
      -0.05092972358511559,
      -0.7035469470218126
    ],
    [
      -0.026745016035878214,
      0.7045379092749835,
      -0.0508227512485297
    ]
  ],
  "R": [
    [
      0.999701015037287,
      -0.017881003804476547,
      -0.016677836681123312
    ],
    [
      0.016619853136227547,
      0.9971997414702376,
      -0.07291403221206463
    ],
    [
      0.017934910514082695,
      0.0726150488165909,
      0.9971987733998751
    ]
  ],
  "t": [
    [
      -0.9981890051790994
    ],
    [
      -0.054429192582213355
    ],
    [
      0.025615872704404026
    ]
  ]
}