{
  "image_1": "frame_058",
  "image_2": "frame_059",
  "num_matches": 1270,
  "inlier_count": 765,
  "inlier_ratio": 0.6024,
  "reproj_rmse": 1.3479,
  "F": [
    [
      1.0833889939872844e-08,
      5.41189094136111e-07,
      -0.0015969667303219796
    ],
    [
      -5.391296726280197e-07,
      -1.7643314792345647e-08,
      0.008111142303546582
    ],
    [
      0.0013617856553363996,
      -0.008059777189781611,
      1.0
    ]
  ],
  "E": [
    [
      -0.0009026832763683193,
      0.0826952217998219,
      0.10441619246794245
    ],
    [
      -0.06423376086104123,
      -0.015849186064904406,
      -0.6959118649511313
    ],
    [
      -0.09320760416834087,
      0.6960744421828085,
      -0.019497721839571002
    ]
  ],
  "R": [
    [
      0.9995605087232511,
      -0.018418436064918275,
      0.023228228814050955
    ],
    [
      0.018987394034318344,
      0.9995190989007563,
      -0.02451631702367444
    ],
    [
      -0.022765506115632994,
      0.02494658584941611,
      0.9994295370789062
    ]
  ],
  "t": [
    [
      -0.9820976979963638
    ],
    [
      -0.15052909012523155
    ],
    [
      0.11324797842042521
    ]
  ]
}