{
  "image_1": "frame_104",
  "image_2": "frame_105",
  "num_matches": 1238,
  "inlier_count": 715,
  "inlier_ratio": 0.5775,
  "reproj_rmse": 1.65,
  "F": [
    [
      3.326733415269175e-08,
      1.0519908899697792e-06,
      0.004502836904126358
    ],
    [
      -8.99500981981449e-07,
      -4.5460633210070396e-08,
      0.038004961206699266
    ],
    [
      -0.00509467132628149,
      -0.03834463407181808,
      1.0
    ]
  ],
  "E": [
    [
      -0.0027860063629321415,
      -0.2604700294724018,
      -0.08730854059936796
    ],
    [
      0.2536567040531269,
      0.00032896218500957556,
      -0.6543558033058486
    ],
    [
      0.09107168221659047,
      0.6509270659918862,
      0.0011726311346366214
    ]
  ],
  "R": [
    [
      0.9999158029077596,
      -0.0070416544610130555,
      -0.010899642094212958
    ],
    [
      0.00707741960262058,
      0.9999696856131923,
      0.003246226489612744
    ],
    [
      0.010876452873004483,
      -0.003323094507400634,
      0.9999353278166524
    ]
  ],
  "t": [
    [
      -0.9214388972184757
    ],
    [
      0.12228369435653703
    ],
    [
      -0.3687777878171575
    ]
  ]
}