{
  "image_1": "frame_038",
  "image_2": "frame_039",
  "num_matches": 1750,
  "inlier_count": 1028,
  "inlier_ratio": 0.5874,
  "reproj_rmse": 1.0509,
  "F": [
    [
      3.428258215024175e-08,
      -6.527116669201061e-07,
      0.007739186124890172
    ],
    [
      6.830120885953708e-07,
      -2.596669867511466e-09,
      0.005401206178696032
    ],
    [
      -0.007994610715173343,
      -0.005581390522259823,
      1.0
    ]
  ],
  "E": [
    [
      -0.005393711756942152,
      -0.18540649032834022,
      -0.43521344889196945
    ],
    [
      0.17707376613679832,
      -0.0010451865385613778,
      -0.5279612342951885
    ],
    [
      0.43440125276898806,
      0.5266182851562194,
      -0.0073520382041464
    ]
  ],
  "R": [
    [
      0.9999063241104225,
      0.0024999230495215685,
      -0.013457094364285854
    ],
    [
      -0.0025382391806729743,
      0.9999927714913884,
      -0.0028309551097965013
    ],
    [
      0.013449919919632125,
      0.002864847241731694,
      0.9999054416815807
    ]
  ],
  "t": [
    [
      -0.743215439987682
    ],
    [
      0.6162803323337244
    ],
    [
      -0.2604407067694111
    ]
  ]
}