{
  "image_1": "frame_051",
  "image_2": "frame_052",
  "num_matches": 1491,
  "inlier_count": 891,
  "inlier_ratio": 0.5976,
  "reproj_rmse": 0.5112,
  "F": [
    [
      8.462105824201494e-09,
      5.947151342355352e-07,
      -0.0021057816154956715
    ],
    [
      -5.356287101920799e-07,
      6.086488418568346e-08,
      -0.008367733499460211
    ],
    [
      0.0020474654534241243,
      0.008014812494388094,
      1.0
    ]
  ],
  "E": [
    [
      0.0008747696887922023,
      -0.05886891371031448,
      -0.08454788076355584
    ],
    [
      0.0689286084603946,
      0.01505369672732319,
      -0.6986349362024673
    ],
    [
      0.08447481712567466,
      0.6992277032951949,
      0.01616863998582036
    ]
  ],
  "R": [
    [
      0.999929033417645,
      -0.0020069392723096324,
      0.011743096832227296
    ],
    [
      0.0017515859038754744,
      0.9997626671748794,
      0.021715001040584124
    ],
    [
      -0.011783890498267016,
      -0.02169289095829533,
      0.9996952327617633
    ]
  ],
  "t": [
    [
      0.9893284001127604
    ],
    [
      -0.1177408940470612
    ],
    [
      0.08582772628541756
    ]
  ]
}