{
  "image_1": "frame_050",
  "image_2": "frame_051",
  "num_matches": 1109,
  "inlier_count": 730,
  "inlier_ratio": 0.6583,
  "reproj_rmse": 0.6287,
  "F": [
    [
      3.6763118504843733e-09,
      -7.101518261628919e-07,
      -2.2557883737032922e-05
    ],
    [
      7.951673865015448e-07,
      4.579917249219272e-08,
      -0.014044095049572311
    ],
    [
      -0.00010351299160035778,
      0.013879057694613993,
      1.0
    ]
  ],
  "E": [
    [
      0.0013879657642175114,
      -0.04694021388954751,
      -0.06450949518956844
    ],
    [
      0.06416350288376423,
      0.013800643927218883,
      -0.7011772961397544
    ],
    [
      0.06440370612461149,
      0.7023481133784394,
      0.01534573802760404
    ]
  ],
  "R": [
    [
      0.9997409222789315,
      -0.0016386800311522232,
      0.022702489921305455
    ],
    [
      0.0011894502125301132,
      0.9998035090248176,
      0.019787080377188807
    ],
    [
      -0.022730453780410678,
      -0.019754950504036407,
      0.9995464313384945
    ]
  ],
  "t": [
    [
      0.9936128168471136
    ],
    [
      -0.08992203848915092
    ],
    [
      0.06817328795869965
    ]
  ]
}