{
  "image_1": "frame_068",
  "image_2": "frame_069",
  "num_matches": 1369,
  "inlier_count": 769,
  "inlier_ratio": 0.5617,
  "reproj_rmse": 1.4034,
  "F": [
    [
      3.929668675944475e-08,
      -1.057115956309108e-06,
      0.002393081512210824
    ],
    [
      1.072624687769424e-06,
      7.852704184527888e-08,
      -0.01314811669708498
    ],
    [
      -0.0029953479725649546,
      0.012950220867926578,
      1.0
    ]
  ],
  "E": [
    [
      0.0032681533796056965,
      -0.1189908659748572,
      0.09383287910485169
    ],
    [
      0.13053690286379505,
      0.003804553919809895,
      -0.6886119174272957
    ],
    [
      -0.12140211758425512,
      0.6863217717465296,
      -0.003017415616236326
    ]
  ],
  "R": [
    [
      0.9990468201937399,
      0.04042582209168891,
      0.01646827158472075
    ],
    [
      -0.04039603989725846,
      0.9991814610635883,
      -0.002137247634828008
    ],
    [
      -0.01654119165586515,
      0.00146995749756643,
      0.999862104594208
    ]
  ],
  "t": [
    [
      0.9767557358796861
    ],
    [
      0.13235761812079586
    ],
    [
      0.16861107126023
    ]
  ]
}