{
  "image_1": "frame_054",
  "image_2": "frame_055",
  "num_matches": 1366,
  "inlier_count": 849,
  "inlier_ratio": 0.6215,
  "reproj_rmse": 0.5275,
  "F": [
    [
      6.008644118430197e-08,
      4.605759193642465e-06,
      -0.003629593929461356
    ],
    [
      -4.274771175636876e-06,
      4.304745901978745e-07,
      -0.08336926279522665
    ],
    [
      0.004417014881563812,
      0.08133594797226233,
      1.0
    ]
  ],
  "E": [
    [
      0.0007961892281884366,
      0.044616078291356394,
      -0.00981986615941564
    ],
    [
      -0.03214195361966667,
      0.0048920004342685635,
      -0.7062867062282318
    ],
    [
      0.01989478349517465,
      0.7054057460246654,
      0.004617866263413865
    ]
  ],
  "R": [
    [
      0.9997490400235587,
      -0.01398985221992179,
      0.017496885632505475
    ],
    [
      0.013881588369882028,
      0.9998838378364682,
      0.006293833310812235
    ],
    [
      -0.017582902954331,
      -0.006049369246447688,
      0.9998271083819537
    ]
  ],
  "t": [
    [
      -0.9979101581497464
    ],
    [
      0.01428647992845817
    ],
    [
      0.06301755908317651
    ]
  ]
}