{
  "image_1": "frame_025",
  "image_2": "frame_026",
  "num_matches": 1032,
  "inlier_count": 598,
  "inlier_ratio": 0.5795,
  "reproj_rmse": 0.6611,
  "F": [
    [
      2.3742688940375743e-08,
      1.9225901939670714e-06,
      -0.001791739995954182
    ],
    [
      -1.7109880489363217e-06,
      -9.123808611424833e-08,
      0.03674139434898649
    ],
    [
      0.0010965297195640285,
      -0.036732436032196,
      1.0
    ]
  ],
  "E": [
    [
      -0.0013734936542714904,
      -0.15329300928194647,
      0.010340416545030729
    ],
    [
      0.13617375367314086,
      -0.0012694517966811729,
      -0.6937919635592978
    ],
    [
      -0.003039232283253818,
      0.6902831486941439,
      0.0004346324946212117
    ]
  ],
  "R": [
    [
      0.9996376712039321,
      -0.01062493280767406,
      -0.02473129824354728
    ],
    [
      0.010634557288132115,
      0.9999434182986372,
      0.0002576674637757015
    ],
    [
      0.02472716120512633,
      -0.0005205805114144869,
      0.9996941014603751
    ]
  ],
  "t": [
    [
      -0.9761070050011339
    ],
    [
      -0.01468390978156402
    ],
    [
      -0.21679367514123396
    ]
  ]
}