{
  "image_1": "frame_089",
  "image_2": "frame_090",
  "num_matches": 1443,
  "inlier_count": 619,
  "inlier_ratio": 0.429,
  "reproj_rmse": 1.7643,
  "F": [
    [
      -1.8970974711009468e-08,
      1.711695132406598e-06,
      0.0004575227062035105
    ],
    [
      -1.6995045946524993e-06,
      -1.4851213341652326e-08,
      0.00596224548277704
    ],
    [
      -0.0007084135661358181,
      -0.006509489765724768,
      0.9999999999999999
    ]
  ],
  "E": [
    [
      0.006590958802104576,
      -0.11526993687566414,
      -0.22731947298689137
    ],
    [
      0.12316550120606724,
      -0.02834211029539726,
      -0.6558203549678304
    ],
    [
      0.23044212822690768,
      0.6597816871743201,
      -0.02250455575884285
    ]
  ],
  "R": [
    [
      0.9996261915941463,
      0.0037506129853127623,
      0.027081543183839957
    ],
    [
      -0.002565691066326148,
      0.9990432940910413,
      -0.04365677222462757
    ],
    [
      -0.027219373768254562,
      0.04357097008278875,
      0.998679466224128
    ]
  ],
  "t": [
    [
      0.9327328214614453
    ],
    [
      -0.32841024985986855
    ],
    [
      0.1488495601456399
    ]
  ]
}