{
  "image_1": "frame_004",
  "image_2": "frame_005",
  "num_matches": 2000,
  "inlier_count": 1351,
  "inlier_ratio": 0.6755,
  "reproj_rmse": 2.3876,
  "F": [
    [
      -7.015397039695815e-09,
      -3.991596597596192e-06,
      0.0073816646682316744
    ],
    [
      4.067447959359063e-06,
      2.4448697117961106e-08,
      0.023738075487255542
    ],
    [
      -0.007471449278534081,
      -0.024031104319612705,
      1.0
    ]
  ],
  "E": [
    [
      0.0010027475170294102,
      0.5019254633739128,
      -0.07876191496980904
    ],
    [
      -0.5056058166915058,
      -0.0013843842157768552,
      -0.4884845219203882
    ],
    [
      0.07725490585844648,
      0.4915588834101878,
      -0.0034119757016739327
    ]
  ],
  "R": [
    [
      0.9999739045795691,
      -0.0030270633486563364,
      -0.006559500543035501
    ],
    [
      0.002988197077699206,
      0.9999779709684904,
      -0.005926909478444944
    ],
    [
      0.0065772971740442054,
      0.005907153732896353,
      0.9999609215847688
    ]
  ],
  "t": [
    [
      0.6955089998908637
    ],
    [
      -0.10717941455576041
    ],
    [
      -0.7104785740374546
    ]
  ]
}