{
  "image_1": "frame_034",
  "image_2": "frame_035",
  "num_matches": 1079,
  "inlier_count": 583,
  "inlier_ratio": 0.5403,
  "reproj_rmse": 0.6993,
  "F": [
    [
      1.1563000958685833e-08,
      4.332270112320117e-06,
      -0.00649015512663684
    ],
    [
      -4.178325968678402e-06,
      1.1286102889172425e-08,
      0.05560281909936323
    ],
    [
      0.006041330411358228,
      -0.05566821994374696,
      1.0
    ]
  ],
  "E": [
    [
      -0.0011528784176793178,
      -0.3033925383274198,
      0.026840480422387538
    ],
    [
      0.29548655715829514,
      -0.00394114921525362,
      -0.6418830445885534
    ],
    [
      -0.022556423618077217,
      0.6382601667469296,
      -0.0021710408489978195
    ]
  ],
  "R": [
    [
      0.999909955539325,
      -0.004904665883840972,
      -0.012490999396075286
    ],
    [
      0.004856239035876619,
      0.9999805864099802,
      -0.0039043239591770532
    ],
    [
      0.012509906305456009,
      0.0038433131175673943,
      0.9999143619273146
    ]
  ],
  "t": [
    [
      0.9024757361495075
    ],
    [
      0.036285505406944654
    ],
    [
      0.4292096314841582
    ]
  ]
}