{
  "image_1": "frame_073",
  "image_2": "frame_074",
  "num_matches": 1408,
  "inlier_count": 954,
  "inlier_ratio": 0.6776,
  "reproj_rmse": 0.9162,
  "F": [
    [
      7.651863269534573e-09,
      6.134559027779443e-08,
      -0.0014902674725912341
    ],
    [
      -1.245554234373992e-07,
      -2.0567813422965078e-08,
      0.013952002168522137
    ],
    [
      0.0012983011036791588,
      -0.013680801273799115,
      1.0
    ]
  ],
  "E": [
    [
      -0.005416209123150288,
      -0.28054722680589905,
      0.07978369904554382
    ],
    [
      0.2903730706323784,
      -0.015494036423933244,
      -0.6401721138975323
    ],
    [
      -0.06486092211863462,
      0.6451126738947228,
      -0.012010729118920859
    ]
  ],
  "R": [
    [
      0.9997894482993065,
      -0.01546701974423341,
      0.013484449176728974
    ],
    [
      0.015696433820823807,
      0.9997309674397938,
      -0.017076729991502483
    ],
    [
      -0.013216695300898362,
      0.017284792221073257,
      0.9997632494361841
    ]
  ],
  "t": [
    [
      0.9109319179574993
    ],
    [
      0.10604790686083969
    ],
    [
      0.3986939707303167
    ]
  ]
}