{
  "image_1": "frame_018",
  "image_2": "frame_019",
  "num_matches": 1332,
  "inlier_count": 794,
  "inlier_ratio": 0.5961,
  "reproj_rmse": 2.1619,
  "F": [
    [
      -9.473834455736217e-08,
      -2.5852446086331745e-05,
      0.0025687693039347496
    ],
    [
      2.348714825004165e-05,
      -1.0996161370790417e-06,
      -1.2367801409551369
    ],
    [
      0.0022132389016009785,
      1.2558482415120902,
      1.0
    ]
  ],
  "E": [
    [
      -0.00043505874319429825,
      -0.13980869080786004,
      0.0028473437013022064
    ],
    [
      0.13662469949495315,
      0.004416553157024359,
      -0.6937575540128859
    ],
    [
      -0.0015826452857151201,
      0.6931332014575319,
      0.004871898977159803
    ]
  ],
  "R": [
    [
      0.9999843743396094,
      -0.0032050475971018176,
      -0.004580256163145585
    ],
    [
      0.003237080316292766,
      0.99997023615265,
      0.007003436287926894
    ],
    [
      0.004557673490454411,
      -0.007018153511679269,
      0.9999649859538289
    ]
  ],
  "t": [
    [
      -0.9802502061538473
    ],
    [
      -0.005411431632043341
    ],
    [
      -0.19768725235338658
    ]
  ]
}