{
  "image_1": "frame_084",
  "image_2": "frame_085",
  "num_matches": 1900,
  "inlier_count": 1084,
  "inlier_ratio": 0.5705,
  "reproj_rmse": 1.6448,
  "F": [
    [
      1.8695357412334634e-08,
      -2.6999266574314883e-07,
      0.0013797069013614745
    ],
    [
      2.5865807748541666e-07,
      2.062211758648545e-08,
      -0.00234898591607981
    ],
    [
      -0.0016353973128299813,
      0.002296556890699025,
      1.0
    ]
  ],
  "E": [
    [
      0.042327499092976596,
      -0.6396086906179227,
      0.03419475451790776
    ],
    [
      0.6407641531695115,
      0.017499473894398824,
      0.28566738016972865
    ],
    [
      -0.06756430450561685,
      -0.30059301685508266,
      -0.02297702717921556
    ]
  ],
  "R": [
    [
      0.9977521081816554,
      0.06520093529801348,
      -0.015478005534517947
    ],
    [
      -0.06372234223052206,
      0.9945927049688938,
      0.08200496523574101
    ],
    [
      0.020741111824551017,
      -0.08083433217960755,
      0.9965117244776192
    ]
  ],
  "t": [
    [
      0.4193800769541841
    ],
    [
      -0.12254971505412786
    ],
    [
      -0.8995009274003305
    ]
  ]
}