{
  "image_1": "frame_008",
  "image_2": "frame_009",
  "num_matches": 967,
  "inlier_count": 464,
  "inlier_ratio": 0.47983453981385726,
  "reproj_rmse": 1.1961373488991187,
  "F": [
    [
      4.460679946038001e-07,
      -2.0914435167020352e-05,
      0.001886530811667895
    ],
    [
      2.457548248629142e-05,
      4.042191539985971e-07,
      -0.06220326088608198
    ],
    [
      -0.0038878310872729697,
      0.06127074274713281,
      0.9999999999999999
    ]
  ],
  "E": [
    [
      -0.0001294676848365661,
      0.07279857510592065,
      -0.08424911001666868
    ],
    [
      -0.0722499351712269,
      0.008859765640853126,
      -0.6981740868863376
    ],
    [
      0.08454641389593888,
      0.6983052476679007,
      0.00886109247470541
    ]
  ],
  "R": [
    [
      0.9999993052838088,
      0.0009065685598751427,
      -0.0007533693291980337
    ],
    [
      -0.0008968654369838069,
      0.9999179087924968,
      0.012781678623265283
    ],
    [
      0.0007648949521824322,
      -0.012780994072713197,
      0.9999180272033431
    ]
  ],
  "t": [
    0.9875246206166867,
    -0.12045244556231174,
    -0.10142155606145756
  ]
}