{
  "image_1": "frame_142",
  "image_2": "frame_143",
  "num_matches": 1669,
  "inlier_count": 816,
  "inlier_ratio": 0.4889155182744158,
  "reproj_rmse": 0.4284043591683713,
  "F": [
    [
      3.437155773729169e-08,
      4.832005620697527e-06,
      -0.0030818912092121778
    ],
    [
      -1.6242115380877115e-06,
      5.706880944979686e-07,
      -0.04744042159942245
    ],
    [
      0.0013765324912428693,
      0.04599845114872789,
      1.0
    ]
  ],
  "E": [
    [
      0.0012169816086978083,
      0.013065860739246747,
      -0.0271801131193711
    ],
    [
      0.019649837209350676,
      0.005603288005952489,
      -0.7062836623106483
    ],
    [
      0.02514717464118738,
      0.7065099275983904,
      0.006801537799208092
    ]
  ],
  "R": [
    [
      0.9989376978827862,
      0.002657227506583544,
      0.046004509459593806
    ],
    [
      -0.003021439017546375,
      0.9999646303317059,
      0.007849139560365601
    ],
    [
      -0.045982025345811556,
      -0.007979801222656614,
      0.9989103944386325
    ]
  ],
  "t": [
    -0.9990886283906197,
    0.038623190293560684,
    0.01817035475981426
  ]
}