{
  "image_1": "frame_088",
  "image_2": "frame_089",
  "num_matches": 1194,
  "inlier_count": 617,
  "inlier_ratio": 0.516750418760469,
  "reproj_rmse": 0.5272402596002635,
  "F": [
    [
      -2.873247226612532e-07,
      2.3900184047375788e-05,
      -0.0037485851510236185
    ],
    [
      -2.2024260638025456e-05,
      1.7510945983165366e-06,
      -0.11006923414555138
    ],
    [
      0.002287752616989334,
      0.10753943731340833,
      1.0
    ]
  ],
  "E": [
    [
      -0.0017876739550476087,
      0.06347297722526538,
      0.03237342591394729
    ],
    [
      -0.03255558440513302,
      0.0020999790315720294,
      -0.7056195714203938
    ],
    [
      -0.036263375478469806,
      0.7033071243330917,
      0.0008646273284855262
    ]
  ],
  "R": [
    [
      0.9990136535310329,
      0.005674637447245598,
      0.04403996535442664
    ],
    [
      -0.005823150523339302,
      0.9999777812438433,
      0.0032446782001868137
    ],
    [
      -0.04402057446875578,
      -0.003497929170602593,
      0.9990245009582888
    ]
  ],
  "t": [
    -0.9949069772381592,
    -0.04553557819066701,
    0.0899256234989239
  ]
}