{
  "image_1": "frame_061",
  "image_2": "frame_062",
  "num_matches": 1241,
  "inlier_count": 634,
  "inlier_ratio": 0.5108783239323127,
  "reproj_rmse": 0.49409215868809736,
  "F": [
    [
      -1.1460151190448928e-07,
      -1.1144186701162804e-05,
      0.009399731339044419
    ],
    [
      1.4068500315404604e-05,
      -8.649982639958616e-08,
      -0.0653510337638643
    ],
    [
      -0.01122077620558446,
      0.06432219129727047,
      1.0
    ]
  ],
  "E": [
    [
      -0.004049364416337051,
      0.023129479543980088,
      0.07066453628717878
    ],
    [
      0.01591303954647331,
      0.007917006266654049,
      -0.7033575602829889
    ],
    [
      -0.07210085666513083,
      0.7030034012139497,
      0.003882790474231065
    ]
  ],
  "R": [
    [
      0.9983936750468744,
      0.0017795884076984986,
      0.05662952137794436
    ],
    [
      -0.002417638726765925,
      0.9999343488299942,
      0.011200582704583567
    ],
    [
      -0.0566058711564684,
      -0.011319500653057245,
      0.9983324317358335
    ]
  ],
  "t": [
    -0.9944396946373223,
    -0.09972199937357232,
    0.03384104860323525
  ]
}