{
  "image_1": "frame_122",
  "image_2": "frame_123",
  "num_matches": 1443,
  "inlier_count": 717,
  "inlier_ratio": 0.4968814968814969,
  "reproj_rmse": 0.5190751314694048,
  "F": [
    [
      1.1916407903880803e-06,
      4.1758557606137684e-05,
      -0.05342132043342966
    ],
    [
      -3.4758803913273294e-05,
      -1.389588251150014e-06,
      -0.18127961005743026
    ],
    [
      0.04886722546879563,
      0.1795092816579112,
      1.0
    ]
  ],
  "E": [
    [
      0.002788734637650193,
      0.055117300729933774,
      -0.08937932739985618
    ],
    [
      -0.03449990703593366,
      -0.005294769114810815,
      -0.7006148530633449
    ],
    [
      0.08996991573253957,
      0.6991313983798738,
      -0.0026255507913801497
    ]
  ],
  "R": [
    [
      0.9995359706840021,
      -0.001216918860759697,
      0.030436202412188418
    ],
    [
      0.001449736805902671,
      0.9999698518358026,
      -0.007628478398514984
    ],
    [
      -0.03042600157731854,
      0.007669063043769938,
      0.9995076007214991
    ]
  ],
  "t": [
    -0.9889040822576435,
    0.1258614277812102,
    0.07891525258809552
  ]
}