{
  "image_1": "frame_127",
  "image_2": "frame_128",
  "num_matches": 1792,
  "inlier_count": 808,
  "inlier_ratio": 0.45089285714285715,
  "reproj_rmse": 0.3465856088798801,
  "F": [
    [
      -3.60702767728119e-08,
      -2.083219435553836e-05,
      0.013281698928719141
    ],
    [
      2.2392291264201263e-05,
      9.463099108147308e-07,
      -0.07917995906196451
    ],
    [
      -0.014337487404195073,
      0.07809471828795525,
      1.0
    ]
  ],
  "E": [
    [
      -0.0006213278999831954,
      -0.2080054228445062,
      0.04561530626347864
    ],
    [
      0.2214942284783254,
      0.007738133510159976,
      -0.6697655618040819
    ],
    [
      -0.049114597638390746,
      0.6741617720751926,
      0.006386194993574833
    ]
  ],
  "R": [
    [
      0.9997813072210218,
      0.0015864715340059427,
      0.02085235812794889
    ],
    [
      -0.0018151562601948779,
      0.9999383720330258,
      0.010952503991915094
    ],
    [
      -0.020833697203700985,
      -0.010987959046776116,
      0.9997225724253758
    ]
  ],
  "t": [
    -0.9535749596685178,
    -0.06774245731934819,
    -0.293437822663543
  ]
}