{
  "image_1": "frame_079",
  "image_2": "frame_080",
  "num_matches": 1531,
  "inlier_count": 752,
  "inlier_ratio": 0.49118223383409537,
  "reproj_rmse": 0.5395100704947232,
  "F": [
    [
      6.906951984218941e-08,
      9.94018835530167e-05,
      -0.06380148887111974
    ],
    [
      -0.00010039730342057466,
      2.4676805696332743e-06,
      0.14206228171355845
    ],
    [
      0.06389277331706658,
      -0.14420434416634773,
      1.0
    ]
  ],
  "E": [
    [
      -0.006535407850136434,
      -0.054164032238490034,
      0.17941979384424186
    ],
    [
      0.07834412991375242,
      0.002506660519447565,
      -0.6793754759357741
    ],
    [
      -0.1798906605105484,
      0.6817328791280238,
      -0.00407333620286529
    ]
  ],
  "R": [
    [
      0.9993342580928,
      0.00026979877894114934,
      0.0364824315353556
    ],
    [
      -0.00040297654129939353,
      0.9999932824788833,
      0.003643158933562707
    ],
    [
      -0.036481203544019555,
      -0.003655435094064699,
      0.9993276537663975
    ]
  ],
  "t": [
    -0.9641909392156617,
    -0.25418448677343963,
    -0.07567086241178389
  ]
}