{
  "image_1": "frame_206",
  "image_2": "frame_207",
  "num_matches": 1346,
  "inlier_count": 675,
  "inlier_ratio": 0.5014858841010401,
  "reproj_rmse": 0.35060346165340556,
  "F": [
    [
      1.5820823432472822e-06,
      -6.431359479534344e-05,
      0.04828313776490653
    ],
    [
      6.633510756526555e-05,
      1.4732384653274767e-06,
      0.07607395608594747
    ],
    [
      -0.04847055104796684,
      -0.07943616713276404,
      1.0
    ]
  ],
  "E": [
    [
      -0.008991993145346454,
      0.3664276980737614,
      -0.08751982363382811
    ],
    [
      -0.375300352320756,
      -0.006368802953126612,
      -0.5926955879197687
    ],
    [
      0.07591808798158033,
      0.6000396780383551,
      0.0001388124302145985
    ]
  ],
  "R": [
    [
      0.9996663189955739,
      0.020908456193780386,
      -0.015168623056568464
    ],
    [
      -0.02087327412386951,
      0.9997790683769278,
      0.002474037734563367
    ],
    [
      0.015217000137651815,
      -0.0021565933680258442,
      0.9998818890308272
    ]
  ],
  "t": [
    -0.846156210891041,
    0.12506817306813936,
    0.5180517530671178
  ]
}