{
  "image_1": "frame_118",
  "image_2": "frame_119",
  "num_matches": 1431,
  "inlier_count": 713,
  "inlier_ratio": 0.49825296995108315,
  "reproj_rmse": 0.3861031573942061,
  "F": [
    [
      2.1731660291016835e-07,
      8.516503474443163e-06,
      -0.0071948917030673605
    ],
    [
      -6.6094218251871245e-06,
      6.71230758660008e-07,
      -0.026076881526638
    ],
    [
      0.006277924288103261,
      0.024566833210096513,
      1.0
    ]
  ],
  "E": [
    [
      0.005651732518388264,
      0.07110719859656119,
      -0.08096309212165367
    ],
    [
      -0.023837232685752073,
      0.00834927411310411,
      -0.7018848089862749
    ],
    [
      0.08413663539037938,
      0.6984349743263103,
      0.01364573333877893
    ]
  ],
  "R": [
    [
      0.9978089237240764,
      -0.004122107479969231,
      0.06603302178852508
    ],
    [
      0.0033512192774411143,
      0.9999249882359057,
      0.01178079924192851
    ],
    [
      -0.06607663025574739,
      -0.011533695476632673,
      0.9977478904025292
    ]
  ],
  "t": [
    -0.9882882190347008,
    0.11592921007209302,
    0.09923111593285489
  ]
}