{
  "image_1": "frame_170",
  "image_2": "frame_171",
  "num_matches": 1539,
  "inlier_count": 759,
  "inlier_ratio": 0.49317738791423,
  "reproj_rmse": 0.47777677337988295,
  "F": [
    [
      2.208686135652131e-06,
      -0.000529695142055383,
      0.19262872570098752
    ],
    [
      0.00046692792737323036,
      1.561134604732405e-05,
      0.9624582523697695
    ],
    [
      -0.16103874988643696,
      -0.9432092664389702,
      1.0
    ]
  ],
  "E": [
    [
      -0.005018913766270648,
      0.18650418938519045,
      0.10857721125304981
    ],
    [
      -0.15013932953412754,
      -0.0063663411608667975,
      -0.6820412498114459
    ],
    [
      -0.1078314838276864,
      0.673685809954885,
      -0.01261636186652883
    ]
  ],
  "R": [
    [
      0.9986424005183733,
      -0.0033870814462938215,
      0.05197964569114363
    ],
    [
      0.003922245907078792,
      0.9999403157623039,
      -0.010197102540831934
    ],
    [
      -0.051942004908792944,
      0.010387135912272173,
      0.9985960822743073
    ]
  ],
  "t": [
    -0.9522625552261207,
    -0.1564441432774461,
    0.2621473935563833
  ]
}