{
  "image_1": "frame_182",
  "image_2": "frame_183",
  "num_matches": 1435,
  "inlier_count": 654,
  "inlier_ratio": 0.45574912891986064,
  "reproj_rmse": 0.6919728623928568,
  "F": [
    [
      -3.2685126792888476e-06,
      0.00010105629315960614,
      0.02951597396355811
    ],
    [
      -6.482231430272428e-05,
      7.002299530900871e-07,
      -0.7081924029379204
    ],
    [
      -0.041096861689877674,
      0.6973908607477688,
      1.0
    ]
  ],
  "E": [
    [
      -0.0016576137075877168,
      0.10582769162715004,
      0.08710202015508604
    ],
    [
      -0.08029581064786297,
      0.002053584483875386,
      -0.6971188417193378
    ],
    [
      -0.07684218613860941,
      0.6948917609352192,
      -0.00232275771800559
    ]
  ],
  "R": [
    [
      0.9992164600399415,
      -0.014620292735250728,
      0.03677924721338649
    ],
    [
      0.014583600540581734,
      0.9998928525244184,
      0.0012657274012574764
    ],
    [
      -0.03679381171502333,
      -0.000728361803716767,
      0.9993226130277261
    ]
  ],
  "t": [
    -0.9810310801259737,
    -0.12307466110512266,
    0.149768646988362
  ]
}