{
  "image_1": "frame_080",
  "image_2": "frame_081",
  "num_matches": 1289,
  "inlier_count": 654,
  "inlier_ratio": 0.5073700543056633,
  "reproj_rmse": 0.6037529186996584,
  "F": [
    [
      9.423583827547998e-08,
      -2.2368250118223916e-05,
      0.013714123578691315
    ],
    [
      2.453595822258668e-05,
      1.8132284300992437e-06,
      -0.06342694004062728
    ],
    [
      -0.01551866396463531,
      0.06155993918642946,
      1.0
    ]
  ],
  "E": [
    [
      0.003273276317140314,
      -0.04830756023160577,
      -0.05020578273562287
    ],
    [
      0.08708645332807224,
      0.004783947702896852,
      -0.6999224757497948
    ],
    [
      0.042218735158784416,
      0.704138312225714,
      0.006591794553186193
    ]
  ],
  "R": [
    [
      0.998438066739137,
      0.010653582014659602,
      0.05484458110398424
    ],
    [
      -0.010969890902366858,
      0.999924869948315,
      0.0054695477359469145
    ],
    [
      -0.054782190352383256,
      -0.006062643738713199,
      0.9984799226679986
    ]
  ],
  "t": [
    -0.9951231528474501,
    0.0707331807766483,
    -0.06875120220162163
  ]
}