{
  "image_1": "frame_086",
  "image_2": "frame_087",
  "num_matches": 1369,
  "inlier_count": 607,
  "inlier_ratio": 0.44338933528122715,
  "reproj_rmse": 0.7300228944333539,
  "F": [
    [
      2.631520776711936e-08,
      -8.692718984046194e-07,
      -0.0017838043458395475
    ],
    [
      1.5526424247771332e-06,
      1.7942788800424492e-06,
      -0.05670939775538668
    ],
    [
      0.0013062620848641043,
      0.05478088006010019,
      1.0
    ]
  ],
  "E": [
    [
      0.00023965900687217783,
      0.20502315859828352,
      -0.060421878741263264
    ],
    [
      -0.1958195124852353,
      0.006505585712219906,
      -0.6765346814654285
    ],
    [
      0.06072526811816435,
      0.6741508731866677,
      0.007804243974077164
    ]
  ],
  "R": [
    [
      0.9999159585160317,
      0.0025757072049919782,
      0.01270596857229217
    ],
    [
      -0.0027079189820533173,
      0.9999422594101675,
      0.010399279805640519
    ],
    [
      -0.01267844942225016,
      -0.010432812568215509,
      0.9998651975852365
    ]
  ],
  "t": [
    -0.9532204819151964,
    0.08846717650130646,
    0.28904025937444666
  ]
}