{
  "image_1": "frame_139",
  "image_2": "frame_140",
  "num_matches": 1753,
  "inlier_count": 844,
  "inlier_ratio": 0.4814603536794067,
  "reproj_rmse": 0.5299213100128659,
  "F": [
    [
      -8.778879127256604e-07,
      0.0002616252046711915,
      -0.11649782791233297
    ],
    [
      -0.0002673902076927372,
      3.466805447920007e-06,
      -0.40188004113319475
    ],
    [
      0.11805996008149892,
      0.3992334006436421,
      1.0
    ]
  ],
  "E": [
    [
      6.131448443873356e-05,
      0.37958759752606935,
      0.022157855223565136
    ],
    [
      -0.38022481384281287,
      0.0006961751611902814,
      -0.5957818519644315
    ],
    [
      -0.02167797311099876,
      0.5961748701450144,
      0.0006799517350890186
    ]
  ],
  "R": [
    [
      0.9999994657574816,
      -0.00010148136857220796,
      -0.0010286818178800172
    ],
    [
      0.00010261601477703011,
      0.9999993864114116,
      0.0011030171139696093
    ],
    [
      0.001028569251005973,
      -0.0011031220839182246,
      0.9999988625828354
    ]
  ],
  "t": [
    -0.8431159843067996,
    -0.030743817205291474,
    0.5368521721200578
  ]
}