{
  "image_1": "frame_081",
  "image_2": "frame_082",
  "num_matches": 1431,
  "inlier_count": 717,
  "inlier_ratio": 0.5010482180293501,
  "reproj_rmse": 0.5842864691405679,
  "F": [
    [
      7.457839499787854e-07,
      -5.4736039380345284e-05,
      0.023303081726537108
    ],
    [
      5.910470322528258e-05,
      8.803711951205123e-07,
      -0.10440081076878296
    ],
    [
      -0.027090312937658886,
      0.1037778353950065,
      1.0
    ]
  ],
  "E": [
    [
      0.005258105905732396,
      -0.2513838949908863,
      -0.08027752404372357
    ],
    [
      0.2753001525580973,
      0.005755810448458688,
      -0.6464657747750074
    ],
    [
      0.07279441326405968,
      0.6567018366046231,
      0.006031474502957769
    ]
  ],
  "R": [
    [
      0.9993033569066038,
      0.009365503148953971,
      0.036126004843596016
    ],
    [
      -0.009546381362683001,
      0.9999427303419187,
      0.004837627437780989
    ],
    [
      -0.03607862910464876,
      -0.005179129957384863,
      0.9993355338097478
    ]
  ],
  "t": [
    -0.9277219505809964,
    0.11188117528985012,
    -0.3561103551231736
  ]
}