{
  "image_1": "frame_208",
  "image_2": "frame_209",
  "num_matches": 1233,
  "inlier_count": 535,
  "inlier_ratio": 0.43390105433901055,
  "reproj_rmse": 0.538380439190381,
  "F": [
    [
      6.54842030717212e-08,
      -5.201453385999798e-06,
      0.0024767667874671436
    ],
    [
      3.535833970376632e-06,
      2.013258741497817e-06,
      0.04647446072257028
    ],
    [
      -0.0010287109056711819,
      -0.04765900845182095,
      1.0
    ]
  ],
  "E": [
    [
      -0.0030506462080081113,
      0.2702704935271743,
      -0.011922302271368904
    ],
    [
      -0.24064859594948487,
      -0.020236232359607174,
      -0.6645712406998773
    ],
    [
      -0.00302628742572397,
      0.6530962203591273,
      -0.016804622397896467
    ]
  ],
  "R": [
    [
      0.9989025437316967,
      0.013256607493347892,
      0.04492182636662512
    ],
    [
      -0.01209382746043438,
      0.9995872700977346,
      -0.02605818097864568
    ],
    [
      -0.04524872886284359,
      0.025486306447304555,
      0.9986505899061848
    ]
  ],
  "t": [
    -0.9239073682949513,
    0.006901333492164217,
    0.3825539784217739
  ]
}