{
  "image_1": "frame_196",
  "image_2": "frame_197",
  "num_matches": 1415,
  "inlier_count": 652,
  "inlier_ratio": 0.4607773851590106,
  "reproj_rmse": 0.8155104623798854,
  "F": [
    [
      3.087634846932173e-08,
      -1.444796839362114e-06,
      -0.00033888717143583445
    ],
    [
      1.0411487790894991e-05,
      -2.8194786277960127e-06,
      -0.28347787312916617
    ],
    [
      -0.003656467675307584,
      0.28311593867834206,
      1.0
    ]
  ],
  "E": [
    [
      7.0047816946304e-05,
      0.34936740159075397,
      0.00037267223790499936
    ],
    [
      -0.34493133245159047,
      7.552617419321761e-06,
      -0.6172699639489099
    ],
    [
      -0.0002807410389715428,
      0.6147701676445028,
      -6.720037244395561e-05
    ]
  ],
  "R": [
    [
      0.9999740505202509,
      -0.00020817519286075786,
      0.007201038064872711
    ],
    [
      0.0002089332374270432,
      0.9999999727115835,
      -0.00010451667264603
    ],
    [
      -0.007201016110589209,
      0.00010601849668868396,
      0.9999740667272594
    ]
  ],
  "t": [
    0.8694162120807613,
    0.000578692745467147,
    -0.49408006971122315
  ]
}