{
  "image_1": "frame_135",
  "image_2": "frame_136",
  "num_matches": 1675,
  "inlier_count": 795,
  "inlier_ratio": 0.4746268656716418,
  "reproj_rmse": 0.44729846330307294,
  "F": [
    [
      7.148724383246395e-07,
      6.495782330870658e-05,
      -0.052190893993297655
    ],
    [
      -7.212974963609247e-05,
      -7.704433553435452e-07,
      0.21109963978018598
    ],
    [
      0.05551493547766907,
      -0.21134152960249758,
      1.0
    ]
  ],
  "E": [
    [
      -0.0029443720106647952,
      -0.2163289863076755,
      0.06392695008630153
    ],
    [
      0.24794140276859708,
      0.000655575761327231,
      -0.6590951804686929
    ],
    [
      -0.06444520137655906,
      0.6701231904860988,
      -0.0025189477940303906
    ]
  ],
  "R": [
    [
      0.998865544158108,
      0.0004760842330128606,
      0.04761720316786555
    ],
    [
      -0.0005148092587655972,
      0.9999995466879122,
      0.0008009965025002723
    ],
    [
      -0.04761680024060605,
      -0.000824601584405775,
      0.998865336452854
    ]
  ],
  "t": [
    -0.947740940773606,
    -0.09075432878383952,
    -0.305860688857779
  ]
}