{
  "image_1": "frame_187",
  "image_2": "frame_188",
  "num_matches": 1301,
  "inlier_count": 605,
  "inlier_ratio": 0.4650269023827825,
  "reproj_rmse": 0.3190509762796962,
  "F": [
    [
      4.8860711180648855e-08,
      -2.4746709673462296e-05,
      0.018111866960367616
    ],
    [
      2.8305481331561977e-05,
      9.224865059364249e-07,
      -0.12217322568374174
    ],
    [
      -0.021055875332370442,
      0.12071642312994416,
      1.0
    ]
  ],
  "E": [
    [
      -8.807630114714019e-05,
      -0.09706124923859656,
      0.03200808745284295
    ],
    [
      0.12001695843529692,
      0.003392859823037421,
      -0.6960885165806779
    ],
    [
      -0.03938395955305142,
      0.699319262156577,
      0.0011211858884748222
    ]
  ],
  "R": [
    [
      0.9994027689042568,
      0.010000972673657654,
      0.03307697162808679
    ],
    [
      -0.010110007145625738,
      0.9999439914289056,
      0.0031307763804723603
    ],
    [
      -0.03304380822514055,
      -0.003463315002980075,
      0.9994479036884165
    ]
  ],
  "t": [
    -0.9894994577829939,
    -0.045720789028029375,
    -0.13711466915620588
  ]
}