{
  "image_1": "frame_193",
  "image_2": "frame_194",
  "num_matches": 1382,
  "inlier_count": 724,
  "inlier_ratio": 0.5238784370477568,
  "reproj_rmse": 0.5169207923780111,
  "F": [
    [
      -3.933584921080991e-07,
      -3.5707518405163542e-06,
      0.011581405914878867
    ],
    [
      8.990547884124898e-06,
      1.2582186654919276e-06,
      -0.13261683394154103
    ],
    [
      -0.014791814580301803,
      0.130056769077151,
      1.0
    ]
  ],
  "E": [
    [
      -0.0006811723991391203,
      -0.1264704255994978,
      0.03291930876186305
    ],
    [
      0.13946352568673503,
      -3.2166049709063114e-07,
      -0.6924341244052153
    ],
    [
      -0.032579764529505874,
      0.6949419078831481,
      -0.0005463849580946364
    ]
  ],
  "R": [
    [
      0.9998243854454215,
      -0.0005089180241637584,
      0.01873337319144497
    ],
    [
      0.0005071023657165219,
      0.9999998662550679,
      0.00010167122166792643
    ],
    [
      -0.018733422428268504,
      -9.215362885816453e-05,
      0.9998245097975109
    ]
  ],
  "t": [
    0.9827726965717817,
    0.04658129156871284,
    0.1788519224073906
  ]
}