{
  "image_1": "frame_134",
  "image_2": "frame_135",
  "num_matches": 1699,
  "inlier_count": 847,
  "inlier_ratio": 0.4985285462036492,
  "reproj_rmse": 0.43849876767129353,
  "F": [
    [
      7.314478361246887e-07,
      4.609763423548329e-05,
      -0.04184484544932747
    ],
    [
      -4.8852825338974125e-05,
      4.331852482303091e-07,
      0.08281564141708639
    ],
    [
      0.04282458029444156,
      -0.08394362685972043,
      0.9999999999999999
    ]
  ],
  "E": [
    [
      -0.003963332835658811,
      -0.37249137500195434,
      0.13570724946946502
    ],
    [
      0.3900818360967776,
      -0.00019426429324147243,
      -0.5739870964277374
    ],
    [
      -0.1356977563574338,
      0.5854565950880205,
      -0.004431784530673669
    ]
  ],
  "R": [
    [
      0.9995437454816546,
      0.0003681053092718378,
      0.030202075541019835
    ],
    [
      -0.0003508423361916202,
      0.9999997720597402,
      -0.000576879643646791
    ],
    [
      -0.030202281009210075,
      0.0005660202729621255,
      0.9995436467923214
    ]
  ],
  "t": [
    -0.8280314124275961,
    -0.19170256411016173,
    -0.5268909820320989
  ]
}