{
  "image_1": "frame_154",
  "image_2": "frame_155",
  "num_matches": 1638,
  "inlier_count": 788,
  "inlier_ratio": 0.4810744810744811,
  "reproj_rmse": 0.6612819113266915,
  "F": [
    [
      -7.027708681792134e-07,
      8.127064003658673e-05,
      -0.04405083229904713
    ],
    [
      -7.949161707803648e-05,
      -1.2494295724161619e-06,
      -0.06024711023806136
    ],
    [
      0.04260517485183898,
      0.059113242389703335,
      1.0
    ]
  ],
  "E": [
    [
      0.0011450942601208159,
      0.4087648941814845,
      -0.1069215775445114
    ],
    [
      -0.3892928633106131,
      -0.006046336240985676,
      -0.5809586545874158
    ],
    [
      0.10086466044561529,
      0.5676315613497718,
      8.476794343462586e-05
    ]
  ],
  "R": [
    [
      0.9993673208658675,
      0.00635390387791776,
      0.034994083655508046
    ],
    [
      -0.006137267136609295,
      0.9999613551704217,
      -0.0062946102204751025
    ],
    [
      -0.035032726663398905,
      0.006075859712336026,
      0.9993676960915255
    ]
  ],
  "t": [
    -0.8018450302886814,
    0.14765872851589562,
    0.5790003862644764
  ]
}