{
  "image_1": "frame_066",
  "image_2": "frame_067",
  "num_matches": 1356,
  "inlier_count": 690,
  "inlier_ratio": 0.5088495575221239,
  "reproj_rmse": 0.5649354242351764,
  "F": [
    [
      -7.78091767066873e-06,
      9.035871533060434e-05,
      -0.18339603212718347
    ],
    [
      -3.6206706774991463e-05,
      -1.3916828153788642e-05,
      0.9950221363039614
    ],
    [
      0.1657654166638251,
      -1.0070737051027254,
      1.0
    ]
  ],
  "E": [
    [
      0.002276463085538534,
      -0.2817875311000348,
      0.026250591244658707
    ],
    [
      0.27420198050185357,
      0.004702103049586922,
      -0.6511812784912425
    ],
    [
      -0.0319687655642631,
      0.6477839440424517,
      0.0030948374850844696
    ]
  ],
  "R": [
    [
      0.9999096139489948,
      0.007009098566747245,
      -0.011473293757825409
    ],
    [
      -0.006960275495306346,
      0.9999665756168115,
      0.004289780206075474
    ],
    [
      0.011502977762352595,
      -0.004209535184389948,
      0.9999249778439031
    ]
  ],
  "t": [
    -0.9164076729181971,
    -0.03883572217135211,
    -0.3983575827068994
  ]
}