{
  "image_1": "frame_057",
  "image_2": "frame_058",
  "num_matches": 1317,
  "inlier_count": 668,
  "inlier_ratio": 0.507213363705391,
  "reproj_rmse": 0.4796461046850507,
  "F": [
    [
      -1.681146980516601e-08,
      7.756728979934754e-06,
      -0.007399324582462508
    ],
    [
      -6.550079738763617e-06,
      7.205460261708983e-07,
      0.04315073164608306
    ],
    [
      0.006246106986692079,
      -0.04420921715087326,
      1.0
    ]
  ],
  "E": [
    [
      -0.0013658346313044792,
      -0.1528296840072403,
      0.020637899129784833
    ],
    [
      0.14757649614411011,
      -0.011460967595972482,
      -0.691194866060154
    ],
    [
      -0.011602524190620597,
      0.6901618267931439,
      -0.009839446689221872
    ]
  ],
  "R": [
    [
      0.9999190453344846,
      -0.00999889833622996,
      -0.00786923181985344
    ],
    [
      0.009884307825046339,
      0.9998464704603307,
      -0.014468447285013307
    ],
    [
      0.008012692193800408,
      0.014389494087046865,
      0.9998643604128141
    ]
  ],
  "t": [
    -0.9759255087367231,
    -0.02605690463880555,
    -0.21654200312551952
  ]
}