{
  "image_1": "frame_010",
  "image_2": "frame_011",
  "num_matches": 1122,
  "inlier_count": 598,
  "inlier_ratio": 0.5329768270944741,
  "reproj_rmse": 0.33889127063426755,
  "F": [
    [
      -1.1294073799033908e-06,
      -5.738126089410014e-05,
      0.0409709762253293
    ],
    [
      6.368597783987711e-05,
      2.2468235254696026e-06,
      -0.1524775526925044
    ],
    [
      -0.042662488028075214,
      0.15005333793683015,
      1.0
    ]
  ],
  "E": [
    [
      -0.002487534665113361,
      -0.2181662544133061,
      0.009856341691221092
    ],
    [
      0.23629049408962352,
      0.002814565683941354,
      -0.666352319682279
    ],
    [
      -0.004845836644228756,
      0.6725965263444836,
      0.004903817748923403
    ]
  ],
  "R": [
    [
      0.9995806654428389,
      -0.010172400895535182,
      0.027111169891253895
    ],
    [
      0.009965459487394104,
      0.9999202538967953,
      0.007757284587627569
    ],
    [
      -0.027187918089788432,
      -0.007483856424923311,
      0.9996023254289446
    ]
  ],
  "t": [
    -0.9511047788072824,
    -0.016338095172688385,
    -0.30843600045403
  ]
}