{
  "image_1": "frame_175",
  "image_2": "frame_176",
  "num_matches": 1151,
  "inlier_count": 543,
  "inlier_ratio": 0.47176368375325806,
  "reproj_rmse": 0.7967730711635783,
  "F": [
    [
      -8.14336285720816e-07,
      0.00022224844154605138,
      -0.12959327903223603
    ],
    [
      -0.00024319072172763586,
      -7.363068448390147e-06,
      0.7560213634932993
    ],
    [
      0.1448623673983078,
      -0.754905131603915,
      1.0
    ]
  ],
  "E": [
    [
      0.0010104679898462895,
      -0.12785355764291853,
      0.013618688169333903
    ],
    [
      0.1795007665153552,
      0.003402804758607157,
      -0.6837972041577794
    ],
    [
      -0.024812900521475667,
      0.6950110389990471,
      -0.0004827508589258746
    ]
  ],
  "R": [
    [
      0.9970683777061266,
      0.015853579262235424,
      0.0748552884106991
    ],
    [
      -0.015957235032547864,
      0.99987236562634,
      0.0007868334656439139
    ],
    [
      -0.07483326017613398,
      -0.00197901019771378,
      0.9971940967986366
    ]
  ],
  "t": [
    -0.9833280002980052,
    -0.019456583779214394,
    -0.180796806325689
  ]
}