{
  "image_1": "frame_216",
  "image_2": "frame_217",
  "num_matches": 1301,
  "inlier_count": 696,
  "inlier_ratio": 0.5349730976172176,
  "reproj_rmse": 0.37835365003707794,
  "F": [
    [
      1.5905326088622458e-07,
      2.903749722512542e-05,
      -0.021914493696681858
    ],
    [
      -2.9424502317177665e-05,
      2.8283761991083394e-06,
      -0.2131994929417211
    ],
    [
      0.023448614345518645,
      0.21047585553985165,
      0.9999999999999999
    ]
  ],
  "E": [
    [
      0.00015965745497166433,
      0.01822359045721181,
      -0.012208765818681482
    ],
    [
      -0.01652362037862524,
      0.0034985573734740067,
      -0.7067980925704
    ],
    [
      0.017396061802897066,
      0.7066510991919797,
      0.0034071611024414097
    ]
  ],
  "R": [
    [
      0.9999712608546072,
      -0.00722785241476092,
      0.0022881464807566095
    ],
    [
      0.007216849435130825,
      0.9999625290211228,
      0.004780966210997509
    ],
    [
      -0.0023226168598419437,
      -0.004764315601477309,
      0.9999859532752308
    ]
  ],
  "t": [
    -0.9995187054753198,
    0.01738887026978787,
    0.025690165349431693
  ]
}