{
  "image_1": "frame_025",
  "image_2": "frame_026",
  "num_matches": 1269,
  "inlier_count": 672,
  "inlier_ratio": 0.5295508274231678,
  "reproj_rmse": 0.4318426166756354,
  "F": [
    [
      -5.708748194172145e-06,
      -0.00035016709306087083,
      0.28615963499270536
    ],
    [
      0.00028768520489844373,
      2.0329737649953054e-05,
      1.266343208222539
    ],
    [
      -0.2511315067580891,
      -1.2609416429027245,
      1.0
    ]
  ],
  "E": [
    [
      0.0007150709687200818,
      0.16446605651837834,
      -0.04306391726652149
    ],
    [
      -0.1447624680840313,
      -0.0073596400417663774,
      -0.6908495749493029
    ],
    [
      0.039351025017577014,
      0.6864632385523366,
      -0.005670205270747504
    ]
  ],
  "R": [
    [
      0.9995686016778753,
      0.0032957935994921903,
      0.029184726901002794
    ],
    [
      -0.003004393772314068,
      0.9999452560848807,
      -0.01002289635799267
    ],
    [
      -0.029216162612455687,
      0.0099308900855744,
      0.9995237832409546
    ]
  ],
  "t": [
    -0.9706656519692713,
    0.05859229172925782,
    0.23318476673441313
  ]
}