{
  "image_1": "frame_093",
  "image_2": "frame_094",
  "num_matches": 1398,
  "inlier_count": 718,
  "inlier_ratio": 0.5135908440629471,
  "reproj_rmse": 0.6122084382691376,
  "F": [
    [
      -6.174891158893235e-08,
      -8.789762527818086e-06,
      0.005835021426814937
    ],
    [
      2.989090148336313e-05,
      -6.022371960422617e-07,
      -0.4129676789504812
    ],
    [
      -0.016931414075913167,
      0.4113512860830998,
      1.0
    ]
  ],
  "E": [
    [
      -0.0008417510162175989,
      -0.08691530371914606,
      0.014685267173728497
    ],
    [
      0.12092315680917552,
      0.0007291844700908401,
      -0.696532540417755
    ],
    [
      -0.013819619499115969,
      0.7016108803028912,
      0.00018356653736285462
    ]
  ],
  "R": [
    [
      0.9988151698184012,
      -0.001454499954460741,
      0.04864299508172659
    ],
    [
      0.0013934577192633996,
      0.9999981986458011,
      0.0012887904164936093
    ],
    [
      -0.048644782004066606,
      -0.0012194814617256596,
      0.9988153973826899
    ]
  ],
  "t": [
    -0.9921989360634003,
    -0.0209513043266974,
    -0.12289147294123637
  ]
}