{
  "image_1": "frame_130",
  "image_2": "frame_131",
  "num_matches": 1511,
  "inlier_count": 741,
  "inlier_ratio": 0.49040370615486434,
  "reproj_rmse": 0.6830754358122285,
  "F": [
    [
      2.0298340049965077e-06,
      0.0001132163497813032,
      -0.11009366360984366
    ],
    [
      -0.00012646243705118068,
      -2.9735862960512998e-06,
      0.246327819442918
    ],
    [
      0.11825060335871872,
      -0.24387121042116808,
      1.0
    ]
  ],
  "E": [
    [
      -0.0020626111249598088,
      -0.21595217518174112,
      0.0962721501379779
    ],
    [
      0.24664676281242282,
      0.002590093683672035,
      -0.6556529136738573
    ],
    [
      -0.10365376501873763,
      0.665285169191791,
      -0.004641123588786897
    ]
  ],
  "R": [
    [
      0.998858256903193,
      0.011166669954618708,
      0.04644876853523339
    ],
    [
      -0.011167077190057856,
      0.9999376148149914,
      -0.00025072921093531597
    ],
    [
      -0.04644867063056135,
      -0.0002682540410268025,
      0.9989206420113775
    ]
  ],
  "t": [
    -0.9424352251239795,
    -0.13621984143762925,
    -0.3053850049433029
  ]
}