{
  "image_1": "frame_110",
  "image_2": "frame_111",
  "num_matches": 1575,
  "inlier_count": 732,
  "inlier_ratio": 0.46476190476190476,
  "reproj_rmse": 0.6243655409821773,
  "F": [
    [
      -8.164020964653968e-08,
      2.438226445611757e-06,
      -0.0001542224621347309
    ],
    [
      2.254848218590789e-06,
      1.3693222509378812e-06,
      -0.0635704738003784
    ],
    [
      -0.0022284886870133293,
      0.061277517018996544,
      0.9999999999999999
    ]
  ],
  "E": [
    [
      0.00017005962915016206,
      -0.12676321057454515,
      -0.010856013678642041
    ],
    [
      0.16561204309841535,
      0.0027344256308095187,
      -0.687357040004891
    ],
    [
      0.012479513932880494,
      0.695519874223899,
      0.003878973587019891
    ]
  ],
  "R": [
    [
      0.9984217441844331,
      -0.003461027034992379,
      0.05605392075116325
    ],
    [
      0.003199816242103963,
      0.9999836036054306,
      0.004749073205747779
    ],
    [
      -0.056069438339717864,
      -0.004562215707289291,
      0.9984164483180897
    ]
  ],
  "t": [
    -0.9836800358770788,
    0.01452402512699444,
    -0.17933945386049222
  ]
}