{
  "image_1": "frame_119",
  "image_2": "frame_120",
  "num_matches": 1565,
  "inlier_count": 770,
  "inlier_ratio": 0.49201277955271566,
  "reproj_rmse": 0.5570507224588583,
  "F": [
    [
      9.383800820449589e-07,
      3.792408274624626e-05,
      -0.036552859062883435
    ],
    [
      -4.160837993742269e-05,
      1.7695160798553374e-06,
      0.08934731272737832
    ],
    [
      0.037338671316618104,
      -0.09081966568897656,
      0.9999999999999999
    ]
  ],
  "E": [
    [
      -0.0069343854754651164,
      -0.23288294214571403,
      0.16103733046230914
    ],
    [
      0.2502330453572096,
      -0.0036772798890994797,
      -0.6414931417762143
    ],
    [
      -0.15331082079548417,
      0.6497005545013335,
      -0.0050851881810643545
    ]
  ],
  "R": [
    [
      0.9995827614495574,
      -0.01141700366152032,
      0.026532151067530374
    ],
    [
      0.011454556474862876,
      0.9999335957520036,
      -0.0012638126573385755
    ],
    [
      -0.026515960266254746,
      0.0015671993687801783,
      0.9996471616211875
    ]
  ],
  "t": [
    -0.9162799001977581,
    -0.22740470390014092,
    -0.3297244988436191
  ]
}