{
  "image_1": "frame_178",
  "image_2": "frame_179",
  "num_matches": 1221,
  "inlier_count": 570,
  "inlier_ratio": 0.4668304668304668,
  "reproj_rmse": 0.6725610884333831,
  "F": [
    [
      5.361835802672775e-08,
      -1.6493838748660016e-06,
      -4.271067436315604e-05
    ],
    [
      4.236407733515796e-06,
      1.4849624529850929e-06,
      -0.07347631466618033
    ],
    [
      -0.0022896176107504557,
      0.07198114540106149,
      0.9999999999999999
    ]
  ],
  "E": [
    [
      0.0022811142837370116,
      -0.23200936549378692,
      0.018827417332014203
    ],
    [
      0.2446270482603343,
      0.007878843913763409,
      -0.6630770696485745
    ],
    [
      -0.028301310336484784,
      0.6673929336305197,
      0.004692329375253171
    ]
  ],
  "R": [
    [
      0.9997491556803757,
      0.011394250996038545,
      0.019282032066531785
    ],
    [
      -0.011543034973951007,
      0.9999043228064698,
      0.00762257020467561
    ],
    [
      -0.019193333737670792,
      -0.00784323129675154,
      0.9997850267246757
    ]
  ],
  "t": [
    -0.9442584171691508,
    -0.029131796522620743,
    -0.3279136777210953
  ]
}