{
  "image_1": "frame_124",
  "image_2": "frame_125",
  "num_matches": 1507,
  "inlier_count": 746,
  "inlier_ratio": 0.49502322495023227,
  "reproj_rmse": 0.5748147125907452,
  "F": [
    [
      3.8960980652665453e-07,
      -2.5533664491734722e-05,
      0.008564764342915804
    ],
    [
      3.152673595357827e-05,
      9.701549992297518e-08,
      -0.09400040968192999
    ],
    [
      -0.012224777130690983,
      0.09302823529102143,
      1.0
    ]
  ],
  "E": [
    [
      0.0018186704334731902,
      -0.14229654949940898,
      -0.041391274080412196
    ],
    [
      0.16358852839112104,
      0.002976114087809884,
      -0.686698529909194
    ],
    [
      0.03817582107911887,
      0.6915488737446057,
      0.003601932847058321
    ]
  ],
  "R": [
    [
      0.9995213443807565,
      0.003845634076064794,
      0.030696795041794345
    ],
    [
      -0.003951612726464507,
      0.9999864377067034,
      0.0033925152199065153
    ],
    [
      -0.03068333235072268,
      -0.0035121932193817266,
      0.9995229850356844
    ]
  ],
  "t": [
    -0.9777884708549357,
    0.05788031002567741,
    -0.20144372905230384
  ]
}