{
  "image_1": "frame_191",
  "image_2": "frame_192",
  "num_matches": 1284,
  "inlier_count": 658,
  "inlier_ratio": 0.5124610591900312,
  "reproj_rmse": 0.42555830926769594,
  "F": [
    [
      -8.436335438341587e-10,
      2.4378148608273124e-05,
      -0.013895962749625184
    ],
    [
      -2.0689429159320716e-05,
      6.288956929693433e-07,
      -0.08846596717587996
    ],
    [
      0.011831530580580847,
      0.08666105051163174,
      1.0
    ]
  ],
  "E": [
    [
      0.0006224951614606765,
      0.05488297811315938,
      -0.017897673837350404
    ],
    [
      -0.022302716129405882,
      0.001395514708772013,
      -0.7065235282480048
    ],
    [
      0.015332224059151368,
      0.704806276072915,
      0.002307817580626487
    ]
  ],
  "R": [
    [
      0.9989300874629877,
      0.003702556648500152,
      0.046097412459407405
    ],
    [
      -0.0038031750607798974,
      0.9999905729104418,
      0.0020952206812409873
    ],
    [
      -0.046089220221709484,
      -0.0022682955077986348,
      0.9989347519306975
    ]
  ],
  "t": [
    -0.996661571933272,
    0.025500801269581822,
    0.07755913979737461
  ]
}