{
  "image_1": "frame_202",
  "image_2": "frame_203",
  "num_matches": 1327,
  "inlier_count": 584,
  "inlier_ratio": 0.4400904295403165,
  "reproj_rmse": 0.627538659988585,
  "F": [
    [
      3.1031475664825806e-07,
      7.039172649760448e-05,
      -0.037797601809661394
    ],
    [
      -6.834148176821397e-05,
      3.859168176920796e-07,
      -0.03160900347775747
    ],
    [
      0.036715633849814404,
      0.029443798828581964,
      0.9999999999999999
    ]
  ],
  "E": [
    [
      0.004491411314823112,
      0.46036624053458197,
      -0.019300261629800475
    ],
    [
      -0.4437064907080322,
      0.002977457937259893,
      -0.5502437863132349
    ],
    [
      0.023195974073710938,
      0.5361712566065224,
      -0.00020627336747820716
    ]
  ],
  "R": [
    [
      0.9994918877838578,
      -0.008462888343627458,
      0.0307302094874633
    ],
    [
      0.008511535966529548,
      0.9999627211788099,
      -0.0014525867133575836
    ],
    [
      -0.030716770822314332,
      0.0017134099196150741,
      0.9995266600830099
    ]
  ],
  "t": [
    -0.7585120324707814,
    0.026361353207675083,
    0.6511256220224364
  ]
}