{
  "image_1": "frame_207",
  "image_2": "frame_208",
  "num_matches": 1167,
  "inlier_count": 539,
  "inlier_ratio": 0.46186803770351326,
  "reproj_rmse": 0.6908988289180413,
  "F": [
    [
      -3.9164640670783486e-07,
      8.579852098664737e-06,
      -0.0014309477286893156
    ],
    [
      -6.368024132114618e-06,
      6.827114542040274e-07,
      -0.024209079049482895
    ],
    [
      0.00022332008432140066,
      0.022221202861365287,
      1.0
    ]
  ],
  "E": [
    [
      -0.0062428275467949325,
      0.28734781653986025,
      0.0490126200913123
    ],
    [
      -0.24186860414681,
      0.005412361127552695,
      -0.6628605648080272
    ],
    [
      -0.052328691627700964,
      0.6436750496454586,
      0.004507471543064791
    ]
  ],
  "R": [
    [
      0.9974619438798087,
      0.00963752247583309,
      0.07054635831878409
    ],
    [
      -0.010509446549537532,
      0.999872781233691,
      0.011998869997876107
    ],
    [
      -0.07042174411882118,
      -0.012709819374458857,
      0.9974363330291971
    ]
  ],
  "t": [
    -0.9110324061261332,
    -0.0645934408039001,
    0.4072439593083507
  ]
}