{
  "image_1": "frame_107",
  "image_2": "frame_108",
  "num_matches": 1483,
  "inlier_count": 775,
  "inlier_ratio": 0.5225893459204316,
  "reproj_rmse": 0.6454621915604624,
  "F": [
    [
      -1.6742112283152896e-07,
      -6.941310867892261e-06,
      0.008628398486420068
    ],
    [
      1.2048475505121644e-05,
      1.5786765100509443e-06,
      -0.13748164412955322
    ],
    [
      -0.011746640573417042,
      0.13548610807705544,
      0.9999999999999999
    ]
  ],
  "E": [
    [
      0.0009099366343883185,
      -0.28082975302547386,
      -0.007944474418744388
    ],
    [
      0.3002837903430134,
      0.0024784325783752045,
      -0.6401342588593751
    ],
    [
      0.00558042038419585,
      0.6489123890117175,
      0.001977553126911437
    ]
  ],
  "R": [
    [
      0.999542509488553,
      0.0023857403455208818,
      0.030150953025229354
    ],
    [
      -0.002468673429904651,
      0.9999932708000301,
      0.0027136702368683735
    ],
    [
      -0.030144276020868943,
      -0.0027868616151035,
      0.9995416729809297
    ]
  ],
  "t": [
    -0.9176826326755707,
    0.010162013948417543,
    -0.3971842383052803
  ]
}