{
  "image_1": "frame_172",
  "image_2": "frame_173",
  "num_matches": 1291,
  "inlier_count": 594,
  "inlier_ratio": 0.4601084430673896,
  "reproj_rmse": 0.371574685617551,
  "F": [
    [
      1.9903339175788765e-07,
      -2.0658398300175175e-05,
      0.0062172351004389165
    ],
    [
      2.271608158980239e-05,
      7.931354459670322e-07,
      -0.06902316440192922
    ],
    [
      -0.007745940893243875,
      0.06799655621714772,
      0.9999999999999999
    ]
  ],
  "E": [
    [
      0.0015112017606961465,
      -0.14990026651657776,
      -0.05424678939318064
    ],
    [
      0.16616786479725096,
      0.006607286619218009,
      -0.6852355554417257
    ],
    [
      0.05150953659655605,
      0.6889643244349287,
      0.007527119919541422
    ]
  ],
  "R": [
    [
      0.9997345346483842,
      0.0017652149680280893,
      0.022972684812512884
    ],
    [
      -0.0019761543484033556,
      0.9999560687033884,
      0.009162722153138392
    ],
    [
      -0.022955501418389396,
      -0.009205687338867029,
      0.999694103351245
    ]
  ],
  "t": [
    -0.9742534703125566,
    0.07479061479505993,
    -0.21268883262296048
  ]
}