{
  "image_1": "frame_146",
  "image_2": "frame_147",
  "num_matches": 1381,
  "inlier_count": 651,
  "inlier_ratio": 0.4713975380159305,
  "reproj_rmse": 0.6580345458162283,
  "F": [
    [
      -8.463790541992027e-07,
      -6.29596113111844e-06,
      0.00885814301082409
    ],
    [
      1.5096218453050074e-05,
      2.7964485758998155e-07,
      -0.0651226229516043
    ],
    [
      -0.012421159600918807,
      0.06319127899478177,
      1.0
    ]
  ],
  "E": [
    [
      -0.002779616210260154,
      0.0842698536114936,
      0.02522213338385493
    ],
    [
      0.0014390712834837344,
      0.010634948709523912,
      -0.7066134382092975
    ],
    [
      -0.022632322517697315,
      0.7016171651804977,
      0.0076234425916281425
    ]
  ],
  "R": [
    [
      0.9925550478901595,
      -0.003698100358947326,
      0.12174071201327391
    ],
    [
      0.0018791404091628716,
      0.9998849361387944,
      0.015052684612458397
    ],
    [
      -0.1217823703952522,
      -0.014711850205009602,
      0.9924477899237113
    ]
  ],
  "t": [
    -0.9922244801390339,
    -0.0341255295009673,
    0.11969139170843796
  ]
}