{
  "image_1": "frame_069",
  "image_2": "frame_070",
  "num_matches": 1214,
  "inlier_count": 618,
  "inlier_ratio": 0.5090609555189456,
  "reproj_rmse": 0.5430709851927817,
  "F": [
    [
      1.126314898233143e-07,
      -5.415833089717371e-06,
      0.0041800291823102876
    ],
    [
      4.435602803220115e-06,
      1.3221372985278104e-06,
      -0.02294559001377225
    ],
    [
      -0.00408941929036772,
      0.02184192294961602,
      0.9999999999999999
    ]
  ],
  "E": [
    [
      0.0013697733685639395,
      -0.1328187564966178,
      -0.019867626191316063
    ],
    [
      0.11787616076834102,
      0.02609359442075869,
      -0.696558732503565
    ],
    [
      0.006278118252486463,
      0.6939525526746246,
      0.024151318110225112
    ]
  ],
  "R": [
    [
      0.9996679483217389,
      0.013585000118012908,
      -0.02189613824396444
    ],
    [
      -0.012807476345666414,
      0.9992958563377723,
      0.03526698251642185
    ],
    [
      0.022359822178640215,
      -0.03497483778306832,
      0.9991380280392633
    ]
  ],
  "t": [
    -0.9817969026974296,
    0.02146006643746994,
    -0.18871753337258684
  ]
}