{
  "image_1": "frame_213",
  "image_2": "frame_214",
  "num_matches": 1249,
  "inlier_count": 595,
  "inlier_ratio": 0.4763811048839071,
  "reproj_rmse": 0.5446348193947135,
  "F": [
    [
      3.948587019983682e-08,
      -1.7685688928877075e-05,
      0.010866398317691216
    ],
    [
      1.7353238391552336e-05,
      4.4918945089620155e-07,
      -0.0501074507483339
    ],
    [
      -0.010989970616776912,
      0.04921957522673467,
      0.9999999999999999
    ]
  ],
  "E": [
    [
      -0.00017968496810502328,
      0.04620190629416956,
      -0.013334294186582935
    ],
    [
      -0.045644191286985034,
      0.009808604174122704,
      -0.7054252265295403
    ],
    [
      0.011121448872132013,
      0.7054498409102585,
      0.010001618017982244
    ]
  ],
  "R": [
    [
      0.999991615269603,
      0.004054661574110174,
      0.0005736811043712681
    ],
    [
      -0.004062382019741784,
      0.9998914066711208,
      0.014165871578310701
    ],
    [
      -0.0005161809912780646,
      -0.014168083313100122,
      0.9998994944355243
    ]
  ],
  "t": [
    -0.9976848682491307,
    0.01978124675877351,
    0.06506616588814114
  ]
}