{
  "image_1": "frame_058",
  "image_2": "frame_059",
  "num_matches": 1073,
  "inlier_count": 552,
  "inlier_ratio": 0.5144454799627214,
  "reproj_rmse": 0.5179220436259624,
  "F": [
    [
      -3.497798611645937e-07,
      1.4528218478411744e-05,
      -0.004082594447270261
    ],
    [
      -1.0549676079676387e-05,
      6.007143585792666e-07,
      -0.027124718992137763
    ],
    [
      0.0024739283733961246,
      0.024292072733026006,
      1.0
    ]
  ],
  "E": [
    [
      -0.005356032949033341,
      0.1316082109511985,
      0.05314818646261241
    ],
    [
      -0.050993691586427775,
      0.003252980695319888,
      -0.7032678485535955
    ],
    [
      -0.04863546827695932,
      0.6930033676302981,
      -0.0031906741194882926
    ]
  ],
  "R": [
    [
      0.9933051746895776,
      -0.006160388087171814,
      0.1153554487379033
    ],
    [
      0.0057126959115919584,
      0.9999748152181691,
      0.0042111797409181695
    ],
    [
      -0.1153784860376028,
      -0.003523996027816988,
      0.9933153509393009
    ]
  ],
  "t": [
    -0.9796181521358299,
    -0.07487849792538721,
    0.1863906825847785
  ]
}