{
  "image_1": "frame_179",
  "image_2": "frame_180",
  "num_matches": 1235,
  "inlier_count": 605,
  "inlier_ratio": 0.4898785425101215,
  "reproj_rmse": 0.44036367329081283,
  "F": [
    [
      -1.55291460680696e-07,
      9.80797914697608e-06,
      -0.002125932994122012
    ],
    [
      -8.492442056914998e-06,
      5.99476388381537e-07,
      -0.04803485152041404
    ],
    [
      0.0012273982720677305,
      0.04657808183893926,
      1.0
    ]
  ],
  "E": [
    [
      -0.0024942950182882395,
      0.21796055257281746,
      0.009769164743663085
    ],
    [
      -0.20161021060700476,
      0.0035811379183505044,
      -0.6777001791805313
    ],
    [
      -0.015030813880782977,
      0.6724571646344877,
      0.005471870743755301
    ]
  ],
  "R": [
    [
      0.9996483430633285,
      0.010345402260111856,
      0.024416446564111627
    ],
    [
      -0.010553841083703204,
      0.9999088268084124,
      0.00842344994666814
    ],
    [
      -0.024327076460634978,
      -0.008678175078929325,
      0.9996663856648265
    ]
  ],
  "t": [
    -0.9512008614742997,
    -0.01122190437354369,
    0.3083682700810527
  ]
}