{
  "image_1": "frame_169",
  "image_2": "frame_170",
  "num_matches": 1538,
  "inlier_count": 719,
  "inlier_ratio": 0.46749024707412223,
  "reproj_rmse": 0.6422020225659092,
  "F": [
    [
      -2.5822924703909684e-07,
      2.3832491863966618e-05,
      -0.004495957057756
    ],
    [
      -3.011871822463485e-05,
      1.1359175151816747e-06,
      0.1551689882729501
    ],
    [
      0.00719200225310264,
      -0.1558608838952197,
      1.0
    ]
  ],
  "E": [
    [
      0.0007001277606613886,
      -0.21319248156942244,
      -0.01942488728316346
    ],
    [
      0.2313077706000364,
      -0.004493835373187521,
      -0.6678616656308966
    ],
    [
      0.020489285736590424,
      0.6739226714980253,
      -0.0041094613758454225
    ]
  ],
  "R": [
    [
      0.9996296970539905,
      0.0008045225979783181,
      0.027199660129058167
    ],
    [
      -0.0006159153080242744,
      0.9999757154225164,
      -0.006941845112029518
    ],
    [
      -0.027204584468068504,
      0.006922521839287198,
      0.9996059169869416
    ]
  ],
  "t": [
    -0.9530699338216755,
    0.02957418754265511,
    -0.30130228787106594
  ]
}