{
  "image_1": "frame_044",
  "image_2": "frame_045",
  "num_matches": 1393,
  "inlier_count": 721,
  "inlier_ratio": 0.5175879396984925,
  "reproj_rmse": 0.37576353433842435,
  "F": [
    [
      -3.0471375965711017e-07,
      0.000140112549435699,
      -0.08481393493654786
    ],
    [
      -0.0001392975018515135,
      1.1045732757691122e-06,
      0.1879306541162659
    ],
    [
      0.08436906168255685,
      -0.18944149054867104,
      0.9999999999999999
    ]
  ],
  "E": [
    [
      -0.0008568160306625502,
      -0.3867053837767758,
      0.10151569759798024
    ],
    [
      0.39072156671041947,
      -0.0018171846186862005,
      -0.5807264476374878
    ],
    [
      -0.10012842544535754,
      0.5832770653822835,
      -0.0022553811578541814
    ]
  ],
  "R": [
    [
      0.9999792341381228,
      -0.0005295900673143589,
      0.006422680662607039
    ],
    [
      0.000547331664509168,
      0.9999960389432352,
      -0.002760892226917
    ],
    [
      -0.006421193080903886,
      0.002764350231108048,
      0.9999755630250258
    ]
  ],
  "t": [
    -0.8248063714176094,
    -0.1420573698317738,
    -0.5472788625055743
  ]
}