{
  "image_1": "frame_192",
  "image_2": "frame_193",
  "num_matches": 1363,
  "inlier_count": 725,
  "inlier_ratio": 0.5319148936170213,
  "reproj_rmse": 0.544980694000855,
  "F": [
    [
      -8.95976022499145e-08,
      4.478363155369556e-05,
      -0.021680158485960988
    ],
    [
      -4.274440580855995e-05,
      -8.287097502566861e-08,
      -0.04193670116157238
    ],
    [
      0.020727116905057855,
      0.04014323377852308,
      1.0
    ]
  ],
  "E": [
    [
      -0.004942213327321386,
      0.22381039293832525,
      0.06544694190340758
    ],
    [
      -0.1899292013357532,
      0.0010864934988750608,
      -0.6780403928578126
    ],
    [
      -0.06956783905888102,
      0.6670440415444278,
      -0.0008284983573166757
    ]
  ],
  "R": [
    [
      0.9986854998269533,
      0.007213675073056647,
      0.050746776521559345
    ],
    [
      -0.007409812355445258,
      0.9999657831110209,
      0.0036779461687569265
    ],
    [
      -0.05071850861614374,
      -0.004049135599550124,
      0.9987047798947646
    ]
  ],
  "t": [
    -0.9440351480063532,
    -0.09150894672454156,
    0.3168970684591258
  ]
}