{
  "image_1": "frame_120",
  "image_2": "frame_121",
  "num_matches": 1572,
  "inlier_count": 764,
  "inlier_ratio": 0.4860050890585242,
  "reproj_rmse": 0.6780653075386343,
  "F": [
    [
      2.0440815793672947e-07,
      3.979642049290656e-05,
      -0.026781128828882905
    ],
    [
      -4.241500725916462e-05,
      9.678086069002092e-07,
      0.08161112261846573
    ],
    [
      0.027737666066114174,
      -0.08264032052795377,
      1.0
    ]
  ],
  "E": [
    [
      -0.0010019810694279515,
      -0.3290805064029076,
      0.05002207730469473
    ],
    [
      0.33807793304987205,
      -0.006015784017293884,
      -0.6192383505971703
    ],
    [
      -0.0463447263585383,
      0.6238795970098484,
      -0.006341101822758909
    ]
  ],
  "R": [
    [
      0.9999047293058535,
      -0.0009513033538684837,
      0.013770524090123692
    ],
    [
      0.0010770408686760838,
      0.9999577736682967,
      -0.009126382816342447
    ],
    [
      -0.013761260652824348,
      0.009140344756746095,
      0.999863531589673
    ]
  ],
  "t": [
    -0.8822729828365659,
    -0.06649791992354973,
    -0.4660176073953747
  ]
}