{
  "image_1": "frame_065",
  "image_2": "frame_066",
  "num_matches": 1165,
  "inlier_count": 556,
  "inlier_ratio": 0.47725321888412015,
  "reproj_rmse": 0.5624135497013873,
  "F": [
    [
      1.8191704185877538e-07,
      3.515098689896492e-05,
      -0.006385109387453976
    ],
    [
      -3.453672472068592e-05,
      1.825663731477284e-06,
      0.11150609137019461
    ],
    [
      0.00549324644633309,
      -0.11391271936187362,
      1.0
    ]
  ],
  "E": [
    [
      -0.00046662436825784914,
      -0.2524704466232238,
      -0.044169992256526826
    ],
    [
      0.2520870351108789,
      -0.001865979928332286,
      -0.6591277125651585
    ],
    [
      0.04588100320485982,
      0.6589382636250827,
      -0.0014384991621754638
    ]
  ],
  "R": [
    [
      0.999998335445263,
      -0.0017725165704682438,
      -0.0004327721234859139
    ],
    [
      0.0017715806870139753,
      0.9999961121301116,
      -0.002153422051201885
    ],
    [
      0.0004365874171932127,
      0.0021526517759761325,
      0.9999975877379698
    ]
  ],
  "t": [
    -0.9319951369268267,
    0.06323453765997505,
    -0.35691239540211367
  ]
}