{
  "image_1": "frame_078",
  "image_2": "frame_079",
  "num_matches": 1924,
  "inlier_count": 927,
  "inlier_ratio": 0.4818087318087318,
  "reproj_rmse": 0.538616487099483,
  "F": [
    [
      -1.9070294013763775e-07,
      -8.786156133071992e-05,
      0.03192842410499598
    ],
    [
      8.535637126465198e-05,
      1.1924425637889347e-06,
      0.0965369229940065
    ],
    [
      -0.030233548529287675,
      -0.09661677764719298,
      1.0
    ]
  ],
  "E": [
    [
      0.0038635776289642656,
      0.5590132687633318,
      0.09906264426866436
    ],
    [
      -0.555495601675682,
      -0.0014536217701993839,
      -0.4242993252993556
    ],
    [
      -0.10341037049414066,
      0.4222968388739019,
      -0.006333390051723831
    ]
  ],
  "R": [
    [
      0.9999566363507727,
      -0.007810003601814303,
      0.005072401974184737
    ],
    [
      0.00787906449454523,
      0.9998745470916547,
      -0.013740830431573509
    ],
    [
      -0.004964449691442607,
      0.013780200361319397,
      0.9998927244046047
    ]
  ],
  "t": [
    0.5961137989091194,
    0.15094771315421576,
    -0.7885829865294145
  ]
}