{
  "image_1": "frame_105",
  "image_2": "frame_106",
  "num_matches": 1426,
  "inlier_count": 726,
  "inlier_ratio": 0.5091164095371669,
  "reproj_rmse": 0.42261835688638577,
  "F": [
    [
      2.094205693155547e-07,
      -1.1813346478442003e-05,
      0.0017470618438687128
    ],
    [
      1.5414274463808267e-05,
      1.1094945361946583e-06,
      -0.08080342502052558
    ],
    [
      -0.003828366199371582,
      0.07900861992439005,
      1.0
    ]
  ],
  "E": [
    [
      0.001671002143053746,
      -0.0923152593486529,
      -0.037448463317090674
    ],
    [
      0.1199727340311069,
      0.00262569641501017,
      -0.6958580803738392
    ],
    [
      0.03557685001533438,
      0.7001238813477941,
      0.0038382982917939874
    ]
  ],
  "R": [
    [
      0.9992200449116765,
      0.002090751283844984,
      0.039432608406959974
    ],
    [
      -0.002226126595870237,
      0.9999917778430474,
      0.003389484722010212
    ],
    [
      -0.039425197616330926,
      -0.003474623054473651,
      0.9992164834446751
    ]
  ],
  "t": [
    -0.9900229423992329,
    0.05255817321542732,
    -0.13073718656687675
  ]
}