{
  "image_1": "frame_133",
  "image_2": "frame_134",
  "num_matches": 1404,
  "inlier_count": 682,
  "inlier_ratio": 0.48575498575498577,
  "reproj_rmse": 0.604110205799537,
  "F": [
    [
      1.7182613652040273e-07,
      1.0578541828169602e-05,
      -0.00881685679413967
    ],
    [
      -7.058636239452952e-06,
      1.1055143656943857e-06,
      -0.0610835067698699
    ],
    [
      0.006873542368200473,
      0.059117375736754456,
      1.0
    ]
  ],
  "E": [
    [
      0.005599823472593585,
      -0.002276628187818949,
      -0.09068235476442801
    ],
    [
      0.04544193746674524,
      -0.00039026478306299593,
      -0.6997713932401679
    ],
    [
      0.09067961700214584,
      0.7012454089967347,
      0.005208465443574843
    ]
  ],
  "R": [
    [
      0.9980988375386958,
      4.00811096999687e-05,
      0.061633666915159105
    ],
    [
      -5.695843991543326e-06,
      0.9999998442610045,
      -0.0005580730453438381
    ],
    [
      -0.06163367968458059,
      0.0005566610020686156,
      0.9980986823240813
    ]
  ],
  "t": [
    -0.9917057723695558,
    0.12849027368156346,
    -0.00314811342547484
  ]
}