{
  "image_1": "frame_094",
  "image_2": "frame_095",
  "num_matches": 1508,
  "inlier_count": 788,
  "inlier_ratio": 0.5225464190981433,
  "reproj_rmse": 0.5242866635975477,
  "F": [
    [
      7.28368019127474e-08,
      -4.6678886651230825e-05,
      0.019325023512211284
    ],
    [
      5.155205687780051e-05,
      -6.392152242221521e-07,
      -0.1235082985000381
    ],
    [
      -0.0219708422467569,
      0.12388278470056464,
      1.0
    ]
  ],
  "E": [
    [
      -0.0013370123785381369,
      -0.15309006369168437,
      0.027164801829023175
    ],
    [
      0.17810785841919435,
      0.007014769582659325,
      -0.683664749363222
    ],
    [
      -0.027565127824056603,
      0.6898221476678592,
      0.0063388412556477335
    ]
  ],
  "R": [
    [
      0.9993191477039189,
      -0.002192354484575297,
      0.03682980605606287
    ],
    [
      0.001798323130247477,
      0.9999408316518897,
      0.010728430884635272
    ],
    [
      -0.036851147420839725,
      -0.010654894515721729,
      0.9992639622024937
    ]
  ],
  "t": [
    -0.9755241855929206,
    -0.04076504029568214,
    -0.21608048225825588
  ]
}