{
  "image_1": "frame_002",
  "image_2": "frame_003",
  "num_matches": 1149,
  "inlier_count": 585,
  "inlier_ratio": 0.5091383812010444,
  "reproj_rmse": 0.5396276898450896,
  "F": [
    [
      -2.7294229344227714e-08,
      4.2682980831233816e-06,
      -0.005840875147699739
    ],
    [
      -3.721114215279386e-06,
      1.4291659252636193e-06,
      0.07773513999744683
    ],
    [
      0.00552553045008707,
      -0.07944747976879585,
      1.0
    ]
  ],
  "E": [
    [
      0.0005008369151436282,
      0.09617297690714531,
      0.09095468162517954
    ],
    [
      -0.1005333187419783,
      -0.005757512018315059,
      -0.6938631372405394
    ],
    [
      -0.09297917552791672,
      0.6944223471338226,
      -0.004907131724869928
    ]
  ],
  "R": [
    [
      0.9999714332139311,
      0.0017473431068340817,
      -0.0073538798021241525
    ],
    [
      -0.001806429379207608,
      0.9999660811958253,
      -0.008035749545663749
    ],
    [
      0.007339589155737736,
      0.00804880425465148,
      0.999940671830632
    ]
  ],
  "t": [
    -0.9823214886844982,
    -0.12972162238269697,
    0.1349696023372394
  ]
}