{
  "image_1": "frame_113",
  "image_2": "frame_114",
  "num_matches": 1384,
  "inlier_count": 648,
  "inlier_ratio": 0.4682080924855491,
  "reproj_rmse": 0.5976756341129483,
  "F": [
    [
      3.22008523616533e-07,
      -9.892962433282561e-06,
      -0.0029830849115963258
    ],
    [
      1.4761717781172408e-05,
      2.1650869461825387e-06,
      -0.13174048630220364
    ],
    [
      4.738886844688564e-05,
      0.12937771709719853,
      1.0
    ]
  ],
  "E": [
    [
      0.0004306394441297744,
      -0.2397777089809877,
      -0.043568022372414486
    ],
    [
      0.25541214454659894,
      -0.00037921349687819266,
      -0.65793115794164
    ],
    [
      0.045127084643795785,
      0.6636725600230017,
      0.0012866937962391371
    ]
  ],
  "R": [
    [
      0.9997176083241789,
      -0.002498449059540553,
      0.023631787043735697
    ],
    [
      0.0024899224377395515,
      0.9999968239985578,
      0.0003902294852153633
    ],
    [
      -0.02363268695763643,
      -0.0003312779708529792,
      0.999720654163986
    ]
  ],
  "t": [
    -0.9387313697241124,
    0.0614993337330289,
    -0.33911833841048045
  ]
}