{
  "image_1": "frame_201",
  "image_2": "frame_202",
  "num_matches": 1335,
  "inlier_count": 612,
  "inlier_ratio": 0.4584269662921348,
  "reproj_rmse": 0.49405819835574266,
  "F": [
    [
      -1.8031342086992892e-06,
      -3.079612545623633e-05,
      0.0602164453863203
    ],
    [
      -3.5919318539490384e-05,
      2.0320433187118265e-05,
      1.814866531396363
    ],
    [
      -0.03532110774663196,
      -1.817195186881733,
      1.0
    ]
  ],
  "E": [
    [
      0.001142958660066273,
      0.031428399264274175,
      -0.030500315737556145
    ],
    [
      -0.0071274969486646396,
      -0.0027732442811455762,
      -0.7064118597807082
    ],
    [
      0.03243136697656014,
      0.7056554764089195,
      -0.0017399482157741842
    ]
  ],
  "R": [
    [
      0.9993976536018758,
      -0.0027742886484384555,
      0.03459238785571443
    ],
    [
      0.0029128281429906602,
      0.9999879359976462,
      -0.003955160094974244
    ],
    [
      -0.03458099777731175,
      0.004053539399414671,
      0.9993936778922824
    ]
  ],
  "t": [
    -0.9980788346669777,
    0.04298353788523289,
    0.044621242258329
  ]
}