{
  "image_1": "frame_056",
  "image_2": "frame_057",
  "num_matches": 1160,
  "inlier_count": 526,
  "inlier_ratio": 0.453448275862069,
  "reproj_rmse": 0.4378978881228856,
  "F": [
    [
      -1.9010452928712374e-07,
      -1.483163220001924e-05,
      0.005642814728459693
    ],
    [
      1.5732104887080403e-05,
      8.182277382385078e-07,
      0.03049892784180298
    ],
    [
      -0.006109990627924801,
      -0.031988922093909314,
      1.0
    ]
  ],
  "E": [
    [
      0.0016603098426019338,
      0.22826715572717662,
      0.0013364584555285155
    ],
    [
      -0.24756810365331447,
      -0.00899732064490869,
      -0.6622718678164929
    ],
    [
      -0.0005611009866908802,
      0.6691799523707549,
      -0.010606354254563058
    ]
  ],
  "R": [
    [
      0.9995556731818386,
      -0.0071008166372916424,
      -0.02894882749067551
    ],
    [
      0.0066376376040781625,
      0.9998489214547116,
      -0.016064745030241447
    ],
    [
      0.029058526752714975,
      0.01586545520725112,
      0.9994517944123309
    ]
  ],
  "t": [
    0.9464560875880593,
    0.007078894485485298,
    -0.32275495894000944
  ]
}