{
  "image_1": "frame_047",
  "image_2": "frame_048",
  "num_matches": 1081,
  "inlier_count": 536,
  "inlier_ratio": 0.4958371877890842,
  "reproj_rmse": 0.5667265094069791,
  "F": [
    [
      -4.90549851489284e-07,
      3.831035128814624e-05,
      -0.0009209787643597914
    ],
    [
      -3.905022551151333e-05,
      1.981806403891003e-06,
      0.09993388459360703
    ],
    [
      0.0018724925656604923,
      -0.10198403616246038,
      1.0
    ]
  ],
  "E": [
    [
      0.0022691426520787326,
      0.01654111041783408,
      -0.08847602906692348
    ],
    [
      0.0016917167740243078,
      -0.008075820253963422,
      -0.7015217796983968
    ],
    [
      0.08221560931284054,
      0.7020688896176068,
      -0.0056757893824428895
    ]
  ],
  "R": [
    [
      0.9995869067492276,
      0.00895345336402556,
      0.02731028246593782
    ],
    [
      -0.008641164760743877,
      0.9998961719706321,
      -0.011531502506323241
    ],
    [
      -0.027410693663035446,
      0.011290746270015906,
      0.9995604898762142
    ]
  ],
  "t": [
    -0.9918601060011625,
    0.12489284871742667,
    0.024805371648275554
  ]
}