{
  "image_1": "frame_024",
  "image_2": "frame_025",
  "num_matches": 1163,
  "inlier_count": 547,
  "inlier_ratio": 0.470335339638865,
  "reproj_rmse": 0.5479169617160342,
  "F": [
    [
      1.9220196122472634e-07,
      -1.2746069318545185e-05,
      0.0008583189052093287
    ],
    [
      7.775591135247746e-06,
      8.898515340567429e-07,
      0.15823887673997755
    ],
    [
      0.0018987022308026625,
      -0.15719150917689356,
      1.0
    ]
  ],
  "E": [
    [
      0.00038091688332541577,
      0.11809955878143098,
      -0.028119264679192624
    ],
    [
      -0.09381487411993147,
      -0.009712477083085197,
      -0.7002845729639526
    ],
    [
      0.023282365582160288,
      0.6966755823939862,
      -0.008287006228195278
    ]
  ],
  "R": [
    [
      0.999366833206448,
      0.005158652996769035,
      0.035203991054636674
    ],
    [
      -0.004695051867941412,
      0.9999013380873017,
      -0.013238979536993017
    ],
    [
      -0.03526881306300733,
      0.013065312490809613,
      0.999292453906585
    ]
  ],
  "t": [
    -0.9851514158461743,
    0.03757536563937163,
    0.1675254600153238
  ]
}