{
  "image_1": "frame_197",
  "image_2": "frame_198",
  "num_matches": 1409,
  "inlier_count": 576,
  "inlier_ratio": 0.4088005677785664,
  "reproj_rmse": 0.5512010081592914,
  "F": [
    [
      3.1975374440015887e-09,
      -4.1645121721852506e-05,
      0.012353649923679674
    ],
    [
      3.993082102245039e-05,
      1.4831844368671842e-07,
      0.0847780637629791
    ],
    [
      -0.0115296479446108,
      -0.08598133065549758,
      1.0
    ]
  ],
  "E": [
    [
      -0.0014540273433056906,
      -0.21816884506371617,
      0.0770889562162008
    ],
    [
      0.23761840457621572,
      3.541643667541111e-05,
      -0.661537069109343
    ],
    [
      -0.07921775671711585,
      0.667891380209047,
      -0.0030632804733073346
    ]
  ],
  "R": [
    [
      0.9995695723210125,
      0.003624902706551719,
      0.029112371431331607
    ],
    [
      -0.003590435689124427,
      0.9999927903667961,
      -0.0012361173047673174
    ],
    [
      -0.029116642346775357,
      0.0011310591482825635,
      0.9995753807710818
    ]
  ],
  "t": [
    -0.9449418327892429,
    -0.10868485401898165,
    -0.3086624939181614
  ]
}