{
  "image_1": "frame_168",
  "image_2": "frame_169",
  "num_matches": 1717,
  "inlier_count": 717,
  "inlier_ratio": 0.41758881770529993,
  "reproj_rmse": 0.4727662416811998,
  "F": [
    [
      7.28445257202466e-06,
      0.00043233805916176587,
      -0.4060439403104569
    ],
    [
      -0.0005516613322782103,
      -2.5166361351370192e-05,
      3.1593706815045666
    ],
    [
      0.46270627053690544,
      -3.122271685284105,
      1.0
    ]
  ],
  "E": [
    [
      -0.0003239479330472177,
      -0.10318507338339754,
      0.013327787545730066
    ],
    [
      0.1209745437087678,
      -0.0024729251728958395,
      -0.6965565042221556
    ],
    [
      -0.012998062197935008,
      0.6994042391694646,
      -0.0028190814055286373
    ]
  ],
  "R": [
    [
      0.9996769660302027,
      0.00014428269854703177,
      0.025415404209881143
    ],
    [
      -5.3831987121125136e-05,
      0.9999936633630395,
      -0.003559541527378907
    ],
    [
      -0.025415756741949264,
      0.0035570235128366606,
      0.9996706392072157
    ]
  ],
  "t": [
    -0.989115873664694,
    -0.01833471250688237,
    -0.14599187231424546
  ]
}