{
  "image_1": "frame_126",
  "image_2": "frame_127",
  "num_matches": 1694,
  "inlier_count": 821,
  "inlier_ratio": 0.4846517119244392,
  "reproj_rmse": 0.5593498891629669,
  "F": [
    [
      -2.0993029023929776e-07,
      -6.897582560159273e-06,
      0.008195521889901598
    ],
    [
      8.85624906155474e-06,
      1.260553011094821e-06,
      -0.04687729390433649
    ],
    [
      -0.009280553135778429,
      0.045330691397108824,
      1.0
    ]
  ],
  "E": [
    [
      -0.0017259538270971288,
      -0.15962185793527475,
      0.07692288337576064
    ],
    [
      0.1758199480376267,
      0.01221158643217473,
      -0.6801347182060299
    ],
    [
      -0.08110109361272717,
      0.6843105541157227,
      0.00987014823339206
    ]
  ],
  "R": [
    [
      0.9996665972869996,
      0.0016096774084599363,
      0.025770199985100994
    ],
    [
      -0.002059023401866311,
      0.9998461467464512,
      0.0174196228117821
    ],
    [
      -0.025738195182684637,
      -0.017466876507118093,
      0.9995161096919963
    ]
  ],
  "t": [
    -0.968091683226167,
    -0.11273853041139273,
    -0.22380463942690246
  ]
}