{
  "image_1": "frame_022",
  "image_2": "frame_023",
  "num_matches": 1162,
  "inlier_count": 596,
  "inlier_ratio": 0.5129087779690189,
  "reproj_rmse": 0.5135506123847823,
  "F": [
    [
      2.6201336094748496e-06,
      0.0003978033308474534,
      -0.27104209389149125
    ],
    [
      -0.0002926138066234312,
      4.026787706195805e-06,
      -1.6247331352377814
    ],
    [
      0.207339781183233,
      1.599494259564814,
      0.9999999999999999
    ]
  ],
  "E": [
    [
      0.002293744016378212,
      -0.08051328078726251,
      -0.07373752840723365
    ],
    [
      0.09989132243951257,
      -0.006932111022903251,
      -0.6959960077651638
    ],
    [
      0.07332170864558722,
      0.6987398974549739,
      -0.004983645107834542
    ]
  ],
  "R": [
    [
      0.9995818004194157,
      0.00206048647716478,
      0.02884404038544036
    ],
    [
      -0.0017665306870907338,
      0.9999462856671895,
      -0.010212989264800635
    ],
    [
      -0.02886353477332751,
      0.010157764314493061,
      0.9995317484625087
    ]
  ],
  "t": [
    -0.9880031652374918,
    0.10548200522363607,
    -0.11279757113829374
  ]
}