{
  "image_1": "frame_205",
  "image_2": "frame_206",
  "num_matches": 1488,
  "inlier_count": 721,
  "inlier_ratio": 0.4845430107526882,
  "reproj_rmse": 0.6581878495306113,
  "F": [
    [
      1.928178174870147e-06,
      -0.00017747410049278461,
      0.09860576600917381
    ],
    [
      0.00017604081060984184,
      2.7276106645052137e-06,
      0.05789956486475641
    ],
    [
      -0.09720816179236827,
      -0.06124382654520966,
      1.0
    ]
  ],
  "E": [
    [
      0.005574459709645325,
      -0.6156963860047442,
      0.030326716691466575
    ],
    [
      0.6197676597513652,
      0.006627904745862959,
      0.33921388654339
    ],
    [
      -0.024936519000413517,
      -0.3465841028887431,
      0.0016921998785972745
    ]
  ],
  "R": [
    [
      0.9998971209408326,
      0.008483264144621618,
      -0.011566406688612918
    ],
    [
      -0.008529502032969722,
      0.9999558051730502,
      -0.003954149186160785
    ],
    [
      0.011532351421257636,
      0.004052398076377271,
      0.999925288679373
    ]
  ],
  "t": [
    -0.48983094208863154,
    0.039447635721158246,
    0.8709245272746511
  ]
}