{
  "image_1": "frame_055",
  "image_2": "frame_056",
  "num_matches": 1250,
  "inlier_count": 597,
  "inlier_ratio": 0.4776,
  "reproj_rmse": 0.4464296634111124,
  "F": [
    [
      3.4511228122523875e-08,
      2.3773677015485808e-05,
      -0.014694167359461887
    ],
    [
      -2.3893406288199237e-05,
      1.825762884872247e-06,
      0.06254306825353949
    ],
    [
      0.01436525964213939,
      -0.06394563590155078,
      1.0
    ]
  ],
  "E": [
    [
      0.0007199655648307708,
      -0.12958266214368686,
      0.037983329103228214
    ],
    [
      0.11547147541429774,
      -0.010070249266085568,
      -0.69660620099383
    ],
    [
      -0.03589620157490742,
      0.6940431973509459,
      -0.009236565230323446
    ]
  ],
  "R": [
    [
      0.9997782216073611,
      -0.0006155669379749179,
      -0.02105062177151179
    ],
    [
      0.0003123828363984435,
      0.9998962244015537,
      -0.014402876257223193
    ],
    [
      0.021057303165075564,
      0.01439310615753934,
      0.9996746613166466
    ]
  ],
  "t": [
    0.9815957233317354,
    0.051082857835265595,
    0.18401189519221114
  ]
}