{
  "image_1": "frame_018",
  "image_2": "frame_019",
  "num_matches": 1125,
  "inlier_count": 566,
  "inlier_ratio": 0.5031111111111111,
  "reproj_rmse": 0.4229147610410601,
  "F": [
    [
      1.0963182514211163e-07,
      -2.2743452287455463e-05,
      0.005833755982904353
    ],
    [
      2.7475647640855563e-05,
      -1.367951140759174e-06,
      -0.14763809707650763
    ],
    [
      -0.007906500829074337,
      0.147257327965651,
      1.0
    ]
  ],
  "E": [
    [
      0.0011986503154641618,
      -0.025638040351789897,
      -0.03966041572168286
    ],
    [
      0.04803579783785692,
      0.0021034926205626457,
      -0.7043578550664578
    ],
    [
      0.04101541244368027,
      0.7054376296564407,
      0.003455663026988132
    ]
  ],
  "R": [
    [
      0.999498762591715,
      -0.0021322053016765916,
      0.03158602979454576
    ],
    [
      0.0020344999313715237,
      0.9999930471755771,
      0.003125125682803079
    ],
    [
      -0.03159247359197561,
      -0.003059297477455636,
      0.9994961512238475
    ]
  ],
  "t": [
    -0.9977658097460792,
    0.05600266870524444,
    -0.036429246487425404
  ]
}