{
  "image_1": "frame_053",
  "image_2": "frame_054",
  "num_matches": 1225,
  "inlier_count": 533,
  "inlier_ratio": 0.43510204081632653,
  "reproj_rmse": 0.5790315466337083,
  "F": [
    [
      2.392181512334766e-07,
      2.213600295830815e-05,
      -0.02118084308901495
    ],
    [
      -2.3991138948403125e-05,
      -8.057280601924792e-07,
      0.157335582513618
    ],
    [
      0.02111501176443846,
      -0.15665703108517487,
      1.0
    ]
  ],
  "E": [
    [
      2.0178623895762512e-05,
      -0.0705498241033798,
      0.017694637010322718
    ],
    [
      0.06284789397015295,
      -0.004916193917520931,
      -0.7040806172210349
    ],
    [
      -0.015513521036866769,
      0.7033807959139562,
      -0.004567937378604891
    ]
  ],
  "R": [
    [
      0.9999353348936874,
      -0.0024966697527755745,
      -0.011094713659900154
    ],
    [
      0.0024216941169305714,
      0.9999741774191023,
      -0.0067660839925114
    ],
    [
      0.01111131984300795,
      0.006738778460172103,
      0.9999155601530616
    ]
  ],
  "t": [
    -0.994695553154711,
    -0.024349854805658832,
    -0.09993918703485069
  ]
}