{
  "image_1": "frame_035",
  "image_2": "frame_036",
  "num_matches": 1120,
  "inlier_count": 584,
  "inlier_ratio": 0.5214285714285715,
  "reproj_rmse": 0.4214350126962517,
  "F": [
    [
      -5.541132272892079e-08,
      1.0692195556521541e-05,
      -0.00032406890257139756
    ],
    [
      -9.244765841255375e-06,
      2.314487312433975e-06,
      -0.09179834861067317
    ],
    [
      -9.013202117304847e-05,
      0.08949897440792509,
      1.0
    ]
  ],
  "E": [
    [
      -0.0003486226249182134,
      0.04552891606684112,
      0.02824660179126869
    ],
    [
      -0.030614776791881234,
      0.005669158040170958,
      -0.7058699156577638
    ],
    [
      -0.024043520134473834,
      0.7051987637758277,
      0.004898644534673233
    ]
  ],
  "R": [
    [
      0.9997551771142286,
      -0.005621791184084103,
      0.02140049759188368
    ],
    [
      0.0054560674710863455,
      0.9999547379429593,
      0.007794446303484326
    ],
    [
      -0.021443347710855272,
      -0.007675775485871211,
      0.9997405990103841
    ]
  ],
  "t": [
    -0.9971249929184302,
    -0.039452712426723,
    0.06469336889971916
  ]
}