{
  "image_1": "frame_150",
  "image_2": "frame_151",
  "num_matches": 1519,
  "inlier_count": 744,
  "inlier_ratio": 0.4897959183673469,
  "reproj_rmse": 0.4522925564670721,
  "F": [
    [
      6.3083514035903e-07,
      6.718666652847887e-05,
      -0.05504268926264891
    ],
    [
      -6.58330145283221e-05,
      7.511795301259028e-07,
      -0.12475586219630515
    ],
    [
      0.05518014654949666,
      0.12311476138529669,
      1.0
    ]
  ],
  "E": [
    [
      0.001442870648886982,
      0.15529270473679307,
      -0.05480674490950834
    ],
    [
      -0.1491038185003962,
      0.00404383217400337,
      -0.6889631666734894
    ],
    [
      0.05978160245525348,
      0.687294004763288,
      0.0035887900128580537
    ]
  ],
  "R": [
    [
      0.9999434207628073,
      -0.006253885707042925,
      0.008604893185740897
    ],
    [
      0.0062151222146060725,
      0.9999704514521149,
      0.004524210263721603
    ],
    [
      -0.008632932817546235,
      -0.004470473824564877,
      0.9999527425507424
    ]
  ],
  "t": [
    -0.9725001950562744,
    0.07850418711363616,
    0.21927257744901732
  ]
}