{
  "image_1": "frame_188",
  "image_2": "frame_189",
  "num_matches": 1475,
  "inlier_count": 671,
  "inlier_ratio": 0.4549152542372881,
  "reproj_rmse": 0.42998661190678955,
  "F": [
    [
      -2.2287484248856413e-07,
      -1.5724836458269013e-05,
      0.0068359873948835295
    ],
    [
      1.5923223008758314e-05,
      1.062945240817578e-06,
      0.038463242151920644
    ],
    [
      -0.007136498512205307,
      -0.03933085622667163,
      1.0
    ]
  ],
  "E": [
    [
      0.0068173935461153115,
      0.38939753958515844,
      0.006563910966223384
    ],
    [
      -0.3894614816981594,
      -0.005323989186940951,
      -0.5899822111706027
    ],
    [
      -0.004245940154683906,
      0.5901923677899046,
      -0.012138175015084471
    ]
  ],
  "R": [
    [
      0.9998468058398466,
      -0.01750289209583184,
      -0.00011670534525348719
    ],
    [
      0.017496788252867268,
      0.9996352869554817,
      -0.020570743162706656
    ],
    [
      0.0004767102791995437,
      0.020565549876271322,
      0.9997883930640505
    ]
  ],
  "t": [
    -0.834601694682068,
    -0.020610672713811166,
    0.5504681747422865
  ]
}