{
  "image_1": "frame_068",
  "image_2": "frame_069",
  "num_matches": 1032,
  "inlier_count": 551,
  "inlier_ratio": 0.5339147286821705,
  "reproj_rmse": 0.4319149881572921,
  "F": [
    [
      -7.927555527217023e-08,
      3.988662655256129e-07,
      0.0005318457096131149
    ],
    [
      3.0272545119504117e-06,
      6.112848436975951e-07,
      -0.03289849775259152
    ],
    [
      -0.002427213962330826,
      0.03144576680751624,
      1.0
    ]
  ],
  "E": [
    [
      0.0014877055269327836,
      0.05807440004607798,
      -0.020538120047545096
    ],
    [
      -0.12332482863659996,
      -0.011751614769871195,
      0.6958375479275736
    ],
    [
      0.02780925098704873,
      -0.7041423415251404,
      -0.008748596098411285
    ]
  ],
  "R": [
    [
      0.9955807842366088,
      0.007598184434728556,
      0.09360111992980959
    ],
    [
      -0.00906716640637217,
      0.9998421601354679,
      0.015278786241079782
    ],
    [
      -0.09347025490592115,
      -0.016059962918304752,
      0.9954925359031501
    ]
  ],
  "t": [
    -0.9961961015949278,
    -0.030430020906853022,
    -0.08165378738721679
  ]
}