{
  "image_1": "frame_015",
  "image_2": "frame_016",
  "num_matches": 1244,
  "inlier_count": 622,
  "inlier_ratio": 0.5,
  "reproj_rmse": 0.4079752446432173,
  "F": [
    [
      -4.7494323586698933e-07,
      -8.205246573483511e-06,
      0.01111953107333673
    ],
    [
      3.228177248422817e-05,
      -3.66345397539354e-06,
      -0.3377571328701534
    ],
    [
      -0.023687504734685068,
      0.33416186853763263,
      1.0
    ]
  ],
  "E": [
    [
      -0.0007733626810628026,
      -0.010399928745443055,
      0.011488024208045684
    ],
    [
      0.05811599673953439,
      -0.004087840840495009,
      -0.7046095616706278
    ],
    [
      -0.011362271124024518,
      0.7069212498363455,
      -0.0048682747797290015
    ]
  ],
  "R": [
    [
      0.9977235532192712,
      0.00029855302570986134,
      0.06743606021709089
    ],
    [
      9.237684147133177e-05,
      0.9999832112308396,
      -0.005793852170814889
    ],
    [
      -0.06743665782074039,
      0.005786892304936755,
      0.9977067750894645
    ]
  ],
  "t": [
    -0.9997592397092898,
    -0.016197906195164334,
    -0.014801704320631656
  ]
}