{
  "image_1": "frame_109",
  "image_2": "frame_110",
  "num_matches": 1638,
  "inlier_count": 800,
  "inlier_ratio": 0.4884004884004884,
  "reproj_rmse": 0.4880981680747187,
  "F": [
    [
      8.045400925897838e-07,
      0.00029673565207156586,
      -0.1801908285559067
    ],
    [
      -0.00031620077598295404,
      -2.6990047671273724e-08,
      0.4952524596670156
    ],
    [
      0.19131907133543222,
      -0.4985852118220504,
      1.0
    ]
  ],
  "E": [
    [
      -0.0004224434757420308,
      -0.312525144479238,
      0.03297846213091086
    ],
    [
      0.34139575890896384,
      0.0036999999558519434,
      -0.6182739764451897
    ],
    [
      -0.03656521679425344,
      0.6333048128141536,
      0.0009008231748931938
    ]
  ],
  "R": [
    [
      0.9989194784860123,
      0.0035396112008757794,
      0.0463394718763504
    ],
    [
      -0.0037255668319836135,
      0.9999853487252677,
      0.003927147385208576
    ],
    [
      -0.04632489236914433,
      -0.004095544817403967,
      0.9989180301003865
    ]
  ],
  "t": [
    -0.8958127891979175,
    -0.04842594035699783,
    -0.44178544001583836
  ]
}