{
  "image_1": "frame_098",
  "image_2": "frame_099",
  "num_matches": 1285,
  "inlier_count": 707,
  "inlier_ratio": 0.5501945525291829,
  "reproj_rmse": 0.4964297054602693,
  "F": [
    [
      7.274191072400509e-08,
      2.726982327421434e-06,
      -0.0031215586901054792
    ],
    [
      1.2534843759309925e-06,
      -1.2462337260226266e-06,
      -0.11668420745202679
    ],
    [
      0.0016379992326634265,
      0.11608406850073459,
      1.0
    ]
  ],
  "E": [
    [
      0.0019593839101978484,
      0.08243517743635269,
      -0.029012720258192317
    ],
    [
      -0.04534978386827964,
      0.002244272799539117,
      -0.705039390644498
    ],
    [
      0.03282012084793092,
      0.7015176165423135,
      0.003543406497249028
    ]
  ],
  "R": [
    [
      0.9986036146101046,
      -0.0052344118761333824,
      0.052568258673316354
    ],
    [
      0.005091315674301551,
      0.9999829617437634,
      0.0028556482408293184
    ],
    [
      -0.05258231064092106,
      -0.0025840190559934728,
      0.9986132501890709
    ]
  ],
  "t": [
    -0.992329445697294,
    0.04142023617355688,
    0.11647589981377267
  ]
}