{
  "image_1": "frame_162",
  "image_2": "frame_163",
  "num_matches": 1377,
  "inlier_count": 711,
  "inlier_ratio": 0.5163398692810458,
  "reproj_rmse": 0.5918505867664122,
  "F": [
    [
      -3.583000676793854e-07,
      9.201475993936887e-05,
      -0.06330731744000621
    ],
    [
      -0.00010731014425134652,
      -4.685134919888891e-07,
      0.36727946156732844
    ],
    [
      0.0749582302421329,
      -0.36690722846326534,
      1.0
    ]
  ],
  "E": [
    [
      -0.0008980820283441276,
      -0.16508289503090098,
      0.06334487395313564
    ],
    [
      0.1963218361712791,
      -0.0006415480258825626,
      -0.6764080146709959
    ],
    [
      -0.07071478255643124,
      0.6838340242467353,
      -0.00585044601461765
    ]
  ],
  "R": [
    [
      0.9988931792444913,
      0.012015579083446776,
      0.0454757332884457
    ],
    [
      -0.011828463149827759,
      0.9999204417882166,
      -0.00438150129189244
    ],
    [
      -0.0455247615957024,
      0.003838743719906449,
      0.9989558349238004
    ]
  ],
  "t": [
    -0.9682295783136851,
    -0.08865125771595414,
    -0.2338213809382776
  ]
}