{
  "image_1": "frame_116",
  "image_2": "frame_117",
  "num_matches": 1580,
  "inlier_count": 767,
  "inlier_ratio": 0.4854430379746835,
  "reproj_rmse": 0.4977767127209057,
  "F": [
    [
      3.3317120599065674e-07,
      -3.232015855794692e-05,
      0.01728484491996322
    ],
    [
      3.240209319175221e-05,
      1.112705953782972e-06,
      -0.06944906660024952
    ],
    [
      -0.018296725731662317,
      0.06801982823735452,
      1.0
    ]
  ],
  "E": [
    [
      0.004020425184706647,
      -0.3201826836069961,
      0.05286086235000652
    ],
    [
      0.31546666368806753,
      0.00841560606599351,
      -0.6303576374531957
    ],
    [
      -0.06245975799480984,
      0.6275378679646798,
      0.0051795765494230955
    ]
  ],
  "R": [
    [
      0.9999117343785834,
      0.011440120190115671,
      -0.006756263912049809
    ],
    [
      -0.011388364078939464,
      0.9999058877660241,
      0.007649887217764682
    ],
    [
      0.006843143694171883,
      -0.007572269202471817,
      0.9999479147053141
    ]
  ],
  "t": [
    -0.8884510279484207,
    -0.0782203372526667,
    -0.4522569510548997
  ]
}