{
  "image_1": "frame_138",
  "image_2": "frame_139",
  "num_matches": 2112,
  "inlier_count": 1123,
  "inlier_ratio": 0.5317234848484849,
  "reproj_rmse": 0.5460846870513554,
  "F": [
    [
      -4.1424584904093453e-07,
      0.0003366640228595326,
      -0.16918172720275648
    ],
    [
      -0.0003358576215958683,
      -7.7579109817688e-07,
      -0.13171250928411934
    ],
    [
      0.16805813583980422,
      0.12967465901617245,
      1.0
    ]
  ],
  "E": [
    [
      0.0013614071681479602,
      -0.6102784773566295,
      0.1100410438053973
    ],
    [
      0.6078013995146483,
      0.0034096290144157164,
      0.3448255537021833
    ],
    [
      -0.10672619745940957,
      -0.3401763102909683,
      0.0002504170413898366
    ]
  ],
  "R": [
    [
      0.9999587181477024,
      0.003725081062705665,
      0.00828768794535123
    ],
    [
      -0.0036972496093158197,
      0.9999874834115822,
      -0.0033709591360503166
    ],
    [
      -0.008300141307813147,
      0.003340178325594856,
      0.9999599746304967
    ]
  ],
  "t": [
    -0.4805190845825257,
    0.152716539326968,
    0.8635850091148909
  ]
}