{
  "image_1": "frame_028",
  "image_2": "frame_029",
  "num_matches": 1303,
  "inlier_count": 686,
  "inlier_ratio": 0.5264773599386032,
  "reproj_rmse": 0.49652913712651575,
  "F": [
    [
      -1.2814132630650084e-05,
      0.0017719452166183609,
      -0.8052030974036201
    ],
    [
      -0.0016508616136262809,
      -7.085552323574878e-05,
      -3.901201102366009
    ],
    [
      0.7114450914869025,
      3.8737793448358726,
      1.0
    ]
  ],
  "E": [
    [
      -0.0014505658446160104,
      0.28209426629797996,
      0.038526290935011864
    ],
    [
      -0.2628926893239905,
      -0.005943435229578984,
      -0.6551118221089322
    ],
    [
      -0.04158382146523646,
      0.6471795678744114,
      -0.006815307502209156
    ]
  ],
  "R": [
    [
      0.9995803825027181,
      0.0011872720429906974,
      0.0289421716672415
    ],
    [
      -0.000935924636807535,
      0.999961746998011,
      -0.008696469729738879
    ],
    [
      -0.028951389617674017,
      0.00866573284736951,
      0.9995432567495135
    ]
  ],
  "t": [
    -0.9153539705352521,
    -0.057976029715506826,
    0.3984543745572076
  ]
}