{
  "image_1": "frame_014",
  "image_2": "frame_015",
  "num_matches": 1061,
  "inlier_count": 506,
  "inlier_ratio": 0.47690857681432614,
  "reproj_rmse": 0.5178353234606985,
  "F": [
    [
      -9.74815900721937e-07,
      0.00011368670604234611,
      -0.03408295816572937
    ],
    [
      -0.00012990820803883448,
      3.022353849219191e-07,
      0.40401130004600505
    ],
    [
      0.042217908604552934,
      -0.40533134683287425,
      1.0
    ]
  ],
  "E": [
    [
      0.002610125431901827,
      -0.22863283703711149,
      -0.06629713079705056
    ],
    [
      0.24926984845508918,
      -0.002261996418663136,
      -0.6582782173270516
    ],
    [
      0.06585294153901337,
      0.6659707359609528,
      -0.0006979054764225253
    ]
  ],
  "R": [
    [
      0.9994988441610198,
      0.0022546595982841783,
      0.03157494308595149
    ],
    [
      -0.0021218304348438882,
      0.9999887614735147,
      -0.00423966534906231
    ],
    [
      -0.03158414723229008,
      0.00417054394079909,
      0.9994923952721435
    ]
  ],
  "t": [
    -0.9416208403828711,
    0.09517578070204773,
    -0.3229423535623829
  ]
}