{
  "image_1": "frame_212",
  "image_2": "frame_213",
  "num_matches": 1367,
  "inlier_count": 681,
  "inlier_ratio": 0.4981711777615216,
  "reproj_rmse": 0.5686693188709594,
  "F": [
    [
      1.834884372421744e-05,
      -0.0013367387241915315,
      0.7649481614292225
    ],
    [
      0.0013328739573500335,
      9.575480326945687e-06,
      0.35727049765620816
    ],
    [
      -0.7766435426021951,
      -0.37351329927799426,
      1.0
    ]
  ],
  "E": [
    [
      0.003945717337134678,
      -0.6014973330773216,
      0.017222680830591
    ],
    [
      0.6031304865566014,
      -0.0005813529849998063,
      0.36828842218073066
    ],
    [
      -0.022071008518214547,
      -0.3714563487864531,
      -0.004328592396021272
    ]
  ],
  "R": [
    [
      0.9999668523098828,
      0.006416075895987729,
      -0.005012808749770448
    ],
    [
      -0.006355609014004379,
      0.9999079584512558,
      0.01198669512013252
    ],
    [
      0.005089254908722418,
      -0.011954438336401814,
      0.9999155918819027
    ]
  ],
  "t": [
    -0.5251452539636801,
    0.034551882806805136,
    0.8503109017494289
  ]
}