{
  "image_1": "frame_145",
  "image_2": "frame_146",
  "num_matches": 1477,
  "inlier_count": 741,
  "inlier_ratio": 0.5016926201760324,
  "reproj_rmse": 0.4381942675005484,
  "F": [
    [
      4.2770475372519576e-09,
      1.114006717185829e-06,
      -0.0006952817427088464
    ],
    [
      3.981931501180416e-06,
      -1.4196973015277146e-07,
      -0.0403752737867259
    ],
    [
      -0.002344608935690128,
      0.03900473781238368,
      1.0
    ]
  ],
  "E": [
    [
      -0.0026495359676370956,
      0.03771205228967643,
      0.02325162815533527
    ],
    [
      0.031109218470988225,
      0.002890144571547771,
      -0.7060343350574136
    ],
    [
      -0.030334809832665954,
      0.7054425768537184,
      0.0003069923455284096
    ]
  ],
  "R": [
    [
      0.9951909597224253,
      0.009829893001208123,
      0.09745936019871071
    ],
    [
      -0.010233506613020006,
      0.9999410026075881,
      0.0036423408039943546
    ],
    [
      -0.09741780653021734,
      -0.004622175647457547,
      0.9952328403258832
    ]
  ],
  "t": [
    -0.9980281988595139,
    -0.032844521933229634,
    0.0534878646069545
  ]
}