{
  "image_1": "frame_210",
  "image_2": "frame_211",
  "num_matches": 1226,
  "inlier_count": 596,
  "inlier_ratio": 0.48613376835236544,
  "reproj_rmse": 0.4694120319897371,
  "F": [
    [
      -2.6424905629220113e-07,
      6.16382995845957e-06,
      0.004003597785099432
    ],
    [
      -6.530067699866597e-07,
      3.2837605254978024e-07,
      -0.11310505409416523
    ],
    [
      -0.00512325765420054,
      0.11022013359998471,
      1.0
    ]
  ],
  "E": [
    [
      -0.0017113474556171389,
      0.11866445369234004,
      0.054474961192123555
    ],
    [
      -0.08193010545732646,
      0.0037506116868848325,
      -0.7002514717390881
    ],
    [
      -0.04725700584831503,
      0.6954396692433055,
      7.888524458730202e-05
    ]
  ],
  "R": [
    [
      0.9985525699477616,
      -0.009870465356732028,
      0.052870965230098876
    ],
    [
      0.0096604928591211,
      0.9999444084359871,
      0.004225507700039483
    ],
    [
      -0.05290973377781885,
      -0.003708631991146155,
      0.9985924124087437
    ]
  ],
  "t": [
    -0.9828003839263614,
    -0.07643647112409103,
    0.1681097000065519
  ]
}