{
  "image_1": "frame_153",
  "image_2": "frame_154",
  "num_matches": 1551,
  "inlier_count": 740,
  "inlier_ratio": 0.4771115409413282,
  "reproj_rmse": 0.4058346550424239,
  "F": [
    [
      -2.7045585414216595e-06,
      0.0002893271795086549,
      -0.13511009716897016
    ],
    [
      -0.00027650649439441125,
      -3.2938519384929653e-07,
      -0.6678987530747387
    ],
    [
      0.12221931216813293,
      0.6622118276560374,
      1.0
    ]
  ],
  "E": [
    [
      -0.0009138766902212993,
      0.11773422154178828,
      0.022214804727550774
    ],
    [
      -0.10740361502526646,
      -0.0048008712091462645,
      -0.6985093506217916
    ],
    [
      -0.026363881484069818,
      0.6967454625088053,
      -0.00459660677091374
    ]
  ],
  "R": [
    [
      0.9998811524585063,
      0.00501022142454622,
      0.014580076801111536
    ],
    [
      -0.004921479037387079,
      0.9999691858338093,
      -0.006116079377634147
    ],
    [
      -0.014610270440133993,
      0.006043596954296473,
      0.9998749996542167
    ]
  ],
  "t": [
    -0.9855397712505171,
    -0.03243770056781152,
    0.1663104171883151
  ]
}