{
  "image_1": "frame_166",
  "image_2": "frame_167",
  "num_matches": 1462,
  "inlier_count": 686,
  "inlier_ratio": 0.4692202462380301,
  "reproj_rmse": 0.6302880874959556,
  "F": [
    [
      5.004789038535213e-07,
      0.00022532853302681052,
      -0.08792706982784881
    ],
    [
      -0.00022645335752588384,
      -2.5310536246026492e-06,
      0.7770205310438872
    ],
    [
      0.0869821283421423,
      -0.7817096210835923,
      1.0
    ]
  ],
  "E": [
    [
      0.0016692133577561634,
      -0.20417296109019065,
      -0.031732881797780395
    ],
    [
      0.2216635510432986,
      0.003428102996192274,
      -0.6707408838972985
    ],
    [
      0.028096044389905244,
      0.6763604965667496,
      0.003303905303034225
    ]
  ],
  "R": [
    [
      0.9996583580901665,
      0.0041622054586491555,
      0.025803936641388137
    ],
    [
      -0.004259153778600901,
      0.9999840724924655,
      0.0037032918429229823
    ],
    [
      -0.025788111787469425,
      -0.0038119295774743395,
      0.9996601634972425
    ]
  ],
  "t": [
    -0.9563510233164786,
    0.04382202454002447,
    -0.2889158188239918
  ]
}