{
  "image_1": "frame_040",
  "image_2": "frame_041",
  "num_matches": 1105,
  "inlier_count": 524,
  "inlier_ratio": 0.47420814479638007,
  "reproj_rmse": 0.5536657128466611,
  "F": [
    [
      -1.311707748888445e-06,
      1.3880561857440467e-05,
      0.012260784094114786
    ],
    [
      -5.83407761251411e-06,
      -9.350461372470191e-07,
      -0.11127721987536143
    ],
    [
      -0.015489999309418965,
      0.10956796477969465,
      1.0
    ]
  ],
  "E": [
    [
      -0.0011880595281509713,
      -0.2641717084048323,
      0.10875317581344242
    ],
    [
      0.2784928217951895,
      0.003426519163068107,
      -0.6406346787752849
    ],
    [
      -0.11280940343470156,
      0.6462783487431499,
      -0.000440126708937138
    ]
  ],
  "R": [
    [
      0.99972759493059,
      0.004898285828872723,
      0.02281978812865848
    ],
    [
      -0.004972281961957092,
      0.9999825595105226,
      0.0031870184930562276
    ],
    [
      -0.022803779212863085,
      -0.0032996167539495885,
      0.9997345148502614
    ]
  ],
  "t": [
    0.9147509428729992,
    0.155030419759898,
    0.37309017872630856
  ]
}