{
  "image_1": "frame_003",
  "image_2": "frame_004",
  "num_matches": 1073,
  "inlier_count": 566,
  "inlier_ratio": 0.527493010251631,
  "reproj_rmse": 0.5656995358840917,
  "F": [
    [
      7.691512897336015e-10,
      7.248421970418727e-06,
      -0.0042239544432244
    ],
    [
      -6.9801025624831155e-06,
      1.150094795672851e-06,
      0.06465261247114189
    ],
    [
      0.0039977551819320644,
      -0.06602868385950314,
      1.0
    ]
  ],
  "E": [
    [
      0.000730499890821396,
      -0.02331590939376584,
      0.031901622312166415
    ],
    [
      0.0069809052393710125,
      -0.008452725531018416,
      -0.7063139540808853
    ],
    [
      -0.03108375852551518,
      0.7059838003418758,
      -0.007694901392124299
    ]
  ],
  "R": [
    [
      0.9997196516484073,
      -0.001042995487782243,
      -0.023654392158740233
    ],
    [
      0.0007602507654780322,
      0.9999281995437228,
      -0.01195900397282713
    ],
    [
      0.02366516694977229,
      0.011937668016031362,
      0.9996486642593878
    ]
  ],
  "t": [
    0.9984368995914594,
    0.04473067546464196,
    0.03351006127524508
  ]
}