{
  "image_1": "frame_034",
  "image_2": "frame_035",
  "num_matches": 1309,
  "inlier_count": 691,
  "inlier_ratio": 0.5278838808250573,
  "reproj_rmse": 0.46918519218804866,
  "F": [
    [
      -3.2421337157694315e-08,
      -5.302840348641934e-06,
      0.0014929124440171925
    ],
    [
      4.729839891475335e-06,
      1.2197379529404293e-06,
      -0.0970669442314314
    ],
    [
      -0.0007873245020663285,
      0.09677188996108335,
      1.0
    ]
  ],
  "E": [
    [
      -0.0005622303921824383,
      -0.10321285393907294,
      -0.012435422804824469
    ],
    [
      0.12136897625854205,
      -0.010882410991902356,
      0.6964430332570324
    ],
    [
      0.008961577347691757,
      -0.6993652915125337,
      -0.010875488868723544
    ]
  ],
  "R": [
    [
      0.9996645782765993,
      -0.0023378697855855023,
      -0.025792737426159368
    ],
    [
      0.002729222572598838,
      0.9998815342276522,
      0.015148229424771313
    ],
    [
      0.025754267281721893,
      -0.015213542500744158,
      0.9995525328072354
    ]
  ],
  "t": [
    0.9891331062484998,
    0.015378306844424415,
    -0.1462162980033102
  ]
}