{
  "image_1": "frame_141",
  "image_2": "frame_142",
  "num_matches": 1837,
  "inlier_count": 930,
  "inlier_ratio": 0.5062602068590093,
  "reproj_rmse": 0.43233309181808044,
  "F": [
    [
      3.4103416312057095e-07,
      -0.000106607311178005,
      0.06018166996391693
    ],
    [
      0.00011105167788040196,
      3.139047689929163e-07,
      -0.20375174217284028
    ],
    [
      -0.06381672733979304,
      0.20334579033589917,
      0.9999999999999999
    ]
  ],
  "E": [
    [
      0.0005620690937146686,
      -0.3673818732665096,
      0.08150792139606819
    ],
    [
      0.3774236766496031,
      0.0048462098860407345,
      -0.5921143912093837
    ],
    [
      -0.08651950794272213,
      0.5981870258375778,
      0.0013375967014489733
    ]
  ],
  "R": [
    [
      0.9998312687152717,
      0.005423456022054962,
      0.017550504949628454
    ],
    [
      -0.005506284725451019,
      0.9999739142632096,
      0.00467457181324743
    ],
    [
      -0.01752469479712454,
      -0.004770421144068386,
      0.9998350504730149
    ]
  ],
  "t": [
    -0.8466247126362305,
    -0.11771516705041572,
    -0.5190084155386236
  ]
}