{
  "image_1": "frame_004",
  "image_2": "frame_005",
  "num_matches": 1133,
  "inlier_count": 556,
  "inlier_ratio": 0.4907325684024713,
  "reproj_rmse": 0.46295349641275074,
  "F": [
    [
      -5.6446643193206036e-08,
      4.220328545818231e-05,
      -0.028861070563127887
    ],
    [
      -4.183828665898926e-05,
      -1.720032252687811e-07,
      0.060575749405056487
    ],
    [
      0.028183751018255744,
      -0.060844341409761075,
      0.9999999999999999
    ]
  ],
  "E": [
    [
      0.0011999553603635285,
      -0.3933778144672882,
      0.007248267337620049
    ],
    [
      0.39944833816781583,
      -0.007686792661917186,
      -0.5834212996736969
    ],
    [
      -0.0030458476350397564,
      0.5874617442655367,
      -0.008992501873769767
    ]
  ],
  "R": [
    [
      0.9999426447330226,
      0.003238319328667777,
      0.010208845784585752
    ],
    [
      -0.003082070896801209,
      0.9998784433522621,
      -0.01528395755177121
    ],
    [
      -0.010257099166673334,
      0.015251616549823342,
      0.9998310757869562
    ]
  ],
  "t": [
    -0.8309030242003881,
    -0.0017466771865799686,
    -0.5564145158903163
  ]
}