{
  "image_1": "frame_097",
  "image_2": "frame_098",
  "num_matches": 1493,
  "inlier_count": 728,
  "inlier_ratio": 0.48760884125920967,
  "reproj_rmse": 0.757134818698015,
  "F": [
    [
      -4.5065509513961573e-08,
      1.0679040283374656e-05,
      -0.0037307874183020724
    ],
    [
      -7.874881870567108e-06,
      1.5669171386122525e-06,
      -0.056210450639337696
    ],
    [
      0.002595451675720907,
      0.05433821478684116,
      1.0
    ]
  ],
  "E": [
    [
      -0.002609276841066654,
      -0.2496547225494611,
      0.05250802502631416
    ],
    [
      0.25829582841400484,
      0.0063631815534465185,
      -0.655855006285288
    ],
    [
      -0.05082019246614233,
      0.6598230444372601,
      0.007514135557019757
    ]
  ],
  "R": [
    [
      0.9998729382947875,
      -0.007490742684445759,
      0.014071106558604163
    ],
    [
      0.00731384303914831,
      0.9998941011124122,
      0.012581504703336754
    ],
    [
      -0.014163861258388588,
      -0.012476992211137974,
      0.9998218389791333
    ]
  ],
  "t": [
    -0.9326399289017754,
    -0.07870178746337796,
    -0.3521204221117551
  ]
}