{
  "image_1": "frame_006",
  "image_2": "frame_007",
  "num_matches": 971,
  "inlier_count": 502,
  "inlier_ratio": 0.5169927909371782,
  "reproj_rmse": 0.4346251779607003,
  "F": [
    [
      -2.4690644515957423e-07,
      -7.810860950159644e-05,
      0.05584017762457445
    ],
    [
      7.304279261578961e-05,
      -8.264246519837279e-08,
      0.237872369311531
    ],
    [
      -0.05255213746568294,
      -0.23731381885750386,
      1.0
    ]
  ],
  "E": [
    [
      -0.00039525247214488603,
      0.13298362835242244,
      -0.06083609709192737
    ],
    [
      -0.12889554414592966,
      -0.005867698538790224,
      -0.6926534970900919
    ],
    [
      0.055772315275983475,
      0.6921445343183193,
      -0.004711889261362629
    ]
  ],
  "R": [
    [
      0.9999611867610364,
      0.005946238307443286,
      0.0065013245920118035
    ],
    [
      -0.0058982656183876325,
      0.9999554210910635,
      -0.007373350207903449
    ],
    [
      -0.006544878467515475,
      0.007334717484984944,
      0.9999516820753196
    ]
  ],
  "t": [
    -0.9783804655207785,
    0.08464799799268571,
    0.18869653182603724
  ]
}