{
  "image_1": "frame_084",
  "image_2": "frame_085",
  "num_matches": 1241,
  "inlier_count": 588,
  "inlier_ratio": 0.47381144238517325,
  "reproj_rmse": 0.5733005164962708,
  "F": [
    [
      2.3870384096019554e-07,
      2.5332690924780924e-05,
      -0.017430727485014383
    ],
    [
      -2.707808089032888e-05,
      1.4434386999178327e-06,
      0.03651656157126282
    ],
    [
      0.017839404662986925,
      -0.03807189009592965,
      0.9999999999999999
    ]
  ],
  "E": [
    [
      -0.0020200457014668536,
      -0.36524670619653027,
      0.11836457088673638
    ],
    [
      0.38444713862023067,
      -0.0072344672642334785,
      -0.582565232682034
    ],
    [
      -0.11510402870488534,
      0.593253439112085,
      -0.012158153831251736
    ]
  ],
  "R": [
    [
      0.9995509449630743,
      0.004091617012667165,
      0.029684458789862922
    ],
    [
      -0.003652639724499057,
      0.9998833978721924,
      -0.014827301932663031
    ],
    [
      -0.029741665159644493,
      0.014712217024669974,
      0.9994493403988775
    ]
  ],
  "t": [
    -0.8397387586466964,
    -0.15978616811381924,
    -0.5189481647583002
  ]
}