{
  "image_1": "frame_052",
  "image_2": "frame_053",
  "num_matches": 1289,
  "inlier_count": 631,
  "inlier_ratio": 0.4895267649340574,
  "reproj_rmse": 0.31191053225055787,
  "F": [
    [
      7.144848597704898e-07,
      -7.260347790248531e-05,
      0.03948899730571271
    ],
    [
      7.29685994753675e-05,
      6.063168327444829e-07,
      -0.10966404213717187
    ],
    [
      -0.041228983434517405,
      0.1087838169237156,
      1.0
    ]
  ],
  "E": [
    [
      0.0028777526261493896,
      -0.3335331348471197,
      0.021999988843238387
    ],
    [
      0.3346415333091133,
      0.005620736787341415,
      -0.6224419943042203
    ],
    [
      -0.028901153413614926,
      0.6228727944362172,
      0.002643388248361908
    ]
  ],
  "R": [
    [
      0.9999596955518701,
      0.00875806068171451,
      0.001975764385411416
    ],
    [
      -0.00876652443009545,
      0.9999522564216875,
      0.004316587378039713
    ],
    [
      -0.001937865121154847,
      -0.004333733987120947,
      0.9999887316507627
    ]
  ],
  "t": [
    -0.8812075430791235,
    -0.033148611707873435,
    -0.4715659397818032
  ]
}