{
  "image_1": "frame_046",
  "image_2": "frame_047",
  "num_matches": 1257,
  "inlier_count": 636,
  "inlier_ratio": 0.5059665871121718,
  "reproj_rmse": 0.370097484624972,
  "F": [
    [
      3.676673329714599e-07,
      -4.545181420127171e-05,
      0.0015644397250305546
    ],
    [
      4.257113498212623e-05,
      -1.2375368429918561e-06,
      0.20096137957489207
    ],
    [
      0.00037158557326509936,
      -0.20020488392035402,
      1.0
    ]
  ],
  "E": [
    [
      -0.0006781332431530525,
      0.0007455730684566616,
      0.07570449848056733
    ],
    [
      0.005985026743937488,
      -0.0040921408668805935,
      -0.7030045092436972
    ],
    [
      -0.07746764295766474,
      0.7028341121980959,
      -0.004783514632219882
    ]
  ],
  "R": [
    [
      0.9999568415508102,
      0.002555985443471437,
      0.00893207557852432
    ],
    [
      -0.0025038595265455404,
      0.9999797998970994,
      -0.0058421301960922874
    ],
    [
      -0.008946827549418597,
      0.005819513396283949,
      0.9999430421482174
    ]
  ],
  "t": [
    -0.9942512893287189,
    -0.10707094676925641,
    0.0004313074485298019
  ]
}