{
  "image_1": "frame_155",
  "image_2": "frame_156",
  "num_matches": 1765,
  "inlier_count": 810,
  "inlier_ratio": 0.45892351274787535,
  "reproj_rmse": 0.5902415262462323,
  "F": [
    [
      1.3918831911928525e-06,
      0.0002578500967740577,
      -0.236762605032016
    ],
    [
      -0.00028689581526576116,
      4.4552565215348705e-06,
      1.5775760702993804
    ],
    [
      0.254223952217407,
      -1.5784917797734797,
      1.0
    ]
  ],
  "E": [
    [
      0.00024735334984481687,
      -0.22732651697613482,
      0.08844045535341938
    ],
    [
      0.23595640610554108,
      0.00047991854661424494,
      -0.6607262328564113
    ],
    [
      -0.09213732349779986,
      0.6631533953586743,
      -0.002087224698834443
    ]
  ],
  "R": [
    [
      0.9998990393652396,
      0.00608382958759332,
      0.012841265281128278
    ],
    [
      -0.006065833949480612,
      0.9999805660205477,
      -0.0014398748981661325
    ],
    [
      -0.01284977567775103,
      0.0013618365445858815,
      0.9999165108479092
    ]
  ],
  "t": [
    -0.9386169392762445,
    -0.12462093975327314,
    -0.32166420795404904
  ]
}