{
  "image_1": "frame_143",
  "image_2": "frame_144",
  "num_matches": 1602,
  "inlier_count": 783,
  "inlier_ratio": 0.4887640449438202,
  "reproj_rmse": 0.4127133213076018,
  "F": [
    [
      1.477506854468213e-07,
      1.1059682923691392e-05,
      -0.007964106560436666
    ],
    [
      -9.391227852822068e-06,
      5.572773407494172e-07,
      -0.02202941230499821
    ],
    [
      0.007107865549462723,
      0.020452336778353376,
      1.0
    ]
  ],
  "E": [
    [
      0.005831531814277085,
      0.22203709232155414,
      -0.07591708711335629
    ],
    [
      -0.1743330051007811,
      0.007537435716493341,
      -0.6807309563755728
    ],
    [
      0.07941397733107683,
      0.666779366186383,
      0.012544768399823741
    ]
  ],
  "R": [
    [
      0.9975803426618408,
      -0.0024441580928298567,
      0.06948011244882674
    ],
    [
      0.0017092884342352899,
      0.9999419946296663,
      0.010634176465195256
    ],
    [
      -0.06950207383764109,
      -0.010489683849457046,
      0.9975266554157866
    ]
  ],
  "t": [
    -0.943294353586739,
    0.11096445761908642,
    0.31286203291016046
  ]
}