{
  "image_1": "frame_064",
  "image_2": "frame_065",
  "num_matches": 1154,
  "inlier_count": 509,
  "inlier_ratio": 0.4410745233968804,
  "reproj_rmse": 0.5528848646838698,
  "F": [
    [
      -1.4751095731252402e-08,
      -1.441982236757995e-05,
      0.010108592406592419
    ],
    [
      1.3780778273538779e-05,
      7.222644472540383e-07,
      0.08324660469857449
    ],
    [
      -0.009630629626660484,
      -0.08417740139550695,
      1.0
    ]
  ],
  "E": [
    [
      -2.5163025518940303e-05,
      -0.00848838126488823,
      0.006163413280611943
    ],
    [
      0.011316508262052907,
      -0.006770790325557339,
      -0.7069576390823076
    ],
    [
      -0.005971090513304639,
      0.706997275018629,
      -0.006793221891220468
    ]
  ],
  "R": [
    [
      0.9999923155091273,
      -0.00011915491167183503,
      0.003918510533500268
    ],
    [
      0.0001566681049030693,
      0.9999541519498204,
      -0.009574416609902967
    ],
    [
      -0.003917190038667985,
      0.009574956941005323,
      0.9999464864790412
    ]
  ],
  "t": [
    -0.9998899530318888,
    -0.008601114145309506,
    -0.012087293383817475
  ]
}