{
  "image_1": "frame_160",
  "image_2": "frame_161",
  "num_matches": 1516,
  "inlier_count": 782,
  "inlier_ratio": 0.5158311345646438,
  "reproj_rmse": 0.5265980805313402,
  "F": [
    [
      -1.357240959538319e-07,
      4.7966396720406934e-05,
      -0.02818624904914254
    ],
    [
      -4.73442762300235e-05,
      6.198956756785522e-07,
      -0.04547944588944842
    ],
    [
      0.02808277826556348,
      0.04404223514984661,
      1.0
    ]
  ],
  "E": [
    [
      0.0001918448407984513,
      0.2524833558172015,
      -0.04099679469451605
    ],
    [
      -0.23908534300796,
      0.0050645836865224145,
      -0.664040047056082
    ],
    [
      0.041436350511975466,
      0.6592992790083873,
      0.006498866631286646
    ]
  ],
  "R": [
    [
      0.9998025322432244,
      0.00244255285770216,
      0.019721319823316208
    ],
    [
      -0.002611923866026905,
      0.9999598910918203,
      0.008567033404447111
    ],
    [
      -0.01969960339078608,
      -0.008616852277495146,
      0.9997688110173638
    ]
  ],
  "t": [
    -0.9322782643134154,
    0.061046943520614357,
    0.35655365455364
  ]
}