{
  "image_1": "frame_161",
  "image_2": "frame_162",
  "num_matches": 1590,
  "inlier_count": 813,
  "inlier_ratio": 0.5113207547169811,
  "reproj_rmse": 0.4078287421238614,
  "F": [
    [
      1.4288568148081318e-07,
      -5.488728922873019e-06,
      -0.00034580225702924395
    ],
    [
      9.952713654981943e-06,
      -1.808636024922915e-06,
      -0.18311662057973807
    ],
    [
      -0.004192736416575278,
      0.18294328187938785,
      1.0
    ]
  ],
  "E": [
    [
      -0.00153029419502902,
      0.21384288372405738,
      -0.03259322300433053
    ],
    [
      -0.19793024650752156,
      -0.0035774652776802765,
      -0.6780690950840232
    ],
    [
      0.02492425257164232,
      0.6735116851200126,
      -0.0006886846772020681
    ]
  ],
  "R": [
    [
      0.9996632221604316,
      0.010753510374006986,
      0.023617880397274083
    ],
    [
      -0.01070568142854366,
      0.9999403798166631,
      -0.002150627177870717
    ],
    [
      -0.023639599086582586,
      0.0018970573907449335,
      0.9997187457121537
    ]
  ],
  "t": [
    -0.9520573103489578,
    0.04545594684071363,
    0.3025237754423979
  ]
}