{
  "image_1": "frame_007",
  "image_2": "frame_008",
  "num_matches": 1091,
  "inlier_count": 564,
  "inlier_ratio": 0.5169569202566453,
  "reproj_rmse": 0.804732146646244,
  "F": [
    [
      -2.4564542392691276e-07,
      -0.00025892898207887196,
      0.14187590806262648
    ],
    [
      0.0002835325421540096,
      1.712382317832226e-06,
      -0.6793827764906651
    ],
    [
      -0.1549080806522443,
      0.6774695418305126,
      1.0
    ]
  ],
  "E": [
    [
      0.0008774361699584846,
      -0.3805894754287668,
      -0.0030426849960308185
    ],
    [
      0.3937859798200547,
      0.001299114826360077,
      -0.5873017613836191
    ],
    [
      0.001470104418644824,
      0.5959418968813102,
      0.0005226611414488004
    ]
  ],
  "R": [
    [
      0.9997490483018561,
      0.0021266016102370606,
      0.022300627460299427
    ],
    [
      -0.0021443989215202764,
      0.9999974010959957,
      0.0007741799012797985
    ],
    [
      -0.022298923130883996,
      -0.0008218070609938206,
      0.999751010332252
    ]
  ],
  "t": [
    -0.8427830365718548,
    0.0038872801612099086,
    -0.5382393912746188
  ]
}