{
  "image_1": "frame_114",
  "image_2": "frame_115",
  "num_matches": 1402,
  "inlier_count": 691,
  "inlier_ratio": 0.492867332382311,
  "reproj_rmse": 0.4881524284184579,
  "F": [
    [
      -4.6182563136921825e-07,
      -1.2134454270721936e-05,
      0.015498622852089618
    ],
    [
      2.4360332535601757e-05,
      -1.2114836609351695e-06,
      -0.2375533506306582
    ],
    [
      -0.021807582319636965,
      0.23512029281387775,
      1.0
    ]
  ],
  "E": [
    [
      -0.0023967817679940878,
      0.015495601558530143,
      0.03713012765860312
    ],
    [
      0.030254548507165097,
      0.00027015101660283493,
      -0.7054789989181773
    ],
    [
      -0.03652703086100462,
      0.7059892166246611,
      -0.0021139569982325645
    ]
  ],
  "R": [
    [
      0.9978992858777317,
      -0.0008704510211608174,
      0.06477852699570211
    ],
    [
      0.0008450724402161436,
      0.9999995550729271,
      0.0004191736139465387
    ],
    [
      -0.06477886304408195,
      -0.00036355050213513125,
      0.9978995774794918
    ]
  ],
  "t": [
    -0.9983741737340281,
    -0.05261124211540138,
    0.021933226483378185
  ]
}