{
  "image_1": "frame_184",
  "image_2": "frame_185",
  "num_matches": 1273,
  "inlier_count": 591,
  "inlier_ratio": 0.4642576590730558,
  "reproj_rmse": 0.6191285649809097,
  "F": [
    [
      -9.604494570856881e-08,
      -1.496710037853449e-05,
      0.011675753398048633
    ],
    [
      1.8318317643351204e-05,
      2.8003574523846645e-06,
      -0.1561463625390898
    ],
    [
      -0.01342379563312752,
      0.1541578085505589,
      0.9999999999999999
    ]
  ],
  "E": [
    [
      0.00032758949271230497,
      -0.22627236593359903,
      0.007866562850777623
    ],
    [
      0.2451095156972976,
      0.005787721264916467,
      -0.6631705870838668
    ],
    [
      -0.011397231931224086,
      0.6698338336934684,
      0.004915755964535607
    ]
  ],
  "R": [
    [
      0.9995943010947199,
      0.0024337651072735816,
      0.02837798453662088
    ],
    [
      -0.0026545740559040572,
      0.9999664764231372,
      0.007745919343559339
    ],
    [
      -0.02835818145685276,
      -0.00781810829407073,
      0.9995672517280477
    ]
  ],
  "t": [
    -0.9473529714830163,
    -0.013608822435130563,
    -0.31990177769782435
  ]
}