{
  "image_1": "frame_075",
  "image_2": "frame_076",
  "num_matches": 1224,
  "inlier_count": 633,
  "inlier_ratio": 0.5171568627450981,
  "reproj_rmse": 0.5739267895622254,
  "F": [
    [
      -3.59907294643715e-08,
      -4.565528206405416e-06,
      0.0019471685986331398
    ],
    [
      4.961526504939153e-06,
      9.764108403322707e-07,
      -0.014429594416051314
    ],
    [
      -0.002264526768408773,
      0.013374236183436174,
      1.0
    ]
  ],
  "E": [
    [
      0.0013840665151128554,
      -0.09431068338230943,
      -0.048744256065163374
    ],
    [
      0.13510074912328768,
      0.04149723732597433,
      -0.6915104058591729
    ],
    [
      0.049690637449481594,
      0.6971552252301353,
      0.0455207075274626
    ]
  ],
  "R": [
    [
      0.9984634863650333,
      -0.013167056923938728,
      0.05382652698943646
    ],
    [
      0.009829205751399124,
      0.9980393945498799,
      0.06181224507171611
    ],
    [
      -0.0545348797567157,
      -0.061188197705692816,
      0.9966353151235657
    ]
  ],
  "t": [
    -0.9886633166659894,
    0.06064858562440402,
    -0.13735572554780787
  ]
}