{
  "image_1": "frame_038",
  "image_2": "frame_039",
  "num_matches": 1163,
  "inlier_count": 722,
  "inlier_ratio": 0.6208082545141874,
  "reproj_rmse": 0.6319648507142825,
  "F": [
    [
      6.68587813304923e-20,
      -2.2821130694141366e-17,
      1.4257179806390332e-14
    ],
    [
      2.5138901780265103e-17,
      -1.3128000292497704e-19,
      -0.19999999999994908
    ],
    [
      -1.594439754183595e-14,
      0.1999999999999488,
      1.0
    ]
  ],
  "E": [
    [
      -0.0012086831992198512,
      0.0866382934489036,
      0.04651398889626586
    ],
    [
      -0.06990097780892075,
      0.004958366142623234,
      -0.7021267344446643
    ],
    [
      -0.046627270011294686,
      0.7001762600344186,
      0.0039004218074592694
    ]
  ],
  "R": [
    [
      0.9997031826880743,
      0.0008754184997797898,
      0.024347077150753363
    ],
    [
      -0.0010501855111555852,
      0.9999737703419042,
      0.007166291829729062
    ],
    [
      -0.02434016503080147,
      -0.007189733697914975,
      0.9996778801672199
    ]
  ],
  "t": [
    -0.9902815700901876,
    -0.06492020771107472,
    0.12299503473906424
  ]
}