{
  "image_1": "frame_082",
  "image_2": "frame_083",
  "num_matches": 1255,
  "inlier_count": 635,
  "inlier_ratio": 0.5059760956175299,
  "reproj_rmse": 0.46377514571957756,
  "F": [
    [
      -2.2345490277044926e-06,
      -0.0004602649486354855,
      0.32967692310415375
    ],
    [
      0.0006262743939142611,
      -6.471264792313286e-05,
      -2.8773221775055164
    ],
    [
      -0.431792455399647,
      2.9032358372308904,
      1.0
    ]
  ],
  "E": [
    [
      -0.0003636252387143453,
      -0.06150812806488607,
      0.02194413997524884
    ],
    [
      0.09187051060316771,
      -0.0011409002041784164,
      -0.7007736859518651
    ],
    [
      -0.028355965078247877,
      0.7038444879215251,
      -0.002949144287318487
    ]
  ],
  "R": [
    [
      0.9990257131057836,
      0.009471875957775405,
      0.04310345832205924
    ],
    [
      -0.009357490597233797,
      0.9999521427842553,
      -0.002854734821108617
    ],
    [
      -0.043128435204672896,
      0.002448613284430881,
      0.99906653550691
    ]
  ],
  "t": [
    -0.995725938880158,
    -0.03081391587173689,
    -0.08706524696960015
  ]
}