{
  "image_1": "frame_167",
  "image_2": "frame_168",
  "num_matches": 1571,
  "inlier_count": 786,
  "inlier_ratio": 0.5003182686187142,
  "reproj_rmse": 0.5084694038480534,
  "F": [
    [
      -1.593821182035594e-07,
      3.287169333723515e-05,
      -0.01125180214860168
    ],
    [
      -2.9616187034736876e-05,
      3.6189390587914756e-07,
      -0.10988671947952222
    ],
    [
      0.009713244329627595,
      0.10792039508169046,
      1.0
    ]
  ],
  "E": [
    [
      -0.002560684438748306,
      0.14902352406787983,
      0.061120043084109815
    ],
    [
      -0.12407098951279168,
      0.00303848476636733,
      -0.693501051454212
    ],
    [
      -0.06202997546142629,
      0.6883707544077291,
      0.0010990572888185046
    ]
  ],
  "R": [
    [
      0.999329836597025,
      0.002185568040283012,
      0.036539033639433616
    ],
    [
      -0.0023626535457628994,
      0.999985669630803,
      0.0048039984655604846
    ],
    [
      -0.03652801055608115,
      -0.004887108078988227,
      0.9993206795715975
    ]
  ],
  "t": [
    -0.9737040335779565,
    -0.08548039311489923,
    0.21117186694003512
  ]
}