{
  "image_1": "frame_180",
  "image_2": "frame_181",
  "num_matches": 1277,
  "inlier_count": 602,
  "inlier_ratio": 0.47141738449490994,
  "reproj_rmse": 0.556065233272116,
  "F": [
    [
      4.214748327526414e-08,
      -6.196690075355391e-07,
      -0.0003385640036016064
    ],
    [
      3.1397715123053723e-06,
      7.327233780730943e-07,
      -0.04441787274657863
    ],
    [
      -0.0013182263749863738,
      0.042806074397029124,
      1.0
    ]
  ],
  "E": [
    [
      0.00019192160124014446,
      0.03215705045552642,
      -0.009361650493226922
    ],
    [
      -0.012980856326456108,
      0.005494056665531631,
      -0.7069008731219699
    ],
    [
      0.008115997408846573,
      0.7063083418649799,
      0.005776838229425292
    ]
  ],
  "R": [
    [
      0.999632447154807,
      0.0019068277927105151,
      0.027043198831876367
    ],
    [
      -0.002118770019807521,
      0.9999672514688984,
      0.007810685202976325
    ],
    [
      -0.027027419575214855,
      -0.007865112682331725,
      0.9996037507900818
    ]
  ],
  "t": [
    -0.9988776169001072,
    0.013599143963523018,
    0.045371463932981554
  ]
}