{
  "image_1": "frame_173",
  "image_2": "frame_174",
  "num_matches": 1504,
  "inlier_count": 666,
  "inlier_ratio": 0.4428191489361702,
  "reproj_rmse": 0.6112409886952126,
  "F": [
    [
      -7.522326753099592e-08,
      4.220120941639109e-06,
      0.0037546232751761535
    ],
    [
      -3.5164187870652156e-06,
      1.1921488651444348e-07,
      -0.06282921726159661
    ],
    [
      -0.004113616756484572,
      0.06176484173989792,
      1.0
    ]
  ],
  "E": [
    [
      -0.0037478454759522044,
      0.10337129075922102,
      0.1375844489780517
    ],
    [
      -0.08697903132168724,
      0.009828922455076093,
      -0.6883362944199747
    ],
    [
      -0.13679381755049538,
      0.6856752291340806,
      0.006242364155168672
    ]
  ],
  "R": [
    [
      0.9996422359871003,
      0.0006543387163544245,
      0.0267389579369674
    ],
    [
      -0.0010399284376751972,
      0.9998956418644216,
      0.014409161300390268
    ],
    [
      -0.026726739037060326,
      -0.01443181282377318,
      0.9995385956525461
    ]
  ],
  "t": [
    -0.9699183979082644,
    -0.19251590156598358,
    0.1489829823949778
  ]
}