{
  "image_1": "frame_051",
  "image_2": "frame_052",
  "num_matches": 1080,
  "inlier_count": 528,
  "inlier_ratio": 0.4888888888888889,
  "reproj_rmse": 0.4644694466542509,
  "F": [
    [
      2.138142803027252e-07,
      -5.709119094455807e-06,
      0.0009104948629445815
    ],
    [
      6.680724836021601e-06,
      6.706197965422322e-07,
      -0.023817163353173656
    ],
    [
      -0.0021853068594069216,
      0.02304460009927569,
      1.0
    ]
  ],
  "E": [
    [
      0.007369326052213072,
      -0.29089878452657225,
      -0.030086999897633426
    ],
    [
      0.3062126794185754,
      0.025355703781204594,
      -0.63648712458026
    ],
    [
      0.006615311737821613,
      0.643812596223045,
      0.018840507408821032
    ]
  ],
  "R": [
    [
      0.9994637286904031,
      0.022898366553028293,
      0.023407687657671816
    ],
    [
      -0.023561872132177385,
      0.999316796792976,
      0.028474160726039414
    ],
    [
      -0.02273968368080065,
      -0.029010419794078573,
      0.999320420250416
    ]
  ],
  "t": [
    -0.9104047041087375,
    0.03082283220628933,
    -0.4125690581605276
  ]
}