{
  "image_1": "frame_036",
  "image_2": "frame_037",
  "num_matches": 1230,
  "inlier_count": 654,
  "inlier_ratio": 0.5317073170731708,
  "reproj_rmse": 0.2720895515497559,
  "F": [
    [
      -3.573226047102852e-08,
      -5.4357930517794065e-05,
      0.026581570510661734
    ],
    [
      5.715347879911037e-05,
      1.7213730758122424e-07,
      -0.22803839852891916
    ],
    [
      -0.02800882197815544,
      0.22762112107372223,
      1.0
    ]
  ],
  "E": [
    [
      5.796891882101535e-05,
      0.11842691534634492,
      0.005981129861185561
    ],
    [
      -0.12642489727459877,
      -0.003055085873121165,
      0.6956851468009557
    ],
    [
      -0.006146738187524609,
      -0.6970799942999688,
      -0.003252064435858465
    ]
  ],
  "R": [
    [
      0.9999339649632883,
      -0.0010673505852829123,
      0.011442310759852553
    ],
    [
      0.001015047120397519,
      0.9999890153891976,
      0.0045758912012934215
    ],
    [
      -0.011447069150674088,
      -0.004563974547562421,
      0.9999240644889935
    ]
  ],
  "t": [
    -0.9858390217948747,
    0.007692635432368669,
    -0.16751789894405067
  ]
}