{
  "image_1": "frame_186",
  "image_2": "frame_187",
  "num_matches": 1373,
  "inlier_count": 665,
  "inlier_ratio": 0.48434085943190097,
  "reproj_rmse": 0.38122955385667207,
  "F": [
    [
      -7.11243058144277e-08,
      1.9698899560212656e-05,
      -0.014041673495444195
    ],
    [
      -1.7350774602351138e-05,
      2.447387375967981e-07,
      -0.048719725249255885
    ],
    [
      0.012297918559069547,
      0.04754400086815149,
      1.0
    ]
  ],
  "E": [
    [
      -8.054464438424506e-06,
      0.11306404050364537,
      -0.028851360893902066
    ],
    [
      -0.09486547816586201,
      0.0027802176032654126,
      -0.7000911569770434
    ],
    [
      0.024661540133728014,
      0.6975841896224165,
      0.004172750500575512
    ]
  ],
  "R": [
    [
      0.9996432613386665,
      0.006670650934000273,
      0.025862182357854174
    ],
    [
      -0.006799371366473975,
      0.9999649157325038,
      0.004892428140267723
    ],
    [
      -0.025828639321786917,
      -0.005066529404200801,
      0.9996535458200414
    ]
  ],
  "t": [
    -0.9862901415452684,
    0.041597676973103535,
    0.15969154630429183
  ]
}