{
  "image_1": "frame_171",
  "image_2": "frame_172",
  "num_matches": 1273,
  "inlier_count": 605,
  "inlier_ratio": 0.4752553024351925,
  "reproj_rmse": 0.6081438708179853,
  "F": [
    [
      2.9635149659549386e-07,
      7.046015913518225e-06,
      -0.010313024563142743
    ],
    [
      -1.0170699835174894e-05,
      4.31310836478302e-07,
      0.06351038344954922
    ],
    [
      0.01193298851061957,
      -0.0634933258114651,
      1.0
    ]
  ],
  "E": [
    [
      -0.004189614560896624,
      -0.14176780176231107,
      0.09093994299440708
    ],
    [
      0.1813077983885988,
      -0.009616905937014397,
      -0.6775991864972599
    ],
    [
      -0.09243592208535621,
      0.686088694940479,
      -0.015700544147162005
    ]
  ],
  "R": [
    [
      0.9984219015018124,
      0.006290893760743904,
      0.05580440177259474
    ],
    [
      -0.005425676655295017,
      0.9998629286435938,
      -0.015642440892880825
    ],
    [
      -0.05589515752136842,
      0.015314978940439056,
      0.9983191788129258
    ]
  ],
  "t": [
    -0.9711995307674816,
    -0.12565301287278646,
    -0.20244207021519728
  ]
}