{
  "image_1": "frame_101",
  "image_2": "frame_102",
  "num_matches": 1445,
  "inlier_count": 670,
  "inlier_ratio": 0.46366782006920415,
  "reproj_rmse": 0.5482251465613407,
  "F": [
    [
      1.1915228616429326e-07,
      7.340285764550182e-06,
      -0.007238265321263173
    ],
    [
      -1.6139241590087317e-05,
      4.164131832629967e-06,
      0.1124465741616055
    ],
    [
      0.013691833667005668,
      -0.11441250041949529,
      1.0
    ]
  ],
  "E": [
    [
      -0.001649751128409333,
      -0.024251949165472297,
      0.03251013169397339
    ],
    [
      0.07192750401720927,
      -0.009055396005715739,
      -0.702642591647349
    ],
    [
      -0.046666156761113346,
      0.705017895602336,
      -0.012730737836503152
    ]
  ],
  "R": [
    [
      0.9975413450277033,
      0.021538692922649372,
      0.06668845228002171
    ],
    [
      -0.02058262635878373,
      0.9996757686770034,
      -0.014990430688148634
    ],
    [
      -0.06698970407828075,
      0.013580950895475136,
      0.9976612337463456
    ]
  ],
  "t": [
    -0.9983508527685221,
    -0.04555924341668096,
    -0.03492749798746821
  ]
}