{
  "image_1": "frame_092",
  "image_2": "frame_093",
  "num_matches": 1242,
  "inlier_count": 674,
  "inlier_ratio": 0.5426731078904992,
  "reproj_rmse": 0.3527718748202255,
  "F": [
    [
      1.7388490915343942e-07,
      7.416289758478757e-05,
      -0.0424872587264573
    ],
    [
      -5.327270133122283e-05,
      -2.46936869596345e-06,
      -0.3222945239562691
    ],
    [
      0.03090039806727722,
      0.3181275630157847,
      0.9999999999999999
    ]
  ],
  "E": [
    [
      0.00020923424661342988,
      0.06231066648121555,
      -0.004175453661614761
    ],
    [
      -0.0399912891695334,
      -0.005098094454897067,
      -0.7059467773369463
    ],
    [
      0.004751753695948364,
      0.7043194645432486,
      -0.005026842329804875
    ]
  ],
  "R": [
    [
      0.9994968331347681,
      -0.0012323523845970755,
      0.031694823886080206
    ],
    [
      0.001464567016339748,
      0.999972249952536,
      -0.007304407458370438
    ],
    [
      -0.03168494274926358,
      0.00734715131622039,
      0.9994709019128633
    ]
  ],
  "t": [
    -0.9960922674636286,
    0.005263799211056659,
    0.08816171003918155
  ]
}