{
  "image_1": "frame_049",
  "image_2": "frame_050",
  "num_matches": 1469,
  "inlier_count": 701,
  "inlier_ratio": 0.4771953710006807,
  "reproj_rmse": 0.6630583623299097,
  "F": [
    [
      9.71881829818421e-07,
      2.408641888537594e-05,
      -0.03341311821706321
    ],
    [
      -2.4639614850918588e-05,
      -3.950276270192073e-08,
      0.04910192528036989
    ],
    [
      0.03210783876039909,
      -0.04967302879113435,
      1.0
    ]
  ],
  "E": [
    [
      -0.012158216464154947,
      -0.6631024524008788,
      0.08123130236092178
    ],
    [
      0.6652968994009314,
      -0.013029571578593472,
      -0.2264198638754362
    ],
    [
      -0.07304500846141168,
      0.23270893617467447,
      -0.0020198581726219105
    ]
  ],
  "R": [
    [
      0.9998202680411123,
      -0.017413761190330897,
      0.007496168048048701
    ],
    [
      0.01746061578521413,
      0.9998281355437437,
      -0.006231073063466458
    ],
    [
      -0.007386373304916427,
      0.0063608408506470315,
      0.9999524894679113
    ]
  ],
  "t": [
    0.3272576688455232,
    0.10903495911505408,
    0.9386233514421918
  ]
}