{
  "image_1": "frame_121",
  "image_2": "frame_122",
  "num_matches": 1518,
  "inlier_count": 755,
  "inlier_ratio": 0.497364953886693,
  "reproj_rmse": 0.5734248793443432,
  "F": [
    [
      5.205596498705678e-07,
      -0.0001514102637417628,
      0.06677736341720265
    ],
    [
      0.00012967425804181435,
      6.5687453029846755e-06,
      0.6110958912248702
    ],
    [
      -0.054230665101678364,
      -0.6067695677679458,
      1.0
    ]
  ],
  "E": [
    [
      0.0003954065746337981,
      -0.09413056064169173,
      -0.021332270738842165
    ],
    [
      0.0739914244841435,
      0.006427920558889146,
      0.7028441898218591
    ],
    [
      0.02045807895350399,
      -0.7005051796242985,
      0.007222986283940243
    ]
  ],
  "R": [
    [
      0.9995934486631513,
      -0.0022425955880443493,
      0.028423725208645903
    ],
    [
      0.0025109628340196505,
      0.9999525771563947,
      -0.009409490099377284
    ],
    [
      -0.028401275593788064,
      0.009477035576201663,
      0.9995516761735398
    ]
  ],
  "t": [
    -0.9906404145117907,
    -0.031432332835796536,
    0.13282912929176027
  ]
}