{
  "image_1": "frame_090",
  "image_2": "frame_091",
  "num_matches": 1336,
  "inlier_count": 648,
  "inlier_ratio": 0.48502994011976047,
  "reproj_rmse": 0.5224978347497999,
  "F": [
    [
      1.850188511174013e-07,
      2.3806242267632776e-05,
      -0.0186174840071052
    ],
    [
      -2.505960964749673e-05,
      9.124248615402914e-07,
      0.045608685287210335
    ],
    [
      0.01876268776352281,
      -0.04646816350386995,
      1.0
    ]
  ],
  "E": [
    [
      -0.003050864928965334,
      -0.15249497326524275,
      0.09028387979728514
    ],
    [
      0.1810487588937555,
      -0.009472946969227498,
      -0.6777698863906806
    ],
    [
      -0.09011418400849716,
      0.6841327824614182,
      -0.013643954102870708
    ]
  ],
  "R": [
    [
      0.9991957258500871,
      0.0036513326720539196,
      0.039932057455579734
    ],
    [
      -0.0030626580176231905,
      0.9998858848035637,
      -0.014793157082296872
    ],
    [
      -0.03998151533877653,
      0.014658961092533156,
      0.9990928852168365
    ]
  ],
  "t": [
    -0.9680751999723651,
    -0.12457601117963489,
    -0.2175114356465811
  ]
}