{
  "image_1": "frame_013",
  "image_2": "frame_014",
  "num_matches": 1201,
  "inlier_count": 587,
  "inlier_ratio": 0.488759367194005,
  "reproj_rmse": 0.5129057445296188,
  "F": [
    [
      -2.792121092381948e-05,
      0.00029719742299230624,
      0.2630716331561326
    ],
    [
      -0.000133088235301984,
      1.643480112131003e-05,
      -2.2885715006685508
    ],
    [
      -0.3253391889408133,
      2.251788509426653,
      1.0
    ]
  ],
  "E": [
    [
      -0.012867840317091414,
      -0.1380542115813653,
      0.1598012290776862
    ],
    [
      0.18708831038395635,
      0.007572310496565965,
      -0.6623444563534586
    ],
    [
      -0.15889568975511623,
      0.6754380771098158,
      -0.0038768121161172385
    ]
  ],
  "R": [
    [
      0.9970870955162001,
      -0.004828110925221618,
      0.07611841629961708
    ],
    [
      0.003885320464244696,
      0.999913959701029,
      0.012529065404050632
    ],
    [
      -0.07617235876588158,
      -0.012196824992702103,
      0.9970200646025831
    ]
  ],
  "t": [
    -0.9541897301223508,
    -0.2290870811253197,
    -0.19246056268887052
  ]
}