{
  "image_1": "frame_102",
  "image_2": "frame_103",
  "num_matches": 1461,
  "inlier_count": 738,
  "inlier_ratio": 0.5051334702258727,
  "reproj_rmse": 0.46326718569518804,
  "F": [
    [
      -7.472195245790119e-06,
      0.0006112550449386878,
      -0.28369362723406094
    ],
    [
      -0.0006608363445346443,
      5.0049630517085425e-06,
      1.7072266516419679
    ],
    [
      0.32748430714154547,
      -1.7110940933476149,
      1.0
    ]
  ],
  "E": [
    [
      0.0006686162577788103,
      -0.20749340740357536,
      0.028373671965260815
    ],
    [
      0.22748496630572462,
      -0.0007476652349025516,
      -0.6689436477223683
    ],
    [
      -0.03247295877516325,
      0.6751596518171272,
      -0.0032175076682859636
    ]
  ],
  "R": [
    [
      0.9995362689159429,
      0.007264605591295027,
      0.029571483344583815
    ],
    [
      -0.007162615403687934,
      0.9999680346107673,
      -0.0035534064302043603
    ],
    [
      -0.029596352176829377,
      0.003339949443073753,
      0.9995563519259646
    ]
  ],
  "t": [
    -0.9551345178304069,
    -0.03910056964976316,
    -0.2935799691769525
  ]
}