{
  "image_1": "frame_204",
  "image_2": "frame_205",
  "num_matches": 1327,
  "inlier_count": 651,
  "inlier_ratio": 0.4905802562170309,
  "reproj_rmse": 0.3316095459917846,
  "F": [
    [
      -4.920891697384996e-07,
      -6.9656172764329e-06,
      0.023437836440310583
    ],
    [
      1.4735948875791198e-05,
      -5.467474757389326e-07,
      -0.3027863285206381
    ],
    [
      -0.027979345322557903,
      0.30179459384598273,
      1.0
    ]
  ],
  "E": [
    [
      -0.001170102068315497,
      -0.03256313122932173,
      0.056248293019347605
    ],
    [
      0.04708832296709587,
      0.0014150988502492803,
      -0.7032837926028017
    ],
    [
      -0.056345245581728,
      0.7041108943109307,
      0.00024308168839267966
    ]
  ],
  "R": [
    [
      0.9997836615018284,
      3.14135248452585e-06,
      0.020799764040240823
    ],
    [
      -4.494024005946562e-05,
      0.9999979807114213,
      0.002009117581099267
    ],
    [
      -0.020799715728169597,
      -0.0020096176780080464,
      0.9997816427912726
    ]
  ],
  "t": [
    -0.995765437116695,
    -0.07965669334854411,
    -0.04589123498636301
  ]
}