{
  "image_1": "frame_073",
  "image_2": "frame_074",
  "num_matches": 1086,
  "inlier_count": 503,
  "inlier_ratio": 0.4631675874769797,
  "reproj_rmse": 0.5229845332855381,
  "F": [
    [
      -1.859489658848925e-07,
      2.5269400028385994e-05,
      -0.013617724215918385
    ],
    [
      -2.7069929540450106e-05,
      5.541431449294158e-07,
      0.037227052034573604
    ],
    [
      0.014344657693649641,
      -0.03804063282167354,
      1.0
    ]
  ],
  "E": [
    [
      0.00032368893858543223,
      -0.1954446857582339,
      0.013146569977087122
    ],
    [
      0.22568801174354466,
      -0.01516482432492011,
      -0.6698976271987608
    ],
    [
      -0.010917220889833178,
      0.6791956463968226,
      -0.0165724007834897
    ]
  ],
  "R": [
    [
      0.9990065504372038,
      0.004635822760035775,
      0.044321792956700024
    ],
    [
      -0.003581510577368793,
      0.9997094296489579,
      -0.02383755551517933
    ],
    [
      -0.04441942104016272,
      0.023655135135792774,
      0.9987328720013997
    ]
  ],
  "t": [
    -0.9608625684583346,
    -0.012009873597168217,
    -0.2767650401908312
  ]
}