{
  "image_1": "frame_199",
  "image_2": "frame_200",
  "num_matches": 1316,
  "inlier_count": 577,
  "inlier_ratio": 0.43844984802431614,
  "reproj_rmse": 0.4706606264499102,
  "F": [
    [
      -3.679496766325528e-07,
      6.381375793165967e-05,
      -0.02654994655598883
    ],
    [
      -5.8609726047076485e-05,
      7.992468128977873e-07,
      -0.09125847063237927
    ],
    [
      0.023811470792760556,
      0.08828999877244391,
      0.9999999999999999
    ]
  ],
  "E": [
    [
      -1.0437754326960596e-06,
      0.12940191453752653,
      0.0014619499021360667
    ],
    [
      -0.1068740258172478,
      -0.0018360317817747913,
      -0.6989787477184966
    ],
    [
      -0.0015018576895512868,
      0.6951620687694511,
      -0.0019317385607259617
    ]
  ],
  "R": [
    [
      0.9994780213406064,
      -0.0003569020466439906,
      0.032304140260892567
    ],
    [
      0.00044418060681164885,
      0.9999962708016572,
      -0.002694640303860625
    ],
    [
      -0.032303058069707125,
      0.002707582631750868,
      0.9994744526177931
    ]
  ],
  "t": [
    -0.9831103775421196,
    -0.002561963368504116,
    0.18299568823524126
  ]
}