{
  "image_1": "frame_023",
  "image_2": "frame_024",
  "num_matches": 1188,
  "inlier_count": 653,
  "inlier_ratio": 0.5496632996632996,
  "reproj_rmse": 0.7461808896404961,
  "F": [
    [
      6.402001028828088e-08,
      3.222513803870352e-05,
      -0.01996741796598616
    ],
    [
      -3.6190141749347236e-05,
      9.627650776049268e-07,
      0.07224441999474128
    ],
    [
      0.021799520189215698,
      -0.07289224969219575,
      1.0
    ]
  ],
  "E": [
    [
      -0.0006859574782675156,
      -0.4257581904487037,
      0.06468748525729041
    ],
    [
      0.438773766898764,
      -0.007791142272553675,
      -0.5513868336711306
    ],
    [
      -0.05896581996902951,
      0.5606795867566359,
      -0.009792562828089074
    ]
  ],
  "R": [
    [
      0.9997630972214615,
      0.0016862791255655568,
      0.0217003662840346
    ],
    [
      -0.0013563890137013035,
      0.9998834346837137,
      -0.015207802403477029
    ],
    [
      -0.02172348137371366,
      0.015174765494411206,
      0.9996488467703024
    ]
  ],
  "t": [
    0.793151967758704,
    0.08233394484567377,
    0.6034327448578223
  ]
}