{
  "image_1": "frame_214",
  "image_2": "frame_215",
  "num_matches": 1329,
  "inlier_count": 615,
  "inlier_ratio": 0.46275395033860045,
  "reproj_rmse": 0.561921640002351,
  "F": [
    [
      -1.9906515944191e-07,
      2.400172360280253e-05,
      -0.035014984932901075
    ],
    [
      -2.480741274274875e-05,
      2.280825029294074e-06,
      -0.17445107246270236
    ],
    [
      0.035212249133448635,
      0.17271892839030614,
      1.0
    ]
  ],
  "E": [
    [
      -0.001516280688909639,
      0.06094973931750267,
      -0.054770425574530414
    ],
    [
      -0.07680594088018781,
      0.005148001097751295,
      -0.7007288921186794
    ],
    [
      0.052523707967958494,
      0.7025384021363916,
      0.004177266769393467
    ]
  ],
  "R": [
    [
      0.9997233303211707,
      0.004049425572868123,
      -0.023170346654231913
    ],
    [
      -0.003870296780432589,
      0.9999623187459558,
      0.0077705785526534284
    ],
    [
      0.02320093994602085,
      -0.007678752551123569,
      0.9997013319711441
    ]
  ],
  "t": [
    0.9932603190024112,
    -0.07814557287972816,
    -0.0855991129307286
  ]
}