{
  "image_1": "frame_009",
  "image_2": "frame_010",
  "num_matches": 1050,
  "inlier_count": 563,
  "inlier_ratio": 0.5361904761904762,
  "reproj_rmse": 0.6290796787500244,
  "F": [
    [
      -1.2624890946287984e-07,
      -1.7601984435925996e-05,
      0.008240722660601538
    ],
    [
      1.9084019277153183e-05,
      1.372629135599551e-06,
      -0.09318893454766328
    ],
    [
      -0.008406892453710995,
      0.09181424003694962,
      1.0
    ]
  ],
  "E": [
    [
      -0.0015497067538722278,
      -0.04687695576068894,
      0.0144458468347647
    ],
    [
      0.09962196442402618,
      0.007378658619275505,
      -0.6998533953658908
    ],
    [
      -0.00867582821082878,
      0.705471829156921,
      0.007206927484765852
    ]
  ],
  "R": [
    [
      0.9971287328245628,
      -0.00982554256293084,
      0.0750849444897285
    ],
    [
      0.008962855819561476,
      0.9998899970754671,
      0.011817823995142957
    ],
    [
      -0.07519280145891119,
      -0.011110916333339375,
      0.997107110669157
    ]
  ],
  "t": [
    -0.997588559413964,
    -0.021271793347848393,
    -0.06606494482052197
  ]
}