{
  "image_1": "frame_112",
  "image_2": "frame_113",
  "num_matches": 1408,
  "inlier_count": 745,
  "inlier_ratio": 0.5291193181818182,
  "reproj_rmse": 0.387993129210637,
  "F": [
    [
      3.4848311104956037e-06,
      9.584151805124197e-05,
      -0.1181111354537038
    ],
    [
      -0.00011969296462446706,
      8.287850215662775e-07,
      0.5127508483967981
    ],
    [
      0.12779658321176293,
      -0.5104579345350635,
      1.0
    ]
  ],
  "E": [
    [
      -0.0034935168392600667,
      -0.17851522501130587,
      0.09774109388934803
    ],
    [
      0.2022305589762279,
      -4.844415132259627e-05,
      -0.6704752603997005
    ],
    [
      -0.09754569758490346,
      0.6772042391848552,
      -0.003430381696990695
    ]
  ],
  "R": [
    [
      0.9993807730163596,
      -0.00029315522251666115,
      0.03518500511921496
    ],
    [
      0.000292771672404879,
      0.9999999570135215,
      1.6053134781250644e-05
    ],
    [
      -0.035185008312795946,
      -5.742021453911117e-06,
      0.9993808158840439
    ]
  ],
  "t": [
    -0.9576709125211755,
    -0.13831647668503289,
    -0.2524578689371714
  ]
}