{
  "image_1": "frame_149",
  "image_2": "frame_150",
  "num_matches": 1472,
  "inlier_count": 724,
  "inlier_ratio": 0.49184782608695654,
  "reproj_rmse": 0.4133076504174143,
  "F": [
    [
      -4.169608358976531e-07,
      -7.387337714960513e-05,
      0.058889365197800136
    ],
    [
      7.79122390925332e-05,
      9.336056437479668e-07,
      -0.25303048377828163
    ],
    [
      -0.06069970966700577,
      0.25108082084023137,
      1.0
    ]
  ],
  "E": [
    [
      -0.00018989146131507395,
      -0.23861937542049869,
      0.08124389858653898
    ],
    [
      0.2416366386212253,
      0.0018776073290871366,
      -0.6594765123227889
    ],
    [
      -0.08242744042590913,
      0.6605779551893962,
      0.0012680305111498957
    ]
  ],
  "R": [
    [
      0.9999876881021535,
      0.0008676991430912606,
      0.00488576936697821
    ],
    [
      -0.0008800417559480661,
      0.9999964258169165,
      0.0025246544119622433
    ],
    [
      -0.0048835612638741255,
      -0.0025289230097276516,
      0.9999848775745525
    ]
  ],
  "t": [
    -0.9343020780856953,
    -0.11574920441301703,
    -0.3371672412357183
  ]
}