{
  "image_1": "frame_012",
  "image_2": "frame_013",
  "num_matches": 1113,
  "inlier_count": 545,
  "inlier_ratio": 0.48966756513926324,
  "reproj_rmse": 0.6680240305264272,
  "F": [
    [
      2.1970592649234848e-07,
      -2.916062250253262e-05,
      0.004458708029810524
    ],
    [
      3.21785089859018e-05,
      -8.289957636970759e-07,
      -0.1348952980202064
    ],
    [
      -0.006163446723161124,
      0.1347645444117063,
      1.0
    ]
  ],
  "E": [
    [
      7.572146765795048e-05,
      0.031711818378991355,
      -0.0009927087552995984
    ],
    [
      -0.007668887862873625,
      0.003441634836388271,
      -0.707055886734875
    ],
    [
      0.001964503388248063,
      0.706384311753503,
      0.003468508009342097
    ]
  ],
  "R": [
    [
      0.9994210644707902,
      -0.0013221768135153887,
      0.03399687839414613
    ],
    [
      0.0011577778578311974,
      0.9999875444819801,
      0.004854938859690011
    ],
    [
      -0.034002874033005996,
      -0.004812767330051864,
      0.9994101469507514
    ]
  ],
  "t": [
    -0.9989928622074177,
    0.0016225548736576098,
    0.04484003316583589
  ]
}