{
  "image_1": "frame_147",
  "image_2": "frame_148",
  "num_matches": 1510,
  "inlier_count": 760,
  "inlier_ratio": 0.5033112582781457,
  "reproj_rmse": 0.5473981401996459,
  "F": [
    [
      9.439163508860992e-08,
      0.00020724968168790513,
      -0.07696839450394397
    ],
    [
      -0.000199371216614338,
      1.1754357334895168e-06,
      -0.11329416588538299
    ],
    [
      0.07185977665909785,
      0.10676361047037092,
      1.0
    ]
  ],
  "E": [
    [
      0.0024927805931139538,
      0.474372545386158,
      -0.0010865354308662518
    ],
    [
      -0.4611915406325138,
      -0.004067899391639936,
      -0.5359693454547942
    ],
    [
      -0.00187414800611676,
      0.5243463938078782,
      -0.006581513181756819
    ]
  ],
  "R": [
    [
      0.9996769350472606,
      -0.005196215625751513,
      0.02488021056353168
    ],
    [
      0.005504177674487102,
      0.9999088907562084,
      -0.012325348466350219
    ],
    [
      -0.02481389857806815,
      0.012458311677750957,
      0.9996144561317112
    ]
  ],
  "t": [
    -0.7415703522519355,
    -0.006734356139520193,
    0.6708413084391317
  ]
}