{
  "image_1": "frame_181",
  "image_2": "frame_182",
  "num_matches": 1287,
  "inlier_count": 603,
  "inlier_ratio": 0.46853146853146854,
  "reproj_rmse": 0.6107576268873132,
  "F": [
    [
      1.9135396188819703e-07,
      -8.69118041148843e-06,
      0.0014837898257712197
    ],
    [
      1.695507888108834e-05,
      1.9498965951491115e-06,
      -0.14387665191272717
    ],
    [
      -0.006107548136537859,
      0.14180965134136447,
      1.0
    ]
  ],
  "E": [
    [
      -0.001494268926099854,
      -0.3261568101597366,
      0.00254405117822015
    ],
    [
      0.34559709073242384,
      0.0008015192694263088,
      -0.6168857360033255
    ],
    [
      -0.0010899676288680107,
      0.6273922821582645,
      0.002182560193494168
    ]
  ],
  "R": [
    [
      0.9995024357573723,
      -0.004335470677877426,
      0.031242352809626284
    ],
    [
      0.004222997038999379,
      0.999984366461724,
      0.0036651232112161654
    ],
    [
      -0.031257754415320915,
      -0.003531363213557006,
      0.999505118677621
    ]
  ],
  "t": [
    -0.8872576065049032,
    -0.005290965843804474,
    -0.4612439109404374
  ]
}