{
  "image_1": "frame_203",
  "image_2": "frame_204",
  "num_matches": 1222,
  "inlier_count": 615,
  "inlier_ratio": 0.5032733224222586,
  "reproj_rmse": 0.42868247187163155,
  "F": [
    [
      -2.4190982139005972e-06,
      -0.0001419822281159588,
      0.15089872453010522
    ],
    [
      0.00017159944707973682,
      -5.520501053008516e-06,
      -1.2044643952228373
    ],
    [
      -0.16084786679948776,
      1.201745516949545,
      1.0
    ]
  ],
  "E": [
    [
      -0.0001494996836418099,
      0.06553426582136544,
      0.02173842219300337
    ],
    [
      -0.04866625777237577,
      0.0005332212456346511,
      -0.7050954001050599
    ],
    [
      -0.01773368056978232,
      0.7038394092283983,
      -0.00026272485148352636
    ]
  ],
  "R": [
    [
      0.9996971588402196,
      -0.005663329451574092,
      0.02394822136016557
    ],
    [
      0.005656190360959351,
      0.9999839367094472,
      0.0003658328535292468
    ],
    [
      -0.023949908504901363,
      -0.0002302663654639562,
      0.9997131332837476
    ]
  ],
  "t": [
    -0.995221260477948,
    -0.030717675049453157,
    0.09268800964655745
  ]
}