{
  "image_1": "frame_104",
  "image_2": "frame_105",
  "num_matches": 1448,
  "inlier_count": 769,
  "inlier_ratio": 0.5310773480662984,
  "reproj_rmse": 0.4165898012115763,
  "F": [
    [
      -3.847252391654512e-07,
      -2.510383363902613e-05,
      0.022876334661185275
    ],
    [
      3.0998967444114345e-05,
      1.1360696446679914e-06,
      -0.1268455769035113
    ],
    [
      -0.026342796417290815,
      0.12481600133661779,
      0.9999999999999999
    ]
  ],
  "E": [
    [
      -0.001951625537927527,
      -0.11309159691291334,
      0.050010437096538976
    ],
    [
      0.14078573572085332,
      0.003082620228113511,
      -0.6910974681006067
    ],
    [
      -0.05099870427854693,
      0.6961736796437299,
      0.0009703788316242993
    ]
  ],
  "R": [
    [
      0.999190458939052,
      0.0005453381844313238,
      0.04022597881259418
    ],
    [
      -0.0007194449467222974,
      0.9999904364257632,
      0.004313867867733471
    ],
    [
      -0.04022324159158855,
      -0.004339315991746995,
      0.9991812954477222
    ]
  ],
  "t": [
    -0.984586652404815,
    -0.07147256333724565,
    -0.1596270547128009
  ]
}