{
  "image_1": "frame_117",
  "image_2": "frame_118",
  "num_matches": 1556,
  "inlier_count": 709,
  "inlier_ratio": 0.4556555269922879,
  "reproj_rmse": 0.4962520874658096,
  "F": [
    [
      -5.075593018960173e-07,
      -1.7857604012136448e-05,
      0.021788677548497747
    ],
    [
      2.1113880305409753e-05,
      1.3982861200297432e-06,
      -0.07925020632657853
    ],
    [
      -0.023698235782654203,
      0.07727096356481099,
      1.0
    ]
  ],
  "E": [
    [
      -0.0013373680846746412,
      -0.1498351652823917,
      0.07039146271411267
    ],
    [
      0.16603886023323935,
      0.005904007474716575,
      -0.6835708806503299
    ],
    [
      -0.07349058152062365,
      0.6872445417821472,
      0.0037204303376059964
    ]
  ],
  "R": [
    [
      0.9996968351382771,
      0.002580589733984451,
      0.0244862894522071
    ],
    [
      -0.002776307782305504,
      0.9999644460101358,
      0.007962338270883967
    ],
    [
      -0.024464871338519795,
      -0.008027905845668374,
      0.9996684564384947
    ]
  ],
  "t": [
    -0.9722064355561242,
    -0.10126293216293661,
    -0.21109349879382877
  ]
}