{
  "image_1": "frame_039",
  "image_2": "frame_040",
  "num_matches": 1020,
  "inlier_count": 549,
  "inlier_ratio": 0.538235294117647,
  "reproj_rmse": 0.5530880957735875,
  "F": [
    [
      -2.0551184636807443e-07,
      -9.103202491569796e-07,
      0.00750565481293392
    ],
    [
      2.920326538131908e-06,
      1.4387711641178495e-06,
      -0.0734186260944241
    ],
    [
      -0.00875154426462502,
      0.07144866390918138,
      1.0
    ]
  ],
  "E": [
    [
      -0.000542380627538697,
      0.13173594438602373,
      0.012310962827312992
    ],
    [
      -0.1185663817368462,
      0.004282559383442892,
      -0.6969882434949308
    ],
    [
      -0.01315571615705307,
      0.6945739231048081,
      0.004340585933233663
    ]
  ],
  "R": [
    [
      0.9998157304508232,
      0.002335804847897211,
      0.01905384892349149
    ],
    [
      -0.0024612498221344113,
      0.9999754348862122,
      0.006562916534923528
    ],
    [
      -0.019038051171265807,
      -0.006608603471526231,
      0.999796918862904
    ]
  ],
  "t": [
    0.9823378105053848,
    0.01619019681090792,
    -0.18641433308281452
  ]
}