{
  "image_1": "frame_217",
  "image_2": "frame_218",
  "num_matches": 1639,
  "inlier_count": 711,
  "inlier_ratio": 0.43380109823062846,
  "reproj_rmse": 0.60172734697156,
  "F": [
    [
      -3.261069754701723e-07,
      -0.0002411479692311212,
      0.13951684178592363
    ],
    [
      0.0002466061191956309,
      -5.413165166370507e-07,
      0.25463240280610544
    ],
    [
      -0.1439183460577613,
      -0.2576427302184573,
      1.0
    ]
  ],
  "E": [
    [
      -0.0006707043234936336,
      0.2205600952410692,
      0.01079320931812239
    ],
    [
      -0.2337536890741507,
      0.0015208986418042431,
      -0.6672758992035704
    ],
    [
      -0.012626685507431568,
      0.6716916025697318,
      0.002651995398035613
    ]
  ],
  "R": [
    [
      0.999799217708186,
      0.004001128939111677,
      -0.019634541943007733
    ],
    [
      -0.003930076914892349,
      0.9999855940525458,
      0.0036559790508462345
    ],
    [
      0.019648887132409254,
      -0.003578079734968774,
      0.999800539397668
    ]
  ],
  "t": [
    0.9499855800753608,
    0.014126149774821534,
    -0.3119741167812152
  ]
}