{
  "image_1": "frame_158",
  "image_2": "frame_159",
  "num_matches": 1552,
  "inlier_count": 757,
  "inlier_ratio": 0.4877577319587629,
  "reproj_rmse": 0.5010218947689856,
  "F": [
    [
      7.123667522682697e-06,
      -0.0016439286988869696,
      0.9493251716582085
    ],
    [
      0.0019389610117804242,
      -8.632624774016943e-05,
      -6.377143990619957
    ],
    [
      -1.141775449172445,
      6.394175510211336,
      0.9999999999999999
    ]
  ],
  "E": [
    [
      -0.0015176999828188842,
      -0.048571736549907686,
      0.04549439062098551
    ],
    [
      0.07628824220403774,
      -0.0013716354415144797,
      -0.7015102026586397
    ],
    [
      -0.049210513690534974,
      0.7037015943069661,
      -0.003576760116259639
    ]
  ],
  "R": [
    [
      0.9992135602365727,
      0.0055517182742261945,
      0.03926116992088803
    ],
    [
      -0.005455849599563231,
      0.999981869156742,
      -0.0025485413348400408
    ],
    [
      -0.03927460686627139,
      0.0023323340224056773,
      0.999225732992054
    ]
  ],
  "t": [
    -0.9955588816512198,
    -0.06421305604730985,
    -0.06884182303249703
  ]
}