{
  "image_1": "frame_185",
  "image_2": "frame_186",
  "num_matches": 1313,
  "inlier_count": 630,
  "inlier_ratio": 0.4798172124904798,
  "reproj_rmse": 0.4548137161115287,
  "F": [
    [
      -2.296330962226221e-07,
      1.8073336216926687e-05,
      -0.007440561775701586
    ],
    [
      -1.61001350912792e-05,
      4.650271770662872e-07,
      -0.03567193370800875
    ],
    [
      0.006362001009848481,
      0.033948689581765105,
      1.0
    ]
  ],
  "E": [
    [
      -0.0042253023226707775,
      0.17547737937634728,
      0.03349674507483279
    ],
    [
      -0.13691934991151553,
      0.0038836600912665786,
      -0.6929707468786822
    ],
    [
      -0.04143572532315368,
      0.6836412753584538,
      0.0038786962498935755
    ]
  ],
  "R": [
    [
      0.9983145140287428,
      0.01325266588232802,
      0.05650219399781095
    ],
    [
      -0.013744177498921449,
      0.9998709354193136,
      0.008319260098392798
    ],
    [
      -0.056384649191363156,
      -0.00908181428559022,
      0.9983678139768175
    ]
  ],
  "t": [
    -0.9675410112126246,
    -0.04537739194222993,
    0.24860668519203802
  ]
}