{
  "image_1": "frame_011",
  "image_2": "frame_012",
  "num_matches": 1209,
  "inlier_count": 630,
  "inlier_ratio": 0.5210918114143921,
  "reproj_rmse": 0.39304030199425893,
  "F": [
    [
      5.8659428542513314e-08,
      -5.366243652622556e-05,
      0.014924062985183948
    ],
    [
      5.8446186339707874e-05,
      1.242917792815181e-06,
      -0.13212224875704245
    ],
    [
      -0.016710422953476783,
      0.13071579300107963,
      1.0
    ]
  ],
  "E": [
    [
      0.0015015424297603723,
      -0.09925900436327584,
      -0.04770898998317811
    ],
    [
      0.13328613981693718,
      0.0024708895719110376,
      -0.6928170013581524
    ],
    [
      0.05277149803807548,
      0.6980568944005507,
      0.0058558636531935914
    ]
  ],
  "R": [
    [
      0.9987882306466981,
      -0.008214050793321409,
      0.04852421757435013
    ],
    [
      0.007975840341374024,
      0.99995518343943,
      0.0051006944100813
    ],
    [
      -0.0485639402487798,
      -0.004707492132851968,
      0.9988089823511461
    ]
  ],
  "t": [
    -0.9877947638026108,
    0.06683266067606368,
    -0.14069434981939552
  ]
}