{
  "image_1": "frame_115",
  "image_2": "frame_116",
  "num_matches": 1495,
  "inlier_count": 717,
  "inlier_ratio": 0.47959866220735786,
  "reproj_rmse": 0.5842918549851632,
  "F": [
    [
      1.993348601556116e-06,
      7.439258312356287e-05,
      -0.12400578748463541
    ],
    [
      -9.407305219230632e-05,
      -1.2293411903144708e-05,
      0.8578984729836652
    ],
    [
      0.13521396584768602,
      -0.8468047657227314,
      1.0
    ]
  ],
  "E": [
    [
      -0.0009283935496584653,
      -0.15137557762959966,
      0.08178701847574797
    ],
    [
      0.16716874671890042,
      -0.0005550334004424423,
      -0.6822162810781905
    ],
    [
      -0.08564693173281232,
      0.6853345283373395,
      -0.0034483960272809425
    ]
  ],
  "R": [
    [
      0.9997205995617369,
      0.006193521267798846,
      0.022811468743303448
    ],
    [
      -0.006142212559039337,
      0.9999784483567187,
      -0.0023186304079936826
    ],
    [
      -0.02282533760541028,
      0.0021778696918353865,
      0.9997370958641097
    ]
  ],
  "t": [
    -0.9699437676397222,
    -0.11519763791154614,
    -0.21433289956621457
  ]
}