{
  "image_1": "frame_042",
  "image_2": "frame_043",
  "num_matches": 1145,
  "inlier_count": 612,
  "inlier_ratio": 0.5344978165938865,
  "reproj_rmse": 0.4733461417370658,
  "F": [
    [
      2.4315274823647424e-08,
      -0.00012789508204904697,
      0.05676340029354082
    ],
    [
      0.00014174971962457032,
      -1.5027316593953969e-06,
      -0.3208108850187198
    ],
    [
      -0.0629921902595026,
      0.3193224837891612,
      1.0
    ]
  ],
  "E": [
    [
      -0.0011289981902351655,
      -0.07190130755629938,
      0.02928470490678961
    ],
    [
      0.09684375574997318,
      0.0008347506074319336,
      -0.6998258379274277
    ],
    [
      -0.028578792317702398,
      0.7028648257456164,
      -9.739294560253336e-05
    ]
  ],
  "R": [
    [
      0.9993651785872946,
      -0.0011898972520378512,
      0.03560651586036208
    ],
    [
      0.00114251981868322,
      0.9999984348566623,
      0.0013509006955037322
    ],
    [
      -0.03560806756408637,
      -0.0013093619647711295,
      0.9993649739187362
    ]
  ],
  "t": [
    -0.9939530505947484,
    -0.041578521686959344,
    -0.10162952202839859
  ]
}