{
  "image_1": "frame_019",
  "image_2": "frame_020",
  "num_matches": 1148,
  "inlier_count": 585,
  "inlier_ratio": 0.509581881533101,
  "reproj_rmse": 0.4323992418274966,
  "F": [
    [
      3.040231721246444e-11,
      -0.00012964588737820367,
      0.051965601226559466
    ],
    [
      0.0001338038211352676,
      3.6097730525707234e-06,
      -0.3723811987591692
    ],
    [
      -0.05391567225320677,
      0.370399328719823,
      1.0
    ]
  ],
  "E": [
    [
      -3.401437718654416e-05,
      -0.2839841060732222,
      -0.026796706670942198
    ],
    [
      0.2983995827582253,
      0.0009854906142859525,
      -0.6405283532230077
    ],
    [
      0.027474500451737,
      0.6469584923757625,
      0.002229429434326086
    ]
  ],
  "R": [
    [
      0.9997492743651095,
      -0.0022221935914872593,
      0.02228116384031703
    ],
    [
      0.002165960844873034,
      0.9999944091706929,
      0.002547595135684859
    ],
    [
      -0.022286700519717817,
      -0.0024986962598207985,
      0.9997484981218754
    ]
  ],
  "t": [
    -0.9150245492361486,
    0.03688215111328712,
    -0.4017085774842747
  ]
}