{
  "image_1": "frame_089",
  "image_2": "frame_090",
  "num_matches": 1206,
  "inlier_count": 571,
  "inlier_ratio": 0.4734660033167496,
  "reproj_rmse": 0.48777838088653386,
  "F": [
    [
      1.4708203145905244e-07,
      -9.371213665467492e-05,
      0.060173079581374446
    ],
    [
      8.981821385024459e-05,
      3.039330839174808e-06,
      0.27767723633967795
    ],
    [
      -0.056682825430714366,
      -0.2784909558703027,
      1.0
    ]
  ],
  "E": [
    [
      0.0016777327814526098,
      0.15847282637186666,
      -0.05914384469717743
    ],
    [
      -0.1361486714052202,
      -0.0070980143583506995,
      -0.6914450685939703
    ],
    [
      0.05654126304125489,
      0.686644863835013,
      -0.004934093169001909
    ]
  ],
  "R": [
    [
      0.9994466036223051,
      0.0018149453859052228,
      0.033214341497076305
    ],
    [
      -0.001484439157059106,
      0.9999491699175567,
      -0.009972663715286769
    ],
    [
      -0.03323075304935613,
      0.00991784021021674,
      0.9993984958450446
    ]
  ],
  "t": [
    -0.9709640097849789,
    0.08144783095749078,
    0.22493364029107674
  ]
}