{
  "image_1": "frame_164",
  "image_2": "frame_165",
  "num_matches": 1488,
  "inlier_count": 688,
  "inlier_ratio": 0.46236559139784944,
  "reproj_rmse": 0.6183280424348092,
  "F": [
    [
      2.487559079281445e-07,
      1.889911282311096e-05,
      -0.01191895369961092
    ],
    [
      -1.6861599433194057e-05,
      1.143855127235422e-06,
      -0.03266253708287898
    ],
    [
      0.011031250090143968,
      0.03032155089893176,
      1.0
    ]
  ],
  "E": [
    [
      0.006614226892564293,
      0.22203952426391899,
      -0.10811231332847897
    ],
    [
      -0.19220246314899994,
      0.0028108295815207004,
      -0.6717501008897837
    ],
    [
      0.1138563305384945,
      0.6616406672710612,
      0.00607512423997116
    ]
  ],
  "R": [
    [
      0.9989790551716256,
      -0.0081200138784156,
      0.04443998990796855
    ],
    [
      0.008044289143597838,
      0.9999658721312058,
      0.0018825474898183578
    ],
    [
      -0.044453759577567975,
      -0.0015231373843360221,
      0.9990102818849904
    ]
  ],
  "t": [
    -0.9369807141814936,
    0.15363667759416064,
    0.3137880057455447
  ]
}