{
  "image_1": "frame_045",
  "image_2": "frame_046",
  "num_matches": 1399,
  "inlier_count": 707,
  "inlier_ratio": 0.505360972122945,
  "reproj_rmse": 0.4036952900565656,
  "F": [
    [
      -1.7650000319968535e-07,
      7.009015086585318e-05,
      -0.05204371539973827
    ],
    [
      -6.934873532339053e-05,
      -3.2235611504304206e-07,
      0.11322562888676249
    ],
    [
      0.05170399259004781,
      -0.11416343810744123,
      1.0
    ]
  ],
  "E": [
    [
      0.0005092848216551092,
      -0.42620646077484875,
      0.08284584269686109
    ],
    [
      0.4321632121147821,
      -0.0008882098013062939,
      -0.5537620433620075
    ],
    [
      -0.08286458175540774,
      0.5578441886244511,
      -0.0030741809544575253
    ]
  ],
  "R": [
    [
      0.9999438887692437,
      0.0031602297005589447,
      0.010110997046880843
    ],
    [
      -0.003119530758477068,
      0.9999869796082673,
      -0.004038457846918753
    ],
    [
      -0.010123627852170636,
      0.004006689677792913,
      0.999940727541856
    ]
  ],
  "t": [
    -0.789283674949121,
    -0.11473245843715588,
    -0.603214508644957
  ]
}