{
  "image_1": "frame_059",
  "image_2": "frame_060",
  "num_matches": 1069,
  "inlier_count": 510,
  "inlier_ratio": 0.47708138447146864,
  "reproj_rmse": 0.4182750523085017,
  "F": [
    [
      1.1815202139495914e-09,
      9.855110638493215e-08,
      4.229441729277027e-05
    ],
    [
      -9.60354856787867e-07,
      9.773011663138328e-07,
      -0.041680301359294965
    ],
    [
      0.00010831543188721831,
      0.040980523435472614,
      1.0
    ]
  ],
  "E": [
    [
      -0.0002747720932572051,
      0.0404858875730832,
      -0.005432198641347215
    ],
    [
      -0.05465939315246161,
      0.016538142037612436,
      -0.7047680253061844
    ],
    [
      0.003853432697284504,
      0.7057484192230131,
      0.0166282756313717
    ]
  ],
  "R": [
    [
      0.9997877151096621,
      0.00407549803694396,
      -0.02019690648470824
    ],
    [
      -0.0035956487328184863,
      0.9997117434959636,
      0.023738180773826122
    ],
    [
      0.020287829504196928,
      -0.02366052053551499,
      0.999514173857478
    ]
  ],
  "t": [
    0.9983299140320673,
    -0.009041139769880475,
    -0.05705822062057948
  ]
}