{
  "image_1": "frame_165",
  "image_2": "frame_166",
  "num_matches": 1621,
  "inlier_count": 777,
  "inlier_ratio": 0.4793337446020975,
  "reproj_rmse": 0.4790400744807485,
  "F": [
    [
      -1.442202024520933e-06,
      -4.07834426376794e-05,
      0.06026369864240087
    ],
    [
      5.077459551872598e-05,
      6.809201749632165e-06,
      -0.38841458147920754
    ],
    [
      -0.06179002616638524,
      0.38060371013239114,
      1.0
    ]
  ],
  "E": [
    [
      -0.0028548193990456847,
      -0.16878208832352024,
      0.07101995200967731
    ],
    [
      0.17946128313165888,
      -0.0010024018267059363,
      -0.6802337464271535
    ],
    [
      -0.06421772015947787,
      0.6836748655380546,
      -0.00028107282116896756
    ]
  ],
  "R": [
    [
      0.999822882853912,
      -0.010276966526428635,
      0.015766638218327744
    ],
    [
      0.010258795118327987,
      0.999946617028222,
      0.001232970613715724
    ],
    [
      -0.01577846774605074,
      -0.0010710055222927506,
      0.9998749386312058
    ]
  ],
  "t": [
    -0.9658784841623647,
    -0.10074416379121238,
    -0.2385987579477776
  ]
}