{
  "image_1": "frame_189",
  "image_2": "frame_190",
  "num_matches": 1524,
  "inlier_count": 741,
  "inlier_ratio": 0.4862204724409449,
  "reproj_rmse": 0.4657326855532443,
  "F": [
    [
      -1.3853258911451788e-06,
      -0.00010676854663977605,
      0.06422525510031526
    ],
    [
      0.00010631897496008523,
      2.965950087171459e-07,
      0.08611858881714216
    ],
    [
      -0.0635672743858888,
      -0.08593499537427607,
      1.0
    ]
  ],
  "E": [
    [
      0.0038544313176276015,
      0.4004209923492127,
      -0.09966118926212321
    ],
    [
      -0.3996746265161238,
      -0.0039309870188549275,
      -0.5756026914162973
    ],
    [
      0.0995138832648241,
      0.5733140177080848,
      -0.007079945740405262
    ]
  ],
  "R": [
    [
      0.9999554189972946,
      -0.008729888385315646,
      0.003598481169284129
    ],
    [
      0.008775714114230435,
      0.9998779969430536,
      -0.012921999494364358
    ],
    [
      -0.003485234530279935,
      0.012953002660656798,
      0.9999100323840847
    ]
  ],
  "t": [
    -0.8120539632316915,
    0.13361348655408115,
    0.568080801480357
  ]
}