{
  "frame_001": {
    "R_w2c": [
      [
        1.0,
        0.0,
        0.0
      ],
      [
        0.0,
        1.0,
        0.0
      ],
      [
        0.0,
        0.0,
        1.0
      ]
    ],
    "t_w2c": [
      0.0,
      0.0,
      0.0
    ]
  },
  "frame_003": {
    "R_w2c": [
      [
        0.999735,
        -0.018128,
        0.014201
      ],
      [
        0.018506,
        0.999466,
        -0.026932
      ],
      [
        -0.013705,
        0.027188,
        0.999536
      ]
    ],
    "t_w2c": [
      -0.987991363500554,
      0.0642456449718836,
      -0.14052304540386212
    ]
  },
  "frame_004": {
    "R_w2c": [
      [
        0.9995161831459999,
        -0.029526385997999997,
        0.009843878322
      ],
      [
        0.029923128553,
        0.9986332877440001,
        -0.042860264853
      ],
      [
        -0.008564398913,
        0.043134830677999995,
        0.9990326625989999
      ]
    ],
    "t_w2c": [
      -0.35876346632290773,
      0.1953424379223373,
      0.6202703234288175
    ]
  },
  "frame_005": {
    "R_w2c": [
      [
        0.9991687859184102,
        -0.040649806519581305,
        0.0033203892486235345
      ],
      [
        0.04077238876692207,
        0.997623844723453,
        -0.0555390677470924
      ],
      [
        -0.0010541100114239183,
        0.05562928205412828,
        0.9984514890861728
      ]
    ],
    "t_w2c": [
      0.5670037048705053,
      0.245517627537978,
      0.9767521032660479
    ]
  },
  "frame_007": {
    "R_w2c": [
      [
        0.9989698516442,
        -0.04286869132581185,
        0.014938615068849049
      ],
      [
        0.04385707434662691,
        0.9963205766693646,
        -0.07364136597461766
      ],
      [
        -0.011725966436219568,
        0.07422156642229823,
        0.9971729955778937
      ]
    ],
    "t_w2c": [
      -0.33469653445968106,
      0.1862913891719037,
      0.5669732547282157
    ]
  },
  "frame_008": {
    "R_w2c": [
      [
        0.9991421864324191,
        -0.035994020876969984,
        0.020532208710242014
      ],
      [
        0.03756254059585603,
        0.9959317100220588,
        -0.08191771773192368
      ],
      [
        -0.017499764164871034,
        0.08261982058770546,
        0.9964278581055693
      ]
    ],
    "t_w2c": [
      -1.2914145297574167,
      0.11343780923232925,
      0.3044337177448546
    ]
  },
  "frame_009": {
    "R_w2c": [
      [
        0.9993005919494674,
        -0.030220624716891662,
        0.022068480235156163
      ],
      [
        0.032214958512298546,
        0.9948246221499113,
        -0.09637649318830166
      ],
      [
        -0.01904144458143083,
        0.09702158744833003,
        0.9951002829362072
      ]
    ],
    "t_w2c": [
      -2.1985581372812604,
      0.09355187226609027,
      -0.1087251744710414
    ]
  },
  "frame_010": {
    "R_w2c": [
      [
        0.9989924629382343,
        -0.027870268046806278,
        0.0352069588699643
      ],
      [
        0.031340387821949256,
        0.9942755284121801,
        -0.1021602130797156
      ],
      [
        -0.03215796306572242,
        0.10316284907053298,
        0.9941450179065129
      ]
    ],
    "t_w2c": [
      -3.174200390977445,
      -0.039801504327531316,
      -0.2573331083766484
    ]
  },
  "frame_012": {
    "R_w2c": [
      [
        0.9945657618326461,
        -0.03972506083427745,
        0.0962409498657772
      ],
      [
        0.05028086911600258,
        0.9926766520495083,
        -0.10985524296973932
      ],
      [
        -0.09117135957826293,
        0.11409963643673059,
        0.9892775138744614
      ]
    ],
    "t_w2c": [
      -4.121522672470735,
      -0.13316590066919912,
      -0.4109536899033443
    ]
  },
  "frame_014": {
    "R_w2c": [
      [
        0.9903989887516654,
        -0.025730881193913358,
        0.1358298826360693
      ],
      [
        0.042149355282380584,
        0.9919516040869784,
        -0.1194093328329378
      ],
      [
        -0.13166350983329755,
        0.12399049196972166,
        0.9835104095963818
      ]
    ],
    "t_w2c": [
      -5.104934444581425,
      -0.11673706481251905,
      -0.48797832900015603
    ]
  },
  "frame_015": {
    "R_w2c": [
      [
        0.9891396795265281,
        -0.023822357091725792,
        0.14504236639106485
      ],
      [
        0.03970197172989961,
        0.9934045762107654,
        -0.1075836992923291
      ],
      [
        -0.1415228987519236,
        0.11217682836886057,
        0.9835598489581999
      ]
    ],
    "t_w2c": [
      -6.0805048826133765,
      -0.18155661436138512,
      -0.668399882010173
    ]
  },
  "frame_016": {
    "R_w2c": [
      [
        0.9884785851045963,
        -0.023453530612938856,
        0.1495424244911974
      ],
      [
        0.03886066530553338,
        0.9941337616804269,
        -0.10094744441605241
      ],
      [
        -0.14629775887809185,
        0.10559917154240704,
        0.9835894237528479
      ]
    ],
    "t_w2c": [
      -6.994806004356424,
      -0.23881611209039988,
      -1.0477719076720746
    ]
  },
  "frame_017": {
    "R_w2c": [
      [
        0.9887038940639872,
        -0.02377528937687805,
        0.14799598179773787
      ],
      [
        0.038424506487055574,
        0.9945515044225678,
        -0.09692230231975117
      ],
      [
        -0.14488467709381989,
        0.1015167352015623,
        0.9842277154325869
      ]
    ],
    "t_w2c": [
      -7.908430341262607,
      -0.2321873248368819,
      -1.4604243153829093
    ]
  },
  "frame_018": {
    "R_w2c": [
      [
        0.9894441435419528,
        -0.0256703770989393,
        0.1426380979221248
      ],
      [
        0.03996953366206388,
        0.9943553119254737,
        -0.09830230261144215
      ],
      [
        -0.1393089027570557,
        0.10296877182834177,
        0.9848814700877468
      ]
    ],
    "t_w2c": [
      -8.870074634376211,
      -0.2980571094408513,
      -1.740128758754219
    ]
  },
  "frame_019": {
    "R_w2c": [
      [
        0.9902986320294362,
        -0.033561126981334406,
        0.1348559495696822
      ],
      [
        0.047436071574160674,
        0.9937539869650881,
        -0.10102337240070675
      ],
      [
        -0.13062202971128192,
        0.10644387601164378,
        0.9857022224511256
      ]
    ],
    "t_w2c": [
      -9.829140081882102,
      -0.4264777221391354,
      -2.0196833573522843
    ]
  },
  "frame_020": {
    "R_w2c": [
      [
        0.9912070446154838,
        -0.02942994469241154,
        0.12902044580642674
      ],
      [
        0.04327297287334547,
        0.9934435323715016,
        -0.1058339072123507
      ],
      [
        -0.12505845352796638,
        0.11049013282303387,
        0.9859782146445984
      ]
    ],
    "t_w2c": [
      -10.769059231133442,
      -0.5697467758748179,
      -2.31902464425327
    ]
  },
  "frame_021": {
    "R_w2c": [
      [
        0.9905898127901461,
        -0.02764297803469766,
        0.1340615070587334
      ],
      [
        0.043161827898979856,
        0.9925135613031935,
        -0.11426832702781822
      ],
      [
        -0.12989766898403465,
        0.1189833053942724,
        0.9843630002826916
      ]
    ],
    "t_w2c": [
      -11.74581085833454,
      -0.5730862041252123,
      -2.5304801120194558
    ]
  },
  "frame_022": {
    "R_w2c": [
      [
        0.9883986720973372,
        -0.024050639644053882,
        0.14997836936215397
      ],
      [
        0.04179769188894262,
        0.9923339650985651,
        -0.11631719746930544
      ],
      [
        -0.14602967701162706,
        0.12124026844531129,
        0.9818232291327409
      ]
    ],
    "t_w2c": [
      -12.753419424329003,
      -0.5762208678972842,
      -2.5928504596337425
    ]
  },