{
  "image_1": "frame_075",
  "image_2": "frame_076",
  "num_matches": 1662,
  "inlier_count": 1069,
  "inlier_ratio": 0.6432,
  "reproj_rmse": 1.0384,
  "F": [
    [
      3.214229256475472e-08,
      3.4961896535403555e-06,
      -0.002420099832186287
    ],
    [
      -3.3924988117882867e-06,
      1.635978297157375e-07,
      -0.026995000040242276
    ],
    [
      0.002621142657971643,
      0.025829707754490155,
      1.0
    ]
  ],
  "E": [
    [
      -0.0023554815356888474,
      -0.13178295137270954,
      0.06966630998040148
    ],
    [
      0.1419604193834217,
      0.0024332694210791473,
      -0.6891188112483771
    ],
    [
      -0.06366468517705166,
      0.6918598990405102,
      0.002753390807872387
    ]
  ],
  "R": [
    [
      0.9998357093546179,
      -0.009815185175247446,
      0.015238649524272091
    ],
    [
      0.0097318145762198,
      0.9999373227894548,
      0.005535546740090836
    ],
    [
      -0.015292026824527571,
      -0.005386337589982967,
      0.9998685620035089
    ]
  ],
  "t": [
    [
      0.9775216730977863
    ],
    [
      0.09956487846656335
    ],
    [
      0.18584459529414096
    ]
  ]
}