{
  "image_1": "frame_047",
  "image_2": "frame_048",
  "num_matches": 875,
  "inlier_count": 531,
  "inlier_ratio": 0.6069,
  "reproj_rmse": 1.1075,
  "F": [
    [
      2.4720737983683855e-09,
      6.304776591161035e-07,
      7.585769038124885e-05
    ],
    [
      -6.454715759943428e-07,
      5.607660600845766e-08,
      0.014498520911487959
    ],
    [
      -0.00017928354351718002,
      -0.01451526768160286,
      1.0
    ]
  ],
  "E": [
    [
      -0.0010312263729289873,
      -0.21495528967066332,
      0.004370792830347881
    ],
    [
      0.2190521039877143,
      -0.014767631314788358,
      -0.6721592761804263
    ],
    [
      0.0032470164705947087,
      0.6734794945275323,
      -0.013743499128465037
    ]
  ],
  "R": [
    [
      0.9999703654174618,
      -0.004672852193395886,
      0.006118230074686926
    ],
    [
      0.004796794289406943,
      0.9997803429867542,
      -0.0204023660841795
    ],
    [
      -0.006021548921435305,
      0.020431109359661626,
      0.9997731296243766
    ]
  ],
  "t": [
    [
      -0.9526531962732329
    ],
    [
      2.2293978968473857e-05
    ],
    [
      -0.30405901916136613
    ]
  ]
}