{
  "image_1": "frame_100",
  "image_2": "frame_101",
  "num_matches": 1639,
  "inlier_count": 1097,
  "inlier_ratio": 0.6693,
  "reproj_rmse": 0.6558,
  "F": [
    [
      3.627984372327809e-08,
      -3.0378929436348623e-06,
      0.010276371964617548
    ],
    [
      3.106933471625826e-06,
      3.8095910998680666e-09,
      0.10455808844532709
    ],
    [
      -0.009227439431514568,
      -0.10452481670413724,
      1.0
    ]
  ],
  "E": [
    [
      0.00010056458547090955,
      -0.04274098737015151,
      -0.08021616759493894
    ],
    [
      0.039082637668814646,
      -0.005677128794422672,
      -0.7013889192662692
    ],
    [
      0.07323487822558696,
      0.7020169163088774,
      -0.006431775899540789
    ]
  ],
  "R": [
    [
      0.9999362574155926,
      0.010436833322351971,
      -0.004307390845887958
    ],
    [
      -0.01047391077132502,
      0.9999074991531021,
      -0.008677000088936406
    ],
    [
      0.004216432004920688,
      0.008721562221903612,
      0.9999530769258912
    ]
  ],
  "t": [
    [
      0.9917041538097633
    ],
    [
      -0.11396404320656642
    ],
    [
      0.05945643928518719
    ]
  ]
}