{
  "image_1": "frame_046",
  "image_2": "frame_047",
  "num_matches": 1056,
  "inlier_count": 580,
  "inlier_ratio": 0.5492,
  "reproj_rmse": 0.6388,
  "F": [
    [
      2.7270190281807163e-08,
      1.080140147268446e-06,
      -0.0016379411155899885
    ],
    [
      -1.156509453674507e-06,
      5.305726346907051e-08,
      0.014462830799660086
    ],
    [
      0.001313910259656722,
      -0.01459478666504326,
      1.0
    ]
  ],
  "E": [
    [
      -0.0011411360248258719,
      -0.04126907001930104,
      0.008407181930151289
    ],
    [
      0.05719900890107782,
      -0.004569454251505888,
      -0.7047267839286213
    ],
    [
      0.008115320724051177,
      0.7058433037135555,
      -0.003436075492072363
    ]
  ],
  "R": [
    [
      0.999478598013419,
      -0.023025536111433324,
      0.02263529986351928
    ],
    [
      0.023135414294986643,
      0.9997217372347559,
      -0.00460442240908413
    ],
    [
      -0.022522982007934032,
      0.005125698694126756,
      0.9997331856522357
    ]
  ],
  "t": [
    [
      0.9982233026323796
    ],
    [
      0.011623573607750327
    ],
    [
      0.05843911890412168
    ]
  ]
}