{
  "image_1": "frame_050",
  "image_2": "frame_051",
  "num_matches": 1407,
  "inlier_count": 876,
  "inlier_ratio": 0.6226,
  "reproj_rmse": 0.523,
  "F": [
    [
      1.3015481613747508e-09,
      -2.056869898850886e-06,
      0.0013792050747322784
    ],
    [
      2.1549516722709092e-06,
      -5.887983662164976e-08,
      -0.019049334916403378
    ],
    [
      -0.0015837972492823557,
      0.019270686000245132,
      0.9999999999999999
    ]
  ],
  "E": [
    [
      0.0009762555578851492,
      -0.013566446188459503,
      -0.06894081608700674
    ],
    [
      0.025217494798357536,
      0.014877139836370798,
      -0.7031576047564312
    ],
    [
      0.06950131447436785,
      0.7033426123852897,
      0.015906940909947563
    ]
  ],
  "R": [
    [
      0.9998942548069577,
      -0.0015341467462196834,
      0.014461175533133426
    ],
    [
      0.0012273990823074427,
      0.9997745677580878,
      0.02119686664630578
    ],
    [
      -0.014490434621907616,
      -0.021176875545970295,
      0.9996707294137298
    ]
  ],
  "t": [
    [
      0.9950499106478619
    ],
    [
      -0.09707864378515656
    ],
    [
      0.021246464188589113
    ]
  ]
}