{
  "image_1": "frame_038",
  "image_2": "frame_039",
  "num_matches": 2034,
  "inlier_count": 1163,
  "inlier_ratio": 0.5718,
  "reproj_rmse": 0.7923,
  "F": [
    [
      3.346794926270987e-08,
      -1.6258331233980875e-07,
      0.007227792993298301
    ],
    [
      1.9947120867873588e-07,
      7.11997611930267e-09,
      0.005921977414343415
    ],
    [
      -0.00746694816039817,
      -0.006116584428137705,
      0.9999999999999999
    ]
  ],
  "E": [
    [
      -0.005058920965818136,
      -0.11849599527045697,
      -0.38874482956063544
    ],
    [
      0.11146473927801608,
      0.00142565736371148,
      -0.5801896548530769
    ],
    [
      0.38750054352678587,
      0.5793023332781799,
      -0.004030277724030719
    ]
  ],
  "R": [
    [
      0.9999067760380973,
      0.0017407205874369058,
      -0.013542862508897302
    ],
    [
      -0.001712050396835807,
      0.9999962696000952,
      0.0021283019833726463
    ],
    [
      0.013546516767683064,
      -0.0021049175114970092,
      0.9999060261873278
    ]
  ],
  "t": [
    [
      -0.8183038114485043
    ],
    [
      0.5494607243555074
    ],
    [
      -0.16873584254559518
    ]
  ]
}