{
  "image_1": "frame_086",
  "image_2": "frame_087",
  "num_matches": 1879,
  "inlier_count": 1144,
  "inlier_ratio": 0.6088,
  "reproj_rmse": 1.4972,
  "F": [
    [
      2.280864281184438e-08,
      -3.983721268184874e-07,
      0.004324287406539738
    ],
    [
      4.2095292599134655e-07,
      2.424619806607677e-09,
      0.0024475014455469313
    ],
    [
      -0.004461306467194524,
      -0.0025867842443250033,
      1.0
    ]
  ],
  "E": [
    [
      0.010031076766044766,
      -0.6389042217833152,
      0.24468660552691016
    ],
    [
      0.6483367413483906,
      -0.0020991092721127924,
      0.14464353559100598
    ],
    [
      -0.24275834142670413,
      -0.17734236461771666,
      0.013439587470903288
    ]
  ],
  "R": [
    [
      0.9986175333976349,
      -0.004382243479391021,
      -0.052381465547567285
    ],
    [
      0.004169205826036831,
      0.9999825908043003,
      -0.004175621043558564
    ],
    [
      0.05239885221647328,
      0.003951459275584435,
      0.9986184187446122
    ]
  ],
  "t": [
    [
      0.25230631368846046
    ],
    [
      -0.3427340402364269
    ],
    [
      -0.9049170689826529
    ]
  ]
}