{
  "image_1": "frame_095",
  "image_2": "frame_096",
  "num_matches": 1573,
  "inlier_count": 926,
  "inlier_ratio": 0.5887,
  "reproj_rmse": 1.5146,
  "F": [
    [
      7.463699837668639e-09,
      -2.702267043610009e-07,
      0.0016340087865141138
    ],
    [
      3.3893071639372906e-07,
      2.9291174233595656e-08,
      0.011376315527089462
    ],
    [
      -0.0017322388663578816,
      -0.011729285619039844,
      1.0
    ]
  ],
  "E": [
    [
      -0.001696452748201695,
      -0.2564546577658858,
      -0.1225986712445049
    ],
    [
      0.2441794212126674,
      -0.010992683007276075,
      -0.6512440473060788
    ],
    [
      0.1262971141217025,
      0.6474641827467694,
      -0.013176851553807076
    ]
  ],
  "R": [
    [
      0.9998780952876939,
      0.0008392628908335531,
      -0.01559135021906205
    ],
    [
      -0.0011088893787783993,
      0.9998498543097925,
      -0.01729274995574523
    ],
    [
      0.015574496081703859,
      0.017307930970695787,
      0.9997288985506594
    ]
  ],
  "t": [
    [
      -0.9156393355107656
    ],
    [
      0.17964833439197725
    ],
    [
      -0.35962631051633565
    ]
  ]
}