{
  "image_1": "frame_083",
  "image_2": "frame_084",
  "num_matches": 1764,
  "inlier_count": 1031,
  "inlier_ratio": 0.5845,
  "reproj_rmse": 4.1845,
  "F": [
    [
      -9.810121164988752e-09,
      2.271501928062218e-07,
      -0.0005683441261889968
    ],
    [
      -2.3158108643111508e-07,
      1.7652203326040438e-08,
      -0.0037898053581737067
    ],
    [
      0.0004882947787078562,
      0.0038439681403262247,
      1.0
    ]
  ],
  "E": [
    [
      0.02754601885323359,
      -0.6517653364976912,
      0.0006059669098674654
    ],
    [
      0.6580000759327196,
      0.009320678129313883,
      0.2548490888142016
    ],
    [
      -0.033678018342139716,
      -0.273882385565175,
      -0.017262465336221732
    ]
  ],
  "R": [
    [
      0.9987572071671914,
      0.04218650689186507,
      -0.026539400291923976
    ],
    [
      -0.040311078138166735,
      0.9968964480217776,
      0.06762018116584745
    ],
    [
      0.029309693122429203,
      -0.06646631145043344,
      0.9973580958368177
    ]
  ],
  "t": [
    [
      0.3858569574064797
    ],
    [
      -0.06326084037248927
    ],
    [
      -0.9203871329480767
    ]
  ]
}