{
  "image_1": "frame_088",
  "image_2": "frame_089",
  "num_matches": 1216,
  "inlier_count": 653,
  "inlier_ratio": 0.537,
  "reproj_rmse": 3.3516,
  "F": [
    [
      4.899912687950406e-08,
      -4.156091493374308e-07,
      -0.007799604969003813
    ],
    [
      4.0990002218461815e-07,
      2.2872538261993528e-08,
      -0.0013637618937030647
    ],
    [
      0.007463763658447259,
      0.0018316167802311459,
      1.0
    ]
  ],
  "E": [
    [
      0.05189842149194735,
      -0.6692416641606539,
      0.17726833888758955
    ],
    [
      0.6567433930865085,
      0.054889327298064707,
      0.163989849587389
    ],
    [
      -0.18381138806118996,
      -0.15109780004450782,
      -0.012787489400865838
    ]
  ],
  "R": [
    [
      0.9950003986409486,
      0.08910691060054238,
      0.045101720450336114
    ],
    [
      -0.0904688619018246,
      0.9954737173203445,
      0.029111220355785866
    ],
    [
      -0.042303566404523485,
      -0.03304597717788765,
      0.9985581463599487
    ]
  ],
  "t": [
    [
      -0.18972656548895622
    ],
    [
      0.2785053199431938
    ],
    [
      0.9415086919997627
    ]
  ]
}