{
  "image_1": "frame_110",
  "image_2": "frame_111",
  "num_matches": 1354,
  "inlier_count": 829,
  "inlier_ratio": 0.6123,
  "reproj_rmse": 1.3701,
  "F": [
    [
      -3.4217696182139316e-09,
      -2.9669647438068135e-07,
      0.0005345157127853244
    ],
    [
      3.192035170702396e-07,
      3.5804220864338384e-08,
      0.004462700969615597
    ],
    [
      -0.0005647254662160874,
      -0.004589424550781395,
      1.0
    ]
  ],
  "E": [
    [
      0.005375996212833972,
      0.43901491199848625,
      -0.03253387481971224
    ],
    [
      -0.45833895029031513,
      -0.022513334236621867,
      -0.5378957714527532
    ],
    [
      0.01645412550003521,
      0.5523794206707191,
      -0.029520934131148632
    ]
  ],
  "R": [
    [
      0.9993593686555944,
      -0.014657314560116631,
      -0.032649891426733024
    ],
    [
      0.012919952814490468,
      0.998521439155697,
      -0.052801613286976364
    ],
    [
      0.03337554643092738,
      0.05234595186183796,
      0.9980711268362166
    ]
  ],
  "t": [
    [
      -0.7825324947846081
    ],
    [
      0.013167800236254003
    ],
    [
      0.622470484154161
    ]
  ]
}