{
  "image_1": "frame_051",
  "image_2": "frame_052",
  "num_matches": 1657,
  "inlier_count": 991,
  "inlier_ratio": 0.5981,
  "reproj_rmse": 0.605,
  "F": [
    [
      1.0416811316682812e-09,
      -9.382376421239971e-07,
      0.00028417645237853114
    ],
    [
      1.008126725791244e-06,
      7.945203584165279e-08,
      -0.015341835418902052
    ],
    [
      -0.00038467909159670556,
      0.015150572165176297,
      1.0
    ]
  ],
  "E": [
    [
      0.0005102671386758375,
      -0.014778203179463881,
      -0.03550850610451627
    ],
    [
      0.02633902866863121,
      0.01325195472863793,
      -0.705612960922663
    ],
    [
      0.03675096766442642,
      0.7058461782929506,
      0.013857125966058356
    ]
  ],
  "R": [
    [
      0.9998785587070564,
      -0.002453885969514291,
      0.01538981096532829
    ],
    [
      0.002163483307234114,
      0.9998198286327644,
      0.018858144466747852
    ],
    [
      -0.015433313898163215,
      -0.018822558710176858,
      0.9997037181613974
    ]
  ],
  "t": [
    [
      0.9985193942357448
    ],
    [
      -0.049819487002903784
    ],
    [
      0.021841200741925658
    ]
  ]
}