{
  "image_1": "frame_054",
  "image_2": "frame_055",
  "num_matches": 1653,
  "inlier_count": 984,
  "inlier_ratio": 0.5953,
  "reproj_rmse": 0.5265,
  "F": [
    [
      -4.895333046367629e-08,
      -3.6970022397043457e-06,
      0.002758198445470082
    ],
    [
      4.030328991650368e-06,
      6.843816202468181e-07,
      -0.14495170231149002
    ],
    [
      -0.0011003800800655525,
      0.14245097757373845,
      1.0
    ]
  ],
  "E": [
    [
      -0.00034182950021030556,
      -0.032557901330434215,
      -0.013882066461096966
    ],
    [
      0.03877070174006306,
      0.004051272758977399,
      -0.7058991040321814
    ],
    [
      0.023627244363121594,
      0.7059415932137962,
      0.004716941919434278
    ]
  ],
  "R": [
    [
      0.9998629399718592,
      -0.0141573699052298,
      0.008583131607789354
    ],
    [
      0.014101692774680399,
      0.9998793543083844,
      0.0065129938382256485
    ],
    [
      -0.008674302952898512,
      -0.006391064482128341,
      0.9999419536968467
    ]
  ],
  "t": [
    [
      0.9987463686485374
    ],
    [
      -0.019332604696664167
    ],
    [
      0.04617295211487085
    ]
  ]
}