{
  "image_1": "frame_079",
  "image_2": "frame_080",
  "num_matches": 1839,
  "inlier_count": 1106,
  "inlier_ratio": 0.6014,
  "reproj_rmse": 1.5007,
  "F": [
    [
      -2.2837143385347648e-08,
      2.084394620298479e-06,
      0.0004956784012708417
    ],
    [
      -1.8360938495311018e-06,
      -9.232718812410881e-08,
      -0.022081574375764506
    ],
    [
      -0.000569630538890806,
      0.02122565953330517,
      0.9999999999999999
    ]
  ],
  "E": [
    [
      -0.0004165423320361488,
      -0.24084865611764003,
      0.009784223282191385
    ],
    [
      0.25512973368942743,
      0.004802508371594115,
      -0.6593565699960187
    ],
    [
      -0.01114682790637228,
      0.6647433496791879,
      0.004766141257147489
    ]
  ],
  "R": [
    [
      0.9997645171040068,
      -0.0008481870397999587,
      0.02168388614933703
    ],
    [
      0.0006846466566203038,
      0.9999712765341896,
      0.007548335282632468
    ],
    [
      -0.0216896657131333,
      -0.007531711978625529,
      0.9997363811105024
    ]
  ],
  "t": [
    [
      0.9401021436998538
    ],
    [
      0.016411497679373523
    ],
    [
      0.34049760961695363
    ]
  ]
}