{
  "image_1": "frame_033",
  "image_2": "frame_034",
  "num_matches": 1072,
  "inlier_count": 674,
  "inlier_ratio": 0.6287,
  "reproj_rmse": 0.5578,
  "F": [
    [
      8.442147634923557e-09,
      -3.2250115686462807e-06,
      0.00532238258425812
    ],
    [
      3.1297377339206844e-06,
      3.922432345618291e-08,
      -0.036314563719436296
    ],
    [
      -0.00535187898618323,
      0.03628655578506317,
      0.9999999999999999
    ]
  ],
  "E": [
    [
      0.0006557866203048893,
      -0.19363895041480172,
      0.051151921982833526
    ],
    [
      0.1869916050202514,
      0.005363823309538288,
      -0.6798787578420955
    ],
    [
      -0.053231864100653926,
      0.6780792607463646,
      0.005668878213661225
    ]
  ],
  "R": [
    [
      0.9999572338073464,
      0.0009565684740683172,
      -0.00919867018187126
    ],
    [
      -0.0008862505573158375,
      0.9999703807935967,
      0.007645397011202449
    ],
    [
      0.009205711070313205,
      -0.0076369177201054544,
      0.9999284636269867
    ]
  ],
  "t": [
    [
      0.9590484948151733
    ],
    [
      0.07443445017656002
    ],
    [
      0.27328647463726374
    ]
  ]
}