{
  "image_1": "frame_030",
  "image_2": "frame_031",
  "num_matches": 1250,
  "inlier_count": 688,
  "inlier_ratio": 0.5504,
  "reproj_rmse": 0.6581,
  "F": [
    [
      8.49810024369314e-09,
      -1.5513239808970632e-06,
      0.001220761277285113
    ],
    [
      1.4936664723736092e-06,
      4.9489494306861984e-08,
      -0.0197046497998665
    ],
    [
      -0.0013614849404390734,
      0.019699222611459902,
      1.0
    ]
  ],
  "E": [
    [
      0.0016957612686251211,
      -0.26499210688194214,
      -0.016592206404955484
    ],
    [
      0.25649706507923836,
      0.01053272808828376,
      -0.658731485474364
    ],
    [
      0.00846263157418196,
      0.6553839768866315,
      0.008507665202667006
    ]
  ],
  "R": [
    [
      0.999887715410726,
      0.007220741571792748,
      -0.013130782987794687
    ],
    [
      -0.00704681985761319,
      0.9998874667965635,
      0.013243718248489123
    ],
    [
      0.01322493480564324,
      -0.013149700920721456,
      0.9998260781081288
    ]
  ],
  "t": [
    [
      -0.9268236146868557
    ],
    [
      0.018501204798236984
    ],
    [
      -0.3750409213403311
    ]
  ]
}