{
  "image_1": "frame_074",
  "image_2": "frame_075",
  "num_matches": 1916,
  "inlier_count": 1245,
  "inlier_ratio": 0.6498,
  "reproj_rmse": 0.7456,
  "F": [
    [
      2.14188789933577e-08,
      1.9404595810435573e-07,
      -0.004515376221866227
    ],
    [
      -3.064671195097305e-07,
      -2.184526907114007e-08,
      0.027732899732329182
    ],
    [
      0.0040834425479679085,
      -0.027387817744994068,
      1.0
    ]
  ],
  "E": [
    [
      -0.003788901414105004,
      -0.16353099023650208,
      0.10719973673031852
    ],
    [
      0.1701713848078289,
      -0.004853249849633433,
      -0.6779572846908418
    ],
    [
      -0.09512093900920278,
      0.6812391883326928,
      -0.0029524630766542192
    ]
  ],
  "R": [
    [
      0.9998111726632165,
      -0.01703223031021872,
      0.009355327277184966
    ],
    [
      0.017059803347083013,
      0.9998503362454197,
      -0.002875451213233314
    ],
    [
      -0.00930495177647006,
      0.0030345082930349696,
      0.9999521036688991
    ]
  ],
  "t": [
    [
      0.9609906096275003
    ],
    [
      0.15094413525700778
    ],
    [
      0.23176047169282188
    ]
  ]
}