{
  "image_1": "frame_094",
  "image_2": "frame_095",
  "num_matches": 1675,
  "inlier_count": 1036,
  "inlier_ratio": 0.6185,
  "reproj_rmse": 0.8508,
  "F": [
    [
      1.01472261464256e-08,
      -7.456944876913844e-07,
      0.0027070657073254424
    ],
    [
      8.449982122241618e-07,
      5.027383865200184e-08,
      0.01721309864356901
    ],
    [
      -0.002849551580843228,
      -0.017793660688390583,
      1.0
    ]
  ],
  "E": [
    [
      -0.0008007245532348232,
      -0.27975041103940784,
      -0.13808721611104052
    ],
    [
      0.27254168569962073,
      -0.005362590773474099,
      -0.6371080892928009
    ],
    [
      0.1394931411298339,
      0.6347811222831375,
      -0.007150679320845479
    ]
  ],
  "R": [
    [
      0.999954923170733,
      0.0017447634921364807,
      -0.009333135966514028
    ],
    [
      -0.001830632403098581,
      0.9999560050988209,
      -0.009199818031451326
    ],
    [
      0.009316673849484147,
      0.00921648887394888,
      0.9999141242732892
    ]
  ],
  "t": [
    [
      -0.8974084767932321
    ],
    [
      0.19892488398330138
    ],
    [
      -0.3938107620569567
    ]
  ]
}