{
  "image_1": "frame_058",
  "image_2": "frame_059",
  "num_matches": 1542,
  "inlier_count": 1006,
  "inlier_ratio": 0.6524,
  "reproj_rmse": 1.9908,
  "F": [
    [
      3.040492473221282e-09,
      1.1061014729323144e-07,
      -0.0013120561056866869
    ],
    [
      -1.1487073212383467e-07,
      -8.634771947171092e-09,
      0.008291615916206852
    ],
    [
      0.0011251567399178034,
      -0.008221543470623907,
      0.9999999999999999
    ]
  ],
  "E": [
    [
      -0.004211312326608615,
      -0.23470069841185326,
      0.16790149244741132
    ],
    [
      0.23812207741439315,
      -0.023188502127523138,
      -0.6456189468161012
    ],
    [
      -0.1487748459214824,
      0.6482054370669624,
      -0.018412972445511672
    ]
  ],
  "R": [
    [
      0.9998180042883273,
      -0.019018084406356967,
      -0.0015069062407657152
    ],
    [
      0.018966620869185352,
      0.9994023552083557,
      -0.028899821743325657
    ],
    [
      0.0020556248953430556,
      0.02886598118034614,
      0.9995811770620663
    ]
  ],
  "t": [
    [
      0.9129150407868278
    ],
    [
      0.22775576887975332
    ],
    [
      0.3386937230702346
    ]
  ]
}