{
  "image_1": "frame_003",
  "image_2": "frame_004",
  "num_matches": 3000,
  "inlier_count": 2349,
  "inlier_ratio": 0.783,
  "reproj_rmse": 0.521,
  "F": [
    [
      8.760675708258978e-08,
      1.73604853918073e-05,
      -0.045036368169823066
    ],
    [
      -1.7254877547882398e-05,
      -3.236908697893067e-07,
      -0.19885038758512766
    ],
    [
      0.04578260629019829,
      0.1993861543088051,
      1.0
    ]
  ],
  "E": [
    [
      0.001830446854370613,
      0.3499443431518788,
      -0.0517593477752011
    ],
    [
      -0.3462331308278963,
      0.00354507293812429,
      -0.6142553001298112
    ],
    [
      0.0555876429701689,
      0.6120143977264942,
      0.0023334181170228526
    ]
  ],
  "R": [
    [
      0.999973842639761,
      -0.004379112862460052,
      0.005756509950387179
    ],
    [
      0.004360086313015404,
      0.9999850046466167,
      0.0033136278078861256
    ],
    [
      -0.005770934379641157,
      -0.003288442251884474,
      0.9999779409886707
    ]
  ],
  "t": [
    [
      0.8658597762665782
    ],
    [
      -0.07483953283389012
    ],
    [
      -0.49465734824097807
    ]
  ]
}