{
  "image_1": "frame_005",
  "image_2": "frame_006",
  "num_matches": 3000,
  "inlier_count": 1927,
  "inlier_ratio": 0.6423,
  "reproj_rmse": 0.7062,
  "F": [
    [
      4.904485875634581e-09,
      5.491369698820749e-07,
      0.0009256749500319161
    ],
    [
      -4.923186460608853e-07,
      6.350148240581286e-08,
      0.013722845308746299
    ],
    [
      -0.0010166599093410222,
      -0.014016090346363135,
      1.0
    ]
  ],
  "E": [
    [
      -0.00022779438015421984,
      -0.20337630018939046,
      -0.12038301822225118
    ],
    [
      0.19748714322437863,
      -0.010776898727475928,
      -0.6675008512511882
    ],
    [
      0.12219409275880735,
      0.6666311803452114,
      -0.011947005270331329
    ]
  ],
  "R": [
    [
      0.999980638594483,
      0.002302024169261757,
      -0.005781273293493261
    ],
    [
      -0.002399166704168121,
      0.9998551060110472,
      -0.016852625396744328
    ],
    [
      0.00574164047076603,
      0.01686616934462335,
      0.9998412703506206
    ]
  ],
  "t": [
    [
      0.9424923952528151
    ],
    [
      -0.17507312925686563
    ],
    [
      0.28470596112975954
    ]
  ]
}