{
  "image_1": "frame_040",
  "image_2": "frame_041",
  "num_matches": 517,
  "inlier_count": 267,
  "inlier_ratio": 0.5164,
  "reproj_rmse": 2.3991,
  "F": [
    [
      -1.1511001841455288e-08,
      5.752984152423851e-07,
      -0.003511297971439571
    ],
    [
      -6.435826170037244e-07,
      -7.0233231171594026e-09,
      0.0020684339887764277
    ],
    [
      0.0031919359024930112,
      -0.0017909784565658738,
      1.0
    ]
  ],
  "E": [
    [
      -0.0023912588520899575,
      -0.0806817179980221,
      -0.7024058341398032
    ],
    [
      0.047482719986120886,
      0.0009531764444726335,
      -0.010841917949480315
    ],
    [
      0.7047592069312585,
      0.03199124471306697,
      -0.005361203992727376
    ]
  ],
  "R": [
    [
      0.9995123824184464,
      0.03045287995286827,
      -0.006900687993051959
    ],
    [
      -0.030743398238493425,
      0.9984280411360266,
      -0.046864593650494765
    ],
    [
      0.005462678550915324,
      0.047053892249766624,
      0.9988774150851532
    ]
  ],
  "t": [
    [
      0.01488532391170935
    ],
    [
      -0.9976241131533868
    ],
    [
      0.06726481983148302
    ]
  ]
}