{
  "image_1": "frame_105",
  "image_2": "frame_106",
  "num_matches": 1196,
  "inlier_count": 734,
  "inlier_ratio": 0.6137,
  "reproj_rmse": 2.7506,
  "F": [
    [
      9.035949230168659e-08,
      4.421976199858961e-06,
      0.005310319227778043
    ],
    [
      -3.6228852555702065e-06,
      3.847525073688545e-07,
      0.1399621499113406
    ],
    [
      -0.0074466673166352065,
      -0.14356147690325796,
      1.0
    ]
  ],
  "E": [
    [
      -0.002658840323313144,
      -0.2016223666036863,
      -0.09280866527646484
    ],
    [
      0.19436708874535377,
      0.004100606092084912,
      -0.6737205144362922
    ],
    [
      0.09633459281711217,
      0.6706210777709423,
      0.004495336360854538
    ]
  ],
  "R": [
    [
      0.9998986155264966,
      -0.00766083056710383,
      -0.012002930609545992
    ],
    [
      0.007761047547067926,
      0.9999352268081455,
      0.008325162407700759
    ],
    [
      0.01193837548276977,
      -0.00841747368065809,
      0.9998933049719194
    ]
  ],
  "t": [
    [
      -0.9494502656831001
    ],
    [
      0.12888202566837165
    ],
    [
      -0.2862404870976641
    ]
  ]
}