{
  "image_1": "frame_042",
  "image_2": "frame_043",
  "num_matches": 1535,
  "inlier_count": 952,
  "inlier_ratio": 0.6202,
  "reproj_rmse": 1.6092,
  "F": [
    [
      -1.3622934875136825e-08,
      -1.149144562096459e-06,
      0.0016060910138259615
    ],
    [
      1.1682687408444347e-06,
      2.6573683646101692e-08,
      -0.010624630778751892
    ],
    [
      -0.00163933721852847,
      0.010743164586949964,
      1.0
    ]
  ],
  "E": [
    [
      -0.0062529876139921755,
      -0.605462437681843,
      -0.009166999694104417
    ],
    [
      0.5893175078706495,
      -0.022049130904209773,
      0.3897952168380335
    ],
    [
      -0.02001516231962546,
      -0.3645614935734604,
      -0.016273081249746402
    ]
  ],
  "R": [
    [
      0.9990622740370758,
      -0.010952146531555894,
      0.0418882212825723
    ],
    [
      0.00916343354967639,
      0.9990477013579515,
      0.04265819847314074
    ],
    [
      -0.04231553002677685,
      -0.04223435684066416,
      0.9982112276571572
    ]
  ],
  "t": [
    [
      0.5163179307730218
    ],
    [
      -0.023596596097165082
    ],
    [
      -0.8560718398679472
    ]
  ]
}