{
  "image_1": "frame_068",
  "image_2": "frame_069",
  "num_matches": 1622,
  "inlier_count": 890,
  "inlier_ratio": 0.5487,
  "reproj_rmse": 1.3035,
  "F": [
    [
      -1.664323253558361e-08,
      1.942067997078716e-07,
      0.0008940609369925295
    ],
    [
      -1.1087349790074166e-07,
      -2.1342539248794097e-08,
      -0.010209305626373004
    ],
    [
      -0.001351947981516107,
      0.009948651123719806,
      1.0
    ]
  ],
  "E": [
    [
      0.0027383489316205045,
      -0.09571893804281366,
      0.10747196119052985
    ],
    [
      0.10259221506789978,
      0.001128538955027117,
      -0.691380908882659
    ],
    [
      -0.13390538382512093,
      0.6876050478182127,
      -0.0038487582911487257
    ]
  ],
  "R": [
    [
      0.9992004364343563,
      0.03890937875087849,
      0.00919500269780435
    ],
    [
      -0.038872676627411645,
      0.9992356072859854,
      -0.004137166135015902
    ],
    [
      -0.009348948668839563,
      0.0037764238412494704,
      0.9999491665988618
    ]
  ],
  "t": [
    [
      0.979060941823637
    ],
    [
      0.15143317093341557
    ],
    [
      0.1360428863868434
    ]
  ]
}