{
  "image_1": "frame_006",
  "image_2": "frame_007",
  "num_matches": 3000,
  "inlier_count": 2144,
  "inlier_ratio": 0.7147,
  "reproj_rmse": 1.2131,
  "F": [
    [
      3.323583769543153e-08,
      -3.0299826002696883e-06,
      0.005087632417585886
    ],
    [
      3.0890610113440363e-06,
      5.598710694306145e-08,
      0.018565146395291218
    ],
    [
      -0.004912428114388173,
      -0.019014211788367652,
      1.0
    ]
  ],
  "E": [
    [
      -0.0033027346239610125,
      0.3909094068204249,
      0.04072460995724656
    ],
    [
      -0.4001418544276744,
      -0.012383578381368892,
      -0.5810290662868748
    ],
    [
      -0.05238080286066903,
      0.58724672204784,
      -0.0075060065502691176
    ]
  ],
  "R": [
    [
      0.9998031827603605,
      0.010218595751938654,
      -0.017005176950309453
    ],
    [
      -0.010458972480717005,
      0.9998457876521368,
      -0.014107119086674703
    ],
    [
      0.016858399594874784,
      0.014282199240189655,
      0.9997558767759072
    ]
  ],
  "t": [
    [
      0.831288689164805
    ],
    [
      0.0653960995670307
    ],
    [
      -0.5519804937025211
    ]
  ]
}