{
  "image_1": "frame_070",
  "image_2": "frame_071",
  "num_matches": 1514,
  "inlier_count": 817,
  "inlier_ratio": 0.5396,
  "reproj_rmse": 1.7332,
  "F": [
    [
      5.7728226489096125e-08,
      -2.8727078324403683e-06,
      0.0018458499356617851
    ],
    [
      2.319877181574194e-06,
      6.039953132415048e-07,
      0.04872587885434542
    ],
    [
      -0.00044920403068579936,
      -0.04769487384364201,
      1.0
    ]
  ],
  "E": [
    [
      0.0030678269218095034,
      -0.1723512247655213,
      -0.04882223577067128
    ],
    [
      0.1794614588859797,
      -0.012142282552248576,
      -0.681826045979429
    ],
    [
      0.04278490498186863,
      0.684566531656725,
      -0.014125914778350531
    ]
  ],
  "R": [
    [
      0.9998267599382599,
      0.014485925659912774,
      0.01168794546261831
    ],
    [
      -0.014231703184817,
      0.9996665060403991,
      -0.02154844136914318
    ],
    [
      -0.011996196723167013,
      0.021378368945163845,
      0.9996994831475225
    ]
  ],
  "t": [
    [
      0.9673696685945574
    ],
    [
      -0.07428717053441641
    ],
    [
      0.24223406155461896
    ]
  ]
}