{
  "image_1": "frame_122",
  "image_2": "frame_123",
  "num_matches": 1195,
  "inlier_count": 649,
  "inlier_ratio": 0.5431,
  "reproj_rmse": 0.4915,
  "F": [
    [
      -4.165039607440436e-09,
      2.6211912450325298e-06,
      -0.002484715485853955
    ],
    [
      -2.5093022442431822e-06,
      1.1353283438200817e-07,
      0.029989301534097654
    ],
    [
      0.0023613014682507564,
      -0.030324727578035244,
      1.0
    ]
  ],
  "E": [
    [
      -0.00027127964289398883,
      -0.10599652926383316,
      -0.0358090961157704
    ],
    [
      0.09623812195367205,
      -0.006533438107300013,
      -0.6995276721904715
    ],
    [
      0.03534468244018496,
      0.6982388922950286,
      -0.007221318831799594
    ]
  ],
  "R": [
    [
      0.999907148448373,
      0.001994950348586391,
      -0.013480157823621997
    ],
    [
      -0.00212488695633338,
      0.9999513567698535,
      -0.009631663903602275
    ],
    [
      0.01346028741394073,
      0.009659413400194978,
      0.9998627487788002
    ]
  ],
  "t": [
    [
      -0.9874030289874021
    ],
    [
      0.052087885522610636
    ],
    [
      -0.14940585841354076
    ]
  ]
}