{
  "image_1": "frame_117",
  "image_2": "frame_118",
  "num_matches": 959,
  "inlier_count": 566,
  "inlier_ratio": 0.5902,
  "reproj_rmse": 2.9089,
  "F": [
    [
      -9.399060495756977e-09,
      1.9475265018291024e-06,
      -0.002570491475650722
    ],
    [
      -2.2172014976716704e-06,
      2.3261270507143742e-07,
      -0.018952123404537502
    ],
    [
      0.003141354196968832,
      0.01987849498307661,
      1.0
    ]
  ],
  "E": [
    [
      0.0021089176111652673,
      -0.20133589964240559,
      0.04226654494491499
    ],
    [
      0.1725487453597286,
      0.029115169005989604,
      -0.6832256570128789
    ],
    [
      -0.05113516662705321,
      0.6757935371303737,
      0.030711171824103142
    ]
  ],
  "R": [
    [
      0.9992231743505753,
      0.0022063684000742864,
      -0.039346915752606515
    ],
    [
      -0.0005348813239280659,
      0.999098840463244,
      0.04244079272316373
    ],
    [
      0.03940509792817251,
      -0.042386777696404025,
      0.9983238950029126
    ]
  ],
  "t": [
    [
      -0.9567371082592135
    ],
    [
      -0.07186012813778236
    ],
    [
      -0.2819401136124822
    ]
  ]
}