{
  "image_1": "frame_091",
  "image_2": "frame_092",
  "num_matches": 2001,
  "inlier_count": 1138,
  "inlier_ratio": 0.5687,
  "reproj_rmse": 2.5899,
  "F": [
    [
      -1.665619099247889e-07,
      -5.12202651062315e-06,
      -0.014145727409936883
    ],
    [
      5.134738114406413e-06,
      -1.4388903860447077e-07,
      0.0023140753829999495
    ],
    [
      0.014568728335564125,
      -0.0024361353324434043,
      1.0
    ]
  ],
  "E": [
    [
      -0.02392940198189621,
      -0.6941722952798289,
      -0.0757727897742662
    ],
    [
      0.6920226560564876,
      -0.02255226959974725,
      0.11368549742092207
    ],
    [
      0.08368836881163857,
      -0.11167998743704574,
      0.0024851890950737827
    ]
  ],
  "R": [
    [
      0.9993525253710517,
      -0.035241133011900495,
      0.007252074085326188
    ],
    [
      0.0353603306212602,
      0.9992296376843407,
      -0.017022872600589822
    ],
    [
      -0.006646582043178362,
      0.017268286459816193,
      0.9998287999602157
    ]
  ],
  "t": [
    [
      -0.15369250152986788
    ],
    [
      -0.12386804527111142
    ],
    [
      0.9803240904589693
    ]
  ]
}