{
  "image_1": "frame_016",
  "image_2": "frame_017",
  "num_matches": 1321,
  "inlier_count": 789,
  "inlier_ratio": 0.5973,
  "reproj_rmse": 0.8625,
  "F": [
    [
      2.346090893396793e-08,
      -4.002635160638257e-07,
      0.004787690304393877
    ],
    [
      7.876024315471403e-07,
      -4.312837331925402e-08,
      0.07080748022575843
    ],
    [
      -0.005405324055069664,
      -0.07223869094435442,
      1.0
    ]
  ],
  "E": [
    [
      -0.00022004144324089776,
      -0.1960165444892304,
      -0.008021006253357645
    ],
    [
      0.18507995654998982,
      0.0043379490982841575,
      -0.6824083012187042
    ],
    [
      0.007130038324028349,
      0.6793299514283656,
      0.004314079468130911
    ]
  ],
  "R": [
    [
      0.9998697106655082,
      -0.0004621619262810458,
      -0.01613530600969798
    ],
    [
      0.0005672755517821294,
      0.9999786452936863,
      0.006510541840121882
    ],
    [
      0.01613195252041877,
      -0.00651884675057765,
      0.999848620914647
    ]
  ],
  "t": [
    [
      -0.9607425558670214
    ],
    [
      0.009539634047151939
    ],
    [
      -0.2772773642552698
    ]
  ]
}