{
  "image_1": "frame_045",
  "image_2": "frame_046",
  "num_matches": 1008,
  "inlier_count": 559,
  "inlier_ratio": 0.5546,
  "reproj_rmse": 0.7741,
  "F": [
    [
      6.806637135989197e-09,
      4.6792469395771924e-07,
      -0.0003694191667340488
    ],
    [
      -5.951242258668685e-07,
      1.2107927663776936e-08,
      0.012180842258984442
    ],
    [
      0.00023875560520579162,
      -0.011979453383207387,
      1.0
    ]
  ],
  "E": [
    [
      0.0017468942096165732,
      0.1409178550176565,
      0.01665093617855328
    ],
    [
      -0.16641086389380963,
      0.016729846662968954,
      0.6867660591192791
    ],
    [
      -0.031684497007476636,
      -0.6921447389584657,
      0.013172792196249013
    ]
  ],
  "R": [
    [
      0.9991416850236512,
      -0.016856900145194104,
      0.03783831610409713
    ],
    [
      0.017625830404740476,
      0.9996429840363834,
      -0.020080701416474018
    ],
    [
      -0.03748630884258794,
      0.02073039759216499,
      0.9990820923552924
    ]
  ],
  "t": [
    [
      0.9796548910940227
    ],
    [
      -0.027565073935128012
    ],
    [
      0.19878747710685768
    ]
  ]
}