{
  "image_1": "frame_093",
  "image_2": "frame_094",
  "num_matches": 1607,
  "inlier_count": 978,
  "inlier_ratio": 0.6086,
  "reproj_rmse": 1.3175,
  "F": [
    [
      9.030931165010931e-09,
      -3.477950375483011e-08,
      0.002282147417418016
    ],
    [
      8.086022775927505e-08,
      5.711360172401714e-09,
      0.010212177397605533
    ],
    [
      -0.0025951805498077097,
      -0.010382808304247725,
      1.0
    ]
  ],
  "E": [
    [
      -0.007154542589871441,
      -0.3089940075161977,
      -0.16853557092762295
    ],
    [
      0.3008559630789987,
      -0.010721350236938341,
      -0.616460066917559
    ],
    [
      0.18185088878391176,
      0.6101570010661025,
      -0.007327584522554233
    ]
  ],
  "R": [
    [
      0.9997929145859744,
      -0.01733898848678672,
      -0.010653047542224903
    ],
    [
      0.017243694146538258,
      0.9998110528721624,
      -0.00897293524099077
    ],
    [
      0.010806616300325478,
      0.008787379183435556,
      0.9999029948006076
    ]
  ],
  "t": [
    [
      -0.8672569136899511
    ],
    [
      0.24227145116543966
    ],
    [
      -0.4349367650672596
    ]
  ]
}