{
  "image_1": "frame_082",
  "image_2": "frame_083",
  "num_matches": 1856,
  "inlier_count": 1119,
  "inlier_ratio": 0.6029,
  "reproj_rmse": 1.1387,
  "F": [
    [
      6.047639391922272e-09,
      -7.097817721470564e-07,
      0.0034164151509969254
    ],
    [
      7.209880552959799e-07,
      -3.201843890841929e-08,
      -0.029010967740680186
    ],
    [
      -0.0037244608604107225,
      0.029025507390014315,
      1.0
    ]
  ],
  "E": [
    [
      0.0016004931370618679,
      -0.18109480847303513,
      0.04626541723805232
    ],
    [
      0.1826689264260933,
      0.00519711837626577,
      -0.6814534707195966
    ],
    [
      -0.053688112277742374,
      0.6814648545804401,
      0.0033285174584871575
    ]
  ],
  "R": [
    [
      0.9999509356142425,
      0.009528925114748815,
      0.0027066492862285463
    ],
    [
      -0.009542554683993676,
      0.9999416252099097,
      0.005068118257043827
    ],
    [
      -0.0026581975668004687,
      -0.005093697941759068,
      0.9999834939772627
    ]
  ],
  "t": [
    [
      -0.9644289708771822
    ],
    [
      -0.06672661422815834
    ],
    [
      -0.255781780208102
    ]
  ]
}