{
  "image_1": "frame_017",
  "image_2": "frame_018",
  "num_matches": 1298,
  "inlier_count": 834,
  "inlier_ratio": 0.6425,
  "reproj_rmse": 3.0829,
  "F": [
    [
      1.2695932977438738e-08,
      -1.6891756008218403e-07,
      0.002666237638734092
    ],
    [
      7.433666889264338e-07,
      2.3703725605298573e-07,
      0.10924248525660438
    ],
    [
      -0.0034789328635191122,
      -0.11179418995029655,
      1.0
    ]
  ],
  "E": [
    [
      0.0005406563638795461,
      -0.1756147207978123,
      0.04322538396090103
    ],
    [
      0.16421732280055248,
      0.00502255529093922,
      -0.686310444306748
    ],
    [
      -0.0438537908430172,
      0.6836068457736132,
      0.005889653421587358
    ]
  ],
  "R": [
    [
      0.9998690119935072,
      -0.0008993695423848563,
      -0.016160135814827448
    ],
    [
      0.0010216873884616798,
      0.9999708823351973,
      0.007562449116993676
    ],
    [
      0.016152863833008013,
      -0.007577969133817386,
      0.9998408170172887
    ]
  ],
  "t": [
    [
      -0.9667375483669131
    ],
    [
      -0.06301458348745927
    ],
    [
      -0.24788641520953159
    ]
  ]
}