{
  "image_1": "frame_012",
  "image_2": "frame_013",
  "num_matches": 1586,
  "inlier_count": 915,
  "inlier_ratio": 0.5769,
  "reproj_rmse": 2.7897,
  "F": [
    [
      -4.922700357783569e-09,
      -5.802864794814052e-07,
      0.0007936704798077879
    ],
    [
      7.307140223558453e-07,
      -4.6378618760908376e-08,
      0.013944338596609608
    ],
    [
      -0.0011030759634279308,
      -0.014353321944360675,
      1.0
    ]
  ],
  "E": [
    [
      -0.0007802296691376145,
      -0.14040823985995599,
      0.047520205079163345
    ],
    [
      0.1342138215359364,
      -0.00185517353517271,
      -0.6926314692450088
    ],
    [
      -0.04143302978071683,
      0.6917765774238156,
      -0.00027340936882420844
    ]
  ],
  "R": [
    [
      0.999922414365781,
      -0.008604745506162859,
      -0.009006864253514435
    ],
    [
      0.008595969137433962,
      0.999962541206816,
      -0.0010126686499484384
    ],
    [
      0.009015240623264198,
      0.0009351673542607342,
      0.999958924605668
    ]
  ],
  "t": [
    [
      -0.9777798806790075
    ],
    [
      -0.06700531697362985
    ],
    [
      -0.1986373389788775
    ]
  ]
}