{
  "image_1": "frame_022",
  "image_2": "frame_023",
  "num_matches": 1424,
  "inlier_count": 921,
  "inlier_ratio": 0.6468,
  "reproj_rmse": 1.1634,
  "F": [
    [
      6.708172969697744e-10,
      5.790039116512826e-07,
      0.001863790337455846
    ],
    [
      -5.339398191794236e-07,
      -7.474673286031202e-08,
      0.04104264056191144
    ],
    [
      -0.0017635985229130069,
      -0.040918287525707794,
      1.0
    ]
  ],
  "E": [
    [
      -0.0005410397888822643,
      0.1376262127327598,
      0.004446991876830816
    ],
    [
      -0.1273478366951693,
      0.00596103280036,
      0.6954955278844555
    ],
    [
      -0.0025870434132177246,
      -0.6935571958782715,
      0.006606483907100117
    ]
  ],
  "R": [
    [
      0.9998811915495442,
      0.004408029914695988,
      -0.014770648521126417
    ],
    [
      -0.004547219003128629,
      0.9999454511437736,
      -0.009403059938802196
    ],
    [
      0.014728393829644026,
      0.009469108149464734,
      0.9998466934515773
    ]
  ],
  "t": [
    [
      0.9808557050943134
    ],
    [
      -0.008119762279327038
    ],
    [
      0.19456658306210875
    ]
  ]
}