{
  "image_1": "frame_090",
  "image_2": "frame_091",
  "num_matches": 2271,
  "inlier_count": 1420,
  "inlier_ratio": 0.6253,
  "reproj_rmse": 3.155,
  "F": [
    [
      5.70627461079308e-08,
      5.900573898119642e-06,
      -0.0015997157175032665
    ],
    [
      -5.8544143347390506e-06,
      2.4487052512708063e-08,
      0.010242154111566152
    ],
    [
      0.0010860393328352674,
      -0.011413645081452232,
      0.9999999999999999
    ]
  ],
  "E": [
    [
      -0.011450282041240926,
      -0.6858339820374305,
      0.058878927821747924
    ],
    [
      0.6761768542110002,
      -0.004695027864719067,
      0.20170660623624662
    ],
    [
      -0.04755225342954548,
      -0.1607786026188348,
      0.00044683268372377777
    ]
  ],
  "R": [
    [
      0.9981786774566263,
      -0.011582288578299921,
      0.059204547648216976
    ],
    [
      0.012756452329596282,
      0.9997286113779097,
      -0.019492986337639698
    ],
    [
      -0.05896270681459434,
      0.02021272331195549,
      0.9980555320328676
    ]
  ],
  "t": [
    [
      -0.22818375044019323
    ],
    [
      0.06445562106228715
    ],
    [
      0.9714821917814667
    ]
  ]
}