{
  "image_1": "frame_031",
  "image_2": "frame_032",
  "num_matches": 1147,
  "inlier_count": 652,
  "inlier_ratio": 0.5684,
  "reproj_rmse": 1.1614,
  "F": [
    [
      1.7617139423728312e-09,
      -5.708581320455373e-07,
      0.00014703841788542892
    ],
    [
      5.333994790251148e-07,
      -3.4752483289360236e-08,
      -0.015444145701008143
    ],
    [
      -0.0002221597444840214,
      0.015670003132113218,
      1.0
    ]
  ],
  "E": [
    [
      0.000861089132775923,
      -0.24158927324280846,
      -0.002490648065400158
    ],
    [
      0.22899567865522374,
      0.015715441759727517,
      -0.6688090437091003
    ],
    [
      -0.005126848764818767,
      0.6643701132766139,
      0.01490682255688682
    ]
  ],
  "R": [
    [
      0.9998162075722217,
      0.00375742915055099,
      -0.018799808564944176
    ],
    [
      -0.0033369240096332285,
      0.9997446584807939,
      0.022349111330768844
    ],
    [
      0.018878983395667903,
      -0.022282270200761747,
      0.9995734512384002
    ]
  ],
  "t": [
    [
      0.9398166611118559
    ],
    [
      0.004115118602003892
    ],
    [
      0.3416543711054412
    ]
  ]
}