{
  "image_1": "frame_087",
  "image_2": "frame_088",
  "num_matches": 941,
  "inlier_count": 444,
  "inlier_ratio": 0.4718,
  "reproj_rmse": 1.9695,
  "F": [
    [
      4.720126014507388e-08,
      1.9007442695810006e-07,
      0.0031285210852741285
    ],
    [
      -2.08669599483797e-07,
      -1.0880132701029504e-08,
      0.0015501421866610115
    ],
    [
      -0.003352242552691275,
      -0.001463740502156266,
      1.0
    ]
  ],
  "E": [
    [
      -0.017821782277288336,
      -0.1715808561195032,
      -0.583217437803893
    ],
    [
      0.15953813944221806,
      0.0020777672777424283,
      -0.36629941251910636
    ],
    [
      0.5790215955070502,
      0.36718389731947754,
      -0.019436999551963336
    ]
  ],
  "R": [
    [
      0.999365503978435,
      0.011163474879720747,
      -0.03382257066720329
    ],
    [
      -0.011142143276279048,
      0.999937588900569,
      0.0008191135012823592
    ],
    [
      0.03382960391637868,
      -0.0004417378486777368,
      0.9994275175151693
    ]
  ],
  "t": [
    [
      -0.5100976654155983
    ],
    [
      0.8250672764503667
    ],
    [
      -0.24303160508117183
    ]
  ]
}