{
  "image_1": "frame_053",
  "image_2": "frame_054",
  "num_matches": 1993,
  "inlier_count": 1297,
  "inlier_ratio": 0.6508,
  "reproj_rmse": 0.9114,
  "F": [
    [
      -3.683542939636017e-08,
      -2.464055196987723e-06,
      0.007062049683160278
    ],
    [
      2.847868212221456e-06,
      3.0215209132303645e-07,
      -0.11507034466872917
    ],
    [
      -0.006427662724498647,
      0.11351112383934561,
      1.0
    ]
  ],
  "E": [
    [
      -0.0024641201569294276,
      -0.1270861502590254,
      0.08325556338327811
    ],
    [
      0.13693144789415573,
      0.0011248448661045542,
      -0.6886507620552772
    ],
    [
      -0.07698271540810209,
      0.6913698871813962,
      0.001237553807839737
    ]
  ],
  "R": [
    [
      0.9998447137027667,
      -0.009784928154390166,
      0.014656181687134895
    ],
    [
      0.00973360956605114,
      0.9999462589939144,
      0.0035687489252217604
    ],
    [
      -0.014690314001019833,
      -0.0034255371971436965,
      0.9998862237122094
    ]
  ],
  "t": [
    [
      0.9766386739116163
    ],
    [
      0.11839460479729197
    ],
    [
      0.17933102959346664
    ]
  ]
}