{
  "image_1": "frame_109",
  "image_2": "frame_110",
  "num_matches": 1239,
  "inlier_count": 707,
  "inlier_ratio": 0.5706,
  "reproj_rmse": 2.4558,
  "F": [
    [
      3.518301715427065e-09,
      2.904684356230347e-07,
      -0.0005360754564248827
    ],
    [
      -2.564789916220509e-07,
      8.115174708247085e-09,
      0.0038406278304874983
    ],
    [
      0.00035734076689913045,
      -0.0038290554762087483,
      1.0
    ]
  ],
  "E": [
    [
      0.0021046486405658796,
      0.04887358562992175,
      0.025021661140578855
    ],
    [
      -0.08073596603113366,
      -0.05156477831098586,
      -0.7000009370751269
    ],
    [
      -0.017710987628369226,
      0.7034318389590912,
      -0.051694234998716886
    ]
  ],
  "R": [
    [
      0.9987220351791488,
      -0.01903953304303319,
      -0.04681658497927496
    ],
    [
      0.015480977011261235,
      0.9970458953351428,
      -0.07523178813586795
    ],
    [
      0.04811066200329413,
      0.07441087808141156,
      0.9960664563294751
    ]
  ],
  "t": [
    [
      -0.9969762881388307
    ],
    [
      -0.040533085762196164
    ],
    [
      0.06629743469783311
    ]
  ]
}