{
  "image_1": "frame_101",
  "image_2": "frame_102",
  "num_matches": 1854,
  "inlier_count": 1230,
  "inlier_ratio": 0.6634,
  "reproj_rmse": 0.8287,
  "F": [
    [
      -6.353959472090853e-08,
      6.413719623398167e-06,
      -0.014517465357672826
    ],
    [
      -6.362636944233395e-06,
      8.31333659657473e-08,
      -0.08101687181554917
    ],
    [
      0.013595960975577775,
      0.08034152344970734,
      1.0
    ]
  ],
  "E": [
    [
      -1.7873222379288605e-05,
      -0.015535973590407055,
      -0.07139889758859022
    ],
    [
      0.013529616312621538,
      -0.003320723426335095,
      -0.7033472204246157
    ],
    [
      0.06451406544056,
      0.7039845379206412,
      -0.0036257628988426555
    ]
  ],
  "R": [
    [
      0.9999483149696946,
      0.009879629522211941,
      -0.0024000645349688196
    ],
    [
      -0.009891325710293303,
      0.9999390185616585,
      -0.004911296533513286
    ],
    [
      0.0023513963853567174,
      0.004934782513046369,
      0.999985059316682
    ]
  ],
  "t": [
    [
      0.9946465006506381
    ],
    [
      -0.10108026315086836
    ],
    [
      0.021473684937407412
    ]
  ]
}