{
  "image_1": "frame_080",
  "image_2": "frame_081",
  "num_matches": 1692,
  "inlier_count": 1040,
  "inlier_ratio": 0.6147,
  "reproj_rmse": 1.8532,
  "F": [
    [
      -2.4504491652052974e-09,
      1.5652034530967271e-06,
      -0.0009809310459027933
    ],
    [
      -1.455206192269027e-06,
      -1.3927419031157631e-08,
      -0.01530169179403577
    ],
    [
      0.0009529608534036331,
      0.01479102908813266,
      0.9999999999999999
    ]
  ],
  "E": [
    [
      -0.0011029206939139418,
      -0.25646042136419683,
      0.042829279051242876
    ],
    [
      0.269124189361274,
      0.006818068916282702,
      -0.6522628546611342
    ],
    [
      -0.04510144996881722,
      0.6575707362788545,
      0.006158551955261553
    ]
  ],
  "R": [
    [
      0.9997985274396668,
      -0.0009513148480067846,
      0.020049925923394607
    ],
    [
      0.000735752566648408,
      0.9999418828298386,
      0.010755911438743902
    ],
    [
      -0.020058992936693942,
      -0.010738992633268211,
      0.9997411219108615
    ]
  ],
  "t": [
    [
      0.9299381578257225
    ],
    [
      0.06448027761042369
    ],
    [
      0.3620183923766637
    ]
  ]
}