{
  "image_1": "frame_028",
  "image_2": "frame_029",
  "num_matches": 1430,
  "inlier_count": 869,
  "inlier_ratio": 0.6077,
  "reproj_rmse": 0.3851,
  "F": [
    [
      3.690385894741669e-09,
      3.627215725564279e-07,
      0.0006090065049144821
    ],
    [
      -2.3337903539978556e-07,
      1.1131939510560647e-08,
      0.022214848858004194
    ],
    [
      -0.0006372719367698062,
      -0.022515656610572147,
      1.0
    ]
  ],
  "E": [
    [
      -0.0007170198774811321,
      0.11019912634858305,
      0.00296931104732517
    ],
    [
      -0.09755676093303742,
      0.007075178046239756,
      0.7002963904041437
    ],
    [
      0.0008324224649123231,
      -0.6984285039859867,
      0.007831944710005425
    ]
  ],
  "R": [
    [
      0.9998117943147711,
      0.006992962323817489,
      -0.018096254502405623
    ],
    [
      -0.0071946542083646675,
      0.999912459611069,
      -0.011104506534033854
    ],
    [
      0.018017016953431192,
      0.011232612896383986,
      0.9997745823472509
    ]
  ],
  "t": [
    [
      -0.9877720603726433
    ],
    [
      0.005930571438823515
    ],
    [
      -0.15579212133349968
    ]
  ]
}