{
  "image_1": "frame_055",
  "image_2": "frame_056",
  "num_matches": 1570,
  "inlier_count": 915,
  "inlier_ratio": 0.5828,
  "reproj_rmse": 0.7501,
  "F": [
    [
      6.66221486896742e-08,
      2.791175552571873e-06,
      -0.0037984357095785185
    ],
    [
      -2.9028533282820546e-06,
      8.520753336698054e-08,
      0.032440371042474776
    ],
    [
      0.0030864418960370836,
      -0.03255189677350932,
      1.0
    ]
  ],
  "E": [
    [
      -0.004213072052361915,
      -0.15129072739617433,
      0.038846814144427554
    ],
    [
      0.16205439904664837,
      -0.00044357802185402117,
      -0.6871462931920641
    ],
    [
      -0.023233799166389426,
      0.6903657487654844,
      0.002785876341201981
    ]
  ],
  "R": [
    [
      0.9995925421807428,
      -0.023783722978406804,
      0.015782399625110882
    ],
    [
      0.02370834796243374,
      0.9997066828792589,
      0.0049459522279173065
    ],
    [
      -0.0158954035347475,
      -0.00456976233901431,
      0.9998632173545703
    ]
  ],
  "t": [
    [
      -0.9752787200676483
    ],
    [
      -0.05600261948567166
    ],
    [
      -0.213764180334201
    ]
  ]
}