{
  "image_1": "frame_007",
  "image_2": "frame_008",
  "num_matches": 1429,
  "inlier_count": 747,
  "inlier_ratio": 0.5227,
  "reproj_rmse": 1.8584,
  "F": [
    [
      4.994531976521374e-08,
      -3.0344114404836563e-06,
      0.00805769037734438
    ],
    [
      3.1435633317820506e-06,
      -2.514259024244059e-09,
      0.031175326201013997
    ],
    [
      -0.007881086827004032,
      -0.031755629085785414,
      1.0
    ]
  ],
  "E": [
    [
      -0.007180429522252312,
      0.4380652991445005,
      -0.11869630441178151
    ],
    [
      -0.44913455810627995,
      -0.00833703710226997,
      -0.5336148719960411
    ],
    [
      0.10988483131904168,
      0.5434304927356023,
      -0.005554886057172346
    ]
  ],
  "R": [
    [
      0.9997520663171404,
      0.011167250823914038,
      -0.019263914546229666
    ],
    [
      -0.011287071997275147,
      0.9999175550711467,
      -0.006122504901540093
    ],
    [
      0.01919395478625935,
      0.006338420116783747,
      0.9997956873932228
    ]
  ],
  "t": [
    [
      0.7667574474662736
    ],
    [
      -0.16409576248315752
    ],
    [
      -0.6206090536642822
    ]
  ]
}