{
  "image_1": "frame_102",
  "image_2": "frame_103",
  "num_matches": 1803,
  "inlier_count": 1063,
  "inlier_ratio": 0.5896,
  "reproj_rmse": 0.4645,
  "F": [
    [
      2.2519333063902698e-08,
      -3.328357625475477e-06,
      0.013580983045431053
    ],
    [
      3.3242275039860097e-06,
      8.014918621718013e-08,
      0.13346871368519214
    ],
    [
      -0.012601419877173338,
      -0.13342773908920957,
      1.0
    ]
  ],
  "E": [
    [
      -0.00011809645040987463,
      -0.031106681997515945,
      -0.04959184220627208
    ],
    [
      0.026774895250551087,
      -0.0045844344259771234,
      -0.7048276610640714
    ],
    [
      0.04603537531534651,
      0.7049175165095082,
      -0.0050104747111494
    ]
  ],
  "R": [
    [
      0.999969657573105,
      0.005302164059025949,
      -0.005707099913132931
    ],
    [
      -0.005340408555298645,
      0.9999632476496524,
      -0.0067069655151883335
    ],
    [
      0.0056713287322963934,
      0.006737240254779661,
      0.9999612220602151
    ]
  ],
  "t": [
    [
      0.9965671172328757
    ],
    [
      -0.07042806463710115
    ],
    [
      0.04351860018001563
    ]
  ]
}