{
  "image_1": "frame_120",
  "image_2": "frame_121",
  "num_matches": 1309,
  "inlier_count": 718,
  "inlier_ratio": 0.5485,
  "reproj_rmse": 0.5664,
  "F": [
    [
      9.267279334900794e-09,
      -8.585373721791593e-07,
      0.0030561545323516907
    ],
    [
      1.0071716008110277e-06,
      -7.0764498606002785e-09,
      0.0272820498345151
    ],
    [
      -0.0033293605099598365,
      -0.027882606836736698,
      1.0
    ]
  ],
  "E": [
    [
      -0.002274063736941544,
      -0.18765304764326082,
      -0.10124515523023472
    ],
    [
      0.1752206719100238,
      -0.0026577910967903393,
      -0.6774296996984399
    ],
    [
      0.10348314176440435,
      0.6739325449736475,
      -0.004049608746542243
    ]
  ],
  "R": [
    [
      0.9998368073686796,
      -0.002460397609468312,
      -0.017897068877585354
    ],
    [
      0.00240167096678634,
      0.999991663992431,
      -0.0033021087529892038
    ],
    [
      0.017905044187965846,
      0.003258587002459082,
      0.9998343817869908
    ]
  ],
  "t": [
    [
      -0.953446989493095
    ],
    [
      0.14408090954991332
    ],
    [
      -0.2649141931452969
    ]
  ]
}