{
  "image_1": "frame_069",
  "image_2": "frame_070",
  "num_matches": 1575,
  "inlier_count": 917,
  "inlier_ratio": 0.5822,
  "reproj_rmse": 2.8838,
  "F": [
    [
      -9.295547368528798e-09,
      2.954532768734675e-07,
      -0.0004219547726231277
    ],
    [
      -2.281341215504651e-07,
      1.9736650938690602e-08,
      -0.012321901845661034
    ],
    [
      -4.1443674789761567e-05,
      0.011914288718524946,
      1.0
    ]
  ],
  "E": [
    [
      0.005662487626340714,
      -0.15929539238229307,
      -0.021168751522731625
    ],
    [
      0.16975963837291874,
      0.002954151454794106,
      -0.6860739849373838
    ],
    [
      -0.0012403701626156557,
      0.6889215542008953,
      -0.002403572075215566
    ]
  ],
  "R": [
    [
      0.9993229432262773,
      0.033502120998399935,
      0.015207334749354373
    ],
    [
      -0.03344535215167143,
      0.9994326542426478,
      -0.003972159733258182
    ],
    [
      -0.015331782708512903,
      0.00346085568962406,
      0.9998764718288328
    ]
  ],
  "t": [
    [
      0.9738016206174869
    ],
    [
      -0.030835867454017642
    ],
    [
      0.22529880816620929
    ]
  ]
}