{
  "image_1": "frame_004",
  "image_2": "frame_005",
  "num_matches": 3000,
  "inlier_count": 2424,
  "inlier_ratio": 0.808,
  "reproj_rmse": 0.7444,
  "F": [
    [
      -1.3652043158942297e-08,
      -5.896108936881329e-06,
      0.00983649482677205
    ],
    [
      5.93902992530737e-06,
      -1.1569467109493081e-08,
      0.026885704533867676
    ],
    [
      -0.009829849647328363,
      -0.02708347292901995,
      1.0
    ]
  ],
  "E": [
    [
      0.00041763851368268625,
      0.33513331566611304,
      -0.04663031036427342
    ],
    [
      -0.34066133426080125,
      -0.0025919831962759273,
      -0.6180108388745764
    ],
    [
      0.04626321968580697,
      0.6207754112689395,
      -0.003800490563833181
    ]
  ],
  "R": [
    [
      0.9999608742218725,
      -0.002429617430488841,
      -0.008505703061465308
    ],
    [
      0.0023828220691282306,
      0.9999819948426738,
      -0.005507463068718858
    ],
    [
      0.008518930943212821,
      0.0054869800079724515,
      0.9999486591150454
    ]
  ],
  "t": [
    [
      0.8780786985957604
    ],
    [
      -0.06333624549730056
    ],
    [
      -0.47430614488817413
    ]
  ]
}