{
  "image_1": "frame_039",
  "image_2": "frame_040",
  "num_matches": 746,
  "inlier_count": 349,
  "inlier_ratio": 0.4678,
  "reproj_rmse": 1.3933,
  "F": [
    [
      2.1731378182881895e-10,
      -8.320402985751222e-07,
      3.697377530916405e-05
    ],
    [
      8.362382594463059e-07,
      -6.007846162874415e-10,
      -0.00300492342780607
    ],
    [
      -0.00031261356241647314,
      0.002718398838111947,
      1.0
    ]
  ],
  "E": [
    [
      -0.024977493329060383,
      -0.21757765905224583,
      -0.5527306045220445
    ],
    [
      0.20364838890582726,
      0.001507454163206116,
      -0.39211694493389887
    ],
    [
      0.5527436636710626,
      0.38115213164094325,
      -0.022177094575385678
    ]
  ],
  "R": [
    [
      0.9990278068319942,
      -0.0029451998354151354,
      -0.043985986113587144
    ],
    [
      0.003190216646035804,
      0.9999797795600017,
      0.0055011806807000185
    ],
    [
      0.043968894621158855,
      -0.005636157295518057,
      0.9990170018757105
    ]
  ],
  "t": [
    [
      -0.5413408647664368
    ],
    [
      0.7807296110353604
    ],
    [
      -0.31210790215324763
    ]
  ]
}