{
  "image_1": "frame_001",
  "image_2": "frame_003",
  "num_matches": 3000,
  "inlier_count": 2123,
  "inlier_ratio": 0.7077,
  "reproj_rmse": 2.4253,
  "F": [
    [
      1.1999651007432115e-08,
      1.2802815294003152e-06,
      -0.002641171822737314
    ],
    [
      -1.2110905104325965e-06,
      3.796160612559612e-08,
      -0.011414616638677143
    ],
    [
      0.0026642492320467738,
      0.011127305601477159,
      0.9999999999999999
    ]
  ],
  "E": [
    [
      0.000514291056749558,
      0.07641995264556178,
      -0.03649964711565351
    ],
    [
      -0.07420149607689015,
      0.01499553172130864,
      -0.7020109587042187
    ],
    [
      0.042121942565776865,
      0.7016329859124821,
      0.01463840853174173
    ]
  ],
  "R": [
    [
      0.9999812787839433,
      -0.005803836130266693,
      0.0019384446862468901
    ],
    [
      0.005762381908240695,
      0.9997681558416165,
      0.020746795410300195
    ],
    [
      -0.002058406269960497,
      -0.020735236946470625,
      0.9997828828862801
    ]
  ],
  "t": [
    [
      0.9928015935752712
    ],
    [
      -0.05384952863732019
    ],
    [
      -0.1069823539652227
    ]
  ]
}