{
  "image_1": "frame_037",
  "image_2": "frame_038",
  "num_matches": 1656,
  "inlier_count": 1010,
  "inlier_ratio": 0.6099,
  "reproj_rmse": 0.6338,
  "F": [
    [
      1.68691176823611e-08,
      -5.853955796218033e-06,
      0.01112915186862976
    ],
    [
      5.68556167222976e-06,
      -8.221382725532484e-08,
      -0.06737584696493572
    ],
    [
      -0.011103584378707383,
      0.06763176403554363,
      1.0
    ]
  ],
  "E": [
    [
      0.0009164991247546822,
      -0.20171121984551635,
      0.054865484395707105
    ],
    [
      0.1917003868570092,
      0.0028085857755402385,
      -0.6783386778916505
    ],
    [
      -0.05604199161175612,
      0.6754615494506985,
      0.0034963453324621144
    ]
  ],
  "R": [
    [
      0.9998952484250532,
      0.000610155624926792,
      -0.014460978082918852
    ],
    [
      -0.0005525941522619843,
      0.9999919106397182,
      0.003984130373048237
    ],
    [
      0.01446329204241481,
      -0.003975721977192349,
      0.9998874970805748
    ]
  ],
  "t": [
    [
      -0.9553026006841556
    ],
    [
      -0.07873567556532955
    ],
    [
      -0.284951986340436
    ]
  ]
}