{
  "image_1": "frame_056",
  "image_2": "frame_057",
  "num_matches": 1461,
  "inlier_count": 897,
  "inlier_ratio": 0.614,
  "reproj_rmse": 0.6164,
  "F": [
    [
      3.583325216522177e-08,
      1.2076477169649638e-06,
      -0.0011333962569322496
    ],
    [
      -1.2281535339675662e-06,
      -1.3411898952239805e-09,
      0.018953178105246292
    ],
    [
      0.0005240971843548651,
      -0.0189080937038987,
      1.0
    ]
  ],
  "E": [
    [
      -0.006440322513465972,
      -0.20530716080298878,
      0.04198125960368343
    ],
    [
      0.21084500691634106,
      -0.005507366800958458,
      -0.6735965210630128
    ],
    [
      -0.02215991447006051,
      0.6762659388174664,
      0.00040345781792345246
    ]
  ],
  "R": [
    [
      0.9995258115270765,
      -0.029670336134718856,
      0.008235486918916457
    ],
    [
      0.029662168143134632,
      0.9995593623054919,
      0.0011122088323725493
    ],
    [
      -0.008264857662856395,
      -0.00086739903803521,
      0.9999654692771752
    ]
  ],
  "t": [
    [
      -0.9550340997168034
    ],
    [
      -0.0596955405696235
    ],
    [
      -0.2904243633275541
    ]
  ]
}