{
  "image_1": "frame_032",
  "image_2": "frame_033",
  "num_matches": 846,
  "inlier_count": 461,
  "inlier_ratio": 0.5449,
  "reproj_rmse": 1.0296,
  "F": [
    [
      -1.8993445830726128e-09,
      -2.7483521881166224e-07,
      -0.000588736702094698
    ],
    [
      2.2120262527576427e-07,
      2.5406428932125864e-08,
      -0.017855377268331002
    ],
    [
      0.000585083283951012,
      0.017915218750841466,
      1.0
    ]
  ],
  "E": [
    [
      -0.0002549112199724146,
      0.08829560955664614,
      0.01337783027813107
    ],
    [
      -0.08570542763849437,
      -0.012822988385113667,
      0.7016772244748923
    ],
    [
      -0.009404091670587885,
      -0.7013700542498345,
      -0.012477474390458156
    ]
  ],
  "R": [
    [
      0.9999861232566324,
      0.003485492946118187,
      -0.0039502700026602805
    ],
    [
      -0.0034144335187437196,
      0.9998347620721502,
      0.017854696745490915
    ],
    [
      0.004011849687792168,
      -0.017840961046140094,
      0.999832788605691
    ]
  ],
  "t": [
    [
      -0.9919927963552354
    ],
    [
      0.01668671899388984
    ],
    [
      -0.125187241316915
    ]
  ]
}