{
  "image_1": "frame_021",
  "image_2": "frame_022",
  "num_matches": 1440,
  "inlier_count": 833,
  "inlier_ratio": 0.5785,
  "reproj_rmse": 1.2882,
  "F": [
    [
      -9.852461719308443e-09,
      2.7764018629073163e-06,
      -0.002600975217160945
    ],
    [
      -2.7581918075390727e-06,
      4.2732727975484076e-08,
      0.02359903111566096
    ],
    [
      0.0025572333570790485,
      -0.02369441194786504,
      1.0
    ]
  ],
  "E": [
    [
      0.00024460445414466994,
      -0.1243725156296695,
      -0.05881295504426652
    ],
    [
      0.12078219829642978,
      -0.009551759861294414,
      -0.6940083877552421
    ],
    [
      0.057891308407796396,
      0.693749664515783,
      -0.010258431763446216
    ]
  ],
  "R": [
    [
      0.999984635913537,
      0.0038517779031138205,
      -0.003986445014726364
    ],
    [
      -0.00390897881710256,
      0.9998880688982982,
      -0.014441937523741516
    ],
    [
      0.003930371671711813,
      0.014457298565682567,
      0.999887763049786
    ]
  ],
  "t": [
    [
      -0.9808898550230496
    ],
    [
      0.08570626795753629
    ],
    [
      -0.17466976826472166
    ]
  ]
}