{
  "image_1": "frame_024",
  "image_2": "frame_025",
  "num_matches": 1250,
  "inlier_count": 817,
  "inlier_ratio": 0.6536,
  "reproj_rmse": 0.762,
  "F": [
    [
      4.9541539792255396e-08,
      3.969253353281878e-06,
      -0.004395371027608734
    ],
    [
      -3.4971523049058093e-06,
      4.099698491685177e-08,
      0.0793799826618285
    ],
    [
      0.0028691346122078367,
      -0.08028944899714666,
      0.9999999999999999
    ]
  ],
  "E": [
    [
      0.0021566231947729602,
      0.14401548447483606,
      0.012485385791103976
    ],
    [
      -0.13148736059497285,
      -0.0027526355558507064,
      0.6946726838788575
    ],
    [
      -0.020895055093073912,
      -0.691937324071084,
      -0.004301145584100573
    ]
  ],
  "R": [
    [
      0.999743428743502,
      -0.013387014625963683,
      -0.018271960036907564
    ],
    [
      0.013508086738740127,
      0.9998875117521945,
      0.0065188522505007325
    ],
    [
      0.01818263668571707,
      -0.006763998921453087,
      0.9998118023116879
    ]
  ],
  "t": [
    [
      -0.9788758903451666
    ],
    [
      0.016331520064537544
    ],
    [
      -0.20380204305486968
    ]
  ]
}