{
  "image_1": "frame_048",
  "image_2": "frame_049",
  "num_matches": 1372,
  "inlier_count": 810,
  "inlier_ratio": 0.5904,
  "reproj_rmse": 0.5924,
  "F": [
    [
      1.2154243329101252e-08,
      1.4684721879876809e-06,
      -0.003313917345790663
    ],
    [
      -1.5217312019538927e-06,
      -3.589822365626839e-08,
      0.01725777580487583
    ],
    [
      0.0031997289521354987,
      -0.01716129304548866,
      1.0
    ]
  ],
  "E": [
    [
      -0.0007683222646132727,
      -0.1511641027732215,
      0.030012627170973562
    ],
    [
      0.1590263862960453,
      -0.01007485076904322,
      -0.6883533466003302
    ],
    [
      -0.02578135932046738,
      0.6901187686324369,
      -0.009912047443732632
    ]
  ],
  "R": [
    [
      0.9999367275089674,
      -0.0029258268266135062,
      0.010861883632126285
    ],
    [
      0.0030769629418614317,
      0.999898324598631,
      -0.013923820018416067
    ],
    [
      -0.010820040559609445,
      0.013956360637053598,
      0.9998440612015741
    ]
  ],
  "t": [
    [
      0.9759590830808033
    ],
    [
      0.03946583504052256
    ],
    [
      0.2143509179281308
    ]
  ]
}