{
  "image_1": "frame_119",
  "image_2": "frame_120",
  "num_matches": 978,
  "inlier_count": 637,
  "inlier_ratio": 0.6513,
  "reproj_rmse": 3.2938,
  "F": [
    [
      1.2849617486401994e-08,
      1.772278032299306e-07,
      0.0016319168021312156
    ],
    [
      8.116599819806999e-08,
      -1.8008789176317393e-07,
      0.04209798460427344
    ],
    [
      -0.0022307404930638963,
      -0.04238984489446427,
      1.0
    ]
  ],
  "E": [
    [
      -0.0010345058736545996,
      -0.13657241707481083,
      -0.018832838826493097
    ],
    [
      0.1278772975506113,
      0.0003385905815131227,
      -0.6951982142954348
    ],
    [
      0.02268294010376315,
      0.6934145322533357,
      0.0008511931758980112
    ]
  ],
  "R": [
    [
      0.9999038722567446,
      -0.00583994571698563,
      -0.012575423650528439
    ],
    [
      0.005860081612895914,
      0.9999816050063576,
      0.0015649576348916502
    ],
    [
      0.012566053058053223,
      -0.0016385002079545774,
      0.9999197015898881
    ]
  ],
  "t": [
    [
      -0.9808080636635046
    ],
    [
      0.026333437603512793
    ],
    [
      -0.19318926553157306
    ]
  ]
}