{
  "image_1": "frame_104",
  "image_2": "frame_105",
  "num_matches": 1408,
  "inlier_count": 840,
  "inlier_ratio": 0.5966,
  "reproj_rmse": 1.5274,
  "F": [
    [
      2.1741965967007686e-08,
      3.7325404127887615e-07,
      0.00340298868287752
    ],
    [
      -1.8863880810455692e-07,
      1.4196630541079276e-08,
      0.03707788036602033
    ],
    [
      -0.003970378455988434,
      -0.037764026038198235,
      1.0
    ]
  ],
  "E": [
    [
      -0.002295345692963419,
      -0.24654597580489446,
      -0.06572564935282768
    ],
    [
      0.23930649487114447,
      0.0014761014713057655,
      -0.6622347298331148
    ],
    [
      0.06877475864478186,
      0.6590374596690474,
      0.00223534915099315
    ]
  ],
  "R": [
    [
      0.9999150193042943,
      -0.006260852629847435,
      -0.011434854351530743
    ],
    [
      0.006312772985056642,
      0.9999699035008266,
      0.004510098644881694
    ],
    [
      0.011406273139483947,
      -0.004581901013199531,
      0.999924448704087
    ]
  ],
  "t": [
    [
      -0.9326199142556988
    ],
    [
      0.09138254364850645
    ],
    [
      -0.3490978748861438
    ]
  ]
}