{
  "image_1": "frame_111",
  "image_2": "frame_112",
  "num_matches": 1890,
  "inlier_count": 1183,
  "inlier_ratio": 0.6259,
  "reproj_rmse": 0.601,
  "F": [
    [
      4.72924707500024e-09,
      5.73422471508596e-07,
      -0.0007809620591625179
    ],
    [
      -5.282818536137068e-07,
      -3.423725786706974e-08,
      0.008320772936350331
    ],
    [
      0.0005876993109290318,
      -0.00828245364547082,
      1.0
    ]
  ],
  "E": [
    [
      0.0014661969610054594,
      0.1441088813976354,
      -0.003108445356581924
    ],
    [
      -0.15092903660810683,
      -0.02110069022384109,
      -0.6904872113522469
    ],
    [
      0.0053539735488098055,
      0.6918683000262091,
      -0.022649641541646424
    ]
  ],
  "R": [
    [
      0.9999010925309224,
      -0.010377973047307767,
      -0.009492251097460325
    ],
    [
      0.010062096714993828,
      0.9994132312288331,
      -0.03274060864493911
    ],
    [
      0.009826462495017785,
      0.03264185840561624,
      0.9994188059640771
    ]
  ],
  "t": [
    [
      -0.9790003249603741
    ],
    [
      -0.0022793593941168593
    ],
    [
      0.2038459424375049
    ]
  ]
}