{
  "image_1": "frame_112",
  "image_2": "frame_113",
  "num_matches": 1764,
  "inlier_count": 1203,
  "inlier_ratio": 0.682,
  "reproj_rmse": 1.2695,
  "F": [
    [
      -7.45444577906124e-09,
      5.162319165630585e-07,
      -0.0011343387887137468
    ],
    [
      -4.020050976458625e-07,
      -1.0301613429475113e-08,
      0.01700980021519688
    ],
    [
      0.0011214561225325272,
      -0.017230370133641617,
      1.0
    ]
  ],
  "E": [
    [
      -0.0013330970141151581,
      -0.02791301222619387,
      -0.07806756156237227
    ],
    [
      0.04043779517506739,
      0.012372879040111518,
      0.7014567246269996
    ],
    [
      0.08435547242782895,
      -0.7014762560872722,
      0.01048422200156342
    ]
  ],
  "R": [
    [
      0.9997700690182054,
      0.007950259206404367,
      -0.019914880714770614
    ],
    [
      -0.008292413516044678,
      0.9998184100422812,
      -0.017157587785110805
    ],
    [
      0.019774857102174172,
      0.017318785150115475,
      0.9996544476505433
    ]
  ],
  "t": [
    [
      -0.9931007425558764
    ],
    [
      -0.11108699348893897
    ],
    [
      0.03755788881919811
    ]
  ]
}