{
  "image_1": "frame_043",
  "image_2": "frame_044",
  "num_matches": 1285,
  "inlier_count": 744,
  "inlier_ratio": 0.579,
  "reproj_rmse": 0.7294,
  "F": [
    [
      3.104972259160924e-08,
      1.4532572766580603e-06,
      -0.0010329575440531026
    ],
    [
      -1.4848294805979294e-06,
      3.552494380780886e-08,
      0.013050635595766972
    ],
    [
      0.0006610808186035176,
      -0.013044394113431513,
      1.0
    ]
  ],
  "E": [
    [
      -0.001770332356906154,
      -0.048809363997766565,
      0.081025836403051
    ],
    [
      0.04423806077617372,
      0.007684915171714606,
      0.7010827215406957
    ],
    [
      -0.09627532002816348,
      -0.6987009848793572,
      0.008017221552080933
    ]
  ],
  "R": [
    [
      0.9997113949122121,
      -0.02256188098727857,
      0.0082515700926959
    ],
    [
      0.022663114578578974,
      0.9996664062767017,
      -0.012387873079039598
    ],
    [
      -0.007969323702610921,
      0.01257130415430528,
      0.9998892199596828
    ]
  ],
  "t": [
    [
      -0.9910089058577279
    ],
    [
      0.11372733721193276
    ],
    [
      0.07048007719456664
    ]
  ]
}