{
  "image_1": "frame_014",
  "image_2": "frame_015",
  "num_matches": 1523,
  "inlier_count": 844,
  "inlier_ratio": 0.5542,
  "reproj_rmse": 3.0128,
  "F": [
    [
      1.1822475134843614e-08,
      3.694078085878003e-07,
      0.0012738660850781984
    ],
    [
      -1.8178200958602354e-07,
      5.229910738216277e-09,
      0.02575880938936342
    ],
    [
      -0.001491210973995609,
      -0.02632439608692922,
      1.0
    ]
  ],
  "E": [
    [
      0.0007874695945508966,
      -0.17430300823087025,
      0.01371069438079552
    ],
    [
      0.16197180957897286,
      -0.00079319362992178,
      -0.688175407242405
    ],
    [
      -0.015529441309493228,
      0.6851034194180904,
      -0.0010544379956803065
    ]
  ],
  "R": [
    [
      0.9998331581314746,
      0.0031010986672274504,
      -0.018001085742199135
    ],
    [
      -0.0031356341022526282,
      0.9999932966701648,
      -0.0018906119412435722
    ],
    [
      0.017995102100812482,
      0.001946741326346247,
      0.9998361798307709
    ]
  ],
  "t": [
    [
      -0.9689477365399057
    ],
    [
      -0.01892683873910801
    ],
    [
      -0.2465401765017968
    ]
  ]
}