{
  "image_1": "frame_108",
  "image_2": "frame_109",
  "num_matches": 1088,
  "inlier_count": 648,
  "inlier_ratio": 0.5956,
  "reproj_rmse": 2.1296,
  "F": [
    [
      -1.5612609911535032e-08,
      -3.931762424502126e-07,
      0.0006746817493994226
    ],
    [
      4.3265820966965776e-07,
      -1.2218909763648004e-08,
      0.0016557573145418744
    ],
    [
      -0.0006448269842448435,
      -0.001840307275640041,
      1.0
    ]
  ],
  "E": [
    [
      -0.028492427285881576,
      -0.6715103398756308,
      0.06470784038667589
    ],
    [
      0.6949530440616474,
      -0.016187808903100554,
      0.12950421266511125
    ],
    [
      -0.006159241979099975,
      -0.20885068433381015,
      0.020622223591654828
    ]
  ],
  "R": [
    [
      0.9918825245037108,
      -0.05321446544335641,
      -0.11548713457231183
    ],
    [
      0.041730816026881695,
      0.9941448850455618,
      -0.09967189439093489
    ],
    [
      0.12011493070337254,
      0.09404343786423883,
      0.9882956213688284
    ]
  ],
  "t": [
    [
      0.29690045611254845
    ],
    [
      0.0037095267641534253
    ],
    [
      -0.9549012297464835
    ]
  ]
}