{
  "image_1": "frame_106",
  "image_2": "frame_107",
  "num_matches": 1081,
  "inlier_count": 604,
  "inlier_ratio": 0.5587,
  "reproj_rmse": 1.5774,
  "F": [
    [
      4.8815130864973715e-09,
      -7.646855265568075e-07,
      0.0009146065957792255
    ],
    [
      7.540617840051553e-07,
      2.8558355951617463e-08,
      -0.005568795588528256
    ],
    [
      -0.0010763824055178928,
      0.0055503185393912,
      1.0
    ]
  ],
  "E": [
    [
      -0.0027208657679623663,
      0.5079559602958439,
      0.001705614982689139
    ],
    [
      -0.5054835194378412,
      -0.02880685665169216,
      0.4929700198565253
    ],
    [
      0.027787355324510966,
      -0.4910702754847623,
      -0.026180406711111135
    ]
  ],
  "R": [
    [
      0.9999795703878767,
      0.005368042462339413,
      -0.0034702920626499822
    ],
    [
      -0.0051764391771092,
      0.998578736884237,
      0.05304442213962926
    ],
    [
      0.0037501045749762096,
      -0.05302537470687071,
      0.9985861236532745
    ]
  ],
  "t": [
    [
      -0.695658580291986
    ],
    [
      -0.035696949708324405
    ],
    [
      -0.7174850991119327
    ]
  ]
}