{
  "image_1": "frame_049",
  "image_2": "frame_050",
  "num_matches": 1582,
  "inlier_count": 921,
  "inlier_ratio": 0.5822,
  "reproj_rmse": 0.9066,
  "F": [
    [
      1.1509684159719691e-08,
      -2.116127473623353e-06,
      -0.0001484094381613563
    ],
    [
      2.2521475187189935e-06,
      -1.3347337459205676e-07,
      -0.031095416580884543
    ],
    [
      -8.370537460092203e-05,
      0.03136367265321743,
      1.0
    ]
  ],
  "E": [
    [
      -0.0003663704304665496,
      0.04451555480309407,
      0.024525336653904363
    ],
    [
      -0.057129706024549434,
      -0.006111553423165565,
      0.704355195856421
    ],
    [
      -0.025052307213057807,
      -0.7052148070030891,
      -0.006618200401814986
    ]
  ],
  "R": [
    [
      0.9998443821733843,
      -0.001457113636224687,
      0.01758090601120113
    ],
    [
      0.0013028610112354039,
      0.9999605875249075,
      0.008782138123876768
    ],
    [
      -0.0175930096773963,
      -0.008757865989643933,
      0.9998068742481212
    ]
  ],
  "t": [
    [
      0.9974133937493452
    ],
    [
      -0.034135133641950866
    ],
    [
      0.06325594533844299
    ]
  ]
}