{
  "image_1": "frame_072",
  "image_2": "frame_073",
  "num_matches": 1720,
  "inlier_count": 1016,
  "inlier_ratio": 0.5907,
  "reproj_rmse": 2.4636,
  "F": [
    [
      -1.3983914283466582e-09,
      -2.067531528414026e-07,
      -0.0007390868075763202
    ],
    [
      1.919759721525105e-07,
      -1.491696950312858e-08,
      0.007958729629267369
    ],
    [
      0.0006352739693936808,
      -0.007744335566174948,
      1.0
    ]
  ],
  "E": [
    [
      -0.007479120443296061,
      -0.47258325606547297,
      0.06810589908395076
    ],
    [
      0.488148233316342,
      -0.023198583735529802,
      -0.5083608776203022
    ],
    [
      -0.04563976035662307,
      0.5218033874642012,
      -0.018742961006945336
    ]
  ],
  "R": [
    [
      0.9995718210392743,
      -0.011971502690938537,
      0.026699395265620818
    ],
    [
      0.01285738718486093,
      0.9993640646046568,
      -0.033258893121064066
    ],
    [
      -0.026284257246640796,
      0.033587936825304594,
      0.9990900801833695
    ]
  ],
  "t": [
    [
      0.7375238509416798
    ],
    [
      0.07405870817013675
    ],
    [
      0.671247999651638
    ]
  ]
}