{
  "image_1": "frame_124",
  "image_2": "frame_125",
  "num_matches": 1436,
  "inlier_count": 918,
  "inlier_ratio": 0.6393,
  "reproj_rmse": 1.1981,
  "F": [
    [
      7.292963798660251e-09,
      7.900476645757401e-07,
      -0.0006344839497389623
    ],
    [
      -7.667657173369928e-07,
      -1.0767635531204064e-08,
      0.009537956007996498
    ],
    [
      0.0004435846848359869,
      -0.009462447141609725,
      1.0
    ]
  ],
  "E": [
    [
      0.00014477261257955,
      -0.04269423956959081,
      0.06138024615392094
    ],
    [
      0.03952263216695997,
      -0.019619311614710328,
      -0.7031579836314187
    ],
    [
      -0.05590496664019768,
      0.7032399630617431,
      -0.01896653901436443
    ]
  ],
  "R": [
    [
      0.9999578016133128,
      -0.006266671744149507,
      -0.0067174264358476
    ],
    [
      0.006079376248148055,
      0.9996019704084809,
      -0.027548900883988876
    ],
    [
      0.006887392620099311,
      0.027506900602093605,
      0.9995978862733571
    ]
  ],
  "t": [
    [
      -0.9943939323332064
    ],
    [
      -0.08511044840372277
    ],
    [
      -0.06274487159457408
    ]
  ]
}