{
  "image_1": "frame_023",
  "image_2": "frame_024",
  "num_matches": 1490,
  "inlier_count": 872,
  "inlier_ratio": 0.5852,
  "reproj_rmse": 1.501,
  "F": [
    [
      1.3405519378270546e-08,
      4.791443263669219e-07,
      0.0018826150901769126
    ],
    [
      -2.81922868794998e-07,
      -1.0554400772432106e-07,
      0.049878944834467885
    ],
    [
      -0.002515873678361007,
      -0.050436354223991446,
      1.0
    ]
  ],
  "E": [
    [
      -0.0010286969818073173,
      -0.26289099546001193,
      0.044241448160399384
    ],
    [
      0.24965452120161882,
      0.002788493210385125,
      -0.659954791265775
    ],
    [
      -0.04125863850799666,
      0.6552266467858613,
      0.0054994979780213765
    ]
  ],
  "R": [
    [
      0.9997799955077735,
      -0.007225970533753394,
      -0.019691265381416245
    ],
    [
      0.007365278211296802,
      0.999948296006778,
      0.007011275918920215
    ],
    [
      0.01963958399117066,
      -0.007154765054588327,
      0.9997815241729904
    ]
  ],
  "t": [
    [
      -0.9262072774023704
    ],
    [
      -0.06518464183328794
    ],
    [
      -0.37133683059448114
    ]
  ]
}