{
  "image_1": "frame_098",
  "image_2": "frame_099",
  "num_matches": 1620,
  "inlier_count": 972,
  "inlier_ratio": 0.6,
  "reproj_rmse": 0.8453,
  "F": [
    [
      2.7392643070112243e-09,
      1.4758104794186383e-07,
      0.0019320835383920942
    ],
    [
      -1.3201640610569068e-07,
      -5.9316546208045525e-09,
      0.010665503294881548
    ],
    [
      -0.0019262484829225474,
      -0.010674507990696714,
      1.0
    ]
  ],
  "E": [
    [
      0.00031974641260635505,
      -0.3583912121241806,
      -0.08070840149339532
    ],
    [
      0.3478107636903093,
      -0.015561211773765574,
      -0.6087311169731018
    ],
    [
      0.08810370570762444,
      0.6043024323820371,
      -0.01816718466044507
    ]
  ],
  "R": [
    [
      0.9998998580470806,
      0.003952217118497525,
      -0.013588740091567686
    ],
    [
      -0.004331929197409684,
      0.9995977460017852,
      -0.028028210388446134
    ],
    [
      0.013472500393637121,
      0.028084269048679306,
      0.9995147650560972
    ]
  ],
  "t": [
    [
      -0.8544492855199459
    ],
    [
      0.12831171870079372
    ],
    [
      -0.5034406830188659
    ]
  ]
}