{
  "image_1": "frame_097",
  "image_2": "frame_098",
  "num_matches": 1297,
  "inlier_count": 789,
  "inlier_ratio": 0.6083,
  "reproj_rmse": 0.4231,
  "F": [
    [
      2.423689034958743e-09,
      7.068766591151285e-07,
      2.0545033982247477e-05
    ],
    [
      -6.58293527316201e-07,
      5.134362386641995e-08,
      0.00908821063682137
    ],
    [
      -0.00012364749808515925,
      -0.009247233450097623,
      1.0
    ]
  ],
  "E": [
    [
      -0.0002676335542735107,
      -0.18867291730568803,
      -0.048460183730659995
    ],
    [
      0.1751429223771425,
      -0.019415836532899855,
      -0.6826662545203903
    ],
    [
      0.051492437445913586,
      0.6796173208578079,
      -0.020920379738187823
    ]
  ],
  "R": [
    [
      0.9998376518655253,
      0.0031389904660722584,
      -0.017743073321346392
    ],
    [
      -0.0036592800402746317,
      0.99956198267984,
      -0.029367540767559614
    ],
    [
      0.0176431171174376,
      0.029427699876159754,
      0.9994111921018192
    ]
  ],
  "t": [
    [
      -0.9613054345424584
    ],
    [
      0.07635138468975414
    ],
    [
      -0.2646928929440542
    ]
  ]
}