{
  "image_1": "frame_052",
  "image_2": "frame_053",
  "num_matches": 1584,
  "inlier_count": 927,
  "inlier_ratio": 0.5852,
  "reproj_rmse": 0.6957,
  "F": [
    [
      -1.5563919180804596e-08,
      -2.156119747567013e-06,
      0.003684649707973486
    ],
    [
      2.2915449071653382e-06,
      1.1901411575435488e-07,
      -0.031932470352583876
    ],
    [
      -0.0037508144421333914,
      0.03166918310403278,
      1.0
    ]
  ],
  "E": [
    [
      0.00016158026410894078,
      -0.04920010721070471,
      -0.027697764945687958
    ],
    [
      0.058385796553349176,
      0.009703574229759803,
      -0.7041077235062382
    ],
    [
      0.029501361244726045,
      0.7046743182593742,
      0.010255980525656697
    ]
  ],
  "R": [
    [
      0.9999156717720009,
      -0.0037205739912498023,
      0.012442133013407922
    ],
    [
      0.0035453715764354812,
      0.9998946720961909,
      0.01407391395581463
    ],
    [
      -0.012493185547837807,
      -0.014028615142853747,
      0.9998235435675843
    ]
  ],
  "t": [
    [
      0.9968070597254846
    ],
    [
      -0.03819039429215974
    ],
    [
      0.0701226030980267
    ]
  ]
}