{
  "image_1": "frame_084",
  "image_2": "frame_085",
  "num_matches": 1795,
  "inlier_count": 1032,
  "inlier_ratio": 0.5749,
  "reproj_rmse": 4.2185,
  "F": [
    [
      3.455195384118315e-08,
      -5.20213407933778e-07,
      0.0014468529199432513
    ],
    [
      5.123620715720064e-07,
      2.2451576551941533e-08,
      -0.0023341951938519855
    ],
    [
      -0.0017971799137085236,
      0.002258720294281103,
      1.0
    ]
  ],
  "E": [
    [
      0.04079979578375248,
      -0.6295371681660586,
      0.05951859477562259
    ],
    [
      0.6283525047735545,
      0.014363024405921616,
      0.30451018339888236
    ],
    [
      -0.09090057744731549,
      -0.3191776809859114,
      -0.024061211496789827
    ]
  ],
  "R": [
    [
      0.9978993522893052,
      0.0634257212078142,
      -0.013193202410866078
    ],
    [
      -0.06215020657275609,
      0.9947479100504565,
      0.08132617827743133
    ],
    [
      0.01828208203540299,
      -0.08033538037202195,
      0.9966002168055822
    ]
  ],
  "t": [
    [
      0.4437924457162348
    ],
    [
      -0.1564632958945606
    ],
    [
      -0.8823647217353003
    ]
  ]
}