{
  "image_1": "frame_010",
  "image_2": "frame_011",
  "num_matches": 1373,
  "inlier_count": 760,
  "inlier_ratio": 0.5535,
  "reproj_rmse": 0.8792,
  "F": [
    [
      7.878027027357733e-09,
      9.940373429784283e-08,
      0.0007727943935897764
    ],
    [
      1.5529446282757448e-08,
      -6.594989510319911e-08,
      0.016463687852372472
    ],
    [
      -0.001161766217753337,
      -0.01667424994041434,
      1.0
    ]
  ],
  "E": [
    [
      -0.0013344884179063413,
      -0.13056198726072715,
      0.020749855750791257
    ],
    [
      0.12056185412561568,
      -0.0013953002610626738,
      -0.6964419359305737
    ],
    [
      -0.012081786006466486,
      0.694842870086473,
      0.0004108413930637039
    ]
  ],
  "R": [
    [
      0.9998185765276204,
      -0.012502996792404037,
      -0.014369728650593827
    ],
    [
      0.012506611637879392,
      0.9999217761963733,
      0.00016172083596434003
    ],
    [
      0.014366582600668948,
      -0.0003414081115834327,
      0.9998967370408206
    ]
  ],
  "t": [
    [
      -0.982365746664106
    ],
    [
      -0.0293776222985356
    ],
    [
      -0.18464694714280583
    ]
  ]
}