{
  "image_1": "frame_044",
  "image_2": "frame_045",
  "num_matches": 1338,
  "inlier_count": 956,
  "inlier_ratio": 0.7145,
  "reproj_rmse": 0.9501,
  "F": [
    [
      5.577193565004672e-09,
      1.1717612838463602e-06,
      -0.001027150190041468
    ],
    [
      -1.1658967701403731e-06,
      2.4986020583719474e-08,
      0.010966065047042853
    ],
    [
      0.0008667139558252864,
      -0.01102214819249999,
      1.0
    ]
  ],
  "E": [
    [
      0.0004555551500853785,
      0.023243477919739408,
      -0.06986044742268314
    ],
    [
      -0.021442805674844623,
      -0.01761250845887349,
      -0.7031599123574915
    ],
    [
      0.0722264062311022,
      0.7027501432542839,
      -0.017342917073187417
    ]
  ],
  "R": [
    [
      0.9999782993723814,
      -0.004099911607640311,
      0.005156695563006946
    ],
    [
      0.004228453960860051,
      0.9996742817276574,
      -0.025168445112733764
    ],
    [
      -0.005051827532773792,
      0.025189703791457015,
      0.9996699244558064
    ]
  ],
  "t": [
    [
      -0.994564277550328
    ],
    [
      0.09794021935899543
    ],
    [
      0.035349840914861284
    ]
  ]
}