{
  "image_1": "frame_123",
  "image_2": "frame_124",
  "num_matches": 1300,
  "inlier_count": 757,
  "inlier_ratio": 0.5823,
  "reproj_rmse": 0.4384,
  "F": [
    [
      -1.0062866540877403e-09,
      -2.309956407870835e-07,
      0.00012157373611758244
    ],
    [
      2.8673601167304483e-07,
      -1.201205251556382e-07,
      0.017002697100174054
    ],
    [
      -0.00020529501886292365,
      -0.016734230905788842,
      1.0
    ]
  ],
  "E": [
    [
      -0.0005640229664378213,
      -0.1888794914055421,
      0.0039043991814727043
    ],
    [
      0.1807102149868467,
      -0.014777409779084785,
      -0.6834657602518321
    ],
    [
      0.0020633880698638757,
      0.6812512719129966,
      -0.014192362069792203
    ]
  ],
  "R": [
    [
      0.9999232088870795,
      -0.00323322285298698,
      -0.011963385764438367
    ],
    [
      0.0029835671561415818,
      0.9997786294089265,
      -0.02082763798977778
    ],
    [
      0.012028077817782673,
      0.020790345047433902,
      0.9997115018328127
    ]
  ],
  "t": [
    [
      -0.9636482504228487
    ],
    [
      4.296542216799082e-05
    ],
    [
      -0.2671741896421787
    ]
  ]
}