{
  "image_1": "frame_013",
  "image_2": "frame_014",
  "num_matches": 1594,
  "inlier_count": 1077,
  "inlier_ratio": 0.6757,
  "reproj_rmse": 2.4658,
  "F": [
    [
      3.728509734944295e-09,
      -7.650934387905168e-07,
      0.0017199409395061238
    ],
    [
      8.916883312603953e-07,
      -1.8446678769735132e-08,
      0.02337132820458589
    ],
    [
      -0.001895226135096996,
      -0.02385812273883202,
      1.0
    ]
  ],
  "E": [
    [
      -5.5987710856054966e-05,
      -0.15366162467662392,
      -0.026925853418490017
    ],
    [
      0.15299631602277555,
      -0.003454745177564868,
      -0.6897924320429473
    ],
    [
      0.027843354933094564,
      0.6896684721934553,
      -0.003440806404093609
    ]
  ],
  "R": [
    [
      0.9999996792998312,
      -0.0002299291314845353,
      -0.0007671589334924678
    ],
    [
      0.00022612266909104173,
      0.9999876826439864,
      -0.004958167892292906
    ],
    [
      0.000768289511359932,
      0.004957992830182114,
      0.9999874139399567
    ]
  ],
  "t": [
    [
      -0.9753595238524126
    ],
    [
      0.039155911826801094
    ],
    [
      -0.21711889323457512
    ]
  ]
}