{
  "image_1": "frame_015",
  "image_2": "frame_016",
  "num_matches": 1436,
  "inlier_count": 871,
  "inlier_ratio": 0.6065,
  "reproj_rmse": 1.2242,
  "F": [
    [
      2.138434231021569e-08,
      -2.097125825813343e-06,
      0.0044895892996122694
    ],
    [
      2.203294676438192e-06,
      4.3389493960864574e-08,
      0.017291997236638604
    ],
    [
      -0.004605201894378923,
      -0.01811776164028591,
      0.9999999999999999
    ]
  ],
  "E": [
    [
      0.0005645989332185217,
      -0.17610859417343414,
      -0.036072653252225306
    ],
    [
      0.1688140544836015,
      0.0006866583589749982,
      -0.6857082667863065
    ],
    [
      0.03244491153837444,
      0.68405897716981,
      -0.0006064753345842998
    ]
  ],
  "R": [
    [
      0.9999289671920438,
      0.005383854682769168,
      -0.010633657837600619
    ],
    [
      -0.005387614921548239,
      0.9999854338833964,
      -0.0003250022965947605
    ],
    [
      0.010631753181364112,
      0.0003822692644056616,
      0.9999434082459367
    ]
  ],
  "t": [
    [
      -0.9671444648796295
    ],
    [
      0.05109826553099462
    ],
    [
      -0.24903925656895762
    ]
  ]
}