{
  "image_1": "frame_005",
  "image_2": "frame_006",
  "num_matches": 2320,
  "inlier_count": 1132,
  "inlier_ratio": 0.4879310344827586,
  "reproj_rmse": 0.37410314377411463,
  "F": [
    [
      1.6737104252767394e-07,
      -3.985515310115074e-05,
      0.02084520304872478
    ],
    [
      4.137293851046738e-05,
      7.400707696312504e-07,
      0.053318319126023035
    ],
    [
      -0.021198778007900054,
      -0.05509491020531684,
      1.0
    ]
  ],
  "E": [
    [
      -0.0013157586664650101,
      0.24084369211205528,
      -0.09177939618928307
    ],
    [
      -0.2490000199274757,
      -0.005604481159277497,
      -0.6556651605475239
    ],
    [
      0.08901115067863764,
      0.6585414362862504,
      -0.006332143732156687
    ]
  ],
  "R": [
    [
      0.9999354333935877,
      0.0011548516851180024,
      -0.01130466105476935
    ],
    [
      -0.0012461701484291904,
      0.9999666262990514,
      -0.008074239781828883
    ],
    [
      0.011294959226973988,
      0.008087805986711362,
      0.9999035009891618
    ]
  ],
  "t": [
    0.9312025850299396,
    -0.1270494165033763,
    -0.3416433687336983
  ]
}