{
  "image_1": "frame_119",
  "image_2": "frame_120",
  "num_matches": 2548,
  "inlier_count": 1257,
  "inlier_ratio": 0.4933281004709576,
  "reproj_rmse": 0.5925995515005014,
  "F": [
    [
      1.0774061607880807e-06,
      0.00010325487819560536,
      -0.03981123508148704
    ],
    [
      -9.778772733980388e-05,
      8.396748757054003e-07,
      0.1870433707303599
    ],
    [
      0.035442905586549396,
      -0.18848468255621448,
      1.0
    ]
  ],
  "E": [
    [
      -0.0007778591253580879,
      -0.11984243598742018,
      0.01914223790608587
    ],
    [
      0.08641244404797895,
      0.00019937593102274074,
      -0.7015384277302058
    ],
    [
      -0.009476088799430557,
      0.6968157204170121,
      0.0023451868238097426
    ]
  ],
  "R": [
    [
      0.9987595690627089,
      -0.014109944846109009,
      -0.04775178176897586
    ],
    [
      0.01422336069879387,
      0.9998967697432266,
      0.00203614034220204
    ],
    [
      0.047718122512354355,
      -0.0027128054668393163,
      0.9988571576909254
    ]
  ],
  "t": [
    0.9851606571527147,
    0.027447555458432953,
    0.16942582830780958
  ]
}