{
  "image_1": "frame_039",
  "image_2": "frame_040",
  "num_matches": 2126,
  "inlier_count": 899,
  "inlier_ratio": 0.422859830667921,
  "reproj_rmse": 0.5781021114862142,
  "F": [
    [
      1.890039519674365e-06,
      -8.269690387097311e-07,
      0.019941631015055274
    ],
    [
      7.514088216442694e-07,
      -8.452400679555252e-07,
      0.013276306685830137
    ],
    [
      -0.02188725485201271,
      -0.012820370213015285,
      1.0
    ]
  ],
  "E": [
    [
      -0.04468967539012779,
      0.027956662567826886,
      -0.6411815606985306
    ],
    [
      -0.008157687741435556,
      0.01831145021362273,
      -0.2930111584908824
    ],
    [
      0.6432096055700205,
      0.2922837063086988,
      -0.02648974145433315
    ]
  ],
  "R": [
    [
      0.9975766752676003,
      -0.0009090341359709875,
      -0.06956975362167417
    ],
    [
      0.005248987720876563,
      0.9980483175563433,
      0.06222542849076127
    ],
    [
      0.06937741051629776,
      -0.062439806853419974,
      0.9956344938932965
    ]
  ],
  "t": [
    0.414988570262156,
    -0.9096622067690733,
    0.01729613042826187
  ]
}