{
  "image_1": "frame_114",
  "image_2": "frame_115",
  "num_matches": 2133,
  "inlier_count": 1107,
  "inlier_ratio": 0.5189873417721519,
  "reproj_rmse": 0.47023622857410147,
  "F": [
    [
      -1.876224035248674e-07,
      6.37193961294513e-06,
      -0.0013078926884061894
    ],
    [
      -5.5191850771692215e-06,
      2.635609911823215e-07,
      -0.02253722465727783
    ],
    [
      0.0006931450936042435,
      0.02146554883630971,
      1.0
    ]
  ],
  "E": [
    [
      0.002450118979601409,
      -0.20323370239031607,
      0.09281817901907106
    ],
    [
      0.22184196383313093,
      0.019424562355052764,
      -0.6640850665115565
    ],
    [
      -0.11500697517011473,
      0.6679353773716207,
      0.010508377004130275
    ]
  ],
  "R": [
    [
      0.9991581212378573,
      0.026390640349335942,
      0.03140991668862453
    ],
    [
      -0.027032937911023208,
      0.999430368905467,
      0.02020292002115503
    ],
    [
      -0.03085885662711646,
      -0.021035013939489262,
      0.9993023862456412
    ]
  ],
  "t": [
    0.9487621880885574,
    0.1371120264332465,
    0.28469387534820945
  ]
}