{
  "image_1": "frame_110",
  "image_2": "frame_111",
  "num_matches": 2478,
  "inlier_count": 1233,
  "inlier_ratio": 0.4975786924939467,
  "reproj_rmse": 0.6236109288459638,
  "F": [
    [
      -2.064870900092498e-07,
      -1.84565619636813e-05,
      0.007929587718617402
    ],
    [
      1.9679674292824717e-05,
      3.2775642525595474e-07,
      0.026362020676939327
    ],
    [
      -0.008234085197437187,
      -0.027188836622136656,
      1.0
    ]
  ],
  "E": [
    [
      -0.005171097225914085,
      -0.17703043716547637,
      -0.08586244553850844
    ],
    [
      0.1581210203127247,
      -0.017406289132821457,
      -0.6831174461872545
    ],
    [
      0.10100009362016918,
      0.6773627690996665,
      -0.016885004929431735
    ]
  ],
  "R": [
    [
      0.9995472756876296,
      -0.01723606337921084,
      -0.02466093641014777
    ],
    [
      0.016704407712383643,
      0.9996270324590575,
      -0.021604599974920344
    ],
    [
      0.025024116935787794,
      0.02118287271088859,
      0.9994623952282037
    ]
  ],
  "t": [
    0.9604802179291639,
    -0.12684887660906535,
    0.2477642296009733
  ]
}