{
  "image_1": "frame_100",
  "image_2": "frame_101",
  "num_matches": 2532,
  "inlier_count": 1359,
  "inlier_ratio": 0.5367298578199052,
  "reproj_rmse": 0.5070667484427775,
  "F": [
    [
      2.2307825352034274e-06,
      -0.0002586220888301596,
      0.10407666180924888
    ],
    [
      0.0002619731562604547,
      2.8043712657947016e-06,
      0.6624383733790606
    ],
    [
      -0.09908831186680629,
      -0.6620488088825488,
      1.0
    ]
  ],
  "E": [
    [
      6.085334623826352e-05,
      0.07205313595303427,
      0.0530108527877165
    ],
    [
      -0.0817047027905831,
      -0.00797588776436407,
      -0.7002654580034039
    ],
    [
      -0.060820649767162394,
      0.7008191099257629,
      -0.006374181613363182
    ]
  ],
  "R": [
    [
      0.9998430692803593,
      0.009942775605547918,
      -0.014662128948017605
    ],
    [
      -0.01009304980126309,
      0.9998969275210036,
      -0.010211007774267051
    ],
    [
      0.01455909192703303,
      0.010357390951133793,
      0.9998403659059508
    ]
  ],
  "t": [
    0.9919659181473112,
    0.0760133551906066,
    -0.10112164489775874
  ]
}