{
  "image_1": "frame_089",
  "image_2": "frame_090",
  "num_matches": 2193,
  "inlier_count": 944,
  "inlier_ratio": 0.43046055631554947,
  "reproj_rmse": 0.5324705160281237,
  "F": [
    [
      1.7508020854251153e-06,
      -9.998216533965705e-06,
      -0.01878001997834674
    ],
    [
      8.905601932417496e-06,
      8.792519518588451e-08,
      -0.004294031889340294
    ],
    [
      0.0175880923532615,
      0.005467621370723624,
      1.0
    ]
  ],
  "E": [
    [
      0.04131372820481653,
      -0.28146357544214884,
      -0.6303069068264594
    ],
    [
      0.2670740586699332,
      -0.001186182697793997,
      -0.1321255787857592
    ],
    [
      0.6380794589597134,
      0.15755284134746417,
      0.0320813433591253
    ]
  ],
  "R": [
    [
      0.998168956227513,
      0.015700789817220923,
      0.05841421079491109
    ],
    [
      -0.013585621962489136,
      0.999243769354065,
      -0.03643240704335238
    ],
    [
      -0.05894205374407298,
      0.03557210432622232,
      0.9976274152679624
    ]
  ],
  "t": [
    0.20873253109183507,
    -0.9068769173230781,
    0.3660669164109034
  ]
}