{
  "image_1": "frame_073",
  "image_2": "frame_074",
  "num_matches": 2640,
  "inlier_count": 1231,
  "inlier_ratio": 0.4662878787878788,
  "reproj_rmse": 0.548740934924994,
  "F": [
    [
      5.088463635638462e-06,
      0.0005591837898555204,
      -0.16807599648748214
    ],
    [
      -0.0005386463689742957,
      -1.4624722642376175e-05,
      -0.21279207713385725
    ],
    [
      0.15879308930513508,
      0.20721164690688326,
      1.0
    ]
  ],
  "E": [
    [
      -0.0009662066933487045,
      -0.023872553659196855,
      0.025319616276326375
    ],
    [
      0.044833834199002755,
      -0.0027636550231695204,
      -0.7052266889984001
    ],
    [
      -0.01876551650578078,
      0.7064445596680657,
      -0.00310335463350305
    ]
  ],
  "R": [
    [
      0.9995208223796412,
      -0.0090629891876054,
      0.02959709202794821
    ],
    [
      0.009165684041709539,
      0.9999524297534956,
      -0.003335935570037571
    ],
    [
      -0.029565450538984038,
      0.0036056146584509505,
      0.9995563434231015
    ]
  ],
  "t": [
    -0.998787349397292,
    -0.035710128711342604,
    -0.03389125833236527
  ]
}