{
  "image_1": "frame_118",
  "image_2": "frame_119",
  "num_matches": 2549,
  "inlier_count": 1273,
  "inlier_ratio": 0.4994115339348764,
  "reproj_rmse": 0.7382599046048194,
  "F": [
    [
      8.835902035978674e-07,
      -1.9476487652598753e-08,
      0.018048718610165708
    ],
    [
      4.924821265963179e-06,
      -1.5915814820909896e-06,
      0.1067026895035595
    ],
    [
      -0.02172622254756519,
      -0.10756161033342546,
      1.0
    ]
  ],
  "E": [
    [
      0.0016851096987561024,
      -0.1282767802463131,
      0.06537766446808262
    ],
    [
      0.09381069709105679,
      0.001630917090328431,
      -0.6977430324210997
    ],
    [
      -0.057466628846096955,
      0.6930232357252164,
      0.005993687195693678
    ]
  ],
  "R": [
    [
      0.9987184829607335,
      -0.011945564451410873,
      -0.04918023264024243
    ],
    [
      0.012155485278892694,
      0.9999182322723866,
      0.003971516952052669
    ],
    [
      0.04912876927265533,
      -0.004564236979277818,
      0.9987820241526932
    ]
  ],
  "t": [
    0.97904850650378,
    0.09329044890601369,
    0.18099976258446393
  ]
}