{
  "image_1": "frame_055",
  "image_2": "frame_056",
  "num_matches": 2581,
  "inlier_count": 1332,
  "inlier_ratio": 0.5160790391321194,
  "reproj_rmse": 0.5779102522847639,
  "F": [
    [
      6.718366421142228e-08,
      4.536541992129914e-06,
      -0.002719895827346302
    ],
    [
      -3.900170266865613e-06,
      -2.8529820291060985e-06,
      0.20515910495817835
    ],
    [
      -0.0007241062156255832,
      -0.2049626224525592,
      1.0
    ]
  ],
  "E": [
    [
      -0.002401816730534651,
      -0.1363359882363443,
      -0.013442710410387033
    ],
    [
      0.14940144426287613,
      0.0005034456393667437,
      -0.6910251553478601
    ],
    [
      0.02620330608188433,
      0.6933175958642175,
      0.0036483984700560225
    ]
  ],
  "R": [
    [
      0.9996360404572942,
      -0.01945340775413678,
      0.018690948226711718
    ],
    [
      0.019364704979603145,
      0.999800405061058,
      0.0049151033353263636
    ],
    [
      -0.018782833117376163,
      -0.004551369738364914,
      0.9998132276648422
    ]
  ],
  "t": [
    -0.9810464037188396,
    0.018065971943586057,
    -0.19292893616061174
  ]
}