{
  "image_1": "frame_021",
  "image_2": "frame_022",
  "num_matches": 2535,
  "inlier_count": 1325,
  "inlier_ratio": 0.5226824457593688,
  "reproj_rmse": 0.5764983575246809,
  "F": [
    [
      -6.676986125405283e-09,
      -6.642598393481069e-06,
      -0.0004716626722459718
    ],
    [
      8.163466280728028e-06,
      1.705669335238159e-06,
      0.10691169297318581
    ],
    [
      0.0005573132117607638,
      -0.10875766247930145,
      1.0
    ]
  ],
  "E": [
    [
      -0.00045804222323894873,
      -0.12057938932490586,
      -0.056535864102705904
    ],
    [
      0.1112333889875578,
      -0.004726167072446558,
      -0.6959236343036088
    ],
    [
      0.055781064865535676,
      0.6945610270447422,
      -0.005713264157862914
    ]
  ],
  "R": [
    [
      0.9999146769299436,
      0.002236022146011027,
      -0.012870084111971047
    ],
    [
      -0.0023283480493859893,
      0.9999716334545065,
      -0.007163175391323516
    ],
    [
      0.01285370201333394,
      0.007192530242445311,
      0.9998915190425728
    ]
  ],
  "t": [
    0.9821039630689693,
    -0.08117994482410247,
    0.169945939294178
  ]
}