{
  "image_1": "frame_006",
  "image_2": "frame_007",
  "num_matches": 2647,
  "inlier_count": 1288,
  "inlier_ratio": 0.4865885908575746,
  "reproj_rmse": 0.4798840716215734,
  "F": [
    [
      -6.615045017246585e-08,
      2.1824026258461337e-05,
      0.0019305755497821021
    ],
    [
      -2.1041452748444398e-05,
      1.3066346063309109e-06,
      0.08572215889488109
    ],
    [
      -0.0018835101510552236,
      -0.08754408060645584,
      1.0
    ]
  ],
  "E": [
    [
      -0.0024080516636713644,
      0.29750838171090493,
      -0.09932143161927175
    ],
    [
      -0.30685913754332056,
      -0.006216056395661015,
      -0.6296069031525269
    ],
    [
      0.0945850595688495,
      0.6340539614269218,
      -0.006437054991729859
    ]
  ],
  "R": [
    [
      0.9999015931555918,
      0.003563485430386537,
      -0.013568551009485674
    ],
    [
      -0.0036733701257652407,
      0.9999605914809881,
      -0.008082192580696465
    ],
    [
      0.013539215517478498,
      0.008131239547556957,
      0.9998752785155715
    ]
  ],
  "t": [
    0.8962345868354356,
    -0.137069163940982,
    -0.42187155587505104
  ]
}