{
  "image_1": "frame_083",
  "image_2": "frame_084",
  "num_matches": 1845,
  "inlier_count": 955,
  "inlier_ratio": 0.5176151761517616,
  "reproj_rmse": 0.5055487678877584,
  "F": [
    [
      -5.083992097553345e-07,
      1.5512826052229762e-05,
      -0.008170951233486604
    ],
    [
      -1.545904204617579e-05,
      5.233006969627728e-07,
      -0.02928016614979374
    ],
    [
      0.007804744411006231,
      0.029365201464440698,
      1.0
    ]
  ],
  "E": [
    [
      -0.0032284919835736106,
      0.0783025128894429,
      -0.03979230395646407
    ],
    [
      -0.09317368993794599,
      0.01597261953387064,
      -0.699506472341314
    ],
    [
      0.02118842143980272,
      0.7023260170345157,
      0.01784142749484274
    ]
  ],
  "R": [
    [
      0.9993073918633862,
      0.030045217427871068,
      -0.021954987517841987
    ],
    [
      -0.02945477090234288,
      0.9992083970831833,
      0.02673940293921417
    ],
    [
      0.022740999060883407,
      -0.026074203883668472,
      0.99940131221324
    ]
  ],
  "t": [
    -0.9922447942508141,
    0.05923232075654703,
    0.10927854528658927
  ]
}