{
  "image_1": "frame_105",
  "image_2": "frame_106",
  "num_matches": 2594,
  "inlier_count": 1351,
  "inlier_ratio": 0.5208172706245181,
  "reproj_rmse": 0.5590225770300955,
  "F": [
    [
      -1.8764778180373977e-08,
      -2.515572656726633e-05,
      0.013094915732412846
    ],
    [
      3.186593199544429e-05,
      -3.064891178276387e-06,
      0.11146094470004785
    ],
    [
      -0.016911241197337182,
      -0.11335976866164099,
      1.0
    ]
  ],
  "E": [
    [
      -0.0059414748564389636,
      -0.15857635991731614,
      -0.10129826960050548
    ],
    [
      0.13451334310428822,
      0.005732186221143412,
      -0.6869891317987528
    ],
    [
      0.10920324930941414,
      0.6800997043323751,
      0.003895560750323228
    ]
  ],
  "R": [
    [
      0.9992193610147944,
      -0.013789783438008713,
      -0.0370204058043489
    ],
    [
      0.014210482734429847,
      0.9998371350460413,
      0.011124997230481978
    ],
    [
      0.036860965175105204,
      -0.011642390461438168,
      0.9992525826790256
    ]
  ],
  "t": [
    0.9639054907280561,
    -0.14084910619830035,
    0.22593745645077315
  ]
}