{
  "image_1": "frame_113",
  "image_2": "frame_114",
  "num_matches": 2328,
  "inlier_count": 1225,
  "inlier_ratio": 0.5262027491408935,
  "reproj_rmse": 0.46264406938962505,
  "F": [
    [
      -1.566434321329597e-06,
      9.022498817951822e-05,
      -0.03328733934005525
    ],
    [
      -9.379362927034011e-05,
      3.290309750269568e-06,
      0.38635920004255103
    ],
    [
      0.041221004371100135,
      -0.3889913470529821,
      1.0
    ]
  ],
  "E": [
    [
      0.002007634802756998,
      -0.09969077854112295,
      -0.0018352830322890224
    ],
    [
      0.11049316889587907,
      -0.00563075413343777,
      -0.6983916189751948
    ],
    [
      -0.010829189879061273,
      0.6999180606249692,
      -0.007777380699306333
    ]
  ],
  "R": [
    [
      0.999686371169512,
      0.019851239347542043,
      0.015267206499532893
    ],
    [
      -0.019681727502190827,
      0.9997438499719818,
      -0.011174258173547964
    ],
    [
      -0.01548511867769456,
      0.010870268605981979,
      0.9998210081609464
    ]
  ],
  "t": [
    0.9900043937403056,
    -0.0041715178153401795,
    0.14097481624037125
  ]
}