{
  "image_1": "frame_045",
  "image_2": "frame_046",
  "num_matches": 2252,
  "inlier_count": 1174,
  "inlier_ratio": 0.5213143872113677,
  "reproj_rmse": 0.5807879152146707,
  "F": [
    [
      8.21915660434282e-07,
      3.655835180458496e-05,
      -0.01942819078398174
    ],
    [
      -4.052802500765873e-05,
      -4.057824308123794e-07,
      0.05711858970066277
    ],
    [
      0.019516700366388504,
      -0.05683308645241778,
      0.9999999999999999
    ]
  ],
  "E": [
    [
      -0.002708350399972144,
      -0.3176392810627659,
      0.04797284238303554
    ],
    [
      0.3635719622398795,
      -0.004121694384257672,
      -0.6047515631108626
    ],
    [
      -0.04670128407558236,
      0.6297766452372012,
      -0.008420947726653798
    ]
  ],
  "R": [
    [
      0.99727789342467,
      0.0026257480509053605,
      0.07368791443395178
    ],
    [
      -0.0020386881828023395,
      0.9999655930396543,
      -0.008040925776675131
    ],
    [
      -0.07370649250198741,
      0.00786881083937499,
      0.9972489332052599
    ]
  ],
  "t": [
    -0.8908384346869356,
    -0.06440476416235122,
    -0.4497320420402824
  ]
}