{
  "image_1": "frame_066",
  "image_2": "frame_067",
  "num_matches": 2578,
  "inlier_count": 1347,
  "inlier_ratio": 0.5224980605120249,
  "reproj_rmse": 0.49452033475842244,
  "F": [
    [
      -1.4365544642681047e-06,
      4.317057606543175e-05,
      0.016393174494347806
    ],
    [
      -3.777001700467229e-05,
      -5.250929314766953e-06,
      -0.09244111531769438
    ],
    [
      -0.01726125478765867,
      0.09180902397697566,
      1.0
    ]
  ],
  "E": [
    [
      -0.0034822818900527653,
      -0.027900331454190668,
      0.1024896966586714
    ],
    [
      0.05230244187576749,
      0.00621047917279845,
      -0.6976112287604711
    ],
    [
      -0.10885066767385607,
      0.6981526716302231,
      0.0020358213373722982
    ]
  ],
  "R": [
    [
      0.9993064116177982,
      0.008476369710186754,
      0.036260817090847546
    ],
    [
      -0.008780761981098617,
      0.9999274686526571,
      0.008243521876015965
    ],
    [
      -0.03618831190579308,
      -0.008556201869129258,
      0.9993083595622443
    ]
  ],
  "t": [
    -0.9886407914873816,
    -0.14535788956634368,
    -0.038216087555143954
  ]
}