{
  "image_1": "frame_093",
  "image_2": "frame_094",
  "num_matches": 2015,
  "inlier_count": 948,
  "inlier_ratio": 0.4704714640198511,
  "reproj_rmse": 0.4862982790620276,
  "F": [
    [
      9.735210328990595e-07,
      5.344225961486195e-05,
      -0.009717622722673633
    ],
    [
      -5.2590423753454685e-05,
      1.4491411512020094e-06,
      0.08447521270692875
    ],
    [
      0.007475361671843799,
      -0.08550319982712042,
      1.0
    ]
  ],
  "E": [
    [
      -0.0021150506495154786,
      0.14354953200143186,
      -0.15903215316527378
    ],
    [
      -0.16297737728611136,
      0.0060762783233685985,
      -0.6692403667219475
    ],
    [
      0.17237272268175133,
      0.670746592948979,
      -0.0018083389350982133
    ]
  ],
  "R": [
    [
      0.9993678074028058,
      -0.01874385810678636,
      -0.030210152435586418
    ],
    [
      0.018887549569786666,
      0.9998115860308436,
      0.00447804753632243
    ],
    [
      0.030120524533241294,
      -0.00504581229945663,
      0.9995335380966869
    ]
  ],
  "t": [
    0.952993003838472,
    -0.22591496136622155,
    -0.2019078127904537
  ]
}