{
  "image_1": "frame_098",
  "image_2": "frame_099",
  "num_matches": 2630,
  "inlier_count": 1508,
  "inlier_ratio": 0.5733840304182509,
  "reproj_rmse": 0.595373447385628,
  "F": [
    [
      6.909953015481353e-21,
      3.5915004279253385e-18,
      -1.3042052850212125e-15
    ],
    [
      -3.671907153923667e-18,
      2.9482466199387104e-19,
      0.06666666666666654
    ],
    [
      1.2566564690099482e-15,
      -0.06666666666666661,
      0.9999999999999999
    ]
  ],
  "E": [
    [
      -0.0022511860645516245,
      0.14132577731214577,
      -0.06332308967726463
    ],
    [
      -0.16406086438593984,
      -0.009383639147324044,
      -0.6849933362052495
    ],
    [
      0.06003148112301639,
      0.6899753004332457,
      -0.011070621304524148
    ]
  ],
  "R": [
    [
      0.9994903157894535,
      0.001635945863749197,
      -0.0318815357884355
    ],
    [
      -0.0020578374773525115,
      0.9999106954755624,
      -0.013204786196444163
    ],
    [
      0.03185708630768369,
      0.01326366294459718,
      0.9994044232928315
    ]
  ],
  "t": [
    0.9757173188399839,
    -0.0869495192366099,
    -0.20103605353327927
  ]
}