{
  "image_1": "frame_065",
  "image_2": "frame_066",
  "num_matches": 2536,
  "inlier_count": 1346,
  "inlier_ratio": 0.5307570977917981,
  "reproj_rmse": 0.4513727836768568,
  "F": [
    [
      -9.436451888164715e-07,
      6.293178117496969e-06,
      0.019019438225085217
    ],
    [
      -2.4465249181506496e-06,
      1.7419699123203355e-06,
      -0.08956936632094564
    ],
    [
      -0.01908646430214804,
      0.08702336508629342,
      1.0
    ]
  ],
  "E": [
    [
      -0.0036184911783088375,
      -0.12907443744095864,
      0.11656976997539294
    ],
    [
      0.14765754358422237,
      0.009484606938768042,
      -0.6812351053380823
    ],
    [
      -0.11777832855145329,
      0.6854592952157387,
      0.00616669146688574
    ]
  ],
  "R": [
    [
      0.999561152582866,
      -0.0012945635679118828,
      0.029594363523830963
    ],
    [
      0.0008772010863878632,
      0.9999000443924793,
      0.014111404684575127
    ],
    [
      -0.029609673511642454,
      -0.014079251723243268,
      0.999462376433174
    ]
  ],
  "t": [
    -0.9692658921563024,
    -0.16748745212046295,
    -0.18019873385970994
  ]
}