{
  "image_1": "frame_060",
  "image_2": "frame_061",
  "num_matches": 2448,
  "inlier_count": 1253,
  "inlier_ratio": 0.5118464052287581,
  "reproj_rmse": 0.5384522474051338,
  "F": [
    [
      -1.7446525186628468e-06,
      0.0004602577924627515,
      -0.2385240926687183
    ],
    [
      -0.00047409710061489644,
      -1.102279094695216e-06,
      0.7517861162389746
    ],
    [
      0.24477738267167487,
      -0.7417322625061189,
      1.0
    ]
  ],
  "E": [
    [
      0.0029182691246559603,
      0.15553569723961458,
      -0.15372547098432063
    ],
    [
      -0.17335600881583257,
      0.0016038503880438856,
      0.6682017189096418
    ],
    [
      0.15745603032869024,
      -0.6714039104262627,
      0.006677009449112819
    ]
  ],
  "R": [
    [
      0.9996489938360601,
      0.006602543642543479,
      0.025657270704450064
    ],
    [
      -0.006499783096199002,
      0.9999705263979841,
      -0.004086459964483161
    ],
    [
      -0.025683495522523275,
      0.003918258897426509,
      0.9996624456810195
    ]
  ],
  "t": [
    -0.9509664664541563,
    -0.21657139569938202,
    -0.22081578350407388
  ]
}