{
  "image_1": "frame_007",
  "image_2": "frame_008",
  "num_matches": 2500,
  "inlier_count": 1294,
  "inlier_ratio": 0.5176,
  "reproj_rmse": 0.5723756443428707,
  "F": [
    [
      1.2830721732763e-07,
      -2.670963413291601e-06,
      0.0060200260268920705
    ],
    [
      4.934522233012294e-06,
      -1.5462415837458115e-06,
      0.11702722454082003
    ],
    [
      -0.005700978735425812,
      -0.11857313377673115,
      1.0
    ]
  ],
  "E": [
    [
      -0.004966067537177923,
      0.36878725359062076,
      -0.06263087354504582
    ],
    [
      -0.3804304757876571,
      -0.007120911861484514,
      -0.5929101672665367
    ],
    [
      0.05444003972468889,
      0.6006207388297453,
      -0.0043775406197959004
    ]
  ],
  "R": [
    [
      0.9997671053464154,
      0.010236211241856294,
      -0.018998816980581257
    ],
    [
      -0.010340038887757856,
      0.9999320953252391,
      -0.005374786905221543
    ],
    [
      0.01894250941795178,
      0.005569983652487696,
      0.9998050593085943
    ]
  ],
  "t": [
    0.8485855023635709,
    -0.08578421820922488,
    -0.5220571933079727
  ]
}