{
  "image_1": "frame_034",
  "image_2": "frame_035",
  "num_matches": 2478,
  "inlier_count": 1239,
  "inlier_ratio": 0.5,
  "reproj_rmse": 0.5075089674436899,
  "F": [
    [
      5.652672011305601e-07,
      0.00012461729124310707,
      -0.056000434425563614
    ],
    [
      -0.00012238735232950577,
      2.244883782754145e-06,
      0.1320400324058289
    ],
    [
      0.0539707025583525,
      -0.13425029535760988,
      1.0
    ]
  ],
  "E": [
    [
      0.0002669876677233163,
      -0.34126866299979647,
      0.10652645464934207
    ],
    [
      0.33083901593504916,
      -0.0029673806553411797,
      -0.615918214129417
    ],
    [
      -0.10291470197839181,
      0.610555183931605,
      0.000409894505012921
    ]
  ],
  "R": [
    [
      0.9998379125066162,
      -0.004647297702810332,
      -0.017394002945659015
    ],
    [
      0.004607228425925841,
      0.9999866418332762,
      -0.002342989807492604
    ],
    [
      0.017404659164817482,
      0.002262471893337309,
      0.9998459676671642
    ]
  ],
  "t": [
    0.8627719777922306,
    0.14954259387079896,
    0.4829715591573442
  ]
}