{
  "image_1": "frame_052",
  "image_2": "frame_053",
  "num_matches": 2592,
  "inlier_count": 1350,
  "inlier_ratio": 0.5208333333333334,
  "reproj_rmse": 0.4926773177289101,
  "F": [
    [
      7.905016266074498e-09,
      -3.076695636846976e-05,
      0.01105356360377277
    ],
    [
      3.431260640214624e-05,
      -9.22688729436655e-07,
      -0.09172322446782459
    ],
    [
      -0.012570235320219472,
      0.0909108666334089,
      1.0
    ]
  ],
  "E": [
    [
      0.0019974396120878424,
      -0.10893688850832305,
      -0.03723684389600595
    ],
    [
      0.13684646287189628,
      0.004144534073248025,
      -0.6927536166221574
    ],
    [
      0.03327505668715903,
      0.697824197429915,
      0.004963586529367373
    ]
  ],
  "R": [
    [
      0.9991935965107461,
      0.004690268043271217,
      0.039876786199521175
    ],
    [
      -0.004894112148229893,
      0.9999754445749872,
      0.005015766475513746
    ],
    [
      -0.039852281718875476,
      -0.005206883207698024,
      0.9991920155851229
    ]
  ],
  "t": [
    -0.986653112308255,
    0.051928702925952856,
    -0.15433420160438155
  ]
}