{
  "image_1": "frame_080",
  "image_2": "frame_081",
  "num_matches": 2343,
  "inlier_count": 1180,
  "inlier_ratio": 0.5036278275714895,
  "reproj_rmse": 0.4158393521593187,
  "F": [
    [
      -1.9038613859215527e-07,
      4.504656818104575e-05,
      -0.012894484355716218
    ],
    [
      -4.27122804736401e-05,
      2.2428817926461142e-07,
      -0.04271017642957119
    ],
    [
      0.012403655475287847,
      0.040367192647024035,
      1.0
    ]
  ],
  "E": [
    [
      -0.0018994413596937457,
      0.4070551613762147,
      0.03934845989645646
    ],
    [
      -0.39385240756216705,
      0.0032761726681665134,
      -0.5861284589277178
    ],
    [
      -0.037858616111916946,
      0.5767429480491838,
      0.003385390680578492
    ]
  ],
  "R": [
    [
      0.9997278779527541,
      0.0024222441289547814,
      0.023201352923112428
    ],
    [
      -0.0025929821594215044,
      0.9999697607540021,
      0.007331713381227248
    ],
    [
      -0.023182892132001143,
      -0.007389878954576344,
      0.999703927771334
    ]
  ],
  "t": [
    -0.8157869653571136,
    -0.051438844954875086,
    0.5760604763244392
  ]
}