{
  "image_1": "frame_008",
  "image_2": "frame_009",
  "num_matches": 2938,
  "inlier_count": 1459,
  "inlier_ratio": 0.49659632402995235,
  "reproj_rmse": 0.4746803927180611,
  "F": [
    [
      5.534413145962383e-07,
      -3.583599694340373e-05,
      0.03354174959974686
    ],
    [
      3.862410732864987e-05,
      -6.887835545794618e-07,
      0.20758128689879615
    ],
    [
      -0.03332872989545467,
      -0.2105155554363035,
      1.0
    ]
  ],
  "E": [
    [
      -0.002692115822316978,
      0.23810084480964241,
      -0.04290997500664418
    ],
    [
      -0.24936884522376773,
      -0.004172338761437701,
      -0.6603183348962437
    ],
    [
      0.036619890036730045,
      0.6647465561819744,
      -0.0028180094113654137
    ]
  ],
  "R": [
    [
      0.9998242347119172,
      0.008272557403652452,
      -0.016824520104076313
    ],
    [
      -0.008327088626094943,
      0.9999602928025946,
      -0.0031737065337520028
    ],
    [
      0.016797597380052376,
      0.0033132479763067595,
      0.9998534208123234
    ]
  ],
  "t": [
    0.9396376687405847,
    -0.059623270988458266,
    -0.3369363694236581
  ]
}