{
  "image_1": "frame_062",
  "image_2": "frame_063",
  "num_matches": 2615,
  "inlier_count": 1330,
  "inlier_ratio": 0.5086042065009561,
  "reproj_rmse": 0.3214506961302308,
  "F": [
    [
      -1.7340700567430292e-07,
      1.6505637788930056e-05,
      0.00735883503292582
    ],
    [
      -1.6265173483158212e-05,
      -2.0978908168138015e-07,
      -0.0444441420867938
    ],
    [
      -0.007355825699383874,
      0.04437395174127967,
      1.0
    ]
  ],
  "E": [
    [
      -0.00020093032121633482,
      -0.12459954914213267,
      0.08974481471830639
    ],
    [
      0.12941154157479048,
      0.015695981613299374,
      -0.6888125623582081
    ],
    [
      -0.09641968671395176,
      0.6895434065603431,
      0.014051964305810445
    ]
  ],
  "R": [
    [
      0.9999347313985942,
      0.005571723889385025,
      0.009974409041221571
    ],
    [
      -0.005787081989164222,
      0.9997479079375445,
      0.021694014302419115
    ],
    [
      -0.009851021514129088,
      -0.021750321087362866,
      0.9997148998128041
    ]
  ],
  "t": [
    -0.9761360358185329,
    -0.1307175811124716,
    -0.17341093842253458
  ]
}