{
  "image_1": "frame_104",
  "image_2": "frame_105",
  "num_matches": 2621,
  "inlier_count": 1315,
  "inlier_ratio": 0.5017169019458222,
  "reproj_rmse": 0.6746760605318673,
  "F": [
    [
      1.0348065147223376e-06,
      7.6618001986257e-05,
      -0.009788310314025689
    ],
    [
      -7.436912260502331e-05,
      2.234061072753118e-06,
      0.14866396684388752
    ],
    [
      0.00707726262451978,
      -0.15061146421977034,
      1.0
    ]
  ],
  "E": [
    [
      -0.0039007554835359163,
      0.07794330405302365,
      -0.09545925242503076
    ],
    [
      -0.10894538182627399,
      0.0075291826965787016,
      -0.6919513733755215
    ],
    [
      0.10103916478898681,
      0.6956005403726326,
      0.002375724907011675
    ]
  ],
  "R": [
    [
      0.9989158231918169,
      -0.0064695954283919,
      -0.04610122028761954
    ],
    [
      0.0069279501693623735,
      0.9999280817988466,
      0.009789521772272786
    ],
    [
      0.04603457052548143,
      -0.010098295156703536,
      0.9988888039974532
    ]
  ],
  "t": [
    0.984679802358534,
    -0.13621682769881077,
    -0.10886074902751006
  ]
}