{
  "image_1": "frame_009",
  "image_2": "frame_010",
  "num_matches": 2583,
  "inlier_count": 1352,
  "inlier_ratio": 0.5234223770809137,
  "reproj_rmse": 0.6268105024597564,
  "F": [
    [
      2.3035806004016777e-07,
      2.2293073193104164e-06,
      0.003951352680203165
    ],
    [
      1.2741934338468072e-06,
      -1.9889878081093794e-07,
      0.074571484014193
    ],
    [
      -0.0055760891698083915,
      -0.07693534347744785,
      1.0
    ]
  ],
  "E": [
    [
      -0.002684847887179983,
      -0.2910911936438019,
      -0.02514908784394551
    ],
    [
      0.30818515788957174,
      -0.0015696250440379094,
      0.6359038398134479
    ],
    [
      0.020965575173430177,
      -0.6440748510845461,
      -0.00011856579418123263
    ]
  ],
  "R": [
    [
      0.9996188015854293,
      -0.006910506743063441,
      -0.02673006572127673
    ],
    [
      0.006889691237510705,
      0.9999758866836566,
      -0.0008707501858022364
    ],
    [
      0.02673543849577681,
      0.0006862563576320469,
      0.9996423087187987
    ]
  ],
  "t": [
    0.9106330017690624,
    0.03593748027659917,
    -0.4116503778699053
  ]
}