{
  "image_1": "frame_038",
  "image_2": "frame_039",
  "num_matches": 2627,
  "inlier_count": 1129,
  "inlier_ratio": 0.42976779596497905,
  "reproj_rmse": 0.7094611863194661,
  "F": [
    [
      2.5586518016160087e-06,
      4.271301077653183e-05,
      0.05646549704569925
    ],
    [
      -4.3255201215414216e-05,
      -1.501463076091174e-06,
      0.06825045350024804
    ],
    [
      -0.05846841012266447,
      -0.06631856144570888,
      1.0
    ]
  ],
  "E": [
    [
      -0.006804357700314784,
      0.3813681843043464,
      -0.2068275460907851
    ],
    [
      -0.3942228540831931,
      0.0034661935926617337,
      -0.5480798595745096
    ],
    [
      0.20830207631958664,
      0.5590428466964112,
      -0.0007140045825944136
    ]
  ],
  "R": [
    [
      0.9996443111338027,
      0.003496925468481654,
      -0.02643903799485514
    ],
    [
      -0.003268579124194898,
      0.9999570294522753,
      0.008675000835192848
    ],
    [
      0.02646823772627066,
      -0.00858549714632803,
      0.9996127858478083
    ]
  ],
  "t": [
    0.789600373473514,
    -0.2972702284093244,
    -0.5368069126901736
  ]
}