{
  "image_1": "frame_067",
  "image_2": "frame_068",
  "num_matches": 2617,
  "inlier_count": 1411,
  "inlier_ratio": 0.5391669850974398,
  "reproj_rmse": 0.6133584537098061,
  "F": [
    [
      -9.678108123070214e-08,
      -2.2053862830448508e-05,
      0.016350829946462288
    ],
    [
      2.5467130867117082e-05,
      1.0787468987220452e-06,
      -0.07085378858083367
    ],
    [
      -0.01848092617742094,
      0.068344951762232,
      0.9999999999999999
    ]
  ],
  "E": [
    [
      -0.002053209809501629,
      0.0610816581282704,
      0.05325904447318877
    ],
    [
      -0.05275856735790821,
      -0.004071335936590885,
      -0.7030909368030511
    ],
    [
      -0.07003899839488634,
      0.7009808128005081,
      -0.0034381274558910433
    ]
  ],
  "R": [
    [
      0.9996556110187249,
      0.023604681128202132,
      0.011466402557704397
    ],
    [
      -0.023559944673592112,
      0.9997143391654926,
      -0.004021078696041509
    ],
    [
      -0.011558043335992155,
      0.003749546070980953,
      0.9999261735440795
    ]
  ],
  "t": [
    0.9934065527784504,
    0.07567155845415902,
    -0.08612337741841344
  ]
}