{
  "image_1": "frame_046",
  "image_2": "frame_047",
  "num_matches": 2574,
  "inlier_count": 1305,
  "inlier_ratio": 0.506993006993007,
  "reproj_rmse": 0.4418680950861001,
  "F": [
    [
      -6.738407145464803e-08,
      1.6054007829564637e-06,
      0.0017255226303893895
    ],
    [
      -8.366894695072697e-06,
      3.947217870687463e-06,
      0.16827199870207987
    ],
    [
      -0.0020411263879444,
      -0.16922519235628683,
      1.0
    ]
  ],
  "E": [
    [
      -0.006329824164147368,
      -0.39286492808087436,
      0.03258104697323179
    ],
    [
      0.41298435593850946,
      -0.004830631717309859,
      -0.5730008166383865
    ],
    [
      -0.025257851358475365,
      0.5873738044582452,
      -0.0005124921436430308
    ]
  ],
  "R": [
    [
      0.9993102109343611,
      -0.013222908998188173,
      0.03470240625588705
    ],
    [
      0.013193395694156826,
      0.9999123808387327,
      0.0010793310310453809
    ],
    [
      -0.034713637556159194,
      -0.0006207439430283776,
      0.9993971072824737
    ]
  ],
  "t": [
    -0.830127167352348,
    -0.046704408333095526,
    -0.5556146004793452
  ]
}