{
  "image_1": "frame_010",
  "image_2": "frame_011",
  "num_matches": 2558,
  "inlier_count": 1312,
  "inlier_ratio": 0.5129007036747459,
  "reproj_rmse": 0.5076629844591624,
  "F": [
    [
      -1.899913058918348e-07,
      -2.0450011769758107e-05,
      0.0077228080723528636
    ],
    [
      2.406118296028463e-05,
      -9.481061022038255e-07,
      0.04739835678226596
    ],
    [
      -0.0094771307642734,
      -0.04932110908952614,
      0.9999999999999999
    ]
  ],
  "E": [
    [
      0.003584247541304256,
      0.26092841975352365,
      -0.044181604214750196
    ],
    [
      -0.27552194517461576,
      0.00613323131074739,
      -0.6496546801050789
    ],
    [
      0.05623002907496443,
      0.654819393555047,
      0.000286803738738956
    ]
  ],
  "R": [
    [
      0.9995915204955789,
      -0.01755022391881174,
      -0.022556191915672374
    ],
    [
      0.01759921694287417,
      0.9998431704690482,
      0.0019753555120981467
    ],
    [
      0.02251798650711756,
      -0.002371519934786674,
      0.9997436252244192
    ]
  ],
  "t": [
    0.9273095478679201,
    -0.06322717482936219,
    -0.36891642250798634
  ]
}