{
  "image_1": "frame_016",
  "image_2": "frame_017",
  "num_matches": 2566,
  "inlier_count": 1368,
  "inlier_ratio": 0.5331254871395168,
  "reproj_rmse": 0.45960639046035645,
  "F": [
    [
      1.7352540214447768e-07,
      -3.2571582422829925e-05,
      0.01758645122464633
    ],
    [
      3.626426144001141e-05,
      -4.743040809950158e-07,
      0.06347313971145793
    ],
    [
      -0.019458926751118974,
      -0.06581391861086157,
      1.0
    ]
  ],
  "E": [
    [
      -0.002528861936665715,
      0.15959949218987549,
      -0.0798455960520072
    ],
    [
      -0.18701397917573154,
      0.005117346397059832,
      -0.6770929226199942
    ],
    [
      0.08422447536638142,
      0.6838102442301829,
      0.0009131664033000217
    ]
  ],
  "R": [
    [
      0.9991462812278621,
      -0.004702196009191292,
      -0.04104385534066157
    ],
    [
      0.004960243962026142,
      0.9999685545695802,
      0.006187556210781375
    ],
    [
      0.04101346959684357,
      -0.006385861313522374,
      0.9991381866823593
    ]
  ],
  "t": [
    0.9676221243245634,
    -0.11440942702241007,
    -0.2249842383946554
  ]
}