{
  "image_1": "frame_081",
  "image_2": "frame_082",
  "num_matches": 2075,
  "inlier_count": 1122,
  "inlier_ratio": 0.5407228915662651,
  "reproj_rmse": 0.6577342200876324,
  "F": [
    [
      -9.310692271457331e-08,
      4.222596178870711e-05,
      -0.014398238687480767
    ],
    [
      -3.9782444342257114e-05,
      4.925152010353065e-07,
      -0.05428006959277016
    ],
    [
      0.013730568986995678,
      0.052301237637579906,
      1.0
    ]
  ],
  "E": [
    [
      -0.0006571540370177303,
      -0.4616857793370946,
      0.0903597207621613
    ],
    [
      0.46358909159752126,
      0.003691380399092364,
      -0.5256213714601077
    ],
    [
      -0.0935479147873858,
      0.5279313786516285,
      0.003446588328815323
    ]
  ],
  "R": [
    [
      0.9999878736120666,
      -0.0004637997202461691,
      0.004902807220046601
    ],
    [
      0.000427512595295082,
      0.9999725300576818,
      0.007399754254002841
    ],
    [
      -0.004906104544167955,
      -0.007397568509873331,
      0.9999606022830816
    ]
  ],
  "t": [
    0.7465667155649873,
    0.13261750480351853,
    0.6519591525779788
  ]
}