{
  "image_1": "frame_043",
  "image_2": "frame_044",
  "num_matches": 2468,
  "inlier_count": 1250,
  "inlier_ratio": 0.506482982171799,
  "reproj_rmse": 0.5271548014239029,
  "F": [
    [
      1.0977634629017677e-06,
      5.9382318113765834e-05,
      -0.02365540046824228
    ],
    [
      -5.99595455612281e-05,
      4.444224308086399e-07,
      0.0939135716834895
    ],
    [
      0.02149529166082142,
      -0.09402013480295218,
      1.0
    ]
  ],
  "E": [
    [
      -0.005705857839549196,
      -0.2617428444493704,
      0.1349607849205976
    ],
    [
      0.268973716156608,
      -0.003571776379526349,
      -0.639801697582854
    ],
    [
      -0.12502199514653095,
      0.6449082640024785,
      -0.0008456068066126658
    ]
  ],
  "R": [
    [
      0.9998081594646993,
      -0.01589102015315272,
      0.011450753088879106
    ],
    [
      0.015879527831685808,
      0.9998733140114376,
      0.0010938572242390615
    ],
    [
      -0.01146668494609926,
      -0.0009118148257149794,
      0.999933839676441
    ]
  ],
  "t": [
    -0.9091135386499286,
    -0.1912807904435365,
    -0.3700327459167646
  ]
}