{
  "image_1": "frame_054",
  "image_2": "frame_055",
  "num_matches": 2470,
  "inlier_count": 1285,
  "inlier_ratio": 0.520242914979757,
  "reproj_rmse": 0.7198942365948672,
  "F": [
    [
      -1.5283493668512564e-06,
      -7.705958085918967e-06,
      0.040862926520496765
    ],
    [
      1.9846554002130286e-05,
      -2.9949028821265145e-06,
      -0.31825810866143794
    ],
    [
      -0.03966486771833532,
      0.3141738257512031,
      1.0
    ]
  ],
  "E": [
    [
      0.00028551660349283343,
      0.03300190075168216,
      0.006178357748022891
    ],
    [
      -0.03706505465820172,
      0.003665347099273024,
      -0.706099499785012
    ],
    [
      -0.0006502033953711288,
      0.7063262361135073,
      0.0034190193090347498
    ]
  ],
  "R": [
    [
      0.9999547878009739,
      -0.007574995992908148,
      -0.005748198815003068
    ],
    [
      0.007602577420177872,
      0.9999596194516825,
      0.0047916889106358685
    ],
    [
      0.00571166967528576,
      -0.004835173394360689,
      0.9999719985718435
    ]
  ],
  "t": [
    0.9988719847133392,
    0.008513912989391957,
    -0.046714788241452254
  ]
}