{
  "image_1": "frame_026",
  "image_2": "frame_027",
  "num_matches": 2554,
  "inlier_count": 1315,
  "inlier_ratio": 0.514878621769773,
  "reproj_rmse": 0.3594176456191755,
  "F": [
    [
      5.418804709543549e-07,
      5.705802355534085e-05,
      -0.016431188881576787
    ],
    [
      -5.2569224078072494e-05,
      4.315228144082264e-06,
      0.12328864827317237
    ],
    [
      0.013664650617019046,
      -0.12559634353114882,
      1.0
    ]
  ],
  "E": [
    [
      -0.001596782099278099,
      -0.35899632286242655,
      0.05812435208719433
    ],
    [
      0.33584819872517446,
      -0.005932674599765063,
      -0.6196359235544122
    ],
    [
      -0.05037520846764314,
      0.6069802783044732,
      -0.000208086311240441
    ]
  ],
  "R": [
    [
      0.9992201255902429,
      -0.010602736547998523,
      -0.03803580672357809
    ],
    [
      0.010461762106282912,
      0.9999376552180121,
      -0.0039034869969714753
    ],
    [
      0.03807482303374776,
      0.0035025212058911737,
      0.9992687527367956
    ]
  ],
  "t": [
    0.857602064074684,
    0.08027593694932238,
    0.5080103085979165
  ]
}