{
  "image_1": "frame_091",
  "image_2": "frame_092",
  "num_matches": 2327,
  "inlier_count": 1062,
  "inlier_ratio": 0.45638160721959603,
  "reproj_rmse": 0.4627039179428036,
  "F": [
    [
      9.418595063420377e-07,
      3.297937290335714e-05,
      -0.014990885292494436
    ],
    [
      -3.298657175490714e-05,
      1.6818234511425294e-06,
      0.04432648808664574
    ],
    [
      0.013186075627573858,
      -0.04571654608892139,
      1.0
    ]
  ],
  "E": [
    [
      -0.0016561097510883207,
      -0.023679423404305844,
      0.280725194027858
    ],
    [
      0.02679206282337905,
      -0.0028600819004701446,
      -0.6484674561023789
    ],
    [
      -0.261785856827021,
      0.6563937066819322,
      -0.0030558659573572994
    ]
  ],
  "R": [
    [
      0.999576591918098,
      -0.028890579909388037,
      0.003459954031307756
    ],
    [
      0.028901721211248566,
      0.999577089140313,
      -0.0032145570155635624
    ],
    [
      -0.0033656203628410555,
      0.003313194572960674,
      0.9999888476084595
    ]
  ],
  "t": [
    0.9172021670774154,
    0.3968978802596515,
    0.03481748632351632
  ]
}