{
  "image_1": "frame_004",
  "image_2": "frame_005",
  "num_matches": 2436,
  "inlier_count": 1285,
  "inlier_ratio": 0.527504105090312,
  "reproj_rmse": 0.6418552824541728,
  "F": [
    [
      -7.316943952634466e-09,
      -7.015668095060879e-06,
      0.0018177505021866464
    ],
    [
      7.307752268463378e-06,
      4.379138918142799e-07,
      0.10983145013041555
    ],
    [
      -0.001971052348234643,
      -0.1115622652701903,
      1.0
    ]
  ],
  "E": [
    [
      -0.003909330266017175,
      0.17913309312280512,
      -0.1544447733197283
    ],
    [
      -0.19646710371940118,
      0.0029363971077068568,
      -0.6612880790585024
    ],
    [
      0.15622704711903238,
      0.6661258717811348,
      -0.0015582024541561743
    ]
  ],
  "R": [
    [
      0.999633021444871,
      -0.0015040729460008284,
      -0.02704736958690368
    ],
    [
      0.0016117993304712308,
      0.9999908541967406,
      0.003961518117023624
    ],
    [
      0.027041163804757434,
      -0.0040036592570212165,
      0.9996263032616929
    ]
  ],
  "t": [
    0.942383005024332,
    -0.21950002835194565,
    -0.2524559553561859
  ]
}