{
  "image_1": "frame_032",
  "image_2": "frame_033",
  "num_matches": 2478,
  "inlier_count": 1243,
  "inlier_ratio": 0.5016142050040355,
  "reproj_rmse": 0.36983220497459984,
  "F": [
    [
      -3.098962893270044e-08,
      -3.402500547407161e-05,
      0.01192562181703929
    ],
    [
      3.399088869434971e-05,
      9.764138078650691e-08,
      -0.08618275598624177
    ],
    [
      -0.012098390219590971,
      0.08519250675282267,
      1.0
    ]
  ],
  "E": [
    [
      0.0005433047899376328,
      -0.4159088769747163,
      0.045748595951825274
    ],
    [
      0.4082888379234069,
      0.005302675184543845,
      -0.5751590329867022
    ],
    [
      -0.04952891683328756,
      0.5700019396210836,
      0.005953595916668067
    ]
  ],
  "R": [
    [
      0.9999215043454555,
      -7.196180215365139e-05,
      -0.012529164737542842
    ],
    [
      0.00018916344139421198,
      0.9999562383662308,
      0.009353372100483495
    ],
    [
      0.012527943355311488,
      -0.009355007961337737,
      0.9998777597593265
    ]
  ],
  "t": [
    0.8061346994665002,
    0.07020246771791651,
    0.5875529421612747
  ]
}