{
  "image_1": "frame_069",
  "image_2": "frame_070",
  "num_matches": 2953,
  "inlier_count": 1427,
  "inlier_ratio": 0.483237385709448,
  "reproj_rmse": 0.5551402476665801,
  "F": [
    [
      9.742664387963301e-07,
      -3.296936646664277e-05,
      0.014769991728700775
    ],
    [
      3.528196558512091e-05,
      1.2204992088562295e-06,
      -0.07546726589433554
    ],
    [
      -0.018259804317362432,
      0.07389146053084665,
      1.0
    ]
  ],
  "E": [
    [
      0.00037983078027772524,
      -0.058317985713052786,
      0.0329547038961566
    ],
    [
      0.09137009585331747,
      -0.002860990908949127,
      -0.7004190172726193
    ],
    [
      -0.05527056687181284,
      0.702467331388233,
      -0.007361323906909556
    ]
  ],
  "R": [
    [
      0.9983814960567075,
      0.03276895269784383,
      0.04648208332956692
    ],
    [
      -0.0324167438459629,
      0.9994398826265061,
      -0.008311181260271083
    ],
    [
      -0.04672839661271891,
      0.006790931791906302,
      0.9988845479810977
    ]
  ],
  "t": [
    -0.9955027431022649,
    -0.04596782695826374,
    -0.08283264670768874
  ]
}