{
  "image_1": "frame_121",
  "image_2": "frame_122",
  "num_matches": 2683,
  "inlier_count": 1335,
  "inlier_ratio": 0.4975773387998509,
  "reproj_rmse": 0.622529522551037,
  "F": [
    [
      3.750782939280958e-07,
      0.00011825942468525821,
      -0.02952278858239644
    ],
    [
      -0.00011180374535408417,
      7.955552730734713e-07,
      0.25596718930329687
    ],
    [
      0.02683452857846509,
      -0.25778850887146415,
      1.0
    ]
  ],
  "E": [
    [
      0.00024094280312586495,
      0.2390466222676031,
      -0.007602375867696132
    ],
    [
      -0.2513403045893968,
      0.0007095624948168401,
      -0.6608842834803198
    ],
    [
      0.008781893049914821,
      0.6654180798847488,
      0.0001648812154814027
    ]
  ],
  "R": [
    [
      0.999826788470389,
      -0.001597482377964518,
      -0.018542953029123288
    ],
    [
      0.0016063391176467101,
      0.9999986027679673,
      0.00046274912451177213
    ],
    [
      0.018542187886743444,
      -0.000492455241835419,
      0.9998279575788065
    ]
  ],
  "t": [
    0.9410620152956763,
    -0.01090969665830833,
    -0.33805807472454175
  ]
}