{
  "image_1": "frame_019",
  "image_2": "frame_020",
  "num_matches": 2800,
  "inlier_count": 1385,
  "inlier_ratio": 0.49464285714285716,
  "reproj_rmse": 0.6259091251638641,
  "F": [
    [
      1.4833729318759217e-07,
      5.1916009674273354e-05,
      -0.008594954673346767
    ],
    [
      -4.741483489880704e-05,
      6.924646203914611e-06,
      0.5050622992811945
    ],
    [
      0.006339156286466135,
      -0.508278144773628,
      1.0
    ]
  ],
  "E": [
    [
      0.0012738298414498518,
      0.021614110107993016,
      0.05540388501188015
    ],
    [
      -0.036727185806681724,
      -0.0017362369418394653,
      -0.7039678653637088
    ],
    [
      -0.05308614332308011,
      0.7047839284972158,
      -0.0006606706773482819
    ]
  ],
  "R": [
    [
      0.9997597500349176,
      -0.0034261933983817244,
      -0.021649559092889004
    ],
    [
      0.0033697703599177703,
      0.9999908318241254,
      -0.002642142201889584
    ],
    [
      0.021658413096093652,
      0.002568553384781369,
      0.999762129546658
    ]
  ],
  "t": [
    0.9964553348016809,
    0.07845181756020773,
    -0.030365738370245213
  ]
}