{
  "image_1": "frame_088",
  "image_2": "frame_089",
  "num_matches": 2239,
  "inlier_count": 968,
  "inlier_ratio": 0.4323358642251005,
  "reproj_rmse": 0.7412136108528798,
  "F": [
    [
      1.9663806316912415e-08,
      -2.8311180984441186e-05,
      0.14160548765338393
    ],
    [
      2.8245176542815785e-05,
      2.0114288539420775e-06,
      -0.01070280747420353
    ],
    [
      -0.14091771468381287,
      0.0004405518884291777,
      1.0
    ]
  ],
  "E": [
    [
      0.034718709260345426,
      -0.35877432003286486,
      -0.5931687142763679
    ],
    [
      0.3579578682996388,
      0.026356515466572618,
      -0.13043757869057118
    ],
    [
      0.5831967180882013,
      0.17949464687355396,
      0.006875416426735226
    ]
  ],
  "R": [
    [
      0.9970714077580938,
      0.0754057305592247,
      0.012750828605345502
    ],
    [
      -0.07534367968096856,
      0.9971436496140127,
      -0.005279390739354128
    ],
    [
      -0.013112504086745372,
      0.004303235210484535,
      0.9999047676670507
    ]
  ],
  "t": [
    0.19092655612026077,
    -0.8416145634198345,
    0.5052048859697403
  ]
}