{
  "image_1": "frame_068",
  "image_2": "frame_069",
  "num_matches": 2879,
  "inlier_count": 1420,
  "inlier_ratio": 0.493226814866273,
  "reproj_rmse": 0.7267546842459001,
  "F": [
    [
      2.432315605875171e-07,
      -7.17430782595601e-06,
      0.003285545649954646
    ],
    [
      9.09332173091242e-06,
      1.6174797135169994e-07,
      -0.04662793176510309
    ],
    [
      -0.005821034779113172,
      0.0455845476095506,
      1.0
    ]
  ],
  "E": [
    [
      -0.0036212475300932516,
      -0.013106348832748796,
      0.08614512735787073
    ],
    [
      0.04651243890367678,
      0.0006501502570520972,
      -0.7002869348926284
    ],
    [
      -0.11220419181415052,
      0.6980055644570934,
      -0.005192080115563357
    ]
  ],
  "R": [
    [
      0.9981689454040793,
      0.03728222750764777,
      0.04763183749317518
    ],
    [
      -0.03725085707224679,
      0.9993047494467268,
      -0.0015464089361082404
    ],
    [
      -0.047656375001580514,
      -0.0002307493936281992,
      0.9988637628207494
    ]
  ],
  "t": [
    -0.9923649804573882,
    -0.12193751802094908,
    -0.01851991524544312
  ]
}