{
  "image_1": "frame_012",
  "image_2": "frame_013",
  "num_matches": 2562,
  "inlier_count": 1379,
  "inlier_ratio": 0.5382513661202186,
  "reproj_rmse": 0.5207854959712411,
  "F": [
    [
      -3.2351020703320255e-07,
      -3.7785015560202234e-05,
      0.015692048876919194
    ],
    [
      4.10225572770586e-05,
      -1.7457859068404036e-06,
      0.06801618869480555
    ],
    [
      -0.017439470261340826,
      -0.06893489848227022,
      1.0
    ]
  ],
  "E": [
    [
      0.0016131984699006585,
      -0.011103481517658229,
      0.042398189971760265
    ],
    [
      0.03983234191652943,
      -0.001287305540108757,
      0.7047055961141914
    ],
    [
      -0.05005114044168758,
      -0.7052463184264981,
      0.000876156146068318
    ]
  ],
  "R": [
    [
      0.9991078518887992,
      -0.010769623649194558,
      -0.040835223773160456
    ],
    [
      0.010828241981537007,
      0.9999406352345189,
      0.001214570860900436
    ],
    [
      0.040819719128610495,
      -0.0016556609681851887,
      0.9991651561764049
    ]
  ],
  "t": [
    0.9980746502902499,
    -0.06002916270001416,
    -0.015604232551802088
  ]
}