{
  "image_1": "frame_070",
  "image_2": "frame_071",
  "num_matches": 2549,
  "inlier_count": 1246,
  "inlier_ratio": 0.48881914476265204,
  "reproj_rmse": 0.4150564570643768,
  "F": [
    [
      -1.971658911852926e-06,
      7.888304838603678e-05,
      -0.017372814170296114
    ],
    [
      -6.28067028259441e-05,
      -9.2752556787919e-06,
      -0.1954489138751784
    ],
    [
      0.009004554417973806,
      0.19171523179261668,
      1.0
    ]
  ],
  "E": [
    [
      -0.00075261384059018,
      0.011611175685317839,
      0.012298028723412359
    ],
    [
      0.018146076190859343,
      -0.01136462265021914,
      -0.706672000148193
    ],
    [
      -0.026729012471153835,
      0.7064029680562071,
      -0.012248622464337623
    ]
  ],
  "R": [
    [
      0.9989226276938721,
      0.020821303238992943,
      0.04147357246005597
    ],
    [
      -0.020147713088992263,
      0.9996593001884367,
      -0.01659377003722955
    ],
    [
      -0.04180494633955727,
      0.01574029473023704,
      0.9990017965866487
    ]
  ],
  "t": [
    -0.9997133315717358,
    -0.017677639969538327,
    0.016147932463565107
  ]
}