{
  "image_1": "frame_124",
  "image_2": "frame_125",
  "num_matches": 2776,
  "inlier_count": 1428,
  "inlier_ratio": 0.5144092219020173,
  "reproj_rmse": 0.4632182547728808,
  "F": [
    [
      1.6113318990414006e-07,
      3.261216876038604e-05,
      -0.02161504662872947
    ],
    [
      -3.208764400782706e-05,
      1.2444150708539735e-06,
      0.06208687640430537
    ],
    [
      0.020419042009712635,
      -0.06281727070909833,
      1.0
    ]
  ],
  "E": [
    [
      0.002384454129740921,
      -0.09210136821244404,
      0.17052610721772418
    ],
    [
      0.08070843922028706,
      -0.01090629319793525,
      -0.6817195483334276
    ],
    [
      -0.16155276609661007,
      0.6818473060862612,
      -0.006565979430679452
    ]
  ],
  "R": [
    [
      0.9997308976178153,
      -0.011460520775663202,
      -0.02016900621815687
    ],
    [
      0.011165625202726598,
      0.9998299927107948,
      -0.01467359839179324
    ],
    [
      0.020333744419306327,
      0.014444450127367347,
      0.999688899957586
    ]
  ],
  "t": [
    0.9616990164385264,
    0.239272472420245,
    0.13372989838878208
  ]
}