{
  "image_1": "frame_053",
  "image_2": "frame_054",
  "num_matches": 2733,
  "inlier_count": 1334,
  "inlier_ratio": 0.4881083058909623,
  "reproj_rmse": 0.40053511083425064,
  "F": [
    [
      -2.275031587117746e-06,
      -0.0002698943216501095,
      0.11910075069080824
    ],
    [
      0.0002823151868744677,
      -9.85382005866794e-08,
      -0.4550124734056337
    ],
    [
      -0.12005173503803497,
      0.45009967815698976,
      1.0
    ]
  ],
  "E": [
    [
      -0.002755350622615974,
      -0.1985945701633723,
      0.07178397562955309
    ],
    [
      0.21639986869612005,
      0.0020298723921115787,
      -0.669242863342933
    ],
    [
      -0.06992966946440574,
      0.675121868353913,
      0.000967521180248629
    ]
  ],
  "R": [
    [
      0.9996288710928891,
      -0.004136427031163084,
      0.026926010639751252
    ],
    [
      0.0040211691538168115,
      0.999982526284476,
      0.0043332810148211665
    ],
    [
      -0.026943464443024756,
      -0.004223398765554314,
      0.9996280371351508
    ]
  ],
  "t": [
    -0.954358072829879,
    -0.10277126360536468,
    -0.2804259905953726
  ]
}