{
  "image_1": "frame_072",
  "image_2": "frame_073",
  "num_matches": 2456,
  "inlier_count": 1201,
  "inlier_ratio": 0.48900651465798045,
  "reproj_rmse": 0.5637654797634486,
  "F": [
    [
      1.9117029763460545e-07,
      7.880901105436797e-06,
      -0.007005192239061437
    ],
    [
      -1.0676059404596433e-05,
      2.2086036118367466e-06,
      0.08007536887828019
    ],
    [
      0.007236663484599951,
      -0.08008322230332744,
      1.0
    ]
  ],
  "E": [
    [
      -0.00012604489916668554,
      0.11501052739436758,
      0.04249096027885099
    ],
    [
      -0.10717780550270445,
      -0.009769975818156789,
      -0.6974727041721503
    ],
    [
      -0.04213679947564991,
      0.6964410736759661,
      -0.010521147165361362
    ]
  ],
  "R": [
    [
      0.9999423906682302,
      -0.002738531623891094,
      0.010378621741319094
    ],
    [
      0.0028883718157092925,
      0.9998914214310464,
      -0.014450005427538291
    ],
    [
      -0.0103379230485941,
      0.014479150290907076,
      0.9998417282519743
    ]
  ],
  "t": [
    0.9848523554276892,
    0.062438650128421085,
    -0.16176295304757832
  ]
}