{
  "image_1": "frame_015",
  "image_2": "frame_016",
  "num_matches": 2687,
  "inlier_count": 1346,
  "inlier_ratio": 0.5009304056568664,
  "reproj_rmse": 0.5137387771903877,
  "F": [
    [
      2.1032330883047118e-07,
      -5.252695800121068e-05,
      0.026133700142923197
    ],
    [
      5.5394540502775334e-05,
      -1.1185816577346156e-06,
      0.06235124819231936
    ],
    [
      -0.027408718166014524,
      -0.06404454045024821,
      0.9999999999999999
    ]
  ],
  "E": [
    [
      -0.0018699828567507553,
      0.09224474613779705,
      -0.06539125851394395
    ],
    [
      -0.11565868599210131,
      0.001042020154267693,
      -0.6945000825121908
    ],
    [
      0.06803703649426318,
      0.6977617424081803,
      -0.0015886219716443185
    ]
  ],
  "R": [
    [
      0.9994247672417055,
      -0.00364167621795089,
      -0.03371754466426041
    ],
    [
      0.003673723981081109,
      0.9999928570687875,
      0.0008885738654020505
    ],
    [
      0.033714067923844654,
      -0.0010119316810234102,
      0.9994310069325945
    ]
  ],
  "t": [
    0.987128556251972,
    -0.09264575477741227,
    -0.1303609510306703
  ]
}