{
  "image_1": "frame_123",
  "image_2": "frame_124",
  "num_matches": 2937,
  "inlier_count": 1493,
  "inlier_ratio": 0.5083418454204971,
  "reproj_rmse": 0.9854469755231946,
  "F": [
    [
      1.3139427331483903e-09,
      -2.1222780208205857e-05,
      0.009906313915705268
    ],
    [
      2.3138060832718147e-05,
      5.356023816799967e-07,
      0.06557664973119423
    ],
    [
      -0.01058798200329624,
      -0.0666998858556152,
      1.0
    ]
  ],
  "E": [
    [
      -0.003247831716854125,
      -0.5340748873902939,
      -0.025153322321559958
    ],
    [
      0.5371077862204562,
      0.0010497927165821338,
      0.45893182784622316
    ],
    [
      0.027296329956750038,
      -0.46287792740810935,
      0.0039258909784051135
    ]
  ],
  "R": [
    [
      0.9999585408848597,
      -0.005748375104701994,
      -0.007062060257224778
    ],
    [
      0.005685146858039409,
      0.9999438679972795,
      -0.008940914933119867
    ],
    [
      0.007113059582454229,
      0.00890039540101446,
      0.9999350915659893
    ]
  ],
  "t": [
    0.6544016757685933,
    0.042324964414312244,
    -0.754961617659192
  ]
}