{
  "image_1": "frame_087",
  "image_2": "frame_088",
  "num_matches": 2152,
  "inlier_count": 823,
  "inlier_ratio": 0.38243494423791824,
  "reproj_rmse": 0.6224880506201222,
  "F": [
    [
      2.2781343011261474e-06,
      2.00252641465738e-05,
      0.031402367333485656
    ],
    [
      -2.0304365712852346e-05,
      -1.3875895355085805e-06,
      0.03198300372079822
    ],
    [
      -0.03262766447720988,
      -0.03084626321353269,
      1.0
    ]
  ],
  "E": [
    [
      0.04299677496060505,
      -0.08020424517662152,
      0.6576397331153738
    ],
    [
      0.059623954317104974,
      -0.012700784472309065,
      0.2396987480370035
    ],
    [
      -0.6586102460024011,
      -0.25192956815883905,
      0.028648886704470834
    ]
  ],
  "R": [
    [
      0.9978844035315622,
      0.013504799890162122,
      -0.06359510648143187
    ],
    [
      -0.009982267657461907,
      0.9984151438256303,
      0.05538551175226386
    ],
    [
      0.06424228763729543,
      -0.05463351498459509,
      0.9964377088004824
    ]
  ],
  "t": [
    0.34417593706293115,
    -0.9368331594631697,
    -0.062342246327094675
  ]
}