{
  "image_1": "frame_096",
  "image_2": "frame_097",
  "num_matches": 2338,
  "inlier_count": 1248,
  "inlier_ratio": 0.5337895637296834,
  "reproj_rmse": 0.4254272529493226,
  "F": [
    [
      3.0612580362079254e-07,
      -2.4066200739822042e-05,
      0.01892127663912134
    ],
    [
      2.5390826218861132e-05,
      3.652918094924313e-07,
      0.024190035173491553
    ],
    [
      -0.019493048413423544,
      -0.02556758459156388,
      1.0
    ]
  ],
  "E": [
    [
      -0.002016913467192094,
      0.5077001470367666,
      -0.14030302229480943
    ],
    [
      -0.5200628508330003,
      -0.004123177309181944,
      -0.4598021935505343
    ],
    [
      0.13551933024919993,
      0.47139513756199747,
      -0.00850079431665662
    ]
  ],
  "R": [
    [
      0.9997288352128633,
      -0.0024285370288111563,
      -0.023159409574323053
    ],
    [
      0.0021645962672701136,
      0.9999325042912484,
      -0.011414963198896455
    ],
    [
      0.023185568074370777,
      0.01136173709131369,
      0.9996666146087587
    ]
  ],
  "t": [
    0.6671604824835565,
    -0.19026073372351127,
    -0.7202067368577574
  ]
}