{
  "image_1": "frame_057",
  "image_2": "frame_058",
  "num_matches": 2517,
  "inlier_count": 1293,
  "inlier_ratio": 0.5137067938021455,
  "reproj_rmse": 0.5700191012245548,
  "F": [
    [
      4.3993113901159985e-07,
      1.913842909073919e-05,
      -0.020464193280758856
    ],
    [
      -1.9497821408079487e-05,
      1.5256067638665303e-06,
      0.08750424408586875
    ],
    [
      0.018464137590190124,
      -0.08840792859838538,
      1.0
    ]
  ],
  "E": [
    [
      -0.0025729735352181616,
      -0.11509112909350024,
      -0.016415956294171235
    ],
    [
      0.12064952014080672,
      -0.004492192539814025,
      -0.6965234881368082
    ],
    [
      0.03309155345709833,
      0.6968924671079365,
      -0.0015200453413255432
    ]
  ],
  "R": [
    [
      0.9996909936388694,
      -0.023503466839478473,
      0.008093471681290376
    ],
    [
      0.023523371651262944,
      0.9997204708497137,
      -0.0023730044633170338
    ],
    [
      -0.008035435488314951,
      0.0025626569321508955,
      0.999964431650427
    ]
  ],
  "t": [
    -0.9863852474465625,
    0.02360271032045208,
    -0.16274844295818156
  ]
}