{
  "image_1": "frame_059",
  "image_2": "frame_060",
  "num_matches": 2381,
  "inlier_count": 1203,
  "inlier_ratio": 0.5052498950020999,
  "reproj_rmse": 0.47611411924452113,
  "F": [
    [
      3.962671649351862e-07,
      6.0003937619850563e-05,
      -0.02688312177856397
    ],
    [
      -6.160051442087382e-05,
      9.34326814702199e-08,
      0.095085209372165
    ],
    [
      0.026083833386274742,
      -0.09428381630420402,
      1.0
    ]
  ],
  "E": [
    [
      -0.0035244432479136414,
      -0.17528134792266242,
      0.1313908516067346
    ],
    [
      0.19267480522941027,
      -0.005413364741208076,
      -0.667772685502997
    ],
    [
      -0.1287650762531575,
      0.6725165698364618,
      -0.008261072889437424
    ]
  ],
  "R": [
    [
      0.9996986332923564,
      -0.001746140447859923,
      0.024486600150507715
    ],
    [
      0.0019315199448695641,
      0.9999696401243419,
      -0.007549043667710607
    ],
    [
      -0.024472675049881126,
      0.007594064993847377,
      0.9996716552712557
    ]
  ],
  "t": [
    -0.9507896418075495,
    -0.18399323578947155,
    -0.2492900844702645
  ]
}