{
  "image_1": "frame_058",
  "image_2": "frame_059",
  "num_matches": 2521,
  "inlier_count": 1274,
  "inlier_ratio": 0.5053550178500595,
  "reproj_rmse": 0.5212898635415455,
  "F": [
    [
      3.130837578483352e-07,
      2.037475149743842e-05,
      -0.011565853977094595
    ],
    [
      -2.0622949589134677e-05,
      1.0381022680500802e-06,
      0.0515883810270858
    ],
    [
      0.010532518131615582,
      -0.0522448076682232,
      1.0
    ]
  ],
  "E": [
    [
      -0.0045964067852908175,
      -0.35255910632334025,
      0.12995756616499654
    ],
    [
      0.35185736773497783,
      -0.012189191453292466,
      -0.6001967590231021
    ],
    [
      -0.11716836930308677,
      0.6006915552914788,
      -0.006698960103938689
    ]
  ],
  "R": [
    [
      0.9998909733509512,
      -0.014337665019078849,
      -0.003531681340093462
    ],
    [
      0.014294623301071063,
      0.9998267127671999,
      -0.011925107203522939
    ],
    [
      0.0037020475372073758,
      0.01187332299466963,
      0.9999226565315422
    ]
  ],
  "t": [
    -0.8471032765721336,
    -0.17782950734055383,
    -0.500792077752605
  ]
}