{
  "image_1": "frame_079",
  "image_2": "frame_080",
  "num_matches": 2314,
  "inlier_count": 1260,
  "inlier_ratio": 0.5445116681071738,
  "reproj_rmse": 0.5921368117110013,
  "F": [
    [
      -7.202061122020522e-07,
      1.9746510617970663e-05,
      0.009851124672403507
    ],
    [
      -1.5930700624323794e-05,
      -2.1929217670691907e-07,
      -0.08969876460521478
    ],
    [
      -0.010695172789996285,
      0.0868267092707527,
      1.0
    ]
  ],
  "E": [
    [
      -0.0037550787754427393,
      0.37113117962573067,
      0.05334311396614229
    ],
    [
      -0.35450649932993156,
      0.000916244619812689,
      -0.6096526162771994
    ],
    [
      -0.05517690101896395,
      0.5991684940190195,
      0.0016353437933828167
    ]
  ],
  "R": [
    [
      0.9995898044492875,
      0.006091576593756462,
      0.02798420153654374
    ],
    [
      -0.006237492194228575,
      0.9999673884667883,
      0.005129882458541901
    ],
    [
      -0.02795203985691269,
      -0.005302329442227818,
      0.9995952024546354
    ]
  ],
  "t": [
    -0.8478231644457458,
    -0.07277348273924959,
    0.5252617462172569
  ]
}