{
  "image_1": "frame_101",
  "image_2": "frame_102",
  "num_matches": 2895,
  "inlier_count": 1447,
  "inlier_ratio": 0.4998272884283247,
  "reproj_rmse": 0.38033581702696717,
  "F": [
    [
      1.2490818053681118e-06,
      -0.00015645717416524438,
      0.07503743289387868
    ],
    [
      0.000147056398601117,
      -3.843802220447274e-06,
      1.4269024833531128
    ],
    [
      -0.05897887305259497,
      -1.4237333375456152,
      1.0
    ]
  ],
  "E": [
    [
      -0.0003904919791633874,
      0.04355659611951198,
      -0.03645898548582116
    ],
    [
      -0.04282213271381879,
      -0.004580124025157118,
      -0.7048650286685012
    ],
    [
      0.029128422940332452,
      0.7051373546824564,
      -0.0041033657141972815
    ]
  ],
  "R": [
    [
      0.999948761534951,
      0.010040969004547394,
      0.001285786206085597
    ],
    [
      -0.010033233060344218,
      0.9999323311874279,
      -0.005887892698810571
    ],
    [
      -0.001344819346550681,
      0.00587469041955519,
      0.9999818395717991
    ]
  ],
  "t": [
    0.9967681905316208,
    -0.05119724160357367,
    -0.061903285829623754
  ]
}