{
  "image_1": "frame_051",
  "image_2": "frame_052",
  "num_matches": 2530,
  "inlier_count": 1339,
  "inlier_ratio": 0.5292490118577076,
  "reproj_rmse": 0.546188501076018,
  "F": [
    [
      -1.0586025197582056e-07,
      -3.718187050914517e-05,
      0.014283598808922047
    ],
    [
      4.0849030795132776e-05,
      1.2877915041338957e-06,
      -0.08951238571230377
    ],
    [
      -0.015685343029073356,
      0.08780092827527711,
      1.0
    ]
  ],
  "E": [
    [
      0.0018020157429852195,
      -0.4347719069121191,
      -0.01425137922594458
    ],
    [
      0.45112782023899234,
      0.0059469570322007465,
      -0.5443648108688607
    ],
    [
      0.00882791183007077,
      0.5574774128263357,
      0.004828897056055904
    ]
  ],
  "R": [
    [
      0.9995590650714846,
      0.003175184578760268,
      0.02952276471318588
    ],
    [
      -0.0034155147619345533,
      0.9999614128655872,
      0.008093641873052518
    ],
    [
      -0.029495926707434283,
      -0.008190908542342858,
      0.9995313398412882
    ]
  ],
  "t": [
    -0.788374327193299,
    0.015183951924112427,
    -0.6150084290694554
  ]
}