{
  "image_1": "frame_102",
  "image_2": "frame_103",
  "num_matches": 2489,
  "inlier_count": 1228,
  "inlier_ratio": 0.4933708316593009,
  "reproj_rmse": 0.4811050268103077,
  "F": [
    [
      1.0309562366926805e-06,
      -4.4741038389713836e-05,
      0.04422929305480514
    ],
    [
      5.1193469018627656e-05,
      5.510477571901984e-06,
      0.2136391748646512
    ],
    [
      -0.045469123376433655,
      -0.21917429691467766,
      1.0
    ]
  ],
  "E": [
    [
      -0.00046194931047866255,
      0.012767306648507807,
      -0.033658049756652535
    ],
    [
      -0.020397870005991317,
      -0.0028554994078159616,
      -0.7060071311938352
    ],
    [
      0.02786083237184495,
      0.7064333691159882,
      -0.003048100250915142
    ]
  ],
  "R": [
    [
      0.999910479448658,
      0.008097379168931426,
      -0.010652020435108722
    ],
    [
      -0.008138357337576757,
      0.9999596274472223,
      -0.0038092801758769597
    ],
    [
      0.010620745199907522,
      0.0038956291156835273,
      0.9999360098752278
    ]
  ],
  "t": [
    0.9987030771659375,
    -0.04753322471587064,
    -0.018241606491701347
  ]
}