{
  "image_1": "frame_018",
  "image_2": "frame_019",
  "num_matches": 2541,
  "inlier_count": 1278,
  "inlier_ratio": 0.5029515938606848,
  "reproj_rmse": 0.5387076122857422,
  "F": [
    [
      -3.843789027697475e-07,
      -5.6621171814874894e-05,
      0.014883843481525364
    ],
    [
      6.298539223414721e-05,
      -1.5123719816421999e-06,
      0.157747499098651
    ],
    [
      -0.01758578616906039,
      -0.1605497269279081,
      1.0
    ]
  ],
  "E": [
    [
      0.0015838880899676276,
      0.2288091017291098,
      -0.04662683609345423
    ],
    [
      -0.2344990388738293,
      0.004517286778579729,
      -0.6653839921562945
    ],
    [
      0.05331586659703707,
      0.6669909822158344,
      0.002051901965574143
    ]
  ],
  "R": [
    [
      0.9999229027543444,
      -0.00872270666033291,
      -0.00883758653950073
    ],
    [
      0.008755712584261319,
      0.9999548118482411,
      0.0037029391961923147
    ],
    [
      0.0088048875329097,
      -0.003780033077458337,
      0.9999540915989422
    ]
  ],
  "t": [
    0.9438959947158906,
    -0.06714071595630826,
    -0.3233457521294711
  ]
}