{
  "image_1": "frame_025",
  "image_2": "frame_026",
  "num_matches": 2521,
  "inlier_count": 1340,
  "inlier_ratio": 0.5315351051170171,
  "reproj_rmse": 0.4213274209190219,
  "F": [
    [
      1.7844961809542973e-07,
      -1.778294720518446e-05,
      0.014482429292003161
    ],
    [
      2.4655790375857163e-05,
      1.6127126504297183e-07,
      0.1389363099161372
    ],
    [
      -0.018664626818256317,
      -0.14023217547615277,
      0.9999999999999999
    ]
  ],
  "E": [
    [
      0.0036573909808686193,
      0.3469756363462028,
      -0.028656633448449136
    ],
    [
      -0.3204201208930249,
      0.0031102450840334267,
      0.6296450451471924
    ],
    [
      0.020728745019542163,
      -0.615796260633392,
      -0.0026462759899594534
    ]
  ],
  "R": [
    [
      0.9989960812317741,
      -0.01404351665818536,
      -0.04253950309336657
    ],
    [
      0.014152545599872474,
      0.9998972870537134,
      0.0022629175122735393
    ],
    [
      0.04250335441589054,
      -0.002862687984236714,
      0.9990922229108294
    ]
  ],
  "t": [
    0.8703715627604416,
    0.04167468346678635,
    0.49062874303885823
  ]
}