{
  "image_1": "frame_082",
  "image_2": "frame_083",
  "num_matches": 1761,
  "inlier_count": 895,
  "inlier_ratio": 0.5082339579784213,
  "reproj_rmse": 0.5833367216286544,
  "F": [
    [
      -2.996035014986896e-06,
      0.00032935286114388665,
      -0.10321008677668282
    ],
    [
      -0.00032101315433836515,
      -4.0359257392612904e-07,
      -0.3228795822618898
    ],
    [
      0.0990131906007133,
      0.32419623532960967,
      1.0
    ]
  ],
  "E": [
    [
      -0.0022382652608741466,
      0.1865523231013023,
      -0.07762642656761319
    ],
    [
      -0.18032902690535219,
      -0.001096835850481886,
      0.6793156737303987
    ],
    [
      0.08304660519089499,
      -0.6769645160886926,
      -0.00034433449203129414
    ]
  ],
  "R": [
    [
      0.9999240276619219,
      0.008148669303559314,
      -0.009248680605448006
    ],
    [
      -0.008154103409294872,
      0.9999666034921901,
      -0.0005499980753236669
    ],
    [
      0.009243889979380499,
      0.0006253709887420258,
      0.9999570787834724
    ]
  ],
  "t": [
    -0.9582978230304735,
    -0.10963990542407694,
    -0.2639022044501617
  ]
}