{
  "image_1": "frame_078",
  "image_2": "frame_079",
  "num_matches": 2424,
  "inlier_count": 1206,
  "inlier_ratio": 0.4975247524752475,
  "reproj_rmse": 0.47868651642592724,
  "F": [
    [
      -3.303077852386611e-07,
      5.84114756272336e-05,
      -0.02226543560019001
    ],
    [
      -5.6061738811363336e-05,
      6.422178168958216e-07,
      -0.028157555915636668
    ],
    [
      0.021391114889060845,
      0.025507462825263612,
      1.0
    ]
  ],
  "E": [
    [
      -0.002997457682683348,
      0.22841519897735824,
      0.04133193170653824
    ],
    [
      -0.2056487886097598,
      0.0006773175803984165,
      -0.6753198196201106
    ],
    [
      -0.04532172390768039,
      0.6676120637097821,
      0.0007179754015352182
    ]
  ],
  "R": [
    [
      0.9993937177625581,
      0.006941267474755264,
      0.0341176743430146
    ],
    [
      -0.007052829583888254,
      0.9999701650227298,
      0.003150660133206803
    ],
    [
      -0.0340947868682695,
      -0.003389376086870656,
      0.9994128564503005
    ]
  ],
  "t": [
    -0.9445731136814983,
    -0.05746752495966481,
    0.3232322949289713
  ]
}