{
  "image_1": "frame_023",
  "image_2": "frame_024",
  "num_matches": 2573,
  "inlier_count": 1240,
  "inlier_ratio": 0.4819277108433735,
  "reproj_rmse": 0.5315303007181932,
  "F": [
    [
      -2.209466870033681e-06,
      -0.00016510088682325212,
      0.04656199053167537
    ],
    [
      0.00017071692368127593,
      -6.725169057275224e-06,
      0.20660893265270744
    ],
    [
      -0.05047341734892511,
      -0.20630866882393326,
      1.0
    ]
  ],
  "E": [
    [
      -0.0020330967538691796,
      -0.07443716253772625,
      -0.058361929408114646
    ],
    [
      0.06165671806049133,
      0.0033421125869176754,
      -0.7020191951595322
    ],
    [
      0.06680217401668403,
      0.6999524973584242,
      0.003026642374269036
    ]
  ],
  "R": [
    [
      0.9997442762470694,
      -0.012564210304825893,
      -0.018802200154231064
    ],
    [
      0.012676662533146907,
      0.9999023966961595,
      0.00587361118025354
    ],
    [
      0.018726567711258996,
      -0.006110458304595725,
      0.9998059701567418
    ]
  ],
  "t": [
    0.9910084364390486,
    -0.08193081262904904,
    0.1057810041953474
  ]
}