{
  "image_1": "frame_086",
  "image_2": "frame_087",
  "num_matches": 2362,
  "inlier_count": 1046,
  "inlier_ratio": 0.4428450465707028,
  "reproj_rmse": 0.34276338990192384,
  "F": [
    [
      7.638584823443101e-07,
      -1.4132411447841992e-05,
      0.023856105038720585
    ],
    [
      1.4994701058198551e-05,
      1.9607232531128095e-08,
      0.012334171214331393
    ],
    [
      -0.024867449030499943,
      -0.013087356271148712,
      0.9999999999999999
    ]
  ],
  "E": [
    [
      -0.013132932462489949,
      0.23993169091674438,
      -0.44809601684623496
    ],
    [
      -0.25690028080371813,
      -0.0032609860125818813,
      -0.484146736957497
    ],
    [
      0.4461837363300416,
      0.49165675944879383,
      -0.016047509924773756
    ]
  ],
  "R": [
    [
      0.9995800451605588,
      0.0006054083623622808,
      -0.028971827652559123
    ],
    [
      -0.0007887386441177147,
      0.999979737307189,
      -0.006316871567210752
    ],
    [
      0.02896741631844435,
      0.006337069966486447,
      0.9995602684861349
    ]
  ],
  "t": [
    0.6949392339842287,
    -0.6318125493950931,
    -0.34332544836683165
  ]
}