{
  "image_1": "frame_064",
  "image_2": "frame_065",
  "num_matches": 2517,
  "inlier_count": 1297,
  "inlier_ratio": 0.5152959872864521,
  "reproj_rmse": 0.5432093194017784,
  "F": [
    [
      1.0179451203192174e-07,
      5.8802889216989216e-05,
      -0.012536288908284223
    ],
    [
      -5.697929778096817e-05,
      -6.691953137225993e-07,
      -0.033220987654636734
    ],
    [
      0.013598227889625789,
      0.032503700951773136,
      1.0
    ]
  ],
  "E": [
    [
      -0.004623885904704661,
      -0.016950700411867314,
      0.12190514276730034
    ],
    [
      0.038627152500094214,
      0.025350733864972677,
      -0.6948753390705582
    ],
    [
      -0.1211577452521846,
      0.6962250512326807,
      0.020867557040719367
    ]
  ],
  "R": [
    [
      0.9992930959156423,
      -0.003216342567268382,
      0.03745615564658422
    ],
    [
      0.0018460726995350174,
      0.9993297330995956,
      0.036560587504564805
    ],
    [
      -0.03754864139911328,
      -0.03646559588956215,
      0.9986292404318533
    ]
  ],
  "t": [
    -0.9847135924740473,
    -0.17328327405629593,
    -0.017664872747535962
  ]
}