{
  "image_1": "frame_013",
  "image_2": "frame_014",
  "num_matches": 2656,
  "inlier_count": 1301,
  "inlier_ratio": 0.4898343373493976,
  "reproj_rmse": 0.6987169594587478,
  "F": [
    [
      1.0388339423393173e-08,
      -6.177028576320028e-05,
      0.030299113620440243
    ],
    [
      6.412818126331858e-05,
      1.3677022199724607e-06,
      0.06103671320870147
    ],
    [
      -0.031402704912501855,
      -0.06366310877379437,
      1.0
    ]
  ],
  "E": [
    [
      0.00048511997989834075,
      0.04444455975827856,
      0.012066365564347559
    ],
    [
      -0.06409278159032977,
      -0.0025691847331454467,
      -0.7040848981410984
    ],
    [
      -0.009968776114573665,
      0.7056369400978167,
      -0.002439612303894348
    ]
  ],
  "R": [
    [
      0.999604502217953,
      -0.0033296846962760623,
      -0.027924046007379716
    ],
    [
      0.003220835581241697,
      0.9999870428891436,
      -0.003942115166272102
    ],
    [
      0.02793681019296007,
      0.003850617307514464,
      0.9996022745985493
    ]
  ],
  "t": [
    0.9978765941624214,
    0.01731882437831866,
    -0.06278822457244174
  ]
}