{
  "image_1": "frame_108",
  "image_2": "frame_109",
  "num_matches": 2397,
  "inlier_count": 1166,
  "inlier_ratio": 0.48644138506466417,
  "reproj_rmse": 0.5284514710711853,
  "F": [
    [
      6.44809888495019e-08,
      2.6979190852177545e-06,
      -0.0015478396129762196
    ],
    [
      -1.5310435622052366e-06,
      5.607561559238367e-07,
      0.013072854037159146
    ],
    [
      0.00047634922007176034,
      -0.01400315130587461,
      0.9999999999999999
    ]
  ],
  "E": [
    [
      -0.0014865050620049758,
      -0.0848668518398693,
      0.03433294310599414
    ],
    [
      0.031152943883034846,
      -0.03257219035482317,
      -0.7050031431529865
    ],
    [
      0.0010151538187730908,
      0.701239336680172,
      -0.02860303448179792
    ]
  ],
  "R": [
    [
      0.99592872960838,
      -0.04824881668423787,
      -0.0761447124179282
    ],
    [
      0.04497639058822773,
      0.9980132017333732,
      -0.044122255784997
    ],
    [
      0.07812227486634893,
      0.04051790782447106,
      0.9961200777593201
    ]
  ],
  "t": [
    0.9915812188410719,
    0.04333854282632636,
    0.12201826562996548
  ]
}