{
  "image_1": "frame_095",
  "image_2": "frame_096",
  "num_matches": 2134,
  "inlier_count": 1058,
  "inlier_ratio": 0.4957825679475164,
  "reproj_rmse": 0.5678285560075185,
  "F": [
    [
      -8.399458383507835e-08,
      1.3260528219451706e-05,
      -0.007495370173336396
    ],
    [
      -1.0952010505666843e-05,
      1.678714535062244e-07,
      0.06356042346829732
    ],
    [
      0.006578209584725567,
      -0.0651724311682226,
      1.0
    ]
  ],
  "E": [
    [
      -0.0007037772840783182,
      -0.4282246025436698,
      0.06375457522993609
    ],
    [
      0.4440502216744524,
      0.0004990757032515667,
      0.5468516521759004
    ],
    [
      -0.06455721960028593,
      -0.558695203673103,
      0.0047964015732274885
    ]
  ],
  "R": [
    [
      0.9995916679945305,
      -0.00580818639043057,
      -0.027977888533021134
    ],
    [
      0.0056562807212256205,
      0.9999688470801158,
      -0.005505575144044636
    ],
    [
      0.028008994346724214,
      0.005345076249975142,
      0.9995933805280861
    ]
  ],
  "t": [
    0.7906434703595555,
    -0.0868610622408072,
    -0.6060842009524726
  ]
}