{
  "image_1": "frame_125",
  "image_2": "frame_126",
  "num_matches": 2989,
  "inlier_count": 1542,
  "inlier_ratio": 0.5158916025426564,
  "reproj_rmse": 0.31829646910146964,
  "F": [
    [
      1.3317705338637875e-06,
      0.00010616289802401434,
      -0.0302831801580954
    ],
    [
      -0.00010590125705449725,
      1.6735151335792626e-06,
      0.0653246197425585
    ],
    [
      0.027465919929540648,
      -0.06510019409033273,
      0.9999999999999999
    ]
  ],
  "E": [
    [
      -0.009001098806688673,
      -0.7004727038387941,
      -0.023478603161716127
    ],
    [
      0.6986515675268976,
      -0.009957343272976208,
      -0.10331361408029115
    ],
    [
      0.034481796264634997,
      0.09287977662237773,
      -0.0017930600600195078
    ]
  ],
  "R": [
    [
      0.9998210077109768,
      -0.012367608755955216,
      -0.014317639242097085
    ],
    [
      0.012165854624018372,
      0.999826665292098,
      -0.01409366354610602
    ],
    [
      0.014489462414957466,
      0.013916954571428712,
      0.999798166558822
    ]
  ],
  "t": [
    0.13195793464834266,
    -0.04716778992043287,
    0.9901324674392642
  ]
}