{
  "image_1": "frame_020",
  "image_2": "frame_021",
  "num_matches": 2943,
  "inlier_count": 1286,
  "inlier_ratio": 0.43696907917091404,
  "reproj_rmse": 0.6097728721383123,
  "F": [
    [
      -3.494567566818602e-07,
      8.405381830506705e-06,
      -0.01602757026890594
    ],
    [
      -6.0241297051682116e-06,
      -6.4956132442818e-07,
      0.09599300317787257
    ],
    [
      0.01586479390540047,
      -0.09751396063408378,
      0.9999999999999999
    ]
  ],
  "E": [
    [
      -0.0007117336906796101,
      0.013636451430326206,
      -0.07822900861620107
    ],
    [
      -0.019932490120306307,
      -0.0026657930576539797,
      -0.7024837032987972
    ],
    [
      0.07597768694800817,
      0.7028674681357755,
      -0.0032729414123114356
    ]
  ],
  "R": [
    [
      0.9999585816991133,
      0.003099079474775321,
      -0.008557487523013656
    ],
    [
      -0.0031308861285154754,
      0.9999882317487321,
      -0.0037059298556189843
    ],
    [
      0.008545901845200474,
      0.0037325688812818096,
      0.9999565168002048
    ]
  ],
  "t": [
    0.9936737521324267,
    -0.11056433407328439,
    -0.019697775356517892
  ]
}