{
  "image_1": "frame_099",
  "image_2": "frame_100",
  "num_matches": 2804,
  "inlier_count": 1309,
  "inlier_ratio": 0.4668330955777461,
  "reproj_rmse": 0.5877786037557869,
  "F": [
    [
      -1.2531237927715204e-07,
      3.5252015155500824e-05,
      -0.008491431780341202
    ],
    [
      -3.450155719072344e-05,
      2.479847420615538e-06,
      0.08541592643208251
    ],
    [
      0.008352869625243337,
      -0.08740706713623386,
      1.0
    ]
  ],
  "E": [
    [
      -0.0012116516460069645,
      -0.0031887037785825034,
      -0.05826997149711813
    ],
    [
      -0.012138580965668425,
      -0.0055966271362841566,
      -0.7045720183715876
    ],
    [
      0.053624052649353784,
      0.7050329652297296,
      -0.0067495890012083766
    ]
  ],
  "R": [
    [
      0.9997556303846863,
      0.0064571033411564005,
      -0.021142027588676036
    ],
    [
      -0.0066238984255751615,
      0.9999474158287025,
      -0.007828764088146286
    ],
    [
      0.021090364713925037,
      0.007966893619335799,
      0.9997458302600175
    ]
  ],
  "t": [
    0.9965871507201227,
    -0.08245730464454414,
    0.0038527821511783957
  ]
}