{
  "image_1": "frame_084",
  "image_2": "frame_085",
  "num_matches": 2365,
  "inlier_count": 1059,
  "inlier_ratio": 0.44778012684989427,
  "reproj_rmse": 0.5224532745814912,
  "F": [
    [
      9.6639093787385e-07,
      -1.514843114548078e-05,
      0.009143257753811893
    ],
    [
      1.4618366060186572e-05,
      1.100917419821926e-06,
      -0.015304017467963555
    ],
    [
      -0.01070394818305012,
      0.014491570045565307,
      1.0
    ]
  ],
  "E": [
    [
      0.03242358159491737,
      -0.5114521166758759,
      0.35865284945078
    ],
    [
      0.49611370399394433,
      0.035172770076243975,
      -0.33730177691294044
    ],
    [
      -0.3892604336793627,
      0.3096011895660563,
      0.014784306616919238
    ]
  ],
  "R": [
    [
      0.9985012882398121,
      0.052528198592032505,
      -0.015361176260678122
    ],
    [
      -0.05209303083536934,
      0.9982641906017846,
      0.027475842126294225
    ],
    [
      0.016777768678250482,
      -0.026634453529963187,
      0.9995044333885366
    ]
  ],
  "t": [
    -0.4663337373280217,
    -0.5269944596406032,
    -0.7104996023487898
  ]
}