{
  "image_1": "frame_024",
  "image_2": "frame_025",
  "num_matches": 2545,
  "inlier_count": 1276,
  "inlier_ratio": 0.5013752455795678,
  "reproj_rmse": 0.4407378216706809,
  "F": [
    [
      7.10191407927925e-07,
      2.9693065022541572e-05,
      -0.004548491614839935
    ],
    [
      -2.1692531748493956e-05,
      -4.47137278090783e-06,
      0.21606402870902722
    ],
    [
      -0.0019473012986937573,
      -0.21564230904794576,
      1.0
    ]
  ],
  "E": [
    [
      0.0016544768179413466,
      0.15219028377536958,
      -0.03441165573866133
    ],
    [
      -0.12321102362049827,
      -0.0019234050011163251,
      0.6953855103121229
    ],
    [
      0.021206134307929378,
      -0.6902326727592137,
      -0.005891665560834085
    ]
  ],
  "R": [
    [
      0.9989287672242364,
      -0.020265766923911903,
      -0.04160068151909341
    ],
    [
      0.0205495942368503,
      0.9997683094686953,
      0.006406368613142872
    ],
    [
      0.041461213061947055,
      -0.007254383026303965,
      0.9991137781746078
    ]
  ],
  "t": [
    0.9753473413919324,
    0.050086649309742805,
    0.21491600964240035
  ]
}