{
  "image_1": "frame_106",
  "image_2": "frame_107",
  "num_matches": 165,
  "inlier_count": 140,
  "inlier_ratio": 0.8485,
  "reproj_rmse": 0.2419,
  "F": [
    [
      7.980280948036198e-06,
      -8.325168176358984e-05,
      0.1521721519445805
    ],
    [
      0.0001199972017250416,
      9.469829388137383e-06,
      1.043046964101521
    ],
    [
      -0.12364485793040114,
      -1.0994896172065778,
      1.0
    ]
  ],
  "E": [
    [
      0.004794564024695539,
      -0.6239764430682245,
      -0.30803857572268645
    ],
    [
      0.6210817083419918,
      0.002171483697353567,
      0.13201269352053266
    ],
    [
      0.3114551726438373,
      -0.12469379835066481,
      0.003901740093671594
    ]
  ],
  "R": [
    [
      0.9999415117142136,
      0.0024873036293487916,
      0.010525515253361206
    ],
    [
      -0.002434848080440505,
      0.9999845679206533,
      -0.004993539362858512
    ],
    [
      -0.010537773271354689,
      0.004967619268691437,
      0.9999321367439312
    ]
  ],
  "t": [
    [
      0.17744095648118174
    ],
    [
      0.4400578256797587
    ],
    [
      -0.8802634929502907
    ]
  ]
}