{
  "image_1": "frame_102",
  "image_2": "frame_103",
  "num_matches": 114,
  "inlier_count": 95,
  "inlier_ratio": 0.8333,
  "reproj_rmse": 0.2465,
  "F": [
    [
      1.2396720056454098e-06,
      3.1377232019796783e-07,
      0.00495722041223474
    ],
    [
      -4.332664047691107e-07,
      -5.554019000206902e-10,
      -0.0003797282531936807
    ],
    [
      -0.006586858187824975,
      0.0005378080589353317,
      1.0
    ]
  ],
  "E": [
    [
      -0.007630326438083261,
      -0.07581481708819192,
      -0.13438400732978464
    ],
    [
      0.0034430745254031194,
      0.012887709872935183,
      -0.6942147374326395
    ],
    [
      0.07405809329148406,
      0.6989533398163356,
      -0.0015518644641965807
    ]
  ],
  "R": [
    [
      0.9907497280747395,
      0.08614321558750196,
      -0.10485381599195522
    ],
    [
      -0.0847078642100802,
      0.9962418824190151,
      0.018074552696646505
    ],
    [
      0.10601676311223741,
      -0.009025415362319593,
      0.9943233819119116
    ]
  ],
  "t": [
    [
      0.9758430511125445
    ],
    [
      -0.18914518499485408
    ],
    [
      0.10933635529238188
    ]
  ]
}