{
  "image_1": "frame_053",
  "image_2": "frame_054",
  "num_matches": 55,
  "inlier_count": 33,
  "inlier_ratio": 0.6,
  "reproj_rmse": 0.2606,
  "F": [
    [
      5.603237764114926e-07,
      -2.0258509649129917e-05,
      0.01846014301058964
    ],
    [
      2.1590290655207247e-05,
      2.593933449388903e-07,
      0.07995370122792296
    ],
    [
      -0.01785475308942878,
      -0.08322915529090774,
      1.0
    ]
  ],
  "E": [
    [
      0.00939380365822559,
      -0.4230549800533318,
      -0.16738146923436842
    ],
    [
      0.4290986831439244,
      0.013891129793828528,
      0.5357996879689028
    ],
    [
      0.18380357088391844,
      -0.5364102718572247,
      5.145732178211242e-05
    ]
  ],
  "R": [
    [
      0.9995484016919359,
      0.027226203173212116,
      -0.012717174838281498
    ],
    [
      -0.02727990850124501,
      0.9996195532807371,
      -0.004068819359870524
    ],
    [
      0.01260155812826902,
      0.0044139052539143575,
      0.9999108551131691
    ]
  ],
  "t": [
    [
      0.7654014424630083
    ],
    [
      0.23916542814490588
    ],
    [
      -0.5974617392401038
    ]
  ]
}