{
  "image_1": "frame_056",
  "image_2": "frame_059",
  "num_matches": 21,
  "inlier_count": 16,
  "inlier_ratio": 0.7619,
  "reproj_rmse": 0.2039,
  "F": [
    [
      -5.676596568227496e-06,
      5.331541842199197e-06,
      -0.01140848902161527
    ],
    [
      -4.284255701386381e-06,
      9.846106270028774e-08,
      0.002818905397096091
    ],
    [
      0.018027063960432747,
      -0.004831528938466778,
      1.0
    ]
  ],
  "E": [
    [
      0.0035248810835457798,
      -0.18844228895539203,
      -0.12168531815023763
    ],
    [
      -0.05933778201567017,
      0.0030167351884950594,
      -0.6934868111040774
    ],
    [
      -0.05234237110257647,
      0.6795549515841515,
      -0.026097433150746734
    ]
  ],
  "R": [
    [
      0.9071812420932146,
      0.2400841854129255,
      -0.3455166825333094
    ],
    [
      -0.2467331474434968,
      0.9687524765349514,
      0.025325741055772302
    ],
    [
      0.34080045179963947,
      0.062275381347772406,
      0.9380708016621943
    ]
  ],
  "t": [
    [
      0.948335133055042
    ],
    [
      -0.17632906599943857
    ],
    [
      0.26375848023758697
    ]
  ]
}