{
  "image_1": "frame_081",
  "image_2": "frame_082",
  "num_matches": 135,
  "inlier_count": 115,
  "inlier_ratio": 0.8519,
  "reproj_rmse": 0.1879,
  "F": [
    [
      1.5826485158767433e-07,
      -1.9021405664293665e-06,
      0.0051553806629082875
    ],
    [
      2.2849434944948747e-06,
      3.369252892413905e-08,
      0.01340003993497938
    ],
    [
      -0.005168830715749009,
      -0.014183304668715289,
      1.0
    ]
  ],
  "E": [
    [
      -0.008607856120300468,
      -0.0032614479428138155,
      -0.10547600598579017
    ],
    [
      -0.055325307656000154,
      -0.0035607208763002293,
      -0.6969388858977139
    ],
    [
      0.0600698461574787,
      0.7044907796308038,
      -0.008778146312077675
    ]
  ],
  "R": [
    [
      0.9944534847305505,
      0.06440946772632605,
      -0.08314858492167253
    ],
    [
      -0.06463060245664928,
      0.9979092564908669,
      3.2185953640356466e-05
    ],
    [
      0.08297681563759485,
      0.00534193570314848,
      0.9965371602652797
    ]
  ],
  "t": [
    [
      0.9887265344185057
    ],
    [
      -0.14968380622674
    ],
    [
      0.003820770896985278
    ]
  ]
}