{
  "image_1": "frame_033",
  "image_2": "frame_034",
  "num_matches": 147,
  "inlier_count": 97,
  "inlier_ratio": 0.6599,
  "reproj_rmse": 0.2478,
  "F": [
    [
      1.2882099688369494e-06,
      -4.051677412438031e-05,
      0.05568774235879897
    ],
    [
      4.0841810746143225e-05,
      -4.893045030085702e-07,
      0.051113790634590525
    ],
    [
      -0.05500134252138408,
      -0.051645526264409485,
      1.0
    ]
  ],
  "E": [
    [
      -0.004945530981714901,
      -0.1314004441878429,
      -0.07460170399879563
    ],
    [
      -0.017908322886556204,
      0.006218315957421248,
      -0.7028777837081109
    ],
    [
      0.015802258809061605,
      0.6945716538868808,
      -0.008246373264375995
    ]
  ],
  "R": [
    [
      0.973956732412352,
      0.0831100087406928,
      -0.21095262462405415
    ],
    [
      -0.08266941836867618,
      0.996517168902862,
      0.010922424108673416
    ],
    [
      0.21112567502613058,
      0.006801362286110846,
      0.9774352617006474
    ]
  ],
  "t": [
    [
      0.9768767074211808
    ],
    [
      -0.10586260612311148
    ],
    [
      0.18575523444246647
    ]
  ]
}