{
  "image_1": "frame_047",
  "image_2": "frame_048",
  "num_matches": 121,
  "inlier_count": 93,
  "inlier_ratio": 0.7686,
  "reproj_rmse": 0.2363,
  "F": [
    [
      1.5466380200223024e-06,
      -2.7614703382807457e-05,
      0.03265251619161966
    ],
    [
      2.4138771540077742e-05,
      1.3557040795795388e-07,
      -0.1376948847654064
    ],
    [
      -0.037346285574006724,
      0.14101055107691043,
      1.0
    ]
  ],
  "E": [
    [
      0.012914004399530315,
      -0.2089751946309984,
      -0.03361464028282374
    ],
    [
      0.14024837014994662,
      0.004624532108181401,
      -0.6921210288454346
    ],
    [
      -0.017694517124583677,
      0.6752034254811299,
      -0.009868159060260194
    ]
  ],
  "R": [
    [
      0.9919185956736577,
      0.0774609589401502,
      -0.10048531931019145
    ],
    [
      -0.0787885077875415,
      0.996847928672715,
      -0.009304737585232611
    ],
    [
      0.09944782852034217,
      0.01714663060166233,
      0.9948950308759205
    ]
  ],
  "t": [
    [
      0.9539734299003947
    ],
    [
      -0.05054680609101172
    ],
    [
      0.2956006012139938
    ]
  ]
}