{
  "image_1": "frame_112",
  "image_2": "frame_113",
  "num_matches": 126,
  "inlier_count": 98,
  "inlier_ratio": 0.7778,
  "reproj_rmse": 0.2386,
  "F": [
    [
      -5.352452301069473e-07,
      7.05864224541897e-06,
      -0.010595040003389539
    ],
    [
      -7.255742815776694e-06,
      7.096436198816683e-08,
      -0.02096667924029431
    ],
    [
      0.009545880129322478,
      0.020629806930860778,
      1.0
    ]
  ],
  "E": [
    [
      0.004284109749570973,
      -0.13834629419318212,
      -0.10632518674050799
    ],
    [
      0.07936531600259905,
      0.005379569880925252,
      -0.6943985227732021
    ],
    [
      0.04042328500264153,
      0.6922850513904663,
      -0.011276879721664194
    ]
  ],
  "R": [
    [
      0.9918535874422305,
      0.09550067956042252,
      -0.08429757577460308
    ],
    [
      -0.09611703220219417,
      0.9953646540607951,
      -0.003274380411057874
    ],
    [
      0.08359412179465603,
      0.01135013876265288,
      0.996435244836035
    ]
  ],
  "t": [
    [
      0.9690582066638341
    ],
    [
      -0.151544702408884
    ],
    [
      0.1948342764230058
    ]
  ]
}