{
  "image_1": "frame_060",
  "image_2": "frame_061",
  "num_matches": 39,
  "inlier_count": 35,
  "inlier_ratio": 0.8974,
  "reproj_rmse": 0.2154,
  "F": [
    [
      1.2799984698998464e-07,
      -2.198719750693514e-06,
      0.0032896229852082755
    ],
    [
      2.718046959184427e-06,
      1.9243052232710596e-07,
      0.01574689485540368
    ],
    [
      -0.0031763608395454254,
      -0.017035951686980556,
      1.0
    ]
  ],
  "E": [
    [
      0.009608626244094032,
      -0.17448421979084824,
      -0.006634619537566515
    ],
    [
      0.20854108814056213,
      0.01689506458898581,
      0.6753980102896376
    ],
    [
      0.0471367130342389,
      -0.6835485711162592,
      0.004592757886382036
    ]
  ],
  "R": [
    [
      0.9970985865545912,
      0.05683444956249681,
      -0.050638463975167
    ],
    [
      -0.05727490259384528,
      0.998331839493567,
      -0.007288606605919559
    ],
    [
      0.05013974694493237,
      0.010167772436394551,
      0.9986904536341479
    ]
  ],
  "t": [
    [
      0.9689364408146411
    ],
    [
      0.011198128993448913
    ],
    [
      -0.24705621944913944
    ]
  ]
}