{
  "image_1": "frame_026",
  "image_2": "frame_027",
  "num_matches": 595,
  "inlier_count": 507,
  "inlier_ratio": 0.8521,
  "reproj_rmse": 0.2373,
  "F": [
    [
      -8.257082482588754e-08,
      1.367953629571971e-06,
      -0.00213443930646077
    ],
    [
      -1.5295134072073276e-06,
      7.594436409404982e-08,
      -0.005286452876260585
    ],
    [
      0.0022132952069838312,
      0.0047949811578541475,
      0.9999999999999999
    ]
  ],
  "E": [
    [
      0.0139115084492858,
      -0.28049250943734905,
      -0.08311593003867637
    ],
    [
      0.1506162609010466,
      0.0280994464278509,
      -0.6857075818558211
    ],
    [
      0.010749939945216242,
      0.6484000637011557,
      -0.0037730210176748404
    ]
  ],
  "R": [
    [
      0.97563097040634,
      0.10541173865718638,
      -0.1924384965053836
    ],
    [
      -0.10390633309476216,
      0.9944255070808784,
      0.01792720864323395
    ],
    [
      0.193255487701601,
      0.002505238552868389,
      0.9811452696991456
    ]
  ],
  "t": [
    [
      0.9101891718274748
    ],
    [
      -0.11251911169493399
    ],
    [
      0.3986165086789535
    ]
  ]
}