{
  "image_1": "frame_086",
  "image_2": "frame_087",
  "num_matches": 466,
  "inlier_count": 403,
  "inlier_ratio": 0.8648,
  "reproj_rmse": 0.2013,
  "F": [
    [
      6.986815034435486e-06,
      9.920266263087256e-08,
      0.021419685225207312
    ],
    [
      -1.8655466170928117e-06,
      7.638877037589215e-08,
      -0.003993840864386455
    ],
    [
      -0.028249462837853855,
      0.004822290013058618,
      1.0
    ]
  ],
  "E": [
    [
      -0.009320530391406755,
      0.04702549803630916,
      -0.17863312645932478
    ],
    [
      -0.07263260475957387,
      -0.001129901539723247,
      -0.6802198217126342
    ],
    [
      0.14201673257874833,
      0.691108718955198,
      -0.00401806276339701
    ]
  ],
  "R": [
    [
      0.9978379304882058,
      0.053668861202239154,
      -0.03793570634995207
    ],
    [
      -0.05355318444482143,
      0.9985567464554309,
      0.004059623648011861
    ],
    [
      0.03809883088539519,
      -0.002019268580289708,
      0.99927193578103
    ]
  ],
  "t": [
    [
      0.9651859265229963
    ],
    [
      -0.2530779413445007
    ],
    [
      -0.0660884471505791
    ]
  ]
}