{
  "image_1": "frame_067",
  "image_2": "frame_068",
  "num_matches": 460,
  "inlier_count": 405,
  "inlier_ratio": 0.8804,
  "reproj_rmse": 0.1543,
  "F": [
    [
      6.090408730456007e-07,
      -8.442428266189762e-06,
      0.013863168544585198
    ],
    [
      8.595976662159495e-06,
      8.708441492496243e-08,
      0.007549820547478213
    ],
    [
      -0.013995761315756772,
      -0.00856768474093046,
      1.0
    ]
  ],
  "E": [
    [
      -0.02437712164258215,
      0.08502954847466664,
      -0.23934941556969058
    ],
    [
      -0.1301951880550758,
      0.004698667257905285,
      -0.6515470032709606
    ],
    [
      0.18979945268092124,
      0.6762906467134716,
      -0.002890689346043343
    ]
  ],
  "R": [
    [
      0.9942187990478697,
      0.07834129279131377,
      -0.07342766143353192
    ],
    [
      -0.07687807709218372,
      0.9967854511613056,
      0.022550512538766332
    ],
    [
      0.0749582609351363,
      -0.01677516607782054,
      0.997045562108694
    ]
  ],
  "t": [
    [
      0.9326173803796116
    ],
    [
      -0.3420924964448472
    ],
    [
      -0.11488057142094547
    ]
  ]
}