{
  "image_1": "frame_048",
  "image_2": "frame_049",
  "num_matches": 121,
  "inlier_count": 104,
  "inlier_ratio": 0.8595,
  "reproj_rmse": 0.1549,
  "F": [
    [
      -3.2360722960580895e-07,
      5.557290925671145e-06,
      -0.008436515033397521
    ],
    [
      -5.499336316911237e-06,
      1.275686672564836e-07,
      -0.003913863188126199
    ],
    [
      0.008763803093114357,
      0.003338561068282936,
      1.0
    ]
  ],
  "E": [
    [
      -0.003755514921757641,
      -0.04522705018517131,
      -0.09371507608975496
    ],
    [
      -0.0068288773423861235,
      0.017839302377581964,
      -0.700733572023467
    ],
    [
      0.04216221437246737,
      0.7041740556477369,
      0.011257368639965544
    ]
  ],
  "R": [
    [
      0.9944562126780057,
      0.07341377152715094,
      -0.07528120094868586
    ],
    [
      -0.07163376681257974,
      0.9970899308490214,
      0.026082048457406144
    ],
    [
      0.07697690899456858,
      -0.020544779133706996,
      0.9968211813219002
    ]
  ],
  "t": [
    [
      0.9890984729062263
    ],
    [
      -0.1312066062684519
    ],
    [
      0.06685085912751329
    ]
  ]
}