{
  "image_1": "frame_065",
  "image_2": "frame_066",
  "num_matches": 540,
  "inlier_count": 526,
  "inlier_ratio": 0.9741,
  "reproj_rmse": 0.2799,
  "F": [
    [
      -1.2434742141927139e-06,
      -1.1248610895464525e-06,
      -0.0369284241462762
    ],
    [
      -3.6956904606037034e-06,
      1.0081209252999936e-06,
      -0.1454451659903673
    ],
    [
      0.03200602408170943,
      0.1447115423050623,
      1.0
    ]
  ],
  "E": [
    [
      0.012090368307893508,
      -0.2854493489192516,
      -0.15334978985126851
    ],
    [
      0.2278260006376404,
      0.01629049028408076,
      -0.6508101166269633
    ],
    [
      0.09811019768535882,
      0.6396817366122278,
      -0.017723559433459747
    ]
  ],
  "R": [
    [
      0.9921926988076155,
      0.08897371523000427,
      -0.08739179841970296
    ],
    [
      -0.08988462841458042,
      0.9959307360729349,
      -0.006536246628972148
    ],
    [
      0.08645462398063325,
      0.014340395510309148,
      0.996152574181774
    ]
  ],
  "t": [
    [
      0.8886577903201209
    ],
    [
      -0.22034575310530458
    ],
    [
      0.40216300276357614
    ]
  ]
}