{
  "image_1": "frame_073",
  "image_2": "frame_074",
  "num_matches": 253,
  "inlier_count": 221,
  "inlier_ratio": 0.8735,
  "reproj_rmse": 0.2315,
  "F": [
    [
      3.3249347193231485e-06,
      5.299607958361727e-06,
      0.00830639284177615
    ],
    [
      -6.112016026337746e-06,
      3.2921710564357337e-07,
      0.0031280307528522506
    ],
    [
      -0.014378678485161443,
      -0.0027064922980995242,
      0.9999999999999999
    ]
  ],
  "E": [
    [
      0.008382446787167978,
      0.0327200551368999,
      0.06703804597881892
    ],
    [
      -0.12573586578310375,
      -0.034533111599271735,
      -0.6915426811383761
    ],
    [
      -0.09458636842847996,
      0.699826415029498,
      -0.020690991433583054
    ]
  ],
  "R": [
    [
      0.9898194772465487,
      0.031019380057573265,
      -0.13890716512913343
    ],
    [
      -0.037331407262266414,
      0.9983744529776246,
      -0.0430675942379832
    ],
    [
      0.13734543492663778,
      0.04781474356798948,
      0.989368476252574
    ]
  ],
  "t": [
    [
      0.994349066444013
    ],
    [
      0.09763889002845565
    ],
    [
      -0.04167230754266642
    ]
  ]
}