{
  "image_1": "frame_116",
  "image_2": "frame_117",
  "num_matches": 78,
  "inlier_count": 62,
  "inlier_ratio": 0.7949,
  "reproj_rmse": 0.2677,
  "F": [
    [
      -7.428730259439656e-07,
      9.525226052626753e-07,
      -0.0038865613907007137
    ],
    [
      -7.370308752829559e-07,
      2.815069940527995e-08,
      0.0002937346497879529
    ],
    [
      0.00428692174948205,
      -0.0007621796296985158,
      1.0
    ]
  ],
  "E": [
    [
      -0.000985299045628876,
      -0.16651042951937253,
      -0.19844342434821263
    ],
    [
      0.10942413184499473,
      0.014954912974560317,
      -0.6697581577956648
    ],
    [
      0.13367799455940166,
      0.6738652987671472,
      -0.0124894468296196
    ]
  ],
  "R": [
    [
      0.9917734373728192,
      0.09559152452288999,
      -0.08513347967217502
    ],
    [
      -0.09537256545318606,
      0.9954194701408073,
      0.006644713949614571
    ],
    [
      0.08537870156298161,
      0.001529347568123604,
      0.9963473984587078
    ]
  ],
  "t": [
    [
      0.9304767738964814
    ],
    [
      -0.2800954123681287
    ],
    [
      0.23613456589310355
    ]
  ]
}