{
  "image_1": "frame_096",
  "image_2": "frame_097",
  "num_matches": 301,
  "inlier_count": 240,
  "inlier_ratio": 0.7973,
  "reproj_rmse": 0.1653,
  "F": [
    [
      -2.7497602692266894e-06,
      7.154815696483256e-05,
      -0.03879220869243435
    ],
    [
      -8.63471488097799e-05,
      2.403591651624211e-06,
      -0.5088616779337751
    ],
    [
      0.028172503696489583,
      0.5213987713594294,
      1.0
    ]
  ],
  "E": [
    [
      -0.0016358699496311772,
      -0.00516780509824385,
      -0.031108731075709717
    ],
    [
      0.049120183540262714,
      0.010886942416209836,
      0.7046231299277393
    ],
    [
      0.0802399726799489,
      -0.7025022591906377,
      0.00546937033284123
    ]
  ],
  "R": [
    [
      0.9955915350011381,
      0.06877357437476782,
      -0.06377845170428552
    ],
    [
      -0.06958339433650343,
      0.9975202265536546,
      -0.010561668852814825
    ],
    [
      0.06289393187492949,
      0.014953029260458467,
      0.997908192294886
    ]
  ],
  "t": [
    [
      0.9990023669349674
    ],
    [
      0.04415714720479616
    ],
    [
      -0.006664623700307452
    ]
  ]
}