{
  "image_1": "frame_125",
  "image_2": "frame_126",
  "num_matches": 875,
  "inlier_count": 848,
  "inlier_ratio": 0.9691,
  "reproj_rmse": 0.1931,
  "F": [
    [
      -2.1718662175078772e-07,
      5.214062550882668e-06,
      -0.0019518578653231105
    ],
    [
      -5.882263844953312e-06,
      -1.0664847531322465e-07,
      -0.038636325623550315
    ],
    [
      0.0007649609002874385,
      0.03998920923622793,
      1.0
    ]
  ],
  "E": [
    [
      -0.008018286492851237,
      0.1148805291323511,
      -0.0004152074644534724
    ],
    [
      -0.1492421304156455,
      -0.006740133427664916,
      -0.6911442131788379
    ],
    [
      -0.04726056606577248,
      0.6960550321247247,
      0.003586580477811659
    ]
  ],
  "R": [
    [
      0.9963767018625929,
      0.06936598123586347,
      -0.04921207811714293
    ],
    [
      -0.06919297342826589,
      0.997589676078766,
      0.005212543449978131
    ],
    [
      0.04945503425918585,
      -0.001788526837495981,
      0.9987747497600118
    ]
  ],
  "t": [
    [
      0.9866488724067455
    ],
    [
      -0.0014378454585951641
    ],
    [
      -0.16285556539134632
    ]
  ]
}