{
  "image_1": "frame_075",
  "image_2": "frame_076",
  "num_matches": 236,
  "inlier_count": 215,
  "inlier_ratio": 0.911,
  "reproj_rmse": 0.1601,
  "F": [
    [
      9.46546234835372e-08,
      8.75599450386505e-06,
      -0.002066805646477535
    ],
    [
      -7.204067064229097e-06,
      3.449609585916646e-08,
      0.03329730621309783
    ],
    [
      0.0011707911600594332,
      -0.034462643576188424,
      0.9999999999999999
    ]
  ],
  "E": [
    [
      -0.013544741888228228,
      -0.12013578674615277,
      -0.1769759397307122
    ],
    [
      0.03898266571690251,
      0.017111279064869932,
      -0.6836044917490594
    ],
    [
      0.130169699701373,
      0.684063404582784,
      -0.007000858492989274
    ]
  ],
  "R": [
    [
      0.9903302762281078,
      0.06716450694278636,
      -0.12138728513766457
    ],
    [
      -0.06505508294548362,
      0.9976551220941995,
      0.021262491438305484
    ],
    [
      0.12253073152852889,
      -0.013160029116238828,
      0.9923774652140904
    ]
  ],
  "t": [
    [
      0.9529569239650821
    ],
    [
      -0.2484852299951846
    ],
    [
      0.17357474338523154
    ]
  ]
}