{
  "image_1": "frame_128",
  "image_2": "frame_129",
  "num_matches": 787,
  "inlier_count": 773,
  "inlier_ratio": 0.9822,
  "reproj_rmse": 0.215,
  "F": [
    [
      1.227986443630781e-08,
      -1.7751695992596295e-08,
      0.0005041711376667622
    ],
    [
      -1.6937839427353417e-07,
      6.031622903155282e-08,
      -0.00782783877160108
    ],
    [
      -0.0007621365548443626,
      0.007921843267570373,
      1.0
    ]
  ],
  "E": [
    [
      -0.004670959024535243,
      0.010906593171394925,
      -0.033321724574491486
    ],
    [
      -0.08943934345166613,
      0.016125605659878174,
      -0.7004228179269846
    ],
    [
      -0.026425091804208302,
      0.7062535376051515,
      0.020124388044705326
    ]
  ],
  "R": [
    [
      0.9900226554125157,
      0.08815856436677144,
      -0.10992365213520391
    ],
    [
      -0.08492474324553156,
      0.9958149081931648,
      0.03377064709062376
    ],
    [
      0.1124407833245218,
      -0.02409846777346528,
      0.9933661631525103
    ]
  ],
  "t": [
    [
      0.9987481074210518
    ],
    [
      -0.04792587635629178
    ],
    [
      -0.014329281152534585
    ]
  ]
}