{
  "image_1": "frame_013",
  "image_2": "frame_014",
  "num_matches": 99,
  "inlier_count": 75,
  "inlier_ratio": 0.7576,
  "reproj_rmse": 0.2117,
  "F": [
    [
      -2.2433821997299657e-07,
      8.001774084302044e-06,
      -0.011937851285869088
    ],
    [
      -7.365593501272592e-06,
      -6.768483810171477e-08,
      0.019133478180207796
    ],
    [
      0.011760023963271022,
      -0.02005960244891297,
      1.0
    ]
  ],
  "E": [
    [
      -0.026085773419042772,
      -0.11628227759272856,
      -0.19622895571028773
    ],
    [
      0.007930975769219913,
      0.03564641339144059,
      -0.6793305638864906
    ],
    [
      0.15225924257331033,
      0.6791770932387818,
      0.0020440547658720407
    ]
  ],
  "R": [
    [
      0.9836088185760901,
      0.06389055317823089,
      -0.16861698975467437
    ],
    [
      -0.05590949169296383,
      0.9970980701427877,
      0.0516678551534978
    ],
    [
      0.17142876292496181,
      -0.0413936677779106,
      0.9843265431298239
    ]
  ],
  "t": [
    [
      0.9458246785571075
    ],
    [
      -0.27267716371319967
    ],
    [
      0.17624653704872917
    ]
  ]
}