{
  "image_1": "frame_017",
  "image_2": "frame_019",
  "num_matches": 89,
  "inlier_count": 62,
  "inlier_ratio": 0.6966,
  "reproj_rmse": 0.2211,
  "F": [
    [
      -1.1516325638693728e-06,
      1.20584224919196e-05,
      -0.015529370565094834
    ],
    [
      -1.2195969915839116e-05,
      -5.417978259100315e-08,
      0.019417030901653223
    ],
    [
      0.01767265345509005,
      -0.020165141870274236,
      1.0
    ]
  ],
  "E": [
    [
      0.025373078444318038,
      -0.2932993470371016,
      -0.01700243699090078
    ],
    [
      0.24948809131397204,
      0.00131403036341683,
      -0.6610892312307365
    ],
    [
      -0.0328112343799998,
      0.6419912256802324,
      -0.02298477908881048
    ]
  ],
  "R": [
    [
      0.9935464629234245,
      0.08995591637214165,
      -0.06908950080873333
    ],
    [
      -0.09239083116555111,
      0.9951794981385542,
      -0.03288922013719895
    ],
    [
      0.06579787480527166,
      0.03906020474015569,
      0.9970681722313517
    ]
  ],
  "t": [
    [
      0.9088923113369528
    ],
    [
      -0.03781526225131093
    ],
    [
      0.41531286078501845
    ]
  ]
}