{
  "image_1": "frame_035",
  "image_2": "frame_036",
  "num_matches": 68,
  "inlier_count": 50,
  "inlier_ratio": 0.7353,
  "reproj_rmse": 0.1592,
  "F": [
    [
      -1.5003366662439585e-06,
      2.8393692484580024e-05,
      -0.038796703325492024
    ],
    [
      -2.5754152757954426e-05,
      4.5341551418115713e-07,
      0.04650688771744322
    ],
    [
      0.03820940259900172,
      -0.048513226350445575,
      1.0
    ]
  ],
  "E": [
    [
      0.004545262951472868,
      -0.10577000691234197,
      -0.015113356609245386
    ],
    [
      0.05858136431196395,
      -0.0036319450296528086,
      -0.7044812209328889
    ],
    [
      -0.021096543341532787,
      0.6987984303638325,
      -0.007782309304198686
    ]
  ],
  "R": [
    [
      0.9963408672711338,
      0.052457487163377906,
      -0.06747657553484056
    ],
    [
      -0.05322147125601083,
      0.9985368402277327,
      -0.00957359417150442
    ],
    [
      0.06687563983058865,
      0.013129765745020068,
      0.997674926039905
    ]
  ],
  "t": [
    [
      0.9884974786760632
    ],
    [
      -0.022857912571212682
    ],
    [
      0.14950000161857208
    ]
  ]
}