{
  "image_1": "frame_130",
  "image_2": "frame_131",
  "num_matches": 496,
  "inlier_count": 469,
  "inlier_ratio": 0.9456,
  "reproj_rmse": 0.2425,
  "F": [
    [
      -1.002818133811765e-06,
      1.9106080213328512e-05,
      -0.04110963266588284
    ],
    [
      -1.8244836222129437e-05,
      5.33938360977406e-07,
      -0.033255168299387655
    ],
    [
      0.03675981528392272,
      0.03097766469668373,
      1.0
    ]
  ],
  "E": [
    [
      -0.020280763345044764,
      -0.10419516021307658,
      -0.2739668708879138
    ],
    [
      0.03552182676974699,
      0.012318218344452667,
      -0.650744947918241
    ],
    [
      0.21516857267626896,
      0.6648938188416986,
      -0.020257886350822818
    ]
  ],
  "R": [
    [
      0.9903197905982462,
      0.08847015448251627,
      -0.10695673945705733
    ],
    [
      -0.08746294648955855,
      0.9960682541653274,
      0.014080697262619027
    ],
    [
      0.10778193420425347,
      -0.004589641584764222,
      0.9941639652739953
    ]
  ],
  "t": [
    [
      0.9095869533829075
    ],
    [
      -0.3876015327076214
    ],
    [
      0.14972182899732042
    ]
  ]
}