{
  "image_1": "frame_084",
  "image_2": "frame_085",
  "num_matches": 263,
  "inlier_count": 245,
  "inlier_ratio": 0.9316,
  "reproj_rmse": 0.2463,
  "F": [
    [
      -6.489455112033663e-07,
      9.995785629417246e-06,
      -0.010114380667921018
    ],
    [
      -1.1861556769100617e-05,
      3.8665452025209434e-07,
      -0.027587282148822567
    ],
    [
      0.010331971602521214,
      0.026358355260155033,
      1.0
    ]
  ],
  "E": [
    [
      0.014603507069566207,
      -0.22122498856148914,
      -0.06505582124545654
    ],
    [
      0.19117757873816882,
      0.0022736836346015253,
      -0.6772270375598715
    ],
    [
      0.015875041557139112,
      0.6715063324794545,
      -0.015833950337488037
    ]
  ],
  "R": [
    [
      0.995925756694434,
      0.07869313240396127,
      -0.0440372349844006
    ],
    [
      -0.0795954507980383,
      0.9966437998480415,
      -0.01912329565514085
    ],
    [
      0.04238456517266448,
      0.02255054626631995,
      0.99884684586688
    ]
  ],
  "t": [
    [
      0.9451073824061638
    ],
    [
      -0.09807653489423383
    ],
    [
      0.3116938065225382
    ]
  ]
}