{
  "image_1": "frame_066",
  "image_2": "frame_067",
  "num_matches": 584,
  "inlier_count": 550,
  "inlier_ratio": 0.9418,
  "reproj_rmse": 0.2249,
  "F": [
    [
      9.344329987561877e-08,
      -2.4394372006127446e-06,
      0.0013306477900758597
    ],
    [
      2.1142756672718385e-06,
      1.4840991568434452e-07,
      -0.010722247750578066
    ],
    [
      -0.0017218279806499616,
      0.010359669454256707,
      1.0
    ]
  ],
  "E": [
    [
      0.0008162270207476708,
      -0.2717789209234988,
      -0.2370690927336034
    ],
    [
      0.2158392114293784,
      0.03807540387592703,
      -0.6318735048444283
    ],
    [
      0.1763533688334263,
      0.6257181423204334,
      -0.0031088844607325226
    ]
  ],
  "R": [
    [
      0.9915521510794156,
      0.08694179631798643,
      -0.09625723735275798
    ],
    [
      -0.08429684969023771,
      0.9959515009940175,
      0.031219365785748632
    ],
    [
      0.09858180776433806,
      -0.02284144743147115,
      0.9948667727174078
    ]
  ],
  "t": [
    [
      0.8601555640528931
    ],
    [
      -0.32465234422331657
    ],
    [
      0.39336148898837875
    ]
  ]
}