{
  "image_1": "frame_028",
  "image_2": "frame_029",
  "num_matches": 164,
  "inlier_count": 130,
  "inlier_ratio": 0.7927,
  "reproj_rmse": 0.2333,
  "F": [
    [
      2.8662951059682753e-08,
      2.2032173207329593e-06,
      0.0015017976039682595
    ],
    [
      -2.4660202817821523e-06,
      -2.0791418911321576e-07,
      -0.01701837667652979
    ],
    [
      -0.0013782099656167136,
      0.017624064760175036,
      1.0
    ]
  ],
  "E": [
    [
      -0.004616849226636893,
      0.15895561504600536,
      0.07673473930640196
    ],
    [
      -0.1949645723458323,
      -0.003602607125326436,
      -0.675512308586539
    ],
    [
      -0.11160256253002132,
      0.6796402235108047,
      0.010796724274105383
    ]
  ],
  "R": [
    [
      0.9972117297889594,
      0.053885450432031065,
      -0.05162484094937972
    ],
    [
      -0.05343347285784181,
      0.9985203669650535,
      0.010096570423921657
    ],
    [
      0.05209251337439899,
      -0.007309923919716233,
      0.99861550912382
    ]
  ],
  "t": [
    [
      0.9683218234989266
    ],
    [
      0.10638569170702948
    ],
    [
      -0.22590912052356468
    ]
  ]
}