{
  "image_1": "frame_062",
  "image_2": "frame_063",
  "num_matches": 194,
  "inlier_count": 168,
  "inlier_ratio": 0.866,
  "reproj_rmse": 0.2718,
  "F": [
    [
      1.2967623513384702e-08,
      1.6624475394629837e-06,
      0.0025351323971308216
    ],
    [
      -8.992755368265008e-07,
      4.270872484790854e-08,
      0.031699985008550736
    ],
    [
      -0.001677691536934865,
      -0.03223376092957359,
      1.0
    ]
  ],
  "E": [
    [
      0.006401271354218523,
      -0.22458854477933513,
      -0.16161789918362177
    ],
    [
      0.189450065770552,
      0.004474698861615586,
      -0.6610770354927537
    ],
    [
      0.12132360252119047,
      0.6599122226364381,
      -0.016152666110684274
    ]
  ],
  "R": [
    [
      0.9966108445227316,
      0.06483697807258418,
      -0.05062598990738973
    ],
    [
      -0.06552373847365894,
      0.9977785654899026,
      -0.012023890607769025
    ],
    [
      0.04973393485461847,
      0.015300343895719437,
      0.9986452999942219
    ]
  ],
  "t": [
    [
      0.9202159137294936
    ],
    [
      -0.23266199866572498
    ],
    [
      0.3147555662666877
    ]
  ]
}