{
  "image_1": "frame_034",
  "image_2": "frame_035",
  "num_matches": 99,
  "inlier_count": 66,
  "inlier_ratio": 0.6667,
  "reproj_rmse": 0.2517,
  "F": [
    [
      -2.9106943827062983e-07,
      7.559797899948022e-06,
      -0.003436699668581233
    ],
    [
      -7.319855598206435e-06,
      -4.477737340086479e-07,
      -0.032484721818552914
    ],
    [
      0.002386359241659611,
      0.03402637293983176,
      1.0
    ]
  ],
  "E": [
    [
      0.007604947996344592,
      -0.06764359524837203,
      0.025151314214913262
    ],
    [
      -0.009471038476046486,
      -0.0016129755905036475,
      -0.7065917971608191
    ],
    [
      -0.07510017506320377,
      0.6998044285110131,
      0.0018372936439770156
    ]
  ],
  "R": [
    [
      0.9914443695991518,
      0.0706563250137979,
      -0.1097531126013515
    ],
    [
      -0.07123132590142667,
      0.9974589465474347,
      -0.001322181079306475
    ],
    [
      0.10938080361957915,
      0.009128728719071798,
      0.9939580001748103
    ]
  ],
  "t": [
    [
      0.9947199808801571
    ],
    [
      0.03565753566842477
    ],
    [
      0.0962325297798771
    ]
  ]
}