{
  "image_1": "frame_100",
  "image_2": "frame_101",
  "num_matches": 208,
  "inlier_count": 174,
  "inlier_ratio": 0.8365,
  "reproj_rmse": 0.2139,
  "F": [
    [
      -1.4971763091627023e-06,
      3.4972660945244997e-06,
      -0.010117690081546943
    ],
    [
      -3.373283721233897e-06,
      4.999347483010182e-08,
      0.002668358521439392
    ],
    [
      0.012102864968471513,
      -0.003430511851409697,
      1.0
    ]
  ],
  "E": [
    [
      0.0036020738663797426,
      -0.06415997381131741,
      -0.01802815251462678
    ],
    [
      -0.004487020408216882,
      -0.007097565569817282,
      -0.7068089234168271
    ],
    [
      -0.04089363001252738,
      0.7029592211896313,
      -0.008496463932212213
    ]
  ],
  "R": [
    [
      0.9917299288046182,
      0.08314860801717305,
      -0.09776531745968649
    ],
    [
      -0.08447202145712021,
      0.9963808576866654,
      -0.00946910906752512
    ],
    [
      0.09662414762436455,
      0.017649232855596594,
      0.9951644480564374
    ]
  ],
  "t": [
    [
      0.9955355428524905
    ],
    [
      -0.02648157809498466
    ],
    [
      0.09059640687685376
    ]
  ]
}