{
  "image_1": "frame_087",
  "image_2": "frame_088",
  "num_matches": 498,
  "inlier_count": 453,
  "inlier_ratio": 0.9096,
  "reproj_rmse": 0.2164,
  "F": [
    [
      -2.9406090044034713e-07,
      5.239149856231749e-06,
      -0.0037179931219833546
    ],
    [
      -5.232529997620864e-06,
      6.492476877611023e-08,
      0.03132832502390279
    ],
    [
      0.005375258467678487,
      -0.0317771551805514,
      0.9999999999999999
    ]
  ],
  "E": [
    [
      0.008337428154132114,
      -0.25479221290026577,
      -0.17139252928166873
    ],
    [
      0.22987297887632022,
      0.004990213094193099,
      -0.6454537008803756
    ],
    [
      0.13793087553110792,
      0.6457014182253213,
      -0.014275850106080507
    ]
  ],
  "R": [
    [
      0.9977565717949732,
      0.05664795403247605,
      -0.03567678157957832
    ],
    [
      -0.057129608581290986,
      0.9982869014175666,
      -0.012628154317323476
    ],
    [
      0.03490030463034588,
      0.014638024526832119,
      0.999283591867024
    ]
  ],
  "t": [
    [
      0.9007064077085188
    ],
    [
      -0.24707501442124624
    ],
    [
      0.3573260476953176
    ]
  ]
}