{
  "image_1": "frame_003",
  "image_2": "frame_004",
  "num_matches": 173,
  "inlier_count": 140,
  "inlier_ratio": 0.8092,
  "reproj_rmse": 0.2337,
  "F": [
    [
      6.540280076520833e-07,
      -9.320940776749784e-06,
      0.015034911069325193
    ],
    [
      9.47536964931757e-06,
      5.039042807469367e-08,
      -0.0014878595708271987
    ],
    [
      -0.015968258168175455,
      0.0008436027789702275,
      1.0
    ]
  ],
  "E": [
    [
      0.024194488156117647,
      -0.672014949139933,
      -0.19566363821404856
    ],
    [
      0.6715967938680271,
      0.023099245045973733,
      -0.09524507633557373
    ],
    [
      0.19484155115846274,
      0.10447727440519906,
      0.0003023400528980961
    ]
  ],
  "R": [
    [
      0.9993825806000954,
      0.03495928341287884,
      0.003508004611110338
    ],
    [
      -0.03494507767244102,
      0.9993810996814226,
      -0.0040322631383971075
    ],
    [
      -0.0036467985357896693,
      0.0039071860472993936,
      0.9999857172768177
    ]
  ],
  "t": [
    [
      -0.13803097881384255
    ],
    [
      0.28054428091953304
    ],
    [
      -0.9498643878633596
    ]
  ]
}