{
  "image_1": "frame_095",
  "image_2": "frame_096",
  "num_matches": 460,
  "inlier_count": 382,
  "inlier_ratio": 0.8304,
  "reproj_rmse": 0.1855,
  "F": [
    [
      -2.0173931799444806e-07,
      5.039552725669958e-06,
      -0.002190446987503088
    ],
    [
      -8.24474011100712e-07,
      1.9741838115042263e-06,
      0.1620651137878084
    ],
    [
      0.0071461265622599765,
      -0.17017412145376748,
      1.0
    ]
  ],
  "E": [
    [
      0.002099899081304419,
      -0.04022685788010359,
      -0.009162087942312332
    ],
    [
      -0.011411115883167748,
      -0.006214544669226233,
      -0.7069236165909529
    ],
    [
      -0.03956470284929976,
      0.7048269769678511,
      -0.006097497446396588
    ]
  ],
  "R": [
    [
      0.994924525124478,
      0.06868507595829214,
      -0.07353604317908308
    ],
    [
      -0.06943216090890265,
      0.9975573527347038,
      -0.007648727766746146
    ],
    [
      0.07283106711666712,
      0.012715673223750524,
      0.997263228699983
    ]
  ],
  "t": [
    [
      0.9982919878206779
    ],
    [
      -0.013428788047945686
    ],
    [
      0.056857494709168885
    ]
  ]
}