{
  "image_1": "frame_029",
  "image_2": "frame_031",
  "num_matches": 100,
  "inlier_count": 60,
  "inlier_ratio": 0.6,
  "reproj_rmse": 0.198,
  "F": [
    [
      1.0394622518978569e-07,
      -7.714002887782157e-06,
      0.007741300522079593
    ],
    [
      3.463589656146779e-06,
      3.358438674944484e-06,
      0.03362870872115389
    ],
    [
      -0.0029270553781829,
      -0.03698914420203603,
      1.0
    ]
  ],
  "E": [
    [
      -0.007892581271407224,
      -0.04127437977050765,
      -0.09898774017544694
    ],
    [
      -0.03756025156062721,
      -0.005741430456222165,
      -0.6990011631545693
    ],
    [
      0.044068287583979356,
      0.7044533035935999,
      -0.013882597143522383
    ]
  ],
  "R": [
    [
      0.9907650249500771,
      0.07745237970377901,
      -0.11129148311481257
    ],
    [
      -0.07837990287859153,
      0.9969156314773625,
      -0.003976750034128286
    ],
    [
      0.1106402104138253,
      0.01266304048453682,
      0.993779850492689
    ]
  ],
  "t": [
    [
      0.9883679072393966
    ],
    [
      -0.14109314219747104
    ],
    [
      0.056759185724070446
    ]
  ]
}