{
  "image_1": "frame_022",
  "image_2": "frame_023",
  "num_matches": 282,
  "inlier_count": 257,
  "inlier_ratio": 0.9113,
  "reproj_rmse": 0.2238,
  "F": [
    [
      -3.797768473819948e-07,
      1.1280478921051699e-05,
      -0.016079977341769726
    ],
    [
      -1.1124180248832652e-05,
      1.9762332631769274e-07,
      0.03084806353178454
    ],
    [
      0.016869050906213247,
      -0.03173861893344276,
      1.0
    ]
  ],
  "E": [
    [
      -0.000844047552577705,
      -0.12732540712825222,
      -0.08113107427871637
    ],
    [
      0.067096727799806,
      0.00029568238672390834,
      -0.6991269210438807
    ],
    [
      0.04797889245857023,
      0.6939188976648398,
      -0.00996776675017147
    ]
  ],
  "R": [
    [
      0.9951489081430324,
      0.04809044334178075,
      -0.08582517043922684
    ],
    [
      -0.04863335866907771,
      0.9988076772882717,
      -0.004245022328883515
    ],
    [
      0.08551869413348209,
      0.008398395632436976,
      0.996301169277897
    ]
  ],
  "t": [
    [
      0.9769393809953058
    ],
    [
      -0.11592661439152803
    ],
    [
      0.17930551005539921
    ]
  ]
}