{
  "image_1": "frame_074",
  "image_2": "frame_075",
  "num_matches": 357,
  "inlier_count": 307,
  "inlier_ratio": 0.8599,
  "reproj_rmse": 0.2262,
  "F": [
    [
      1.0282447915337512e-06,
      -1.1945403411085534e-05,
      0.01975757435455211
    ],
    [
      1.1653072204986929e-05,
      -1.420221190663296e-07,
      -0.01078639110945381
    ],
    [
      -0.0220163178704028,
      0.01143457551847217,
      1.0
    ]
  ],
  "E": [
    [
      0.0009532847084702272,
      0.13290605272030812,
      0.10762873028510846
    ],
    [
      -0.17180887740709175,
      -0.0003057375170206946,
      -0.6775842741985795
    ],
    [
      -0.13203370365986755,
      0.6815659991698292,
      0.012132032671711264
    ]
  ],
  "R": [
    [
      0.9977331386362633,
      0.03788391252176815,
      -0.05561828151852308
    ],
    [
      -0.037437777423469015,
      0.9992580534230063,
      0.009041874299882333
    ],
    [
      0.05591955729994136,
      -0.006939152780209935,
      0.9984111634342194
    ]
  ],
  "t": [
    [
      0.9703103924165053
    ],
    [
      0.15073929498690244
    ],
    [
      -0.18914387993106996
    ]
  ]
}