{
  "image_1": "frame_076",
  "image_2": "frame_077",
  "num_matches": 229,
  "inlier_count": 185,
  "inlier_ratio": 0.8079,
  "reproj_rmse": 0.2283,
  "F": [
    [
      -4.187266455151472e-06,
      2.5105709418719303e-05,
      -0.04460862298605879
    ],
    [
      -2.267494369695563e-05,
      8.655231930487191e-07,
      0.01914869777161201
    ],
    [
      0.04817644945861549,
      -0.023437440360210875,
      1.0
    ]
  ],
  "E": [
    [
      0.004803546519055151,
      -0.3618102209029825,
      -0.11643899715184122
    ],
    [
      0.3205135377620379,
      0.018281997225695547,
      -0.6198954627492979
    ],
    [
      0.09146450029237288,
      0.5998433756201969,
      -0.0009358395256884849
    ]
  ],
  "R": [
    [
      0.9969729616081264,
      0.03549757053364434,
      -0.06917251122035983
    ],
    [
      -0.03478444297803804,
      0.9993288185347813,
      0.011487165559265405
    ],
    [
      0.0695338503825978,
      -0.00904626619591134,
      0.9975385750530567
    ]
  ],
  "t": [
    [
      0.8432226869970328
    ],
    [
      -0.1591631612625016
    ],
    [
      0.5134613794925875
    ]
  ]
}