{
  "image_1": "frame_051",
  "image_2": "frame_052",
  "num_matches": 103,
  "inlier_count": 66,
  "inlier_ratio": 0.6408,
  "reproj_rmse": 0.2835,
  "F": [
    [
      -1.7030719519659086e-08,
      1.1973329787562708e-06,
      -0.005058443376759127
    ],
    [
      -1.018198232252705e-06,
      1.143115176942651e-07,
      -0.014005251314415526
    ],
    [
      0.00409486397199222,
      0.01324956574733531,
      1.0
    ]
  ],
  "E": [
    [
      -0.011295492950202747,
      0.5109528892632673,
      -0.051910085433938914
    ],
    [
      -0.47159582590718563,
      -0.02963965515703224,
      -0.5248168836559806
    ],
    [
      0.022292683856953176,
      0.4865572504609904,
      -0.012493380318553923
    ]
  ],
  "R": [
    [
      0.9963886887790963,
      0.030093257567953606,
      0.07939758637403327
    ],
    [
      -0.027659928471979747,
      0.9991186977936304,
      -0.03157144399746589
    ],
    [
      -0.08027770070198953,
      0.02926129812754499,
      0.996342946581092
    ]
  ],
  "t": [
    [
      -0.687175232124634
    ],
    [
      0.05071698844996105
    ],
    [
      0.7247192473206585
    ]
  ]
}