{
  "image_1": "frame_045",
  "image_2": "frame_046",
  "num_matches": 76,
  "inlier_count": 57,
  "inlier_ratio": 0.75,
  "reproj_rmse": 0.1862,
  "F": [
    [
      7.945840580885114e-07,
      -2.0351931860481007e-05,
      0.01781575650013315
    ],
    [
      1.9967991999717336e-05,
      4.41114280004904e-07,
      -0.012602825629602271
    ],
    [
      -0.018408912650193787,
      0.011401846355814434,
      1.0
    ]
  ],
  "E": [
    [
      0.037121124697210094,
      -0.6064544583598744,
      -0.004510634333054723
    ],
    [
      0.6071045588318572,
      0.037429164807684136,
      0.36055325001216026
    ],
    [
      0.027039826278165025,
      -0.36070475128766044,
      0.00025016186115011074
    ]
  ],
  "R": [
    [
      0.9981293442954422,
      0.06110939721596659,
      -0.0018583939980116315
    ],
    [
      -0.06111081715012398,
      0.9981307298295032,
      -0.000717075496097978
    ],
    [
      0.0018111001062213195,
      0.0008293020705357132,
      0.9999980160852726
    ]
  ],
  "t": [
    [
      0.5114971480166022
    ],
    [
      0.006995165908552277
    ],
    [
      -0.8592565014154935
    ]
  ]
}