{
  "image_1": "frame_050",
  "image_2": "frame_051",
  "num_matches": 95,
  "inlier_count": 68,
  "inlier_ratio": 0.7158,
  "reproj_rmse": 0.2505,
  "F": [
    [
      -2.180314883307019e-07,
      2.392655938971328e-06,
      -0.0046436008187098555
    ],
    [
      -2.6455026175117942e-06,
      2.133040026394636e-07,
      -0.00960129523841103
    ],
    [
      0.004494091829789847,
      0.009077010302059714,
      1.0
    ]
  ],
  "E": [
    [
      0.013617658365009291,
      -0.2759366525087683,
      -0.16032609496532846
    ],
    [
      0.23828768495356326,
      0.025878782033184198,
      -0.6461959276286169
    ],
    [
      0.10472973491807981,
      0.6418474177053227,
      -0.0035682518432840907
    ]
  ],
  "R": [
    [
      0.9947269022965927,
      0.0836047066878709,
      -0.0594023809881391
    ],
    [
      -0.08320192577268404,
      0.9964899980437327,
      0.00922623143641775
    ],
    [
      0.05996523488773936,
      -0.004235188122923575,
      0.9981914815236708
    ]
  ],
  "t": [
    [
      0.8921536487131326
    ],
    [
      -0.22351774406585162
    ],
    [
      0.3925578749376412
    ]
  ]
}