{
  "image_1": "frame_055",
  "image_2": "frame_056",
  "num_matches": 46,
  "inlier_count": 36,
  "inlier_ratio": 0.7826,
  "reproj_rmse": 0.2523,
  "F": [
    [
      9.969558354600078e-08,
      6.055399189193895e-07,
      0.004513989742292875
    ],
    [
      1.0414877807484337e-07,
      9.526906088530515e-08,
      0.02899632496690689
    ],
    [
      -0.004222820739605937,
      -0.02990222277811505,
      1.0
    ]
  ],
  "E": [
    [
      -0.003782145763243902,
      -0.10715280256067683,
      -0.1403705393493244
    ],
    [
      0.05596497807702834,
      0.0030801916175671384,
      -0.6906750244151221
    ],
    [
      0.09817317917138925,
      0.6920072610463357,
      -0.010700738653779195
    ]
  ],
  "R": [
    [
      0.9954221043183743,
      0.06112130286954043,
      -0.07347802780361869
    ],
    [
      -0.061325044801292,
      0.9981177138590059,
      -0.0005178426317155333
    ],
    [
      0.07330806991388451,
      0.005021515349135631,
      0.9972967017237646
    ]
  ],
  "t": [
    [
      0.9682975616612881
    ],
    [
      -0.19913033067620603
    ],
    [
      0.1508208987030276
    ]
  ]
}