{
  "image_1": "frame_039",
  "image_2": "frame_040",
  "num_matches": 110,
  "inlier_count": 89,
  "inlier_ratio": 0.8091,
  "reproj_rmse": 0.2,
  "F": [
    [
      5.813428493773771e-08,
      -1.5160459863424386e-06,
      0.001965813313755337
    ],
    [
      1.6966306588114565e-06,
      2.3767186134488957e-07,
      0.009778528835736265
    ],
    [
      -0.0017560251108381451,
      -0.010640115219051055,
      1.0
    ]
  ],
  "E": [
    [
      -0.008550058169753988,
      0.22401455184557748,
      0.04834104452767982
    ],
    [
      -0.2062455062508233,
      -0.020925744578502013,
      -0.6739492108910209
    ],
    [
      -0.07470207471200008,
      0.6666386147828074,
      -0.015409195287925729
    ]
  ],
  "R": [
    [
      0.9991643719116047,
      0.032903025354170515,
      0.024247656072922563
    ],
    [
      -0.032393548338910755,
      0.9992521705609237,
      -0.02111297362517757
    ],
    [
      -0.024924203668374667,
      0.020309863412283163,
      0.9994830131221204
    ]
  ],
  "t": [
    [
      -0.9459466374808803
    ],
    [
      -0.0750648453610858
    ],
    [
      0.3155158126457885
    ]
  ]
}