{
  "image_1": "frame_079",
  "image_2": "frame_080",
  "num_matches": 149,
  "inlier_count": 125,
  "inlier_ratio": 0.8389,
  "reproj_rmse": 0.1952,
  "F": [
    [
      -1.2460655669105397e-06,
      8.062502328325034e-06,
      -0.041708689305047425
    ],
    [
      -1.0397664608627766e-05,
      6.600861179727203e-07,
      -0.09161128939123964
    ],
    [
      0.04124283548935592,
      0.09152545756020006,
      1.0
    ]
  ],
  "E": [
    [
      -0.0067604822329857045,
      -0.07717584082461373,
      -0.1200844783004267
    ],
    [
      0.013426276809072163,
      0.0030375991824501754,
      -0.6966566499385085
    ],
    [
      0.08169390037994649,
      0.6980747809417279,
      -0.008696584207789817
    ]
  ],
  "R": [
    [
      0.9943149055253628,
      0.054879436513766935,
      -0.09124755392896652
    ],
    [
      -0.05480735600067729,
      0.99849150264628,
      0.003297403734676842
    ],
    [
      0.09129086689424935,
      0.0017223794894515032,
      0.99582278093574
    ]
  ],
  "t": [
    [
      0.9793650019725091
    ],
    [
      -0.17017649766477413
    ],
    [
      0.1090144602974233
    ]
  ]
}