{
  "image_1": "frame_131",
  "image_2": "frame_132",
  "num_matches": 470,
  "inlier_count": 404,
  "inlier_ratio": 0.8596,
  "reproj_rmse": 0.1687,
  "F": [
    [
      -1.809637004067636e-06,
      9.844783062830722e-06,
      -0.016567552210822203
    ],
    [
      -9.009674562667292e-06,
      1.663737860169191e-07,
      0.006756990667317646
    ],
    [
      0.017893076101464216,
      -0.00822302358688077,
      1.0
    ]
  ],
  "E": [
    [
      -0.012075382462681467,
      -0.18098778354312364,
      -0.24796793897255756
    ],
    [
      0.1115695533095742,
      0.03319515388687372,
      -0.65376160218601
    ],
    [
      0.18511190558367216,
      0.6560216520739548,
      -0.0049766504277495545
    ]
  ],
  "R": [
    [
      0.9893456898778881,
      0.0903724738227287,
      -0.11413992244261534
    ],
    [
      -0.08681951483339462,
      0.9955829386817447,
      0.03573491359882091
    ],
    [
      0.11686521195009222,
      -0.025444610057563044,
      0.9928217836323285
    ]
  ],
  "t": [
    [
      0.900676977154665
    ],
    [
      -0.3436454103859948
    ],
    [
      0.2658736819321841
    ]
  ]
}