{
  "image_1": "frame_127",
  "image_2": "frame_128",
  "num_matches": 659,
  "inlier_count": 588,
  "inlier_ratio": 0.8923,
  "reproj_rmse": 0.1812,
  "F": [
    [
      2.466560155660555e-07,
      -4.220651697669337e-06,
      0.001263235760794496
    ],
    [
      3.8292163695508426e-06,
      1.1684257072075565e-07,
      -0.01985033211970651
    ],
    [
      -0.002457125264186471,
      0.01944930125520082,
      1.0
    ]
  ],
  "E": [
    [
      0.015418165022201738,
      -0.33002010197738846,
      -0.20114650489815644
    ],
    [
      0.28146412059492976,
      0.02875371172812137,
      -0.6161792107714676
    ],
    [
      0.14322523370174545,
      0.6082410253724003,
      -0.013886562680509152
    ]
  ],
  "R": [
    [
      0.9923968895065561,
      0.09445711319920844,
      -0.07890670100685065
    ],
    [
      -0.09449261347841614,
      0.9955201188649704,
      0.0032922534978330475
    ],
    [
      0.07886418512690796,
      0.004188878268381047,
      0.9968765688906132
    ]
  ],
  "t": [
    [
      0.8371249560793538
    ],
    [
      -0.28381103957614784
    ],
    [
      0.46762495840560775
    ]
  ]
}