{
  "image_1": "frame_080",
  "image_2": "frame_081",
  "num_matches": 109,
  "inlier_count": 96,
  "inlier_ratio": 0.8807,
  "reproj_rmse": 0.2338,
  "F": [
    [
      9.84494649190604e-07,
      -8.913554643133013e-06,
      0.03357235197408105
    ],
    [
      1.0762296407322345e-05,
      -4.848801713627287e-07,
      0.0734503357341322
    ],
    [
      -0.033268409192971964,
      -0.07382190960803668,
      1.0
    ]
  ],
  "E": [
    [
      -0.02019453250861563,
      -0.10837042750512278,
      -0.2680725582531275
    ],
    [
      0.043873312066020895,
      0.023501597965569138,
      -0.6532036184101605
    ],
    [
      0.21527865928055795,
      0.6636393209706084,
      -0.008421734267353804
    ]
  ],
  "R": [
    [
      0.9912586333531349,
      0.07817606231624813,
      -0.10627711458070453
    ],
    [
      -0.07530159981075119,
      0.9966849590898804,
      0.03080197055296067
    ],
    [
      0.1083327783674726,
      -0.022529882483714125,
      0.9938593529903788
    ]
  ],
  "t": [
    [
      0.9121240428919142
    ],
    [
      -0.376424867077841
    ],
    [
      0.16227769355009772
    ]
  ]
}