{
  "image_1": "frame_036",
  "image_2": "frame_037",
  "num_matches": 106,
  "inlier_count": 73,
  "inlier_ratio": 0.6887,
  "reproj_rmse": 0.2469,
  "F": [
    [
      -7.353092610537611e-08,
      4.757660242531917e-06,
      -0.0022197806225329243
    ],
    [
      -2.7324221670312148e-06,
      -1.0808942080895715e-07,
      0.06443759121860068
    ],
    [
      0.002252196263928787,
      -0.06506465575572618,
      1.0
    ]
  ],
  "E": [
    [
      0.004540611353882509,
      -0.21367855281939924,
      -0.10584127190013903
    ],
    [
      0.15152133029167716,
      0.006722629862290569,
      -0.6822545733994084
    ],
    [
      0.06218588148084978,
      0.6712711412629131,
      -0.013086058157571712
    ]
  ],
  "R": [
    [
      0.9936707748893264,
      0.06610259460630341,
      -0.09082311444318666
    ],
    [
      -0.06683210924080356,
      0.9977516505392385,
      -0.005011289320150769
    ],
    [
      0.09028765311641876,
      0.011049472048005889,
      0.9958544315622588
    ]
  ],
  "t": [
    [
      0.9414015977000475
    ],
    [
      -0.1518208799208195
    ],
    [
      0.3011867398606153
    ]
  ]
}