{
  "image_1": "frame_009",
  "image_2": "frame_011",
  "num_matches": 77,
  "inlier_count": 65,
  "inlier_ratio": 0.8442,
  "reproj_rmse": 0.2586,
  "F": [
    [
      -3.537827296049941e-07,
      6.613327508193139e-06,
      -0.00858799126102734
    ],
    [
      -6.280975256725205e-06,
      1.8217129259578844e-07,
      -0.0008253626385211058
    ],
    [
      0.008620698596698615,
      -0.00014735588833454446,
      0.9999999999999999
    ]
  ],
  "E": [
    [
      -0.01283385687634485,
      0.058046562654272674,
      -0.13042764981662802
    ],
    [
      -0.006518194305705582,
      0.007404111027789936,
      0.6949536004472963
    ],
    [
      0.16217449561241493,
      -0.6856313099974422,
      -0.002417038949526222
    ]
  ],
  "R": [
    [
      0.9959286066712565,
      0.04600059765937234,
      -0.0775251922205314
    ],
    [
      -0.046997456186948366,
      0.9988335284905313,
      -0.011082485060249185
    ],
    [
      0.07692496035621799,
      0.014680850729276286,
      0.9969287953991797
    ]
  ],
  "t": [
    [
      0.9792390074389522
    ],
    [
      0.18407707900888168
    ],
    [
      0.08489166798652097
    ]
  ]
}