{
  "image_1": "frame_089",
  "image_2": "frame_090",
  "num_matches": 673,
  "inlier_count": 549,
  "inlier_ratio": 0.8158,
  "reproj_rmse": 0.2202,
  "F": [
    [
      7.720040747887109e-07,
      -1.888931896311636e-05,
      0.012281051501946255
    ],
    [
      2.028258839174927e-05,
      -1.609803802969756e-07,
      -0.0010569997981408608
    ],
    [
      -0.015360244658669683,
      -0.00018386773619734833,
      1.0
    ]
  ],
  "E": [
    [
      0.014257829068349876,
      -0.06452480892597602,
      0.06606069037437756
    ],
    [
      -0.022209000299840118,
      -0.0007774302205100738,
      -0.7036035209002733
    ],
    [
      -0.13007411432460464,
      0.6918866366613516,
      0.009544454273017982
    ]
  ],
  "R": [
    [
      0.9880567751389667,
      0.09107245586896372,
      -0.12429648781836358
    ],
    [
      -0.09156082362466636,
      0.9957978771748496,
      0.0017898020102046918
    ],
    [
      0.12393718037440458,
      0.009612262795962643,
      0.9922435082804943
    ]
  ],
  "t": [
    [
      0.9912307990882695
    ],
    [
      0.09432116713309206
    ],
    [
      0.0925473952603847
    ]
  ]
}