{
  "image_1": "frame_044",
  "image_2": "frame_045",
  "num_matches": 93,
  "inlier_count": 74,
  "inlier_ratio": 0.7957,
  "reproj_rmse": 0.156,
  "F": [
    [
      1.2812345427149317e-08,
      1.0313730774056202e-06,
      0.0008731613012139137
    ],
    [
      -6.291438803661274e-08,
      -2.7986175139180877e-07,
      0.03499208980508544
    ],
    [
      -0.0004901351164309218,
      -0.03526450434932341,
      1.0
    ]
  ],
  "E": [
    [
      0.003358370975243719,
      0.037712899873478034,
      -0.05741184483713324
    ],
    [
      0.01747678273985577,
      -0.016198126243590977,
      -0.704428358068245
    ],
    [
      0.03524999862805609,
      0.7050473102371494,
      -0.012204001169392372
    ]
  ],
  "R": [
    [
      0.9963407953731328,
      0.03195333711208834,
      0.07927170821064938
    ],
    [
      -0.03015935940055462,
      0.9992634731658141,
      -0.023726024469824903
    ],
    [
      -0.07997144812857444,
      0.02124842215308702,
      0.9965706558193569
    ]
  ],
  "t": [
    [
      -0.9952591005360589
    ],
    [
      0.08016072754830743
    ],
    [
      0.05507794984456869
    ]
  ]
}