{
  "image_1": "frame_134",
  "image_2": "frame_135",
  "num_matches": 301,
  "inlier_count": 280,
  "inlier_ratio": 0.9302,
  "reproj_rmse": 0.2022,
  "F": [
    [
      -1.0387407075938662e-07,
      2.4602739974115254e-06,
      -0.0030387524156761524
    ],
    [
      -2.2670622902835676e-06,
      1.2858052874036192e-07,
      -0.007206646379431003
    ],
    [
      0.0025570402489129883,
      0.006314483704705968,
      1.0
    ]
  ],
  "E": [
    [
      0.004410903844470734,
      -0.09881489649086957,
      -0.03603363395676765
    ],
    [
      0.0980428021952282,
      -0.0019071779941427737,
      -0.6992999962628264
    ],
    [
      0.005437512519846587,
      0.7001509127926236,
      -0.006352715365331063
    ]
  ],
  "R": [
    [
      0.998987731920881,
      0.044971473881253374,
      -0.0010382718921478629
    ],
    [
      -0.04497903101418474,
      0.9989471139854,
      -0.00903051655585692
    ],
    [
      0.0006310630707673515,
      0.009068075715847494,
      0.9999586850276426
    ]
  ],
  "t": [
    [
      0.9888556389914994
    ],
    [
      -0.05222043348378401
    ],
    [
      0.13941861985215312
    ]
  ]
}