{
  "image_1": "frame_011",
  "image_2": "frame_012",
  "num_matches": 63,
  "inlier_count": 51,
  "inlier_ratio": 0.8095,
  "reproj_rmse": 0.2509,
  "F": [
    [
      -2.7777076396371407e-06,
      7.789947794785891e-05,
      -0.11806644117774806
    ],
    [
      -7.695708052341182e-05,
      3.697092828918305e-07,
      0.037762508886674324
    ],
    [
      0.12419503881508644,
      -0.04099221495400295,
      1.0
    ]
  ],
  "E": [
    [
      0.0498207407038506,
      -0.1959852830865883,
      0.12187785024480172
    ],
    [
      -0.01438599092350217,
      -0.03441175064715614,
      -0.6961503442134233
    ],
    [
      -0.15416680600948293,
      0.6591216406088015,
      0.005318267478304257
    ]
  ],
  "R": [
    [
      0.9479107675146738,
      0.04484968923046179,
      -0.3153627787258236
    ],
    [
      -0.06312503274680975,
      0.9968520326063625,
      -0.04797140116025077
    ],
    [
      0.3122185245472403,
      0.06537989342676007,
      0.9477579134278169
    ]
  ],
  "t": [
    [
      0.9426064419775225
    ],
    [
      0.16723380601055404
    ],
    [
      0.28900856331551744
    ]
  ]
}