{
  "image_1": "frame_061",
  "image_2": "frame_062",
  "num_matches": 59,
  "inlier_count": 48,
  "inlier_ratio": 0.8136,
  "reproj_rmse": 0.1455,
  "F": [
    [
      -3.1030169530883646e-09,
      4.822276214924627e-07,
      0.0005559424211111246
    ],
    [
      1.87381739954799e-07,
      1.6014963077468368e-07,
      0.035162156502104004
    ],
    [
      0.00046695661610423163,
      -0.03650261951028501,
      1.0
    ]
  ],
  "E": [
    [
      -0.00025333386954498805,
      -0.02615502490744715,
      -0.031332945337489676
    ],
    [
      -0.0169413259248161,
      -0.008641734769524827,
      -0.7061412088097011
    ],
    [
      -0.013890927840404908,
      0.7064378406203451,
      -0.009466869111389527
    ]
  ],
  "R": [
    [
      0.9961011114213469,
      0.06359602677987575,
      -0.06114017666780754
    ],
    [
      -0.06436370783824097,
      0.9978694868856918,
      -0.010667720271910592
    ],
    [
      0.060331492095513015,
      0.014561336487407341,
      0.9980721810276197
    ]
  ],
  "t": [
    [
      0.9983327070977082
    ],
    [
      -0.04478627282675513
    ],
    [
      0.036414223941325
    ]
  ]
}