{
  "image_1": "frame_135",
  "image_2": "frame_136",
  "num_matches": 341,
  "inlier_count": 284,
  "inlier_ratio": 0.8328,
  "reproj_rmse": 0.2041,
  "F": [
    [
      -1.3944804716165014e-06,
      3.149632499337984e-05,
      -0.029484215974611788
    ],
    [
      -2.969611153861852e-05,
      2.0678421605478897e-07,
      0.031216761642153604
    ],
    [
      0.031584430527153595,
      -0.035014586967004914,
      1.0
    ]
  ],
  "E": [
    [
      -0.014038644896485935,
      0.33217171925169114,
      0.10862181457631488
    ],
    [
      -0.3387033241090999,
      -0.011016017557198509,
      -0.6114418115266694
    ],
    [
      -0.13392988383531956,
      0.6090965320848727,
      0.005290019531587283
    ]
  ],
  "R": [
    [
      0.9989346071423237,
      0.04522364986452643,
      -0.009190872991293453
    ],
    [
      -0.045160004249268276,
      0.9989551122205972,
      0.007018389027433555
    ],
    [
      0.009498666728412486,
      -0.006595851822550264,
      0.9999331327989476
    ]
  ],
  "t": [
    [
      0.8690985752801518
    ],
    [
      0.15031710954917776
    ],
    [
      -0.47124561857145253
    ]
  ]
}