{
  "image_1": "frame_121",
  "image_2": "frame_122",
  "num_matches": 297,
  "inlier_count": 252,
  "inlier_ratio": 0.8485,
  "reproj_rmse": 0.1289,
  "F": [
    [
      -1.9656245860629134e-07,
      3.203395635000457e-06,
      -0.003416591002677666
    ],
    [
      -4.29109693691138e-06,
      -3.4567381185434745e-07,
      -0.046996779674837966
    ],
    [
      0.001884457465598006,
      0.05017688096390759,
      1.0
    ]
  ],
  "E": [
    [
      -0.007983068646492463,
      0.05589396460587909,
      -0.026786438874176817
    ],
    [
      -0.13238357344998533,
      -0.0028486794225427337,
      -0.6940467420579672
    ],
    [
      -0.03497573818462293,
      0.7039891513243438,
      0.006015723482205592
    ]
  ],
  "R": [
    [
      0.9900688684300016,
      0.08941948518856424,
      -0.10847945166872985
    ],
    [
      -0.08855146517132821,
      0.9959893247693006,
      0.01280245920141637
    ],
    [
      0.10918916512981798,
      -0.003069301908419213,
      0.9940162501710165
    ]
  ],
  "t": [
    [
      0.9960869661109535
    ],
    [
      -0.039130406204891534
    ],
    [
      -0.07924372059738494
    ]
  ]
}