{
  "image_1": "frame_024",
  "image_2": "frame_025",
  "num_matches": 393,
  "inlier_count": 346,
  "inlier_ratio": 0.8804,
  "reproj_rmse": 0.2219,
  "F": [
    [
      1.824393726560035e-06,
      6.787302767515795e-06,
      0.005501352348750685
    ],
    [
      -7.2619020357805745e-06,
      -5.581912044759548e-08,
      0.0018506101962907813
    ],
    [
      -0.006767993678156496,
      -0.0008747953098162066,
      1.0
    ]
  ],
  "E": [
    [
      -0.0025677935215588222,
      0.17771015736636844,
      0.1129994156326909
    ],
    [
      -0.21446136677992725,
      -0.009218615555721578,
      -0.6642261977776147
    ],
    [
      -0.14577002313211632,
      0.6686270720449506,
      0.007581215509054652
    ]
  ],
  "R": [
    [
      0.9972714656684788,
      0.04933086174770815,
      -0.0549189388341729
    ],
    [
      -0.04929251374303442,
      0.9987822743042195,
      0.002053442130489025
    ],
    [
      0.0549533607010137,
      0.00065925330409769,
      0.9984887047597215
    ]
  ],
  "t": [
    [
      0.9546136794242204
    ],
    [
      0.15952991864851732
    ],
    [
      -0.2515212279553145
    ]
  ]
}