{
  "image_1": "frame_098",
  "image_2": "frame_099",
  "num_matches": 161,
  "inlier_count": 130,
  "inlier_ratio": 0.8075,
  "reproj_rmse": 0.2247,
  "F": [
    [
      -2.673380971440875e-07,
      4.187650996375704e-06,
      -0.004457160922809779
    ],
    [
      -5.4259676539112614e-06,
      2.3322902116746704e-07,
      -0.03537318610316862
    ],
    [
      0.003735118606399794,
      0.03576517261666784,
      0.9999999999999999
    ]
  ],
  "E": [
    [
      0.007673772476120981,
      -0.10454186182899554,
      -0.01928075204708659
    ],
    [
      0.007208405570586279,
      -0.0037715754755558513,
      -0.7067731551234566
    ],
    [
      -0.049865550244438894,
      0.697500745295716,
      -0.007212728814205442
    ]
  ],
  "R": [
    [
      0.9855045615114078,
      0.09789369415969391,
      -0.13855534592348517
    ],
    [
      -0.09972589270869368,
      0.9949948335611093,
      -0.0063267298151918295
    ],
    [
      0.13724250640258076,
      0.020052576654101522,
      0.9903344831953843
    ]
  ],
  "t": [
    [
      0.9885751007807259
    ],
    [
      -0.02847880982003909
    ],
    [
      0.14801428143125936
    ]
  ]
}