{
  "image_1": "frame_093",
  "image_2": "frame_094",
  "num_matches": 634,
  "inlier_count": 547,
  "inlier_ratio": 0.8628,
  "reproj_rmse": 0.2538,
  "F": [
    [
      4.965127808647597e-07,
      -1.2470129078701941e-05,
      0.009045687917726152
    ],
    [
      1.2652081814663336e-05,
      -1.8718887233974273e-07,
      -0.017567948667889015
    ],
    [
      -0.010817587132475546,
      0.01810915272621811,
      1.0
    ]
  ],
  "E": [
    [
      0.012432335029106529,
      -0.4992494191670246,
      -0.04433444651278823
    ],
    [
      0.5261289660481336,
      0.019224636626017415,
      -0.47068339764141026
    ],
    [
      0.02518287971302184,
      0.49915882868449546,
      0.010585900606783164
    ]
  ],
  "R": [
    [
      0.9983256991208632,
      0.020041975671288008,
      0.054259724345327665
    ],
    [
      -0.021010749652853357,
      0.9996288127388536,
      0.017343158343708337
    ],
    [
      -0.05389199266926925,
      -0.018454158162898315,
      0.9983762302722528
    ]
  ],
  "t": [
    [
      -0.7051665212692926
    ],
    [
      0.05051462395101696
    ],
    [
      -0.7072400229399153
    ]
  ]
}