{
  "image_1": "frame_118",
  "image_2": "frame_119",
  "num_matches": 232,
  "inlier_count": 213,
  "inlier_ratio": 0.9181,
  "reproj_rmse": 0.1536,
  "F": [
    [
      -1.0199008214698582e-06,
      1.703785102709794e-05,
      -0.016493460525032515
    ],
    [
      -1.790683900397448e-05,
      -7.571463723942918e-08,
      -0.020708286329009236
    ],
    [
      0.017454666862232463,
      0.02142421819207927,
      1.0
    ]
  ],
  "E": [
    [
      -0.003910403172516975,
      0.07574574448056037,
      0.030206303010519294
    ],
    [
      -0.12527342274510284,
      -0.008426824659329615,
      -0.6952186435955169
    ],
    [
      -0.08590010611455973,
      0.6977454340287114,
      0.0037345732340985163
    ]
  ],
  "R": [
    [
      0.9942939337655796,
      0.07963548354424599,
      -0.07097720082986983
    ],
    [
      -0.07967530931961413,
      0.996818274469498,
      0.0022743721060215633
    ],
    [
      0.07093249158032855,
      0.00339373604261734,
      0.997475345155899
    ]
  ],
  "t": [
    [
      0.9933125089301461
    ],
    [
      0.042581587032421105
    ],
    [
      -0.10731760362912851
    ]
  ]
}