{
  "image_1": "frame_107",
  "image_2": "frame_108",
  "num_matches": 213,
  "inlier_count": 181,
  "inlier_ratio": 0.8498,
  "reproj_rmse": 0.2188,
  "F": [
    [
      -4.948796631737665e-09,
      1.2342815644855214e-06,
      0.0020296386811980145
    ],
    [
      -1.5958871558985363e-06,
      -1.1193574411696247e-07,
      -0.015332529188157269
    ],
    [
      -0.002733284517200132,
      0.01601104107295236,
      1.0
    ]
  ],
  "E": [
    [
      0.016802290755682858,
      -0.03657113570186841,
      0.08538059200308815
    ],
    [
      -0.06309643297487753,
      -0.016709905578082336,
      -0.6988422332136578
    ],
    [
      -0.16156914339555825,
      0.6872670700350912,
      0.002988008402214159
    ]
  ],
  "R": [
    [
      0.9832342770982898,
      0.10696871297905348,
      -0.14767549147576375
    ],
    [
      -0.11019445793519794,
      0.9938140472818046,
      -0.013813792590277254
    ],
    [
      0.14528433425311696,
      0.029855215104972393,
      0.9889393956920033
    ]
  ],
  "t": [
    [
      0.9910503413732717
    ],
    [
      0.12131901976496802
    ],
    [
      0.05568587170179568
    ]
  ]
}