{
  "image_1": "frame_040",
  "image_2": "frame_041",
  "num_matches": 97,
  "inlier_count": 80,
  "inlier_ratio": 0.8247,
  "reproj_rmse": 0.2037,
  "F": [
    [
      -6.81766320351584e-08,
      1.7609068082733294e-06,
      -0.0016930089005859261
    ],
    [
      -1.2900657981262271e-06,
      2.2766775798890118e-08,
      0.034029811957926905
    ],
    [
      0.0025242199282260688,
      -0.03410804231428442,
      1.0
    ]
  ],
  "E": [
    [
      0.008348792745864132,
      -0.22168348008479818,
      -0.059151385593529136
    ],
    [
      0.16715483923783228,
      -0.003534775362095977,
      -0.6840914467574072
    ],
    [
      0.023007733010529982,
      0.6711821203665003,
      -0.01840404785534532
    ]
  ],
  "R": [
    [
      0.9950992436208547,
      0.058707119969470034,
      -0.07956738911195357
    ],
    [
      -0.06047031157416054,
      0.9979709641443882,
      -0.019932288951451573
    ],
    [
      0.07823577674776899,
      0.0246460704699648,
      0.9966301894118312
    ]
  ],
  "t": [
    [
      0.9458201159835259
    ],
    [
      -0.09017380501976519
    ],
    [
      0.31191824744501095
    ]
  ]
}