{
  "image_1": "frame_077",
  "image_2": "frame_078",
  "num_matches": 225,
  "inlier_count": 202,
  "inlier_ratio": 0.8978,
  "reproj_rmse": 0.2053,
  "F": [
    [
      -2.760183291884446e-07,
      1.1464749027826105e-06,
      -0.012775401636543617
    ],
    [
      -1.5284377829175435e-06,
      2.3554755013858245e-07,
      -0.022939484892124357
    ],
    [
      0.012865012125605434,
      0.022580530965818153,
      1.0
    ]
  ],
  "E": [
    [
      -0.006428685212998431,
      -0.08365322304607024,
      -0.11774474993018649
    ],
    [
      0.02479773942071701,
      0.017162794343888437,
      -0.6968357957277712
    ],
    [
      0.08527613280552812,
      0.696635570835135,
      0.005850740776149329
    ]
  ],
  "R": [
    [
      0.9951702771504308,
      0.04575996177164868,
      -0.08684552593537281
    ],
    [
      -0.04391513821770254,
      0.9987696324613924,
      0.023036534206676625
    ],
    [
      0.08779282494403776,
      -0.019111440856003026,
      0.9959554069920766
    ]
  ],
  "t": [
    [
      0.9788738265418225
    ],
    [
      -0.16437995256348806
    ],
    [
      0.12159466643975475
    ]
  ]
}