{
  "image_1": "frame_002",
  "image_2": "frame_003",
  "num_matches": 133,
  "inlier_count": 118,
  "inlier_ratio": 0.8872,
  "reproj_rmse": 0.2007,
  "F": [
    [
      1.480849581489434e-07,
      -2.401190616242398e-06,
      0.007157248751444729
    ],
    [
      1.2099293071234317e-06,
      2.8995818047008263e-08,
      -0.05717005542949573
    ],
    [
      -0.0072596999876849005,
      0.05793413576620253,
      1.0
    ]
  ],
  "E": [
    [
      0.0037121783604623123,
      -0.0598598226436011,
      -0.04736476573773648
    ],
    [
      0.10217195047284995,
      0.00016899608135915258,
      -0.698067985799882
    ],
    [
      0.03760881558048799,
      0.7035656122439357,
      0.001599302394236794
    ]
  ],
  "R": [
    [
      0.9980750284455894,
      0.01410951597573492,
      0.06039171426832052
    ],
    [
      -0.014025747036096846,
      0.9998999947183458,
      -0.001810796049055225
    ],
    [
      -0.060411224233708496,
      0.0009602714107657638,
      0.9981731121731352
    ]
  ],
  "t": [
    [
      -0.9941424448553698
    ],
    [
      0.06725996101981699
    ],
    [
      -0.08459844549754174
    ]
  ]
}