{
  "image_1": "frame_059",
  "image_2": "frame_060",
  "num_matches": 93,
  "inlier_count": 87,
  "inlier_ratio": 0.9355,
  "reproj_rmse": 0.2242,
  "F": [
    [
      -1.2124621091905548e-06,
      3.243475811517167e-05,
      -0.02228035139593265
    ],
    [
      -3.086768060029556e-05,
      2.997413012377188e-07,
      0.1698014800776556
    ],
    [
      0.02782163918436558,
      -0.1727953234970765,
      1.0
    ]
  ],
  "E": [
    [
      -0.0021085808874734655,
      -0.14668932137731078,
      -0.11166344884830628
    ],
    [
      0.06942669353856792,
      0.008111393645512366,
      -0.6947240045418565
    ],
    [
      0.06266970694951479,
      0.6888165413937367,
      -0.009276218830712514
    ]
  ],
  "R": [
    [
      0.9912908796738025,
      0.07044722730702034,
      -0.1112635611523022
    ],
    [
      -0.07037131458693653,
      0.9975101943559075,
      0.004614134734302019
    ],
    [
      0.11131158950821515,
      0.0032558133842118774,
      0.9937802220412528
    ]
  ],
  "t": [
    [
      0.9654108670113546
    ],
    [
      -0.15794110947290244
    ],
    [
      0.20745231691849883
    ]
  ]
}