{
  "image_1": "frame_123",
  "image_2": "frame_124",
  "num_matches": 769,
  "inlier_count": 744,
  "inlier_ratio": 0.9675,
  "reproj_rmse": 0.1993,
  "F": [
    [
      -2.5015858436044003e-06,
      -1.3383867634747864e-06,
      -0.012340031232553924
    ],
    [
      1.790334006972932e-06,
      -4.561263899795407e-08,
      0.00132360591063022
    ],
    [
      0.014500818912924086,
      -0.0016686402268081266,
      1.0
    ]
  ],
  "E": [
    [
      -0.004308775507883554,
      -0.23294019248554917,
      -0.2575545033564746
    ],
    [
      0.1671326995388583,
      0.022042316381825418,
      -0.636891015461094
    ],
    [
      0.19493015922031956,
      0.6378839978853124,
      -0.021043970768923767
    ]
  ],
  "R": [
    [
      0.9898688508562984,
      0.0966709432422942,
      -0.10399224411982244
    ],
    [
      -0.09623716749396735,
      0.9953159817224915,
      0.009192612280039189
    ],
    [
      0.10439380104761822,
      0.0009084384614230917,
      0.9945356248231594
    ]
  ],
  "t": [
    [
      0.8710751735403987
    ],
    [
      -0.36318213463306226
    ],
    [
      0.3306460027354585
    ]
  ]
}