{
  "image_1": "frame_046",
  "image_2": "frame_047",
  "num_matches": 116,
  "inlier_count": 88,
  "inlier_ratio": 0.7586,
  "reproj_rmse": 0.2672,
  "F": [
    [
      2.964460495105714e-06,
      -7.283461898970632e-05,
      0.059180155204009516
    ],
    [
      8.95562128444502e-05,
      3.7463843746756563e-06,
      0.26842430643970006
    ],
    [
      -0.06604486519525245,
      -0.2913696822794061,
      1.0
    ]
  ],
  "E": [
    [
      0.0038261392557887046,
      -0.16922537606637233,
      -0.14455981944841437
    ],
    [
      0.20253609459862976,
      0.01923623859867405,
      0.6612543096210435
    ],
    [
      0.1915364318872102,
      -0.6596291423513937,
      -0.002369956164099402
    ]
  ],
  "R": [
    [
      0.9962699397521553,
      0.0679553882250152,
      -0.05318150390337181
    ],
    [
      -0.0684770671123657,
      0.9976202336094991,
      -0.008047407819723795
    ],
    [
      0.052508079625192106,
      0.01165910391564462,
      0.9985524357137979
    ]
  ],
  "t": [
    [
      0.9491581442042543
    ],
    [
      0.2066486656957019
    ],
    [
      -0.23747662254824548
    ]
  ]
}