{
  "image_1": "frame_021",
  "image_2": "frame_022",
  "num_matches": 397,
  "inlier_count": 344,
  "inlier_ratio": 0.8665,
  "reproj_rmse": 0.2394,
  "F": [
    [
      -2.3487003628777043e-07,
      6.446997452652294e-06,
      -0.007288785340445147
    ],
    [
      -6.509971937423896e-06,
      1.3567882769936015e-07,
      0.012688159003529417
    ],
    [
      0.007658155901643581,
      -0.013403816028677462,
      1.0
    ]
  ],
  "E": [
    [
      -0.00561955073405808,
      0.038461357146307835,
      -0.1407036988036374
    ],
    [
      -0.06105863243386659,
      -0.007019753355092336,
      -0.6902800475037968
    ],
    [
      0.11827062733889375,
      0.6959526094891109,
      -0.009468914375159647
    ]
  ],
  "R": [
    [
      0.9990101479970395,
      0.03166242428585572,
      -0.031244440901959436
    ],
    [
      -0.031906419824853094,
      0.9994638962182227,
      -0.007341698049471067
    ],
    [
      0.030995234680411814,
      0.008331329103562612,
      0.9994848094806015
    ]
  ],
  "t": [
    [
      0.978459619809611
    ],
    [
      -0.19867572819183088
    ],
    [
      -0.05607786933788803
    ]
  ]
}