{
  "image_1": "frame_004",
  "image_2": "frame_005",
  "num_matches": 98,
  "inlier_count": 82,
  "inlier_ratio": 0.8367,
  "reproj_rmse": 0.272,
  "F": [
    [
      4.1758907492627706e-07,
      -1.1457209479706075e-05,
      0.01464816581841738
    ],
    [
      1.1296670324119554e-05,
      1.2596695527480457e-07,
      -0.008254319034958428
    ],
    [
      -0.015749688754923045,
      0.007878937202282742,
      1.0
    ]
  ],
  "E": [
    [
      0.004760517834321628,
      0.044372735964015385,
      0.10447237415904335
    ],
    [
      -0.08854893244436893,
      0.0015648802185597478,
      -0.6937345866246073
    ],
    [
      -0.13175959199135104,
      0.6931717897717053,
      0.011625903285445527
    ]
  ],
  "R": [
    [
      0.9972430311379761,
      0.04006552146188927,
      -0.062458713056934255
    ],
    [
      -0.03968513903321197,
      0.9991854267055698,
      0.007319344173004113
    ],
    [
      0.06270108919832396,
      -0.004820482257528132,
      0.9980207093864079
    ]
  ],
  "t": [
    [
      0.9870095448480626
    ],
    [
      0.14757344634895816
    ],
    [
      -0.06351563832247549
    ]
  ]
}