{
  "image_1": "frame_041",
  "image_2": "frame_042",
  "num_matches": 107,
  "inlier_count": 80,
  "inlier_ratio": 0.7477,
  "reproj_rmse": 0.2087,
  "F": [
    [
      2.830440059230718e-07,
      -5.994828009114583e-06,
      -0.002353106968260889
    ],
    [
      6.5574349227506376e-06,
      1.1478561742625451e-07,
      0.06341543446527291
    ],
    [
      0.005788100616234492,
      -0.06469573528093339,
      1.0
    ]
  ],
  "E": [
    [
      -0.04036287165111919,
      0.14073640962355488,
      -0.0996563046818719
    ],
    [
      0.028384589466020085,
      0.04614600868472505,
      0.6987462515025861
    ],
    [
      0.16625734320572916,
      -0.6704543062214277,
      0.01734297002292883
    ]
  ],
  "R": [
    [
      0.9612563676785691,
      0.0915792624436517,
      -0.2599989120894166
    ],
    [
      -0.11100230948712744,
      0.9919463050934981,
      -0.061000123769387404
    ],
    [
      0.25231861383165416,
      0.08749723710857023,
      0.9636802117987269
    ]
  ],
  "t": [
    [
      0.968124705330362
    ],
    [
      0.1328046458102976
    ],
    [
      0.21236167493265126
    ]
  ]
}