{
  "image_1": "frame_070",
  "image_2": "frame_071",
  "num_matches": 358,
  "inlier_count": 314,
  "inlier_ratio": 0.8771,
  "reproj_rmse": 0.2371,
  "F": [
    [
      -2.1073438203549918e-06,
      1.944260099897724e-05,
      -0.012512771520877219
    ],
    [
      -1.8853013475318094e-05,
      -1.2862403283233233e-06,
      0.0018834257326436773
    ],
    [
      0.01697683539606093,
      -0.002992003202392323,
      1.0
    ]
  ],
  "E": [
    [
      -0.01246565412653443,
      -0.06277703451498443,
      -0.3690768542984853
    ],
    [
      0.05201971544699192,
      0.06854488403493217,
      -0.6013896494875369
    ],
    [
      0.27142408625896125,
      0.6445521272350581,
      0.03864563711204005
    ]
  ],
  "R": [
    [
      0.987055024143079,
      0.14924459945183804,
      -0.058723324568408355
    ],
    [
      -0.14294399068878294,
      0.9846794637797252,
      0.0998667569135899
    ],
    [
      0.07272822588150588,
      -0.09017983779611377,
      0.993266430528685
    ]
  ],
  "t": [
    [
      0.8481579181093069
    ],
    [
      -0.5117148377107572
    ],
    [
      0.13702580346467477
    ]
  ]
}