{
  "image_1": "frame_008",
  "image_2": "frame_009",
  "num_matches": 138,
  "inlier_count": 118,
  "inlier_ratio": 0.8551,
  "reproj_rmse": 0.2553,
  "F": [
    [
      2.039804862871893e-05,
      -0.0008918461161375797,
      1.252822963531055
    ],
    [
      0.0008577640525202022,
      -2.0236962162404223e-06,
      -0.024409404585743165
    ],
    [
      -1.233262644153788,
      0.027168211660235718,
      1.0
    ]
  ],
  "E": [
    [
      -0.03745743114318948,
      -0.043227442392511986,
      -0.3149493943128732
    ],
    [
      -0.020935394769373592,
      0.039149245649520534,
      -0.6319036496372905
    ],
    [
      0.2786928795267857,
      0.6469869459113162,
      0.00044967290581315395
    ]
  ],
  "R": [
    [
      0.9902773013578066,
      0.0591690886521129,
      -0.12589632783992807
    ],
    [
      -0.05148329004696922,
      0.9966560055298739,
      0.0634529549128785
    ],
    [
      0.12922978473030072,
      -0.0563544637922726,
      0.990012038891066
    ]
  ],
  "t": [
    [
      0.8916672115742618
    ],
    [
      -0.4443575663494354
    ],
    [
      0.08646350115157224
    ]
  ]
}