{
  "image_1": "frame_094",
  "image_2": "frame_095",
  "num_matches": 582,
  "inlier_count": 536,
  "inlier_ratio": 0.921,
  "reproj_rmse": 0.2132,
  "F": [
    [
      -5.381195010852938e-08,
      5.186430026902892e-06,
      0.0007820370353919881
    ],
    [
      -6.096779503923792e-06,
      -2.765175723279348e-07,
      -0.02312977021456602
    ],
    [
      -0.0009581991967713782,
      0.024344793596356707,
      0.9999999999999999
    ]
  ],
  "E": [
    [
      0.009670063988793276,
      -0.031879514672240525,
      0.10470543492439328
    ],
    [
      -0.01840760276829832,
      -0.005067960065427258,
      -0.6990357973170104
    ],
    [
      -0.1462524983614914,
      0.691018989901831,
      0.003788222875596932
    ]
  ],
  "R": [
    [
      0.9954974022599138,
      0.059429756788180826,
      -0.07384460780491137
    ],
    [
      -0.060009602843896365,
      0.9981817726787832,
      -0.005656523522423407
    ],
    [
      0.07337417570427161,
      0.010062440058931216,
      0.9972537177868925
    ]
  ],
  "t": [
    [
      0.987853185755868
    ],
    [
      0.14821895972156277
    ],
    [
      0.04666072621638432
    ]
  ]
}