{
  "image_1": "frame_129",
  "image_2": "frame_130",
  "num_matches": 574,
  "inlier_count": 518,
  "inlier_ratio": 0.9024,
  "reproj_rmse": 0.2424,
  "F": [
    [
      -1.9592855217873956e-08,
      3.9988130314352287e-07,
      -0.0005504666118996537
    ],
    [
      -5.990616514849289e-07,
      1.0414742747218141e-07,
      -0.010068526404540862
    ],
    [
      0.00039264921712299457,
      0.009969389230355315,
      1.0
    ]
  ],
  "E": [
    [
      -0.009567728355908791,
      -0.06736224948977017,
      -0.19951163379467812
    ],
    [
      0.02414828329471594,
      0.03013532243889352,
      -0.6779942288377422
    ],
    [
      0.14986531098418096,
      0.6868330691729343,
      0.01411261742565882
    ]
  ],
  "R": [
    [
      0.9948678214045926,
      0.07130796391561792,
      -0.0717857382485478
    ],
    [
      -0.06842384812853763,
      0.9967774542924945,
      0.04186745300895003
    ],
    [
      0.07453988825429586,
      -0.03674072531105971,
      0.996540979670507
    ]
  ],
  "t": [
    [
      0.9545322350747134
    ],
    [
      -0.2786845830616952
    ],
    [
      0.10584477014478091
    ]
  ]
}