{
  "image_1": "frame_104",
  "image_2": "frame_105",
  "num_matches": 123,
  "inlier_count": 93,
  "inlier_ratio": 0.7561,
  "reproj_rmse": 0.2491,
  "F": [
    [
      2.06933459891916e-06,
      5.543525083696928e-06,
      0.03354384164852189
    ],
    [
      -2.0242318569998357e-05,
      -4.410729788240427e-06,
      -0.24821831759254773
    ],
    [
      -0.03662527713624904,
      0.2726249468654978,
      1.0
    ]
  ],
  "E": [
    [
      0.0032257764055175706,
      0.054890184239146406,
      0.10789445337816463
    ],
    [
      -0.10404058921584182,
      -0.016329098885474774,
      -0.6907127944420073
    ],
    [
      -0.1701316903560515,
      0.6842618537269971,
      0.0010603589061229204
    ]
  ],
  "R": [
    [
      0.993311612052039,
      0.08816969850852707,
      -0.07455297195615312
    ],
    [
      -0.08916444595521836,
      0.9959655567083072,
      -0.010114911181536648
    ],
    [
      0.0733603635492522,
      0.01669473317028081,
      0.9971657549997867
    ]
  ],
  "t": [
    [
      0.9852263181330483
    ],
    [
      0.15378395182412521
    ],
    [
      -0.07536310914069737
    ]
  ]
}