{
  "image_1": "frame_090",
  "image_2": "frame_091",
  "num_matches": 729,
  "inlier_count": 680,
  "inlier_ratio": 0.9328,
  "reproj_rmse": 0.2713,
  "F": [
    [
      8.995297385636308e-06,
      3.6617189864960544e-05,
      0.02109986324636087
    ],
    [
      -4.108586005385083e-05,
      4.6933198892142075e-07,
      0.007824276399559361
    ],
    [
      -0.021549938865547503,
      -0.004749924928987503,
      1.0
    ]
  ],
  "E": [
    [
      0.03063617646513773,
      -0.2203515134255097,
      0.19685189493598967
    ],
    [
      0.16933380826441619,
      0.00774411758684321,
      -0.6578025197835305
    ],
    [
      -0.23738144886526416,
      0.6275377169363268,
      0.012820422289222921
    ]
  ],
  "R": [
    [
      0.9945077108331115,
      0.064949030321308,
      -0.08207336080486899
    ],
    [
      -0.06559018481328227,
      0.9978334211238555,
      -0.0051372506676424096
    ],
    [
      0.08156188294567429,
      0.010492242304890834,
      0.9966130503368755
    ]
  ],
  "t": [
    [
      0.9074755827930517
    ],
    [
      0.27771184702100465
    ],
    [
      0.31522086964316515
    ]
  ]
}