{
  "image_1": "frame_072",
  "image_2": "frame_073",
  "num_matches": 196,
  "inlier_count": 167,
  "inlier_ratio": 0.852,
  "reproj_rmse": 0.2452,
  "F": [
    [
      2.1941092054564007e-08,
      -1.4714264890644147e-05,
      0.01778350556395042
    ],
    [
      1.4342468968756474e-05,
      3.5474581575487036e-08,
      0.006689186565076184
    ],
    [
      -0.014029335288776049,
      -0.006279595606672982,
      1.0
    ]
  ],
  "E": [
    [
      -0.0015141068275876036,
      -0.5834930219139454,
      -0.06911184147466874
    ],
    [
      0.5667101828938599,
      0.02435908237132386,
      0.40763064582664993
    ],
    [
      0.10689519194660939,
      -0.39304208571945265,
      0.03052787761391405
    ]
  ],
  "R": [
    [
      0.9996299133890221,
      -0.0057434409061292505,
      0.02659039571752414
    ],
    [
      0.007597819074954243,
      0.9975060002388187,
      -0.0701715942020544
    ],
    [
      -0.026121052872366657,
      0.07034765365036161,
      0.9971804742486323
    ]
  ],
  "t": [
    [
      -0.55634010142399
    ],
    [
      -0.15545713424209623
    ],
    [
      0.8162835113860744
    ]
  ]
}