{
  "image_1": "frame_071",
  "image_2": "frame_072",
  "num_matches": 310,
  "inlier_count": 275,
  "inlier_ratio": 0.8871,
  "reproj_rmse": 0.2156,
  "F": [
    [
      -1.6390232319311037e-06,
      8.328279392939865e-06,
      -0.012854762747248403
    ],
    [
      -7.240764327383463e-06,
      -2.1304004246364265e-07,
      0.007376097515308425
    ],
    [
      0.013525524318816262,
      -0.008124981300026531,
      1.0
    ]
  ],
  "E": [
    [
      0.021417283490975502,
      -0.5350277467096445,
      -0.15343592139252363
    ],
    [
      0.5132260274306658,
      0.027658664262141416,
      0.45523808293357776
    ],
    [
      0.18109748848640264,
      -0.43031955531892097,
      0.019108613897171153
    ]
  ],
  "R": [
    [
      0.9988558114233461,
      0.02910111475444979,
      0.03794987622979129
    ],
    [
      -0.02800367287035671,
      0.999183107717263,
      -0.029136086872523226
    ],
    [
      -0.03876676787634176,
      0.02804001377534679,
      0.9988547919171737
    ]
  ],
  "t": [
    [
      -0.6160260193288828
    ],
    [
      -0.2391331466189218
    ],
    [
      0.7505513184972393
    ]
  ]
}