{
  "image_1": "frame_124",
  "image_2": "frame_125",
  "num_matches": 991,
  "inlier_count": 963,
  "inlier_ratio": 0.9717,
  "reproj_rmse": 0.221,
  "F": [
    [
      1.8218905827717036e-06,
      -2.478959149041502e-05,
      0.043306631528981815
    ],
    [
      2.6398533615354283e-05,
      -7.989015042511101e-08,
      0.08055481994779069
    ],
    [
      -0.04046384185133209,
      -0.08160547442796508,
      1.0
    ]
  ],
  "E": [
    [
      0.002583975715970298,
      -0.08577407532817018,
      -0.05590446376351482
    ],
    [
      0.034990026899500364,
      -0.007986400801900988,
      -0.7038628878853228
    ],
    [
      0.0023425626060850145,
      0.7018378772574418,
      -0.014760722446825985
    ]
  ],
  "R": [
    [
      0.9944378275985589,
      0.07687983491967088,
      -0.07199234698065271
    ],
    [
      -0.07816448694402654,
      0.996824653315792,
      -0.015196168024492765
    ],
    [
      0.07059546743124401,
      0.02073888918373818,
      0.9972894155928803
    ]
  ],
  "t": [
    [
      0.9894552258717356
    ],
    [
      -0.0811042597681374
    ],
    [
      0.1200018959957506
    ]
  ]
}