{
  "image_1": "frame_101",
  "image_2": "frame_102",
  "num_matches": 150,
  "inlier_count": 108,
  "inlier_ratio": 0.72,
  "reproj_rmse": 0.244,
  "F": [
    [
      -1.1429890235508077e-06,
      2.0639618089035232e-05,
      -0.015580650473726152
    ],
    [
      -2.2334334509127822e-05,
      2.2322349535552173e-07,
      -0.027301253295236708
    ],
    [
      0.016551711246812872,
      0.02780618052183083,
      1.0
    ]
  ],
  "E": [
    [
      0.025180018457054983,
      -0.5587205876745724,
      -0.2858773478657732
    ],
    [
      0.5694364729722357,
      0.0149253963847811,
      -0.3051365675966446
    ],
    [
      0.27796559718563546,
      0.33245958605829873,
      0.009390148163255204
    ]
  ],
  "R": [
    [
      0.9990240528476891,
      0.02722822611829087,
      0.03477880869479466
    ],
    [
      -0.027181045614533522,
      0.9996288543216743,
      -0.0018287610115594877
    ],
    [
      -0.0348156946085893,
      0.0008816518519054184,
      0.9993933610440553
    ]
  ],
  "t": [
    [
      -0.459285126160895
    ],
    [
      0.40598278512034397
    ],
    [
      -0.7900855340235635
    ]
  ]
}