{
  "image_1": "frame_108",
  "image_2": "frame_109",
  "num_matches": 178,
  "inlier_count": 134,
  "inlier_ratio": 0.7528,
  "reproj_rmse": 0.1972,
  "F": [
    [
      -3.2500057256772974e-06,
      2.1494211168159562e-05,
      -0.0321421112546025
    ],
    [
      -2.049087074625049e-05,
      1.3411323293413663e-07,
      0.01582065809044237
    ],
    [
      0.035909149464165915,
      -0.01803538295112942,
      1.0
    ]
  ],
  "E": [
    [
      0.012578751714777762,
      -0.06752902810143664,
      0.07803185404895675
    ],
    [
      0.00687126122841243,
      -0.010410388277423476,
      -0.7027609118238218
    ],
    [
      -0.1341502487801567,
      0.690762379221448,
      -0.003897656321069675
    ]
  ],
  "R": [
    [
      0.9926514785450631,
      0.08039869922746136,
      -0.0904383287375028
    ],
    [
      -0.08212849062142047,
      0.9965002008852646,
      -0.015564724985505776
    ],
    [
      0.08887042911198098,
      0.022877910703546313,
      0.995780421594687
    ]
  ],
  "t": [
    [
      0.9891335957520153
    ],
    [
      0.10928412874332509
    ],
    [
      0.09834484714259802
    ]
  ]
}