{
  "image_1": "frame_099",
  "image_2": "frame_100",
  "num_matches": 119,
  "inlier_count": 86,
  "inlier_ratio": 0.7227,
  "reproj_rmse": 0.1777,
  "F": [
    [
      1.431156558548404e-06,
      -3.128244638492523e-05,
      0.008434139368084745
    ],
    [
      2.6947323223032044e-05,
      6.311993841073243e-07,
      -0.21543914535236217
    ],
    [
      -0.017325370903621524,
      0.21625576826618773,
      1.0
    ]
  ],
  "E": [
    [
      0.010745293075155024,
      -0.2648822793631494,
      -0.15468106552193528
    ],
    [
      0.2217900720127634,
      0.013604425996317358,
      -0.652766483170318
    ],
    [
      0.10563320849253657,
      0.6472734312946142,
      -0.013943354263505417
    ]
  ],
  "R": [
    [
      0.9948346803539477,
      0.07817122562109086,
      -0.06475506350823224
    ],
    [
      -0.07872048939048018,
      0.9968788469788104,
      -0.005970678045306835
    ],
    [
      0.06408621782553581,
      0.011037387874579078,
      0.9978833262229228
    ]
  ],
  "t": [
    [
      0.9008836603303562
    ],
    [
      -0.2214497775990692
    ],
    [
      0.3733210770249951
    ]
  ]
}