{
  "image_1": "frame_147",
  "image_2": "frame_148",
  "num_matches": 2000,
  "inlier_count": 1621,
  "inlier_ratio": 0.8105,
  "reproj_rmse": 0.3306,
  "F": [
    [
      1.1340994617511326e-09,
      4.6252976150254406e-06,
      -0.0072164034887560215
    ],
    [
      -4.551266801468621e-06,
      3.121306480350952e-08,
      0.02309766368019503
    ],
    [
      0.006933234887576919,
      -0.02325932773731515,
      1.0
    ]
  ],
  "E": [
    [
      -0.0007164930681448168,
      0.13485438735543706,
      -0.022958010277856874
    ],
    [
      -0.12361200194484553,
      0.007773181158280927,
      0.6958463699000904
    ],
    [
      0.023246850762418902,
      -0.6936455126338059,
      0.007725119552719329
    ]
  ],
  "R": [
    [
      0.9998594041654242,
      0.002489306714062327,
      -0.016582377816419885
    ],
    [
      -0.0026826341110844296,
      0.9999285777512946,
      -0.01164658192342665
    ],
    [
      0.01655220155113024,
      0.011689428914894549,
      0.9997946698574938
    ]
  ],
  "t": [
    [
      0.9811082617252337
    ],
    [
      0.03024830992748388
    ],
    [
      0.19108013638529112
    ]
  ]
}