{
  "image_1": "frame_025",
  "image_2": "frame_027",
  "num_matches": 2000,
  "inlier_count": 1839,
  "inlier_ratio": 0.9195,
  "reproj_rmse": 1.5833,
  "F": [
    [
      -5.323845804763039e-09,
      -7.676518907630899e-07,
      0.002193381510977843
    ],
    [
      8.708443022171403e-07,
      9.849970853969447e-08,
      -0.016131872696303833
    ],
    [
      -0.002423768687786531,
      0.015800538707858205,
      1.0
    ]
  ],
  "E": [
    [
      -0.000904374826844501,
      -0.23428789376286963,
      0.02089208112920492
    ],
    [
      0.25246462535867764,
      0.009928695888879934,
      -0.6599715224479665
    ],
    [
      -0.023870631655263763,
      0.6667914142036572,
      0.009587088987235851
    ]
  ],
  "R": [
    [
      0.9996097699485524,
      -0.0013706175286521197,
      0.02790034463931118
    ],
    [
      0.0009410907403350627,
      0.9998809339134709,
      0.01540234866970964
    ],
    [
      -0.027918133383531718,
      -0.01537008145440411,
      0.9994920402006533
    ]
  ],
  "t": [
    [
      -0.9430502479230688
    ],
    [
      -0.03465918592129249
    ],
    [
      -0.33083979616048587
    ]
  ]
}