{
  "image_1": "frame_116",
  "image_2": "frame_117",
  "num_matches": 2000,
  "inlier_count": 1687,
  "inlier_ratio": 0.8435,
  "reproj_rmse": 0.5177,
  "F": [
    [
      -4.3729828239358415e-08,
      1.491982076135875e-05,
      -0.017527051338573473
    ],
    [
      -1.5043154562560782e-05,
      -1.2523634289040823e-07,
      -0.06278515188920826
    ],
    [
      0.01774388546401224,
      0.06299318824367617,
      1.0
    ]
  ],
  "E": [
    [
      -0.0009534864220037083,
      0.2005512473208219,
      0.012063436155771505
    ],
    [
      -0.20245322351954367,
      0.002062977295785279,
      -0.6774097148999313
    ],
    [
      -0.014483750155228129,
      0.6778922904330642,
      0.0030886393594625806
    ]
  ],
  "R": [
    [
      0.999984245983865,
      0.0049171061606725144,
      -0.0027073697725019663
    ],
    [
      -0.004904860740448387,
      0.9999777954234897,
      0.004511208385157795
    ],
    [
      0.002729491747045676,
      -0.004497858043801105,
      0.9999861594781303
    ]
  ],
  "t": [
    [
      0.9587833556747823
    ],
    [
      0.01578066560828911
    ],
    [
      -0.2836995725657036
    ]
  ]
}