{
  "image_1": "frame_022",
  "image_2": "frame_023",
  "num_matches": 2000,
  "inlier_count": 1816,
  "inlier_ratio": 0.908,
  "reproj_rmse": 2.9969,
  "F": [
    [
      1.0133463297369737e-08,
      -3.286770501657172e-06,
      0.005631566425632044
    ],
    [
      3.42131877957671e-06,
      4.8332534305656826e-08,
      -0.028171700456698496
    ],
    [
      -0.006046209136174442,
      0.027972933915935118,
      0.9999999999999999
    ]
  ],
  "E": [
    [
      0.0012021252694499177,
      -0.0702733071557965,
      -0.05235582108298269
    ],
    [
      0.08538173064830414,
      0.00498766595571637,
      -0.6999954828703847
    ],
    [
      0.05076732108247054,
      0.7017105415156112,
      0.005957134529232964
    ]
  ],
  "R": [
    [
      0.9997774599457352,
      0.0014213374454358496,
      0.021047811865378796
    ],
    [
      -0.0015675937278916002,
      0.9999747315466743,
      0.00693389631165032
    ],
    [
      -0.021037424613256778,
      -0.00696534765985485,
      0.9997544251953169
    ]
  ],
  "t": [
    [
      -0.9922893581966736
    ],
    [
      0.07336766780679464
    ],
    [
      -0.09989501954664952
    ]
  ]
}