{
  "image_1": "frame_067",
  "image_2": "frame_068",
  "num_matches": 2000,
  "inlier_count": 1813,
  "inlier_ratio": 0.9065,
  "reproj_rmse": 0.4359,
  "F": [
    [
      8.873579347185744e-09,
      2.3449444202501474e-06,
      -0.0062967959586212605
    ],
    [
      -2.2156475422378696e-06,
      8.781584553089397e-08,
      -0.06088670276730855
    ],
    [
      0.006200753957313508,
      0.060495972740817666,
      1.0
    ]
  ],
  "E": [
    [
      0.0005380297240596008,
      0.028764854415399006,
      -0.04472170457836934
    ],
    [
      -0.021683405389723995,
      0.0019308979162410147,
      -0.7053503412679348
    ],
    [
      0.047149797989662706,
      0.7049474216794256,
      0.002299927889254705
    ]
  ],
  "R": [
    [
      0.9999456644284359,
      -0.0033625241465919803,
      0.009867199305625757
    ],
    [
      0.0033366759395794254,
      0.9999909618981973,
      0.002634903336398977
    ],
    [
      -0.009875970050966517,
      -0.0026018365209061075,
      0.9999478464711402
    ]
  ],
  "t": [
    [
      -0.9971682534197345
    ],
    [
      0.06335609895108318
    ],
    [
      0.0405151712021137
    ]
  ]
}