{
  "image_1": "frame_018",
  "image_2": "frame_019",
  "num_matches": 2000,
  "inlier_count": 1832,
  "inlier_ratio": 0.916,
  "reproj_rmse": 0.3921,
  "F": [
    [
      7.34739143494594e-09,
      2.2078589373587685e-06,
      -0.0068674393415017725
    ],
    [
      -2.094507892533528e-06,
      3.909120462970982e-09,
      0.03763674569156183
    ],
    [
      0.006363454387164364,
      -0.037822547477781375,
      0.9999999999999999
    ]
  ],
  "E": [
    [
      0.0005583315189940852,
      0.14266321230181853,
      -0.052005229686728355
    ],
    [
      -0.13689556616701287,
      0.0035770879482004895,
      0.6918077341263121
    ],
    [
      0.046619540669097945,
      -0.6909508884812086,
      0.0021697350861449665
    ]
  ],
  "R": [
    [
      0.9999382197144588,
      -0.007047013184385595,
      -0.008596299172169503
    ],
    [
      0.007014708142922682,
      0.99996824316481,
      -0.0037823975931563017
    ],
    [
      0.008622680786620929,
      0.0037218633857501286,
      0.9999558975819832
    ]
  ],
  "t": [
    [
      -0.9766702127195973
    ],
    [
      -0.07278553989139407
    ],
    [
      -0.20203356347145557
    ]
  ]
}