{
  "image_1": "frame_058",
  "image_2": "frame_059",
  "num_matches": 2000,
  "inlier_count": 1738,
  "inlier_ratio": 0.869,
  "reproj_rmse": 1.0639,
  "F": [
    [
      -3.2630636208949975e-09,
      -9.381684646815957e-07,
      0.0022569378416572956
    ],
    [
      9.524200798170221e-07,
      7.724869326035034e-08,
      0.011153593189543768
    ],
    [
      -0.0022669859718948138,
      -0.011441327040869505,
      1.0
    ]
  ],
  "E": [
    [
      0.0006687858061931202,
      0.18640222295324976,
      0.04350031565844565
    ],
    [
      -0.18696477115201265,
      -0.011346599364411337,
      -0.6802417214704833
    ],
    [
      -0.0446494887946065,
      0.6807453963711372,
      -0.011842483394292495
    ]
  ],
  "R": [
    [
      0.9999932107191047,
      -0.0031364581507341005,
      -0.0019342042200808929
    ],
    [
      0.0031020751462521798,
      0.9998415218831719,
      -0.017530209586011817
    ],
    [
      0.0019888804597785747,
      0.017524090521655655,
      0.9998444632071057
    ]
  ],
  "t": [
    [
      -0.962664517411178
    ],
    [
      -0.06613061925934798
    ],
    [
      0.2624952725552961
    ]
  ]
}