{
  "image_1": "frame_102",
  "image_2": "frame_104",
  "num_matches": 2000,
  "inlier_count": 1683,
  "inlier_ratio": 0.8415,
  "reproj_rmse": 0.3495,
  "F": [
    [
      1.444872067697286e-07,
      -1.3805128449632254e-05,
      0.025348765439960546
    ],
    [
      1.3853496689372765e-05,
      4.0592245695886664e-07,
      0.05455730187363609
    ],
    [
      -0.024645014978843683,
      -0.05536719950952462,
      1.0
    ]
  ],
  "E": [
    [
      0.001734660995030706,
      -0.16728693854020527,
      -0.011874109283390142
    ],
    [
      0.1623263688571515,
      0.007746078733764085,
      0.6880489754190057
    ],
    [
      0.020109004974614826,
      -0.6867361759342566,
      0.0062357773122036905
    ]
  ],
  "R": [
    [
      0.9999269935157359,
      0.009874262493989188,
      0.006964666451564294
    ],
    [
      -0.009811829186100282,
      0.9999118785730934,
      -0.00894220870088502
    ],
    [
      -0.0070523504312069996,
      0.008873219744105239,
      0.9999357630991944
    ]
  ],
  "t": [
    [
      0.9714639228234924
    ],
    [
      0.018907969894131873
    ],
    [
      -0.2364325174904552
    ]
  ]
}