{
  "image_1": "frame_126",
  "image_2": "frame_127",
  "num_matches": 2000,
  "inlier_count": 1693,
  "inlier_ratio": 0.8465,
  "reproj_rmse": 0.5257,
  "F": [
    [
      -6.278495827233737e-09,
      6.888031065899575e-07,
      -0.002989045258077862
    ],
    [
      -2.5438330487732825e-07,
      3.218764831342162e-08,
      0.09486976777005293
    ],
    [
      0.001976254031390253,
      -0.09550616822389975,
      1.0
    ]
  ],
  "E": [
    [
      0.0002458798842174118,
      0.0705724621387768,
      0.009312228321653768
    ],
    [
      -0.07803556365003064,
      0.0008215712167580956,
      -0.7027263160279269
    ],
    [
      -0.007772399111186897,
      0.7035319943408294,
      0.0007568841962328165
    ]
  ],
  "R": [
    [
      0.9999416103924018,
      -0.002084741110877397,
      -0.010603285356473383
    ],
    [
      0.002094787881600132,
      0.999997367415066,
      0.0009364970199714367
    ],
    [
      0.010601305088586935,
      -0.000958653971947784,
      0.9999433450515987
    ]
  ],
  "t": [
    [
      0.994919845549821
    ],
    [
      0.013076741816647433
    ],
    [
      -0.09981733193479474
    ]
  ]
}