{
  "image_1": "frame_098",
  "image_2": "frame_099",
  "num_matches": 2000,
  "inlier_count": 1735,
  "inlier_ratio": 0.8675,
  "reproj_rmse": 1.4049,
  "F": [
    [
      5.1468670743249133e-08,
      5.099170987954868e-06,
      -0.009626637557658514
    ],
    [
      -5.013883563062939e-06,
      5.5343696212866796e-08,
      0.05381065149367852
    ],
    [
      0.0088336836812647,
      -0.053940541888155114,
      1.0
    ]
  ],
  "E": [
    [
      -0.003258332981611092,
      -0.24657181867208267,
      -0.08296954504510388
    ],
    [
      0.23959705127213884,
      -0.0027144559407059465,
      -0.6600579422512401
    ],
    [
      0.08947098706816163,
      0.6566662024858456,
      -0.001270710627629231
    ]
  ],
  "R": [
    [
      0.9998978834402431,
      -0.00967375854462603,
      -0.010518606720564483
    ],
    [
      0.009667950789895519,
      0.9999530825489369,
      -0.0006028502329536722
    ],
    [
      0.010523945041940652,
      0.0005010952998096008,
      0.9999444962017914
    ]
  ],
  "t": [
    [
      0.9298470584971821
    ],
    [
      -0.1175533718929474
    ],
    [
      0.3486626629863548
    ]
  ]
}