{
  "image_1": "frame_110",
  "image_2": "frame_111",
  "num_matches": 2000,
  "inlier_count": 1726,
  "inlier_ratio": 0.863,
  "reproj_rmse": 1.0481,
  "F": [
    [
      -9.155589061698923e-09,
      -4.043628089440824e-06,
      0.008921024265251022
    ],
    [
      4.154832645328861e-06,
      4.8162933148414785e-08,
      0.02646592683626499
    ],
    [
      -0.00916732821818212,
      -0.026852692422626227,
      1.0
    ]
  ],
  "E": [
    [
      0.0011872996322486922,
      0.1746465686791265,
      0.06776218665328264
    ],
    [
      -0.17962994276974092,
      -0.0026575677947096974,
      -0.6804539628433772
    ],
    [
      -0.06606555436357978,
      0.6820860428138061,
      -0.0028018918772413632
    ]
  ],
  "R": [
    [
      0.9999625643400677,
      -0.0037776724498542885,
      -0.007784542972942926
    ],
    [
      0.0037396532203914784,
      0.9999810379598654,
      -0.004892720562384947
    ],
    [
      0.007802878457799922,
      0.004863425908964155,
      0.999957730194732
    ]
  ],
  "t": [
    [
      0.9642670298502962
    ],
    [
      0.09704046006383116
    ],
    [
      -0.2465202714875346
    ]
  ]
}