{
  "image_1": "frame_100",
  "image_2": "frame_101",
  "num_matches": 2000,
  "inlier_count": 1700,
  "inlier_ratio": 0.85,
  "reproj_rmse": 0.5135,
  "F": [
    [
      -1.0052696515407797e-09,
      1.0303879019385364e-06,
      -0.00316751667149771
    ],
    [
      -1.0452315323033142e-06,
      6.394141187826017e-08,
      0.01804043446522137
    ],
    [
      0.003186137582900841,
      -0.018308685005758395,
      1.0
    ]
  ],
  "E": [
    [
      -0.00021604124716935073,
      -0.23979809157088794,
      0.09905359840337152
    ],
    [
      0.2467859391295737,
      -0.007981298652295545,
      -0.6556191644390801
    ],
    [
      -0.09757979797338547,
      0.6574725791629221,
      -0.009471761439745255
    ]
  ],
  "R": [
    [
      0.9999589281215059,
      0.002675959807807382,
      0.008659174856563367
    ],
    [
      -0.0025620697861053476,
      0.9999104235518065,
      -0.013136996264674364
    ],
    [
      -0.008693553272435373,
      0.013114271293287488,
      0.9998762113481575
    ]
  ],
  "t": [
    [
      0.9302528830898746
    ],
    [
      0.13562087110623694
    ],
    [
      0.34093482195774866
    ]
  ]
}