{
  "image_1": "frame_121",
  "image_2": "frame_122",
  "num_matches": 2000,
  "inlier_count": 1689,
  "inlier_ratio": 0.8445,
  "reproj_rmse": 0.3059,
  "F": [
    [
      -1.6681021849077604e-08,
      2.8952409614009414e-06,
      -0.004343894217015753
    ],
    [
      -3.060082384190727e-06,
      -9.38589760472693e-08,
      -0.04758658537525748
    ],
    [
      0.004405123664201441,
      0.04799222109541209,
      0.9999999999999999
    ]
  ],
  "E": [
    [
      -0.0003162792516162161,
      0.05494057350722066,
      0.00516539908837399
    ],
    [
      -0.05962440052832426,
      0.004379575967640757,
      -0.7045585592263447
    ],
    [
      -0.00925560196002596,
      0.704889438736634,
      0.004790802561192167
    ]
  ],
  "R": [
    [
      0.9999582035466398,
      0.006372868291448116,
      -0.006555738670559544
    ],
    [
      -0.006328599795861005,
      0.9999571830748782,
      0.006751358498716695
    ],
    [
      0.006598483492488455,
      -0.006709587669463585,
      0.999955719744082
    ]
  ],
  "t": [
    [
      0.9969501010606202
    ],
    [
      0.006780383009702028
    ],
    [
      -0.07774652661991228
    ]
  ]
}