{
  "image_1": "frame_141",
  "image_2": "frame_142",
  "num_matches": 2000,
  "inlier_count": 1789,
  "inlier_ratio": 0.8945,
  "reproj_rmse": 0.3291,
  "F": [
    [
      1.7210744096517377e-07,
      2.7171368465110583e-05,
      -0.04172791811157557
    ],
    [
      -2.6147040902952604e-05,
      -2.715449139137183e-07,
      0.18286235131994094
    ],
    [
      0.03885258945651893,
      -0.18244226737979405,
      0.9999999999999999
    ]
  ],
  "E": [
    [
      0.000609393268404416,
      -0.04908195847908927,
      0.03831285759887282
    ],
    [
      0.034151936963529445,
      -0.0003709743738958367,
      -0.7052419447158593
    ],
    [
      -0.03539179347868842,
      0.7045119617231306,
      0.0005819542453708046
    ]
  ],
  "R": [
    [
      0.9997668783305839,
      -0.004129904736941678,
      -0.02119275536554873
    ],
    [
      0.004123915244519695,
      0.9999914433839578,
      -0.0003263156819612251
    ],
    [
      0.02119392167995693,
      0.00023884248377916903,
      0.9997753550863772
    ]
  ],
  "t": [
    [
      0.9961151689782763
    ],
    [
      0.05417207755007006
    ],
    [
      0.06942590399331659
    ]
  ]
}