{
  "image_1": "frame_115",
  "image_2": "frame_116",
  "num_matches": 2000,
  "inlier_count": 1714,
  "inlier_ratio": 0.857,
  "reproj_rmse": 0.3004,
  "F": [
    [
      -9.52221983655674e-07,
      0.00017980951074596826,
      -0.0789245546463436
    ],
    [
      -0.0001816541403356899,
      -4.534660238161702e-06,
      1.6089134589024285
    ],
    [
      0.08826374114950054,
      -1.6091482079408053,
      1.0
    ]
  ],
  "E": [
    [
      -0.0005951568800853371,
      0.12043554150702114,
      0.024905108489811253
    ],
    [
      -0.12192943482457466,
      -0.0013975162553562135,
      -0.6960636492187882
    ],
    [
      -0.02879065999813041,
      0.6961838453978015,
      -0.0006849183973557962
    ]
  ],
  "R": [
    [
      0.9999830512591575,
      0.00539451150367342,
      -0.0021900776383631804
    ],
    [
      -0.005396847988976335,
      0.9999848726118757,
      -0.001062346080401737
    ],
    [
      0.002184313670058252,
      0.0010741475910716752,
      0.9999970374859831
    ]
  ],
  "t": [
    [
      0.9847585101955804
    ],
    [
      0.0354021498755152
    ],
    [
      -0.1702861250412749
    ]
  ]
}