{
  "image_1": "frame_062",
  "image_2": "frame_063",
  "num_matches": 2000,
  "inlier_count": 1851,
  "inlier_ratio": 0.9255,
  "reproj_rmse": 0.3448,
  "F": [
    [
      5.789158754251911e-09,
      1.0304320105383104e-07,
      -0.0011864016912911965
    ],
    [
      3.1352997603687103e-08,
      3.9555363580130085e-08,
      -0.021657270378045896
    ],
    [
      0.0008603236588618018,
      0.02134898158409517,
      1.0
    ]
  ],
  "E": [
    [
      0.0003659214131790611,
      0.03090872135489037,
      -0.023140643098223775
    ],
    [
      -0.017244785259718724,
      0.004435777478539096,
      -0.7064971074929736
    ],
    [
      0.021484246698980445,
      0.7060934619135913,
      0.004925061720605879
    ]
  ],
  "R": [
    [
      0.9998134838257762,
      0.0025009870256867857,
      0.019150525425207943
    ],
    [
      -0.00262287807422263,
      0.9999764468089798,
      0.006342423660985784
    ],
    [
      -0.019134212049936924,
      -0.006391470189636602,
      0.9997964948118409
    ]
  ],
  "t": [
    [
      -0.9985079145231907
    ],
    [
      0.03300843418186865
    ],
    [
      0.04350158511376087
    ]
  ]
}