{
  "image_1": "frame_001",
  "image_2": "frame_003",
  "num_matches": 2000,
  "inlier_count": 1855,
  "inlier_ratio": 0.9275,
  "reproj_rmse": 0.4235,
  "F": [
    [
      6.009736108555191e-09,
      3.9251072570429937e-07,
      -0.0005444755543282039
    ],
    [
      -4.1886800240651467e-07,
      7.45274747072156e-08,
      0.007365843353293561
    ],
    [
      0.0004220408647721853,
      -0.007628958659789742,
      1.0
    ]
  ],
  "E": [
    [
      -0.001216213523373606,
      -0.10054644751883698,
      -0.04273134516844923
    ],
    [
      0.10891285375432337,
      -0.020795082173840913,
      -0.6968800516562834
    ],
    [
      0.058344958848862156,
      0.6974184031113742,
      -0.018170032543062882
    ]
  ],
  "R": [
    [
      0.9997348116423965,
      -0.018128215404820673,
      0.014201204053817668
    ],
    [
      0.018505909942832355,
      0.9994659539649272,
      -0.026932102817377738
    ],
    [
      -0.013705388995921136,
      0.027187766940564566,
      0.9995363863518205
    ]
  ],
  "t": [
    [
      -0.9879908550733543
    ],
    [
      0.06424559947644695
    ],
    [
      -0.1405225008293485
    ]
  ]
}