{
  "image_1": "frame_057",
  "image_2": "frame_058",
  "num_matches": 2000,
  "inlier_count": 1712,
  "inlier_ratio": 0.856,
  "reproj_rmse": 0.4472,
  "F": [
    [
      8.354262499376419e-09,
      8.013473645398863e-07,
      -0.00198682752872971
    ],
    [
      -8.638966090096928e-07,
      1.0316386368262978e-07,
      0.02024430739935804
    ],
    [
      0.0018907187659489009,
      -0.02052190759855646,
      1.0
    ]
  ],
  "E": [
    [
      0.0031827358102016344,
      0.22415660929338038,
      -0.08052464597737545
    ],
    [
      -0.21713769931934793,
      -0.005809548768929011,
      -0.6683989830177153
    ],
    [
      0.08449908622183974,
      0.6649289409199317,
      -0.007010151648404286
    ]
  ],
  "R": [
    [
      0.9998785152441236,
      -0.009860409710540877,
      0.012071746913634496
    ],
    [
      0.010004574844501152,
      0.9998786556051467,
      -0.011940793416889701
    ],
    [
      -0.011952540959450975,
      0.012060115488017567,
      0.9998558347977115
    ]
  ],
  "t": [
    [
      -0.9415513433613857
    ],
    [
      0.11009330751819155
    ],
    [
      0.31837168758241463
    ]
  ]
}