{
  "image_1": "frame_104",
  "image_2": "frame_105",
  "num_matches": 2000,
  "inlier_count": 1797,
  "inlier_ratio": 0.8985,
  "reproj_rmse": 0.5793,
  "F": [
    [
      -1.006658421776121e-09,
      -3.4867433348003617e-06,
      0.006947112683203147
    ],
    [
      3.5577818857121682e-06,
      2.0864979664049895e-07,
      0.05448985834182276
    ],
    [
      -0.007076541832282083,
      -0.055191180665793975,
      1.0
    ]
  ],
  "E": [
    [
      -1.9132961635333906e-05,
      0.08105673885773267,
      -0.0023368082621455077
    ],
    [
      -0.08712872675481238,
      -0.0016183026848747449,
      -0.7017131490119891
    ],
    [
      0.0021451317130662157,
      0.7024398067570217,
      -0.0016379603476051317
    ]
  ],
  "R": [
    [
      0.9999626653021337,
      -1.3080236377666088e-05,
      -0.008641054956446306
    ],
    [
      -6.8408076674656045e-06,
      0.999997342627656,
      -0.00230536132301016
    ],
    [
      0.008641062148616915,
      0.002305334364836784,
      0.9999600079395227
    ]
  ],
  "t": [
    [
      0.9934025810786129
    ],
    [
      -0.003040583556956781
    ],
    [
      -0.11463885361422191
    ]
  ]
}