{
  "image_1": "frame_146",
  "image_2": "frame_147",
  "num_matches": 2000,
  "inlier_count": 1736,
  "inlier_ratio": 0.868,
  "reproj_rmse": 0.8376,
  "F": [
    [
      9.754102760428431e-08,
      1.2441498398001262e-05,
      -0.019403310879711123
    ],
    [
      -1.2662285373936093e-05,
      -1.4319691851775198e-08,
      0.1098292448625309
    ],
    [
      0.018800955126052222,
      -0.10997949798200608,
      1.0
    ]
  ],
  "E": [
    [
      -0.0007336976338113144,
      -0.12489305355772574,
      -0.042727517803700314
    ],
    [
      0.13041732798757466,
      -0.0004996589261519724,
      -0.6936676547794479
    ],
    [
      0.0485681169006032,
      0.6942852630513331,
      0.0009556296007658478
    ]
  ],
  "R": [
    [
      0.9999320111353296,
      -0.008576897788951175,
      0.007899995643866897
    ],
    [
      0.008570123246395313,
      0.9999628788715831,
      0.0008909918053787089
    ],
    [
      -0.00790734433275958,
      -0.0008232272915435178,
      0.9999683976018591
    ]
  ],
  "t": [
    [
      0.9824210360971998
    ],
    [
      -0.06027031797106875
    ],
    [
      0.17668162497942672
    ]
  ]
}