{
  "image_1": "frame_120",
  "image_2": "frame_121",
  "num_matches": 2000,
  "inlier_count": 1811,
  "inlier_ratio": 0.9055,
  "reproj_rmse": 0.3439,
  "F": [
    [
      -3.314177421582389e-09,
      -2.0797329130531408e-06,
      0.0024076234820033893
    ],
    [
      1.8930177668289782e-06,
      9.216387481538433e-08,
      -0.03423738584979441
    ],
    [
      -0.002192442563252913,
      0.03413183392221982,
      1.0
    ]
  ],
  "E": [
    [
      -4.328709309685984e-05,
      0.13530826944191904,
      0.02367475481623791
    ],
    [
      -0.143756860812303,
      0.006109506810150853,
      -0.6919495232062686
    ],
    [
      -0.024000019124601906,
      0.6935506623150223,
      0.0067194081741332335
    ]
  ],
  "R": [
    [
      0.9999267506643507,
      0.002395718738128008,
      -0.011863972250532318
    ],
    [
      -0.0022853960361230684,
      0.9999541069771319,
      0.00930381129023768
    ],
    [
      0.011885717092026543,
      -0.009276015917088319,
      0.999886336169224
    ]
  ],
  "t": [
    [
      0.9809497197423033
    ],
    [
      0.031701616064406045
    ],
    [
      -0.19165765019012893
    ]
  ]
}