{
  "image_1": "frame_089",
  "image_2": "frame_091",
  "num_matches": 2000,
  "inlier_count": 1600,
  "inlier_ratio": 0.8,
  "reproj_rmse": 0.2763,
  "F": [
    [
      2.1323824779345293e-08,
      1.0825699721899958e-05,
      -0.02276288022353122
    ],
    [
      -1.1235943338285943e-05,
      6.317787477333602e-08,
      0.061132142034173095
    ],
    [
      0.023420004947305124,
      -0.06152128556301861,
      1.0
    ]
  ],
  "E": [
    [
      -0.00010582943195878679,
      -0.5328238592258036,
      -0.001998239906956084
    ],
    [
      0.5455969889851039,
      -0.00040234183055065447,
      -0.4497984090807272
    ],
    [
      0.002417216163319957,
      0.46485913223923064,
      -0.00017331134464591925
    ]
  ],
  "R": [
    [
      0.9996099201909546,
      -0.0003032764435012716,
      0.02792696688206525
    ],
    [
      0.0003176213908062629,
      0.9999998199033595,
      -0.0005092248038429696
    ],
    [
      -0.027926807416625066,
      0.0005178963675908565,
      0.9996098364916519
    ]
  ],
  "t": [
    [
      0.6574111816172937
    ],
    [
      -0.003210904507025539
    ],
    [
      0.753525200890322
    ]
  ]
}