{
  "image_1": "frame_051",
  "image_2": "frame_052",
  "num_matches": 2000,
  "inlier_count": 1681,
  "inlier_ratio": 0.8405,
  "reproj_rmse": 0.3104,
  "F": [
    [
      9.760443366466646e-09,
      1.642861038462699e-06,
      -0.0040229791547240065
    ],
    [
      -1.568160583695514e-06,
      9.266009660021132e-08,
      0.01993241480705885
    ],
    [
      0.0036573488200989895,
      -0.020232607352239636,
      1.0
    ]
  ],
  "E": [
    [
      0.00019029001397482008,
      0.02049442923373151,
      0.0017171187301436217
    ],
    [
      -0.027340536186997885,
      -0.0070213840428269975,
      -0.706540501525162
    ],
    [
      0.003994886016561594,
      0.7067619247586729,
      -0.007234031531196479
    ]
  ],
  "R": [
    [
      0.9999177184921175,
      -0.00847756945225161,
      -0.009627411993916094
    ],
    [
      0.008378727612483589,
      0.9999122500468024,
      -0.010261049163564039
    ],
    [
      0.009713555945901231,
      0.010179539406256247,
      0.9999010070043746
    ]
  ],
  "t": [
    [
      -0.999576904158315
    ],
    [
      -0.0027257849046100754
    ],
    [
      0.0289582936294988
    ]
  ]
}