{
  "image_1": "frame_105",
  "image_2": "frame_106",
  "num_matches": 2000,
  "inlier_count": 1809,
  "inlier_ratio": 0.9045,
  "reproj_rmse": 1.7018,
  "F": [
    [
      -2.304887228504752e-07,
      -5.419589470782821e-05,
      0.07838882322669118
    ],
    [
      5.5776531738415787e-05,
      2.40448603969382e-07,
      0.5622345024413049
    ],
    [
      -0.0833253604174233,
      -0.5650091651190692,
      1.0
    ]
  ],
  "E": [
    [
      0.00034557124721223866,
      0.1770333668592115,
      -0.009732663176995655
    ],
    [
      -0.1858956391544487,
      0.003092260701287929,
      -0.6821473362475415
    ],
    [
      0.012264528423236498,
      0.684482382571486,
      0.0024602999417848094
    ]
  ],
  "R": [
    [
      0.9999114767626677,
      -0.0026684710412810536,
      -0.013035256062029155
    ],
    [
      0.0027181168553956445,
      0.9999891149045393,
      0.003792349297785704
    ],
    [
      0.013024994397742545,
      -0.0038274449359656333,
      0.9999078458469064
    ]
  ],
  "t": [
    [
      0.9680540716989811
    ],
    [
      -0.014714680934224532
    ],
    [
      -0.25030939341548497
    ]
  ]
}