{
  "image_1": "frame_019",
  "image_2": "frame_020",
  "num_matches": 2000,
  "inlier_count": 1755,
  "inlier_ratio": 0.8775,
  "reproj_rmse": 2.3127,
  "F": [
    [
      -2.451936729960457e-09,
      1.2750330516062935e-06,
      -0.008299831074403406
    ],
    [
      -1.3272780855899902e-06,
      1.736642548805996e-07,
      0.05802191645620331
    ],
    [
      0.008642637606827562,
      -0.05856820521345807,
      1.0
    ]
  ],
  "E": [
    [
      0.0015826915741919195,
      -0.1722065982141462,
      0.1411710970298217
    ],
    [
      0.1691719905557538,
      -0.0020382321002764543,
      -0.6720508781365072
    ],
    [
      -0.14363486276636325,
      0.670449190371856,
      -0.002076951458021914
    ]
  ],
  "R": [
    [
      0.9999740261977356,
      0.004738052200696008,
      -0.0054311869083871755
    ],
    [
      -0.004761060567248454,
      0.9999797141216724,
      -0.004231270189143606
    ],
    [
      0.005411028752958902,
      0.0042570184967911165,
      0.9999762989998077
    ]
  ],
  "t": [
    [
      -0.9491186479911623
    ],
    [
      -0.19861671841656678
    ],
    [
      -0.24438737938130603
    ]
  ]
}