{
  "image_1": "frame_150",
  "image_2": "frame_151",
  "num_matches": 2000,
  "inlier_count": 1752,
  "inlier_ratio": 0.876,
  "reproj_rmse": 0.2425,
  "F": [
    [
      1.3016647025121898e-06,
      5.681425850669099e-05,
      0.009343132517554312
    ],
    [
      -6.35884775202717e-05,
      9.71329835763317e-08,
      -1.043433846955307
    ],
    [
      0.013541475843860487,
      1.0459093773626087,
      1.0
    ]
  ],
  "E": [
    [
      0.0026038112424925405,
      0.26339774726705545,
      0.00047863540659920297
    ],
    [
      -0.25191249704503826,
      -0.000537689871830939,
      0.6607111825359737
    ],
    [
      -0.005785201332740098,
      -0.6561802291763666,
      -0.003032175364713288
    ]
  ],
  "R": [
    [
      0.9997985615105534,
      -0.009851705520460477,
      -0.017486574843764535
    ],
    [
      0.009933574991885238,
      0.9999400748319001,
      0.004601177355280222
    ],
    [
      0.01744019751347592,
      -0.004773954703626921,
      0.9998365110692742
    ]
  ],
  "t": [
    [
      0.9280243723198237
    ],
    [
      0.001037298462750748
    ],
    [
      0.3725180376737433
    ]
  ]
}