{
  "image_1": "frame_117",
  "image_2": "frame_118",
  "num_matches": 2000,
  "inlier_count": 1754,
  "inlier_ratio": 0.877,
  "reproj_rmse": 0.4559,
  "F": [
    [
      -6.581736559661963e-09,
      8.757304297918575e-07,
      -0.0035285287205250185
    ],
    [
      -9.988207408509421e-07,
      1.603208409655603e-07,
      -0.042659886153788545
    ],
    [
      0.0037668501760299363,
      0.04245897213449415,
      1.0
    ]
  ],
  "E": [
    [
      -2.5571656732192814e-05,
      0.1415518936771452,
      0.027697839215852293
    ],
    [
      -0.15205836699801237,
      0.00484315804965015,
      -0.690033704137663
    ],
    [
      -0.028671913109632387,
      0.6921340237483202,
      0.005708678825321919
    ]
  ],
  "R": [
    [
      0.9998845413045498,
      0.003091784082989907,
      -0.014877665521661282
    ],
    [
      -0.002977841559743538,
      0.9999661151679793,
      0.007674697095303173
    ],
    [
      0.014900889900785308,
      -0.007629507654087158,
      0.9998598672279636
    ]
  ],
  "t": [
    [
      0.9789748622362859
    ],
    [
      0.03763732190420122
    ],
    [
      -0.20047855523552846
    ]
  ]
}