{
  "image_1": "frame_101",
  "image_2": "frame_102",
  "num_matches": 2000,
  "inlier_count": 1699,
  "inlier_ratio": 0.8495,
  "reproj_rmse": 0.4308,
  "F": [
    [
      5.8903108350903723e-08,
      -1.1646516633446947e-05,
      0.017757120771849388
    ],
    [
      1.1628215025922372e-05,
      2.9424590100371364e-07,
      0.0413376508204148
    ],
    [
      -0.01730095934984224,
      -0.04192729409045267,
      1.0
    ]
  ],
  "E": [
    [
      -0.0005003845496822085,
      0.06864853239313823,
      -0.004262538312201041
    ],
    [
      -0.07035648955250645,
      -0.005655888286578662,
      -0.7035650928486549
    ],
    [
      -0.0012758825282944966,
      0.703743428551132,
      -0.00516272292311905
    ]
  ],
  "R": [
    [
      0.9999715562516279,
      0.007137504939090594,
      -0.0024377676144036603
    ],
    [
      -0.007155186035775609,
      0.9999475874212375,
      -0.007322958639769208
    ],
    [
      0.0023853721912563824,
      0.007340193028169385,
      0.9999702153393463
    ]
  ],
  "t": [
    [
      0.995257714748002
    ],
    [
      -0.005317034963458485
    ],
    [
      -0.09712780432904859
    ]
  ]
}