{
  "image_1": "frame_003",
  "image_2": "frame_004",
  "num_matches": 2000,
  "inlier_count": 1865,
  "inlier_ratio": 0.9325,
  "reproj_rmse": 2.2133,
  "F": [
    [
      7.988590290431942e-09,
      6.774171950634673e-07,
      -0.002506043910316879
    ],
    [
      -6.790141108525906e-07,
      4.7072434648027896e-08,
      0.011851501612563098
    ],
    [
      0.0023237451552645264,
      -0.012066526956976012,
      1.0
    ]
  ],
  "E": [
    [
      -0.005577153536660281,
      -0.5389109015311072,
      0.10762381315511246
    ],
    [
      0.5384075553811947,
      -0.01323721401082465,
      -0.4473859202141727
    ],
    [
      -0.09394210302350657,
      0.44595844102381527,
      -0.006702196523210152
    ]
  ],
  "R": [
    [
      0.9999255200457657,
      -0.011279192254935094,
      -0.004661993487997562
    ],
    [
      0.011202797810404702,
      0.9998076221630915,
      -0.016100185893476213
    ],
    [
      0.004842693715807422,
      0.016046759381928385,
      0.9998595150474453
    ]
  ],
  "t": [
    [
      0.6292234108982555
    ],
    [
      0.13991367958789253
    ],
    [
      0.7645273451236011
    ]
  ]
}