{
  "image_1": "frame_004",
  "image_2": "frame_005",
  "num_matches": 2000,
  "inlier_count": 1820,
  "inlier_ratio": 0.91,
  "reproj_rmse": 0.3138,
  "F": [
    [
      -1.8571562194232842e-08,
      -1.0864602075021786e-06,
      0.00013264491899252548
    ],
    [
      1.1306055047757734e-06,
      2.3931467924004937e-08,
      0.013245552753660742
    ],
    [
      -0.0002855821032413351,
      -0.013482597982494798,
      1.0
    ]
  ],
  "E": [
    [
      -0.002397778037221526,
      -0.2515743978017527,
      0.04706343391525464
    ],
    [
      0.2474457068648817,
      -0.011121955768146476,
      -0.6608517297185674
    ],
    [
      -0.036751039242301185,
      0.6595413151146866,
      -0.008132439528387846
    ]
  ],
  "R": [
    [
      0.9999168012006007,
      -0.010838673600403963,
      -0.006993842387604254
    ],
    [
      0.010748512862293454,
      0.9998602695981531,
      -0.012802763387551881
    ],
    [
      0.0071316301087377965,
      0.01272652480814909,
      0.9998935820467596
    ]
  ],
  "t": [
    [
      0.9321905451347103
    ],
    [
      0.061998638404537225
    ],
    [
      0.3566187830126662
    ]
  ]
}