{
  "image_1": "frame_032",
  "image_2": "frame_034",
  "num_matches": 2000,
  "inlier_count": 1869,
  "inlier_ratio": 0.9345,
  "reproj_rmse": 0.4405,
  "F": [
    [
      -4.503244308411633e-09,
      9.873114480631123e-07,
      -0.002011811280518326
    ],
    [
      -1.1176566673848593e-06,
      1.2169011214712762e-07,
      0.03263474805719529
    ],
    [
      0.0023972030743828047,
      -0.03294929819550681,
      1.0
    ]
  ],
  "E": [
    [
      -9.407255269635985e-05,
      -0.027993164616259763,
      0.01566571921790068
    ],
    [
      0.03860215202672193,
      -0.006420158033625875,
      -0.7058550466955942
    ],
    [
      -0.018772238415454712,
      0.7062642098185749,
      -0.006836417542447224
    ]
  ],
  "R": [
    [
      0.9998788158802538,
      0.004907715563399334,
      0.01477389189922465
    ],
    [
      -0.004769799498646407,
      0.9999448562977846,
      -0.009355927337552148
    ],
    [
      -0.014818993442333048,
      0.009284325045559351,
      0.9998470876798135
    ]
  ],
  "t": [
    [
      -0.9989704291184076
    ],
    [
      -0.021785705592820895
    ],
    [
      -0.03979277294694997
    ]
  ]
}