{
  "image_1": "frame_050",
  "image_2": "frame_051",
  "num_matches": 2000,
  "inlier_count": 1694,
  "inlier_ratio": 0.847,
  "reproj_rmse": 0.3535,
  "F": [
    [
      -1.87924137082252e-08,
      -1.246738976091553e-06,
      0.0027455636308347333
    ],
    [
      1.4584211395837395e-06,
      -6.586426924580832e-08,
      0.008421248549827232
    ],
    [
      -0.0033617856527930414,
      -0.008770641534677014,
      0.9999999999999999
    ]
  ],
  "E": [
    [
      -0.0013324601892460064,
      -0.06198511589062497,
      -0.0019272289572722218
    ],
    [
      0.014102618648771,
      0.005294094416727752,
      -0.7069448424335588
    ],
    [
      0.01546283511327291,
      0.7041914318879982,
      0.005455474347083442
    ]
  ],
  "R": [
    [
      0.9975004313522087,
      -0.019329564055070376,
      -0.06796511903615292
    ],
    [
      0.019910748200115284,
      0.9997706746817102,
      0.007884171014735574
    ],
    [
      0.06779713532494627,
      -0.009217700359572914,
      0.9976565453310132
    ]
  ],
  "t": [
    [
      -0.9961449249445746
    ],
    [
      0.0020388566206188366
    ],
    [
      -0.08769909675047072
    ]
  ]
}