{
  "image_1": "frame_109",
  "image_2": "frame_110",
  "num_matches": 2000,
  "inlier_count": 1880,
  "inlier_ratio": 0.94,
  "reproj_rmse": 0.3815,
  "F": [
    [
      -1.377877167734727e-07,
      -1.503263058996335e-05,
      0.01803319645886555
    ],
    [
      1.6590212320306622e-05,
      -5.455372314992665e-07,
      0.28322933644019505
    ],
    [
      -0.022537838821918184,
      -0.2838163057386445,
      1.0
    ]
  ],
  "E": [
    [
      0.0012368000619243538,
      0.13913145727665185,
      0.032032412908079205
    ],
    [
      -0.1487348319353086,
      0.0032891193966682764,
      -0.6905592017296645
    ],
    [
      -0.027543508016995337,
      0.6927070569934046,
      0.002870744133590192
    ]
  ],
  "R": [
    [
      0.999889198371389,
      -0.005724822906611145,
      -0.013741083760339973
    ],
    [
      0.005773690966968878,
      0.9999771391965161,
      0.0035193148437532313
    ],
    [
      0.013720622173891223,
      -0.00359826166912062,
      0.9998993934592229
    ]
  ],
  "t": [
    [
      0.9794027082308567
    ],
    [
      0.0446121142574198
    ],
    [
      -0.19692662179488662
    ]
  ]
}