{
  "image_1": "frame_122",
  "image_2": "frame_123",
  "num_matches": 2000,
  "inlier_count": 1856,
  "inlier_ratio": 0.928,
  "reproj_rmse": 0.451,
  "F": [
    [
      -1.0534399342484258e-08,
      1.3015678669852042e-06,
      -0.0031092644172613284
    ],
    [
      -1.654679551433811e-06,
      1.9997861805242918e-07,
      -0.10801404215562747
    ],
    [
      0.0031010737029947277,
      0.1077852862028184,
      1.0
    ]
  ],
  "E": [
    [
      -0.00023985386462937281,
      0.007268151415964206,
      -0.015300063658664896
    ],
    [
      -0.01596666108203087,
      0.0011101775839981454,
      -0.706759733910473
    ],
    [
      0.010348522300225682,
      0.7069931936101935,
      0.0010336994927933436
    ]
  ],
  "R": [
    [
      0.9998991868735952,
      0.0070425613248917725,
      -0.012329574993017116
    ],
    [
      -0.007021762425728261,
      0.9999738516908371,
      0.0017293892066774454
    ],
    [
      0.012341431925021015,
      -0.0016426395151336243,
      0.999922492393017
    ]
  ],
  "t": [
    [
      0.9997129833078684
    ],
    [
      -0.02165695095513968
    ],
    [
      -0.010243411590315225
    ]
  ]
}