{
  "image_1": "frame_140",
  "image_2": "frame_141",
  "num_matches": 2000,
  "inlier_count": 1804,
  "inlier_ratio": 0.902,
  "reproj_rmse": 0.534,
  "F": [
    [
      -6.346892660938345e-08,
      -7.1521629352044625e-06,
      0.012613851654781676
    ],
    [
      6.825983151608848e-06,
      2.081042567915889e-07,
      -0.08368370643448723
    ],
    [
      -0.01132882087384453,
      0.0829548588317495,
      1.0
    ]
  ],
  "E": [
    [
      -0.001472486945375084,
      -0.20478152554536,
      -0.0013596234115519055
    ],
    [
      0.19164188699030996,
      0.0016949158861139758,
      -0.6806396425122067
    ],
    [
      0.005275796509586382,
      0.6767744316160972,
      0.003039101080208395
    ]
  ],
  "R": [
    [
      0.9997869490684426,
      -0.0070602159820735855,
      -0.019396129064889522
    ],
    [
      0.0071488263899754136,
      0.9999643083322097,
      0.00450292604111035
    ],
    [
      0.019363645154293008,
      -0.00464062624784576,
      0.9998017372631269
    ]
  ],
  "t": [
    [
      0.9571421106624548
    ],
    [
      -0.0006187920307363155
    ],
    [
      0.2896180192823709
    ]
  ]
}