{
  "image_1": "frame_091",
  "image_2": "frame_092",
  "num_matches": 2000,
  "inlier_count": 1674,
  "inlier_ratio": 0.837,
  "reproj_rmse": 0.5803,
  "F": [
    [
      -5.27501567043021e-08,
      -5.637693971841297e-06,
      0.013220914743694627
    ],
    [
      5.590864852561849e-06,
      -3.636746636256103e-08,
      -0.014605229022743162
    ],
    [
      -0.013130349283393836,
      0.014436105386867373,
      1.0
    ]
  ],
  "E": [
    [
      -0.005624779299005764,
      -0.6077727722981329,
      0.08328372731537
    ],
    [
      0.5986836755623275,
      -0.0031871344789448463,
      -0.36519296451194844
    ],
    [
      -0.08609909330799206,
      0.35269562786818215,
      0.0062432002625830265
    ]
  ],
  "R": [
    [
      0.9996697773245151,
      -0.012340364100756264,
      -0.02254000261347061
    ],
    [
      0.01261201287731431,
      0.9998490592980429,
      0.011949717653605418
    ],
    [
      0.022389136542907362,
      -0.012230046389086091,
      0.99967452329755
    ]
  ],
  "t": [
    [
      0.4972814894510745
    ],
    [
      0.1280765197838258
    ],
    [
      0.8580836353930684
    ]
  ]
}