{
  "image_1": "frame_073",
  "image_2": "frame_075",
  "num_matches": 2000,
  "inlier_count": 1797,
  "inlier_ratio": 0.8985,
  "reproj_rmse": 0.6964,
  "F": [
    [
      -1.409890883850494e-09,
      2.8468369014132223e-07,
      -0.0006646043518786468
    ],
    [
      -2.598872431130206e-07,
      6.136539614261152e-08,
      -0.00370892302186954
    ],
    [
      0.0006377188743246361,
      0.0034236679876420905,
      1.0
    ]
  ],
  "E": [
    [
      -2.5935074094363428e-05,
      0.13416936871307036,
      -0.03850957968166496
    ],
    [
      -0.11589555910680202,
      0.03756126162509742,
      -0.6950193461101806
    ],
    [
      0.04020315444059385,
      0.692423861495124,
      0.03942047743859161
    ]
  ],
  "R": [
    [
      0.9997036379215393,
      0.006894473553509035,
      0.02334743156880864
    ],
    [
      -0.008177747105982097,
      0.9984350452562132,
      0.055322552873975625
    ],
    [
      -0.022929474017317486,
      -0.05549708675816482,
      0.9981955282321424
    ]
  ],
  "t": [
    [
      -0.9803219798609533
    ],
    [
      0.0648919029930527
    ],
    [
      0.1864345910163696
    ]
  ]
}