{
  "image_1": "frame_132",
  "image_2": "frame_133",
  "num_matches": 2000,
  "inlier_count": 1832,
  "inlier_ratio": 0.916,
  "reproj_rmse": 0.4579,
  "F": [
    [
      7.338755093959478e-08,
      -5.630547148956029e-06,
      0.008554795084102482
    ],
    [
      6.876063788403042e-06,
      5.5601118794571373e-08,
      -0.11856856646332592
    ],
    [
      -0.012014152380701002,
      0.11812382284665003,
      0.9999999999999999
    ]
  ],
  "E": [
    [
      -0.00015307673847311443,
      -0.00929341694456837,
      0.005386002286524752
    ],
    [
      0.03860737313882314,
      -0.0019785461454367398,
      -0.7060289075485389
    ],
    [
      -0.010606211751536134,
      0.7069615574290281,
      -0.0024904494509328766
    ]
  ],
  "R": [
    [
      0.9991129737514168,
      0.007552336626814448,
      0.041427380958443755
    ],
    [
      -0.007425763846904032,
      0.9999672818036988,
      -0.0032083256399781904
    ],
    [
      -0.041450255884502865,
      0.0028978498231285125,
      0.9991363664452975
    ]
  ],
  "t": [
    [
      0.9998845932890216
    ],
    [
      0.007581266422815891
    ],
    [
      0.013165276399456562
    ]
  ]
}