{
  "image_1": "frame_080",
  "image_2": "frame_081",
  "num_matches": 2000,
  "inlier_count": 1675,
  "inlier_ratio": 0.8375,
  "reproj_rmse": 0.3172,
  "F": [
    [
      -3.3067632468021322e-09,
      -7.297315548371399e-07,
      -0.00020550349194029734
    ],
    [
      7.224992896891239e-07,
      6.978346122355334e-08,
      -0.01904116676231423
    ],
    [
      0.0002471451183881512,
      0.01875045622400533,
      1.0
    ]
  ],
  "E": [
    [
      -4.440812987650388e-05,
      -0.0030491442820895546,
      -0.05538137183526323
    ],
    [
      0.0033009217547312394,
      0.008973598524309857,
      -0.7048732366822571
    ],
    [
      0.056989201148489425,
      0.7047397665794947,
      0.00894401525145227
    ]
  ],
  "R": [
    [
      0.999997049162158,
      -0.002334153393379265,
      -0.0006733460570972905
    ],
    [
      0.0023425433468441254,
      0.9999160900128735,
      0.012740699511217897
    ],
    [
      0.0006435508096401411,
      -0.012742239257806227,
      0.9999186072781386
    ]
  ],
  "t": [
    [
      -0.9969188576817165
    ],
    [
      0.07825980646759478
    ],
    [
      -0.005309791920214819
    ]
  ]
}