{
  "image_1": "frame_023",
  "image_2": "frame_025",
  "num_matches": 2000,
  "inlier_count": 1752,
  "inlier_ratio": 0.876,
  "reproj_rmse": 0.2917,
  "F": [
    [
      -4.2778895362465315e-09,
      -4.958144695672295e-07,
      0.0011951601870194301
    ],
    [
      6.06705600881799e-07,
      7.317267905585872e-08,
      -0.0085610091949446
    ],
    [
      -0.0014390118766816693,
      0.008252566351337436,
      1.0
    ]
  ],
  "E": [
    [
      -0.0009409761396730413,
      -0.18633681532280885,
      0.014413500195928889
    ],
    [
      0.21546798242192824,
      0.018067732394331428,
      -0.6729550661916409
    ],
    [
      -0.019102114855441967,
      0.6817442546896042,
      0.017561939564869317
    ]
  ],
  "R": [
    [
      0.9990469329322595,
      -0.001671206575863237,
      0.04361688740872627
    ],
    [
      0.0004935604666833904,
      0.9996354038206698,
      0.02699658916144662
    ],
    [
      -0.04364610173555522,
      -0.026949332030070744,
      0.9986835090790389
    ]
  ],
  "t": [
    [
      -0.964437615225951
    ],
    [
      -0.027516703441896797
    ],
    [
      -0.2628743376006316
    ]
  ]
}