{
  "image_1": "frame_029",
  "image_2": "frame_030",
  "num_matches": 2000,
  "inlier_count": 1814,
  "inlier_ratio": 0.907,
  "reproj_rmse": 1.909,
  "F": [
    [
      2.4709861038928414e-07,
      -8.395927169267948e-06,
      -0.01837910681571102
    ],
    [
      6.615590354468632e-06,
      1.7435859357809897e-07,
      0.3248763531923321
    ],
    [
      0.02406016318169136,
      -0.32444795516711467,
      1.0
    ]
  ],
  "E": [
    [
      0.0003335982575470336,
      -0.2166678158896202,
      0.06461292894666065
    ],
    [
      0.2308958552945091,
      -0.00012597475826853512,
      -0.6652749116763282
    ],
    [
      -0.06917958383730667,
      0.66946243858689,
      -0.0032747849365576992
    ]
  ],
  "R": [
    [
      0.9997484391303791,
      0.007809349219879733,
      0.021025520710132584
    ],
    [
      -0.007750493196075389,
      0.9999658191547242,
      -0.002879301554019876
    ],
    [
      -0.02104728751140722,
      0.0027156190792093637,
      0.999774793191661
    ]
  ],
  "t": [
    [
      -0.9475021009707868
    ],
    [
      -0.09051386688320373
    ],
    [
      -0.30667084725776345
    ]
  ]
}