{
  "image_1": "frame_048",
  "image_2": "frame_050",
  "num_matches": 2000,
  "inlier_count": 1720,
  "inlier_ratio": 0.86,
  "reproj_rmse": 0.5516,
  "F": [
    [
      -6.759559160497183e-09,
      1.5093959819632516e-06,
      -0.0026767876653718947
    ],
    [
      -1.4248160487422258e-06,
      7.445804109386576e-08,
      -0.01238755132646343
    ],
    [
      0.002542837777672439,
      0.01203377958360104,
      1.0
    ]
  ],
  "E": [
    [
      -1.0745328583928608e-05,
      0.015179887424476415,
      -0.001991678463668488
    ],
    [
      -0.0032985898046233196,
      0.009766922900782342,
      -0.7070282024487531
    ],
    [
      -2.203322388969776e-05,
      0.7068763496081728,
      0.00981210796991257
    ]
  ],
  "R": [
    [
      0.9998545537308179,
      0.0029125873819643394,
      0.016804410685574516
    ],
    [
      -0.003145112174069479,
      0.9998994514933418,
      0.013827334259598251
    ],
    [
      -0.016762447707884102,
      -0.013878174882043948,
      0.999763180262598
    ]
  ],
  "t": [
    [
      -0.99976557664206
    ],
    [
      0.0031136680736696763
    ],
    [
      0.021426545048047748
    ]
  ]
}