{
  "image_1": "frame_145",
  "image_2": "frame_146",
  "num_matches": 2000,
  "inlier_count": 1682,
  "inlier_ratio": 0.841,
  "reproj_rmse": 0.3593,
  "F": [
    [
      -3.4386542831561005e-08,
      -7.085446315287267e-06,
      0.013059719828104829
    ],
    [
      7.387617289856362e-06,
      1.1480511015626304e-07,
      -0.04579449858896979
    ],
    [
      -0.013689263059811786,
      0.046034751748334005,
      1.0
    ]
  ],
  "E": [
    [
      -0.0015351278792847308,
      -0.14508099504405564,
      0.011029032541684738
    ],
    [
      0.1708018813162639,
      0.008442723201314707,
      -0.6859914576475442
    ],
    [
      -0.00808929002594317,
      0.691987982318833,
      0.00926618649556144
    ]
  ],
  "R": [
    [
      0.9992684729265202,
      -0.007726167619953355,
      0.03745431015261963
    ],
    [
      0.007202396705588055,
      0.9998746628683887,
      0.014099079243746895
    ],
    [
      -0.037558547586342805,
      -0.013819004585516121,
      0.9991988744066268
    ]
  ],
  "t": [
    [
      0.9785984965251228
    ],
    [
      0.018501772799834486
    ],
    [
      0.20494552203459462
    ]
  ]
}