{
  "image_1": "frame_148",
  "image_2": "frame_149",
  "num_matches": 2000,
  "inlier_count": 1582,
  "inlier_ratio": 0.791,
  "reproj_rmse": 0.3911,
  "F": [
    [
      3.0785410992449966e-09,
      -1.0046270810024924e-06,
      0.0007336539876304677
    ],
    [
      1.0395506767065894e-06,
      1.759747689683763e-07,
      0.023958777283008114
    ],
    [
      -0.0006540276411919624,
      -0.024490120361729248,
      0.9999999999999999
    ]
  ],
  "E": [
    [
      0.0024944358468054454,
      -0.21203016353741472,
      0.05618747939077405
    ],
    [
      0.20058343060428707,
      -0.005969885226820286,
      -0.6758912950823542
    ],
    [
      -0.05869642395873841,
      0.6717851300577392,
      -0.006405358449695881
    ]
  ],
  "R": [
    [
      0.9998141166625982,
      0.0070013934208328354,
      -0.017964203638202947
    ],
    [
      -0.0071991652463522515,
      0.9999139308393247,
      -0.010968269380630644
    ],
    [
      0.0178858643051944,
      0.011095557832623136,
      0.9997784676889372
    ]
  ],
  "t": [
    [
      0.9506628710862469
    ],
    [
      0.076179490306478
    ],
    [
      0.3007271035252715
    ]
  ]
}