{
  "image_1": "frame_069",
  "image_2": "frame_070",
  "num_matches": 2000,
  "inlier_count": 1831,
  "inlier_ratio": 0.9155,
  "reproj_rmse": 0.7869,
  "F": [
    [
      -5.005798205395799e-09,
      -1.1261831330114794e-06,
      0.00196964707444962
    ],
    [
      1.4338062436186473e-06,
      -3.646446750253965e-08,
      0.022545339056545672
    ],
    [
      -0.002607592734174568,
      -0.023028953701792722,
      0.9999999999999999
    ]
  ],
  "E": [
    [
      -0.0008591133391934329,
      0.016556621594340015,
      -0.018431790185001663
    ],
    [
      -0.05016557193539474,
      0.0004273110995602004,
      -0.705083265576098
    ],
    [
      0.019280382713776946,
      0.706650010382429,
      -0.0005102816045330857
    ]
  ],
  "R": [
    [
      0.9988657181016865,
      -0.0011624633614055607,
      -0.0476017424065074
    ],
    [
      0.001188633675922545,
      0.9999991576073222,
      0.0005214735186229572
    ],
    [
      0.047601096113288756,
      -0.0005774630547085808,
      0.9988662584076178
    ]
  ],
  "t": [
    [
      0.9993852203392127
    ],
    [
      -0.026108289954143542
    ],
    [
      -0.023399541944527657
    ]
  ]
}