{
  "image_1": "frame_134",
  "image_2": "frame_135",
  "num_matches": 2000,
  "inlier_count": 1702,
  "inlier_ratio": 0.851,
  "reproj_rmse": 0.3057,
  "F": [
    [
      -2.7280223089211626e-08,
      -4.080250918744934e-06,
      0.006191703239000291
    ],
    [
      3.970175244969187e-06,
      1.795997485133426e-07,
      -0.04361820940032764
    ],
    [
      -0.005798902448427887,
      0.0431513536932593,
      1.0
    ]
  ],
  "E": [
    [
      -0.0004947761010309653,
      -0.09375468007010619,
      0.01617165704560098
    ],
    [
      0.08795072386799135,
      0.004182665226654134,
      -0.7014018769602803
    ],
    [
      -0.012086124311961535,
      0.7007572447218032,
      0.004907618391626629
    ]
  ],
  "R": [
    [
      0.9999443334361234,
      -0.006685116051811466,
      -0.008163286860153135
    ],
    [
      0.00674076226083584,
      0.9999541037933652,
      0.006808261962530858
    ],
    [
      0.008117398174921173,
      -0.006862909745972831,
      0.9999435025623636
    ]
  ],
  "t": [
    [
      0.9909069509218829
    ],
    [
      0.02377315224283244
    ],
    [
      0.13243206502632468
    ]
  ]
}