{
  "image_1": "frame_152",
  "image_2": "frame_153",
  "num_matches": 2000,
  "inlier_count": 1760,
  "inlier_ratio": 0.88,
  "reproj_rmse": 0.4562,
  "F": [
    [
      -8.083041907377247e-09,
      -1.5085643485255214e-06,
      0.0036170181982497418
    ],
    [
      1.3653804444823138e-06,
      4.7245596631665366e-08,
      -0.027863128806596492
    ],
    [
      -0.0031701823146185284,
      0.02771937997292235,
      1.0
    ]
  ],
  "E": [
    [
      -0.002340696430137481,
      -0.3710599707768945,
      0.09184116106402058
    ],
    [
      0.3629211240931132,
      0.00365475357250501,
      -0.5991809252974443
    ],
    [
      -0.09062023200467957,
      0.5956952801711677,
      0.0081514610905551
    ]
  ],
  "R": [
    [
      0.999886827854811,
      -0.009244999001148682,
      -0.011868507737377076
    ],
    [
      0.00938486179481654,
      0.9998865331618553,
      0.011783258066336837
    ],
    [
      0.011758224846277088,
      -0.011893308834569669,
      0.9998601368958708
    ]
  ],
  "t": [
    [
      0.8412778617813317
    ],
    [
      0.13606703658869077
    ],
    [
      0.523199121588141
    ]
  ]
}