{
  "image_1": "frame_149",
  "image_2": "frame_150",
  "num_matches": 2000,
  "inlier_count": 1876,
  "inlier_ratio": 0.938,
  "reproj_rmse": 0.4186,
  "F": [
    [
      2.6651960949145906e-08,
      6.605812906208237e-06,
      -0.012469911122114301
    ],
    [
      -6.313518824729345e-06,
      8.854095966483818e-08,
      0.06939873804333815
    ],
    [
      0.01156886847257117,
      -0.06969430244670541,
      1.0
    ]
  ],
  "E": [
    [
      -0.0008594905446950913,
      -0.205057729410182,
      -0.004587919006285387
    ],
    [
      0.19275163419759014,
      -0.002053243518262449,
      -0.6803070590546675
    ],
    [
      0.007526917568733974,
      0.6766799717366832,
      -0.0014136308900490147
    ]
  ],
  "R": [
    [
      0.9998287442666431,
      -0.0037854378172572697,
      -0.018114982713741512
    ],
    [
      0.0037506238663205967,
      0.9999910545360916,
      -0.001955420263982197
    ],
    [
      0.018122222788633346,
      0.0018871429005465692,
      0.9998339980881186
    ]
  ],
  "t": [
    [
      0.9570052663169487
    ],
    [
      -0.007056510608268658
    ],
    [
      0.28998469942336874
    ]
  ]
}