{
  "image_1": "frame_138",
  "image_2": "frame_139",
  "num_matches": 2000,
  "inlier_count": 1758,
  "inlier_ratio": 0.879,
  "reproj_rmse": 0.2087,
  "F": [
    [
      3.5746798172108424e-08,
      2.695879210134784e-06,
      0.00806409540404514
    ],
    [
      -3.20042789169158e-06,
      7.574495736281266e-09,
      -0.1662892541948874
    ],
    [
      -0.0073445020771164765,
      0.16620744769591314,
      1.0
    ]
  ],
  "E": [
    [
      -0.00019616438647056912,
      0.12953917438903192,
      0.00593432043779642
    ],
    [
      -0.12076219145772665,
      -0.0012226162302063127,
      0.6966935405059113
    ],
    [
      -0.004311264717547272,
      -0.6951244957509493,
      -0.0008972200542744092
    ]
  ],
  "R": [
    [
      0.9999181697481354,
      0.00209235663124419,
      -0.012620453687043981
    ],
    [
      -0.0020749115576444224,
      0.9999968740451418,
      0.0013952211195688783
    ],
    [
      0.012623333536237291,
      -0.0013689206230555657,
      0.9999193855040317
    ]
  ],
  "t": [
    [
      0.9830405359486282
    ],
    [
      -0.008137437092735638
    ],
    [
      0.1832077694842548
    ]
  ]
}