{
  "image_1": "frame_015",
  "image_2": "frame_016",
  "num_matches": 2000,
  "inlier_count": 1772,
  "inlier_ratio": 0.886,
  "reproj_rmse": 0.8943,
  "F": [
    [
      -4.434176173384499e-09,
      -1.323503511042242e-06,
      0.006623424549056299
    ],
    [
      1.3394232995738544e-06,
      1.5037633592225656e-07,
      -0.04004420343436292
    ],
    [
      -0.006668587888844963,
      0.039683902880247694,
      1.0
    ]
  ],
  "E": [
    [
      -0.0002007113216062606,
      -0.2889913977862836,
      0.03488010147348485
    ],
    [
      0.2916870813908338,
      0.00429370162092706,
      -0.6430740247343479
    ],
    [
      -0.036750688130251535,
      0.6444030860956268,
      0.0041676350769669
    ]
  ],
  "R": [
    [
      0.9999895870567328,
      -0.000143918042802213,
      0.004561257030865629
    ],
    [
      0.00011322774613447412,
      0.9999773602232706,
      0.006728017566561002
    ],
    [
      -0.004562122048144712,
      -0.006727431047242941,
      0.9999669638112663
    ]
  ],
  "t": [
    [
      -0.9113367228508475
    ],
    [
      -0.052077050823381474
    ],
    [
      -0.4083544518687367
    ]
  ]
}