{
  "image_1": "frame_061",
  "image_2": "frame_062",
  "num_matches": 2000,
  "inlier_count": 1752,
  "inlier_ratio": 0.876,
  "reproj_rmse": 1.4621,
  "F": [
    [
      -7.2380837167052825e-09,
      5.9412044369639984e-06,
      -0.006521174642895929
    ],
    [
      -5.730623904506169e-06,
      1.0987449118458244e-07,
      -0.04068970974293769
    ],
    [
      0.006300202138402039,
      0.04003917397020857,
      1.0
    ]
  ],
  "E": [
    [
      -0.0013518024068442198,
      0.011087848725171894,
      0.11948111453389701
    ],
    [
      -0.003576683221106951,
      0.003080380931058417,
      -0.6969304454742826
    ],
    [
      -0.11791752033997323,
      0.6971066984700613,
      0.0016963540770831083
    ]
  ],
  "R": [
    [
      0.999931179605467,
      -0.0022222467815260216,
      0.011519447558864835
    ],
    [
      0.0021715832470954877,
      0.9999879235851612,
      0.004408731114309512
    ],
    [
      -0.01152910573376682,
      -0.004383412264360093,
      0.9999239298156137
    ]
  ],
  "t": [
    [
      -0.9854942877978868
    ],
    [
      -0.16891226450151944
    ],
    [
      0.016421194192398802
    ]
  ]
}