{
  "image_1": "frame_135",
  "image_2": "frame_136",
  "num_matches": 2000,
  "inlier_count": 1817,
  "inlier_ratio": 0.9085,
  "reproj_rmse": 0.3146,
  "F": [
    [
      6.518931509569448e-09,
      1.5963939069231213e-06,
      -0.004856480430829858
    ],
    [
      -1.6374569653739463e-06,
      8.437460645182858e-08,
      0.04734859749770447
    ],
    [
      0.004750607905842266,
      -0.04757505982543564,
      1.0
    ]
  ],
  "E": [
    [
      -7.003243114683232e-05,
      -0.065884199228683,
      0.019295597743923903
    ],
    [
      0.06426843986325895,
      -0.003210682685333539,
      -0.7039162229423408
    ],
    [
      -0.017768624041833266,
      0.7037919601669835,
      -0.0030512836575932252
    ]
  ],
  "R": [
    [
      0.9999955390192506,
      -0.001768040621221812,
      -0.0024074829096413647
    ],
    [
      0.0017574340863938179,
      0.9999887727259321,
      -0.004400664440259371
    ],
    [
      0.0024152364336616633,
      0.004396413816452449,
      0.9999874190101212
    ]
  ],
  "t": [
    [
      0.9952757882066242
    ],
    [
      0.026877880601933978
    ],
    [
      0.09329354181309248
    ]
  ]
}