{
  "image_1": "frame_034",
  "image_2": "frame_035",
  "num_matches": 2000,
  "inlier_count": 1785,
  "inlier_ratio": 0.8925,
  "reproj_rmse": 0.2936,
  "F": [
    [
      3.3429486142031276e-08,
      4.183756724956267e-05,
      -0.09794369962323246
    ],
    [
      -4.1366967934012655e-05,
      3.1373488833153197e-07,
      -0.12083409916520414
    ],
    [
      0.09702791570891968,
      0.11978360619713405,
      1.0
    ]
  ],
  "E": [
    [
      -0.0003355465011962983,
      -0.05266638250921254,
      0.0364317162318483
    ],
    [
      0.05913777446500037,
      0.0009511415203667358,
      -0.7036826422084653
    ],
    [
      -0.03653720124510239,
      0.7041988976625502,
      0.0006108076725219064
    ]
  ],
  "R": [
    [
      0.9999570990004446,
      3.657609533391781e-05,
      0.009262765289267033
    ],
    [
      -4.906009831385366e-05,
      0.9999990908663301,
      0.001347538355705254
    ],
    [
      -0.00926270758048324,
      -0.0013479349771382473,
      0.9999561917002043
    ]
  ],
  "t": [
    [
      -0.9958904253122839
    ],
    [
      -0.05162476180368629
    ],
    [
      -0.07441199325398432
    ]
  ]
}