{
  "image_1": "frame_142",
  "image_2": "frame_143",
  "num_matches": 2000,
  "inlier_count": 1815,
  "inlier_ratio": 0.9075,
  "reproj_rmse": 0.2411,
  "F": [
    [
      7.64864978887599e-09,
      1.6900008697301723e-05,
      -0.03147278100189331
    ],
    [
      -1.5892108963655908e-05,
      -8.865535315752492e-08,
      0.1529869391453183
    ],
    [
      0.029432755737787596,
      -0.15287468216048877,
      0.9999999999999999
    ]
  ],
  "E": [
    [
      0.0004371751507076828,
      -0.15734405829590667,
      0.015302365483779423
    ],
    [
      0.14050270433628914,
      -0.001260787906443265,
      -0.6928435732455286
    ],
    [
      -0.015312040048028634,
      0.6892012149633561,
      -0.0009508051726444884
    ]
  ],
  "R": [
    [
      0.9997019300716329,
      0.0004035840558066772,
      -0.024410819956778462
    ],
    [
      -0.00045036798160034974,
      0.9999980725135093,
      -0.0019110567619911138
    ],
    [
      0.024410001633213857,
      0.0019214809851534893,
      0.9997001849210043
    ]
  ],
  "t": [
    [
      0.9746881489045229
    ],
    [
      0.02122185196510566
    ],
    [
      0.22255930756597403
    ]
  ]
}