{
  "image_1": "frame_053",
  "image_2": "frame_054",
  "num_matches": 2000,
  "inlier_count": 1678,
  "inlier_ratio": 0.839,
  "reproj_rmse": 0.4447,
  "F": [
    [
      -8.425591736663187e-08,
      1.2940158879026993e-05,
      -0.029777765894648606
    ],
    [
      -1.3709824153353454e-05,
      -8.248491834035411e-08,
      0.067667938198091
    ],
    [
      0.032100973999373526,
      -0.0681418315487745,
      1.0
    ]
  ],
  "E": [
    [
      0.0029934619105581135,
      -0.12334141790206282,
      -0.034202093153706904
    ],
    [
      0.15559247408635243,
      0.0016492147389363997,
      -0.6889227292644444
    ],
    [
      0.02633603424034886,
      0.6957629712747043,
      0.0014788320904775224
    ]
  ],
  "R": [
    [
      0.9988515742360012,
      0.011333151468703076,
      0.04655203888176826
    ],
    [
      -0.011337676053280184,
      0.9999357125645708,
      -0.00016685231519318437
    ],
    [
      -0.046550937133136294,
      -0.00036113123876587317,
      0.9989158522299336
    ]
  ],
  "t": [
    [
      -0.9834715559075453
    ],
    [
      0.048450700743337176
    ],
    [
      -0.1744598186353277
    ]
  ]
}