{
  "image_1": "frame_012",
  "image_2": "frame_014",
  "num_matches": 2000,
  "inlier_count": 1797,
  "inlier_ratio": 0.8985,
  "reproj_rmse": 0.2907,
  "F": [
    [
      -2.2423640619072493e-08,
      3.797335626699693e-06,
      -0.00828994256636415
    ],
    [
      -4.248225630096064e-06,
      7.713930717764813e-08,
      0.037707181922460704
    ],
    [
      0.009404322578031957,
      -0.03795347567011123,
      1.0
    ]
  ],
  "E": [
    [
      0.0008575280793056739,
      -0.1739011703940612,
      0.018624535147554702
    ],
    [
      0.2021450696376779,
      -0.004141683907362601,
      -0.6773680645041344
    ],
    [
      -0.0232452917460466,
      0.6849218063277311,
      -0.006728474241471141
    ]
  ],
  "R": [
    [
      0.9991097645616707,
      0.00933286049481263,
      0.04114092940743255
    ],
    [
      -0.008978352650178316,
      0.9999210305935621,
      -0.00879327927440009
    ],
    [
      -0.04121974698141698,
      0.008416073412995871,
      0.9991146591693543
    ]
  ],
  "t": [
    [
      -0.9689280409521714
    ],
    [
      -0.024195969313611263
    ],
    [
      -0.2461564675680124
    ]
  ]
}