{
  "image_1": "frame_125",
  "image_2": "frame_126",
  "num_matches": 2000,
  "inlier_count": 1753,
  "inlier_ratio": 0.8765,
  "reproj_rmse": 0.7534,
  "F": [
    [
      -5.918819547362833e-10,
      -9.161614716778964e-07,
      0.001511063318669351
    ],
    [
      1.1355299565808624e-06,
      1.4544964246895354e-07,
      0.04284368413436924
    ],
    [
      -0.0018956443774507223,
      -0.04356966495514528,
      1.0
    ]
  ],
  "E": [
    [
      7.904842137796183e-05,
      0.09045470192882792,
      0.011780245145489804
    ],
    [
      -0.09635508616703968,
      -0.0012137191427348192,
      -0.7004083053851958
    ],
    [
      -0.01210281033351905,
      0.7011946435247427,
      -0.0010910324875479873
    ]
  ],
  "R": [
    [
      0.9999642852289212,
      0.00022640836171670953,
      -0.008448491336725455
    ],
    [
      -0.00024077692948804366,
      0.999998526441352,
      -0.0016997475091428869
    ],
    [
      0.008448094050329619,
      0.0017017210048523358,
      0.9999628662368109
    ]
  ],
  "t": [
    [
      -0.9916442572562262
    ],
    [
      -0.016877796243714507
    ],
    [
      0.12789373340669696
    ]
  ]
}