{
  "image_1": "frame_113",
  "image_2": "frame_115",
  "num_matches": 2000,
  "inlier_count": 1690,
  "inlier_ratio": 0.845,
  "reproj_rmse": 0.3692,
  "F": [
    [
      1.6678472209963196e-08,
      -1.3682721791659525e-06,
      0.0013763995770532083
    ],
    [
      1.3056463661571126e-06,
      1.4459572379079023e-07,
      0.017686326444679563
    ],
    [
      -0.001034935682190971,
      -0.018001347298407234,
      1.0
    ]
  ],
  "E": [
    [
      -0.000649537441803459,
      0.050713357136735714,
      0.010568844815490964
    ],
    [
      -0.04226377690645651,
      -0.012644602425812074,
      -0.7056365096678574
    ],
    [
      -0.018639497715841485,
      0.704944993749992,
      -0.012335370074820216
    ]
  ],
  "R": [
    [
      0.9998793965190788,
      0.010403386865163894,
      0.011530913163188591
    ],
    [
      -0.010202978910244596,
      0.9997982027753788,
      -0.017304708852777306
    ],
    [
      -0.011708613837699389,
      0.01718497218083271,
      0.9997837691686856
    ]
  ],
  "t": [
    [
      0.9973124214891739
    ],
    [
      0.016186625025508796
    ],
    [
      -0.07145577033161316
    ]
  ]
}