{
  "image_1": "frame_071",
  "image_2": "frame_072",
  "num_matches": 2000,
  "inlier_count": 1756,
  "inlier_ratio": 0.878,
  "reproj_rmse": 0.2806,
  "F": [
    [
      7.414190880109862e-09,
      4.766094248218963e-07,
      -0.0014019805141661462
    ],
    [
      -1.6736371577126716e-07,
      -1.5212946091337655e-08,
      -0.020561448404522956
    ],
    [
      0.0008031264781595816,
      0.020171006438899054,
      1.0
    ]
  ],
  "E": [
    [
      -4.179362041288364e-05,
      0.11507243414564336,
      0.002606201344061675
    ],
    [
      -0.08102405063049797,
      0.0015990397001580609,
      -0.7024435908315566
    ],
    [
      -0.0019117828527211028,
      0.6976757194502983,
      0.0014228262751275903
    ]
  ],
  "R": [
    [
      0.9988173784123183,
      -0.0007382576350836207,
      0.04861377949931214
    ],
    [
      0.0006318822756442308,
      0.9999973726421999,
      0.0022035048189164652
    ],
    [
      -0.04861527852777585,
      -0.0021701807209313756,
      0.9988152206536028
    ]
  ],
  "t": [
    [
      -0.9866625977178257
    ],
    [
      -0.003331063233459276
    ],
    [
      0.1627446536216983
    ]
  ]
}