{
  "image_1": "frame_070",
  "image_2": "frame_071",
  "num_matches": 2000,
  "inlier_count": 1807,
  "inlier_ratio": 0.9035,
  "reproj_rmse": 0.394,
  "F": [
    [
      9.888337928416736e-11,
      -5.791703555397887e-07,
      0.0012344123716093555
    ],
    [
      6.725180079188521e-07,
      5.616562490887316e-08,
      0.018726200088247928
    ],
    [
      -0.001408226716005967,
      -0.019026978630793823,
      1.0
    ]
  ],
  "E": [
    [
      0.00015419555772308235,
      0.08512069280559569,
      0.0003663638332199937
    ],
    [
      -0.09055610257747715,
      -0.006796425841988964,
      -0.7012502668296877
    ],
    [
      -1.5685554305619925e-05,
      0.7019312649686341,
      -0.00694786471565939
    ]
  ],
  "R": [
    [
      0.9999684597215206,
      -0.001778119875134755,
      -0.007740662237796611
    ],
    [
      0.0017013652652888632,
      0.9999494365940477,
      -0.009911085282657484
    ],
    [
      0.007757893941274727,
      0.009897602990405699,
      0.9999209231417454
    ]
  ],
  "t": [
    [
      -0.9927278677034983
    ],
    [
      -0.0017112294082794147
    ],
    [
      0.12036798735036679
    ]
  ]
}