{
  "image_1": "frame_020",
  "image_2": "frame_021",
  "num_matches": 2000,
  "inlier_count": 1824,
  "inlier_ratio": 0.912,
  "reproj_rmse": 0.461,
  "F": [
    [
      -1.0828563250545348e-09,
      1.835105237951917e-06,
      -0.0053804283505635205
    ],
    [
      -1.8811059260542914e-06,
      5.0616022260912566e-08,
      0.030790940456589203
    ],
    [
      0.005484807203370671,
      -0.031007206206288388,
      1.0
    ]
  ],
  "E": [
    [
      8.6399004478079e-05,
      -0.18601640283914808,
      0.026637911920685178
    ],
    [
      0.18981295254561245,
      -0.005498785398716915,
      -0.6806703366176491
    ],
    [
      -0.025872025988346984,
      0.6816254830548252,
      -0.005860924322000089
    ]
  ],
  "R": [
    [
      0.99998550841374,
      0.0012154959316238306,
      0.005244571684521693
    ],
    [
      -0.0011713893002338674,
      0.9999639925212594,
      -0.008404850269327547
    ],
    [
      -0.005254598902026675,
      0.008398585034559288,
      0.9999509252757338
    ]
  ],
  "t": [
    [
      -0.9640418165804565
    ],
    [
      -0.03545981564271119
    ],
    [
      -0.26337421544038453
    ]
  ]
}