{
  "image_1": "frame_068",
  "image_2": "frame_069",
  "num_matches": 2000,
  "inlier_count": 1775,
  "inlier_ratio": 0.8875,
  "reproj_rmse": 0.4353,
  "F": [
    [
      7.63338893228628e-10,
      -6.005232459507234e-07,
      0.0010160241969890205
    ],
    [
      5.690527099745748e-07,
      6.383653918488526e-08,
      -0.015168084535501976
    ],
    [
      -0.0010108042275178719,
      0.014921350980528112,
      1.0
    ]
  ],
  "E": [
    [
      -0.0005916286174981679,
      0.028396691023583515,
      -0.08041873175075422
    ],
    [
      -0.03207306463708317,
      0.009380784923884809,
      -0.7016804729715439
    ],
    [
      0.07966768996971973,
      0.7020170840902605,
      0.008888845133917267
    ]
  ],
  "R": [
    [
      0.9999757263185262,
      0.0016941551397153531,
      -0.00675844746215009
    ],
    [
      -0.0016031979877500907,
      0.9999083793356195,
      0.0134410821970152
    ],
    [
      0.0067805995271924685,
      -0.013429920803095843,
      0.9998868239442273
    ]
  ],
  "t": [
    [
      -0.9926994565300207
    ],
    [
      0.11426139494299878
    ],
    [
      0.03862800319304184
    ]
  ]
}