{
  "image_1": "frame_052",
  "image_2": "frame_053",
  "num_matches": 2000,
  "inlier_count": 1715,
  "inlier_ratio": 0.8575,
  "reproj_rmse": 0.6378,
  "F": [
    [
      1.1180911178947394e-08,
      5.445270757168853e-07,
      -0.0018205871413529292
    ],
    [
      -1.0956689399714653e-06,
      9.892436585372376e-08,
      0.038896270925619605
    ],
    [
      0.002810338988751237,
      -0.03886685927112948,
      0.9999999999999999
    ]
  ],
  "E": [
    [
      0.0008521175145902802,
      -0.09274451816008686,
      -0.021498726998769015
    ],
    [
      0.12010084251499914,
      -0.007648103696548211,
      -0.6964264703906394
    ],
    [
      0.02279315683749171,
      0.7006267418465337,
      -0.006755669588523327
    ]
  ],
  "R": [
    [
      0.9992199081595712,
      2.627573329823038e-05,
      0.039491447772448895
    ],
    [
      0.00040495013931827334,
      0.999940386512185,
      -0.010911436076288946
    ],
    [
      -0.03948938025549259,
      0.010918916221315631,
      0.9991603305353894
    ]
  ],
  "t": [
    [
      0.9908940740406385
    ],
    [
      -0.03185798098656561
    ],
    [
      0.13082049945863047
    ]
  ]
}