{
  "image_1": "frame_127",
  "image_2": "frame_129",
  "num_matches": 2000,
  "inlier_count": 1708,
  "inlier_ratio": 0.854,
  "reproj_rmse": 0.2993,
  "F": [
    [
      3.7805425910448524e-08,
      3.6574848234874122e-06,
      -0.00394439283590006
    ],
    [
      -4.466545916945102e-06,
      -3.9130965406077224e-08,
      -0.12564194501219828
    ],
    [
      0.0061818266318176465,
      0.1263146560544217,
      1.0
    ]
  ],
  "E": [
    [
      3.499420867357389e-05,
      0.0010558824670165428,
      0.0012871269845792697
    ],
    [
      -0.01753396962874326,
      0.005115066433575079,
      -0.7068696893961758
    ],
    [
      0.0021614760886684735,
      0.7070845627858524,
      0.005061076979986042
    ]
  ],
  "R": [
    [
      0.9997168863443657,
      -0.004699214774876118,
      -0.02332519106944439
    ],
    [
      0.004866382310511676,
      0.9999628451321529,
      0.007115242681603306
    ],
    [
      0.02329088837151647,
      -0.007226737556446988,
      0.9997026101712226
    ]
  ],
  "t": [
    [
      0.9999972271879025
    ],
    [
      0.001810092479506748
    ],
    [
      -0.0015063803377914303
    ]
  ]
}