{
  "image_1": "frame_086",
  "image_2": "frame_087",
  "num_matches": 2000,
  "inlier_count": 1638,
  "inlier_ratio": 0.819,
  "reproj_rmse": 0.3595,
  "F": [
    [
      -1.0995328755244223e-07,
      1.7309357684706375e-06,
      -0.0035576081784501694
    ],
    [
      -1.7686619415160133e-06,
      -9.331895959755128e-10,
      0.009084270301431384
    ],
    [
      0.004037189235706146,
      -0.009124893282102418,
      1.0
    ]
  ],
  "E": [
    [
      0.018066256576363692,
      -0.2871302581855344,
      0.041461645359081055
    ],
    [
      0.2970234800195287,
      -0.015868347129019366,
      -0.6409818719493052
    ],
    [
      -0.06672898027596183,
      0.6406969281056064,
      -0.035113165450563914
    ]
  ],
  "R": [
    [
      0.9979009980684157,
      0.06410878473684065,
      0.009146681016927283
    ],
    [
      -0.06352365411274406,
      0.9965125569718407,
      -0.05410609176061498
    ],
    [
      -0.01258345827761781,
      0.0534114923683015,
      0.99849329945712
    ]
  ],
  "t": [
    [
      0.9116038143533005
    ],
    [
      0.03653731541438496
    ],
    [
      0.40944292671729315
    ]
  ]
}