{
  "image_1": "frame_005",
  "image_2": "frame_007",
  "num_matches": 2000,
  "inlier_count": 1746,
  "inlier_ratio": 0.873,
  "reproj_rmse": 0.3935,
  "F": [
    [
      5.5946538054823946e-09,
      1.2316100522317862e-06,
      -0.0036677730832361814
    ],
    [
      -1.2592328434547449e-06,
      5.352182378783233e-08,
      0.011896903214745472
    ],
    [
      0.0036182558274272607,
      -0.01214348522050194,
      1.0
    ]
  ],
  "E": [
    [
      -0.00123516435990944,
      -0.2875699462255036,
      0.0357696447951042
    ],
    [
      0.2955220138622086,
      -0.012555214560911049,
      -0.64154192021635
    ],
    [
      -0.028560486765154006,
      0.6449763692481978,
      -0.012057575648501354
    ]
  ],
  "R": [
    [
      0.9999300241672295,
      -0.0028672800412722355,
      0.01147717186804642
    ],
    [
      0.0030753249307288455,
      0.9998305378034105,
      -0.018150428433322634
    ],
    [
      -0.011423184560103883,
      0.0181844543747587,
      0.9997693916466928
    ]
  ],
  "t": [
    [
      -0.9121650430794825
    ],
    [
      -0.04319885450499862
    ],
    [
      -0.40753992829324287
    ]
  ]
}