{
  "image_1": "frame_137",
  "image_2": "frame_138",
  "num_matches": 2000,
  "inlier_count": 1863,
  "inlier_ratio": 0.9315,
  "reproj_rmse": 0.8006,
  "F": [
    [
      -1.5743589021147607e-08,
      1.2026731408181401e-06,
      -0.00412962223567786
    ],
    [
      -1.017253102323518e-06,
      1.014526638621716e-07,
      0.05627568661067874
    ],
    [
      0.0042209426725564134,
      -0.05674804848844626,
      1.0
    ]
  ],
  "E": [
    [
      0.001105976140882723,
      -0.13740464965224214,
      0.014469996940866633
    ],
    [
      0.13137343736505608,
      -0.0029075020637288505,
      -0.6946543249815408
    ],
    [
      -0.01867781861551389,
      0.6933502621060965,
      -0.003721096545904484
    ]
  ],
  "R": [
    [
      0.9999355710111708,
      0.00711723775438837,
      -0.00884300589792611
    ],
    [
      -0.0071664037022238815,
      0.9999589709378067,
      -0.005540676761749691
    ],
    [
      0.008803208763854237,
      0.005603692331754335,
      0.9999455495914324
    ]
  ],
  "t": [
    [
      0.9807235677834669
    ],
    [
      0.01938741319679799
    ],
    [
      0.19443613811121677
    ]
  ]
}