{
  "image_1": "frame_111",
  "image_2": "frame_112",
  "num_matches": 2000,
  "inlier_count": 1738,
  "inlier_ratio": 0.869,
  "reproj_rmse": 0.2413,
  "F": [
    [
      1.1960627492163425e-11,
      2.967234337927471e-07,
      0.00015498342634816904
    ],
    [
      -2.8759153208324375e-07,
      4.2529474210977566e-08,
      0.024141517567703212
    ],
    [
      -0.0001647428015453293,
      -0.024379696076021577,
      1.0
    ]
  ],
  "E": [
    [
      -1.1511818110212322e-05,
      -0.05423656973143709,
      -0.016351620543585483
    ],
    [
      0.055511127385570395,
      0.007021617170854532,
      0.7046871354236897
    ],
    [
      0.017189038699371054,
      -0.704792383271221,
      0.00696456067178393
    ]
  ],
  "R": [
    [
      0.9999978234065192,
      0.00040482534543761356,
      -0.0020467776292443507
    ],
    [
      -0.0004251311464717883,
      0.9999506041641537,
      -0.009930181028167489
    ],
    [
      0.002042656537987561,
      0.009931029563120246,
      0.999948599782051
    ]
  ],
  "t": [
    [
      0.9967858535080076
    ],
    [
      0.02388525892861668
    ],
    [
      -0.0764686645118492
    ]
  ]
}