{
  "image_1": "frame_072",
  "image_2": "frame_073",
  "num_matches": 2000,
  "inlier_count": 1751,
  "inlier_ratio": 0.8755,
  "reproj_rmse": 0.5246,
  "F": [
    [
      3.568601625027708e-09,
      2.6876838593479976e-07,
      -0.0006817219048656876
    ],
    [
      -1.5414809633826998e-07,
      3.6578684747443874e-08,
      -0.004045579942317713
    ],
    [
      0.0004567077863897039,
      0.003711747886136897,
      1.0
    ]
  ],
  "E": [
    [
      -0.00013988992861900242,
      0.16379429592059455,
      -0.005722979617434072
    ],
    [
      -0.10282087037583042,
      0.023011083379758084,
      -0.6991210770200037
    ],
    [
      0.006528425377069306,
      0.6874830280123326,
      0.02431461986767423
    ]
  ],
  "R": [
    [
      0.9961575910238131,
      0.003907737837235475,
      0.08749161920223705
    ],
    [
      -0.006898675066534594,
      0.9994011081945141,
      0.03390919081758621
    ],
    [
      -0.0873067129604603,
      -0.03438247409033507,
      0.9955879586191606
    ]
  ],
  "t": [
    [
      -0.972767861885849
    ],
    [
      0.01600489445362162
    ],
    [
      0.23122830760000476
    ]
  ]
}