{
  "image_1": "frame_143",
  "image_2": "frame_145",
  "num_matches": 2000,
  "inlier_count": 1907,
  "inlier_ratio": 0.9535,
  "reproj_rmse": 0.5622,
  "F": [
    [
      -1.7784383627219266e-07,
      9.574864267095062e-06,
      -0.018859422106336655
    ],
    [
      -7.619093980269668e-06,
      1.4219536821044885e-08,
      0.1228815571697019
    ],
    [
      0.017288984020549514,
      -0.12334594741082126,
      0.9999999999999999
    ]
  ],
  "E": [
    [
      0.00398790442375601,
      -0.24495107372819078,
      -0.0066488001884805956
    ],
    [
      0.20582300759764713,
      -0.0006066143879472637,
      -0.6764381621733689
    ],
    [
      -0.0038730775560360973,
      0.6633017100976958,
      -0.004757785560778511
    ]
  ],
  "R": [
    [
      0.9981336648641859,
      0.0178353235776615,
      -0.058404522921341684
    ],
    [
      -0.018242587008370195,
      0.9998128022187281,
      -0.006447366809525313
    ],
    [
      0.05827859885096287,
      0.007500783453390292,
      0.9982721788988981
    ]
  ],
  "t": [
    [
      0.9380179758978698
    ],
    [
      -0.011656270239578848
    ],
    [
      0.3463905429664114
    ]
  ]
}