{
  "image_1": "frame_118",
  "image_2": "frame_120",
  "num_matches": 2000,
  "inlier_count": 1689,
  "inlier_ratio": 0.8445,
  "reproj_rmse": 0.5169,
  "F": [
    [
      -1.0541965454846282e-08,
      -5.206899917176212e-07,
      1.452632974683589e-07
    ],
    [
      3.4301789559865446e-07,
      1.270121123881162e-07,
      -0.018398968607373098
    ],
    [
      0.00035091229184108384,
      0.018250886118403836,
      1.0
    ]
  ],
  "E": [
    [
      -0.0015090062685575512,
      -0.16199697656864673,
      -0.04074116943984928
    ],
    [
      0.18832794064869082,
      -0.013322504893263587,
      0.6803970001665561
    ],
    [
      0.03715617406778522,
      -0.6869585967359063,
      -0.014737180646067657
    ]
  ],
  "R": [
    [
      0.9993009029287813,
      9.376167656140189e-05,
      -0.037385780912941174
    ],
    [
      0.0006320512272276271,
      0.9998115665805528,
      0.019401851535017334
    ],
    [
      0.037380555332533316,
      -0.019411917486138554,
      0.9991125419804031
    ]
  ],
  "t": [
    [
      0.971694251907844
    ],
    [
      0.053198116484393806
    ],
    [
      -0.23017437131828627
    ]
  ]
}