{
  "image_1": "frame_133",
  "image_2": "frame_134",
  "num_matches": 2000,
  "inlier_count": 1683,
  "inlier_ratio": 0.8415,
  "reproj_rmse": 0.3964,
  "F": [
    [
      -1.0901899638019966e-08,
      -9.744021963564292e-07,
      0.0023348858225972304
    ],
    [
      5.618625223663023e-07,
      1.4851008112976606e-07,
      -0.027984293561826513
    ],
    [
      -0.001058244310573327,
      0.027754538169966283,
      1.0
    ]
  ],
  "E": [
    [
      -0.0014467723195214057,
      -0.10021582618849587,
      0.007831168912186041
    ],
    [
      0.0666445348001579,
      0.011453025172099927,
      -0.7037998083384538
    ],
    [
      0.0036911896491319328,
      0.6998578533088519,
      0.013110762144690822
    ]
  ],
  "R": [
    [
      0.998686585756383,
      -0.018161355813108935,
      -0.04790896142986664
    ],
    [
      0.01904587429370369,
      0.9996552870359964,
      0.01807102026361452
    ],
    [
      0.04756425236085643,
      -0.018959753585139294,
      0.998688224443116
    ]
  ],
  "t": [
    [
      0.9898417730371674
    ],
    [
      0.013650199883784546
    ],
    [
      0.14151655872642535
    ]
  ]
}