{
  "image_1": "frame_036",
  "image_2": "frame_038",
  "num_matches": 2000,
  "inlier_count": 1773,
  "inlier_ratio": 0.8865,
  "reproj_rmse": 0.2798,
  "F": [
    [
      7.097910481326649e-09,
      -1.1844167884065324e-06,
      0.0023295512765133513
    ],
    [
      1.5669209952071123e-06,
      7.80819382718499e-09,
      -0.03435057927643087
    ],
    [
      -0.0033063221808723184,
      0.034052798961383725,
      1.0
    ]
  ],
  "E": [
    [
      0.0012850791551650843,
      -0.07561086750910936,
      -0.020415542796469458
    ],
    [
      0.10191739190630424,
      0.0015709641166699892,
      -0.6994260625830423
    ],
    [
      0.015460944457429637,
      0.7028772340321722,
      0.0016322538163437577
    ]
  ],
  "R": [
    [
      0.9992739828664902,
      0.00686505830802598,
      0.037475033563282314
    ],
    [
      -0.006916311982583995,
      0.9999753154337847,
      0.001238205016308106
    ],
    [
      -0.03746560815870065,
      -0.0014964950819333503,
      0.9992967971067296
    ]
  ],
  "t": [
    [
      -0.9938456126566243
    ],
    [
      0.0287597036960878
    ],
    [
      -0.10697559369544274
    ]
  ]
}