{
  "image_1": "frame_153",
  "image_2": "frame_154",
  "num_matches": 2000,
  "inlier_count": 1742,
  "inlier_ratio": 0.871,
  "reproj_rmse": 0.7869,
  "F": [
    [
      2.0312808442387828e-08,
      -8.980744837512689e-06,
      0.027156675209526998
    ],
    [
      8.45017021120764e-06,
      1.6643923382879977e-08,
      -0.08274210906747807
    ],
    [
      -0.025874384392530588,
      0.082797043144128,
      1.0
    ]
  ],
  "E": [
    [
      0.0007752484768632714,
      0.2254477642388376,
      -0.03991814348812311
    ],
    [
      -0.21319457430620556,
      -0.0015017679861069814,
      0.672957997999079
    ],
    [
      0.0364111928526946,
      -0.6692633912014444,
      -0.0036518147460929086
    ]
  ],
  "R": [
    [
      0.999815657985932,
      -0.006628674269452052,
      -0.018019731507097736
    ],
    [
      0.006708205294872212,
      0.9999680090823875,
      0.00435669525302825
    ],
    [
      0.017990275925628074,
      -0.004476772189358585,
      0.9998281394734219
    ]
  ],
  "t": [
    [
      0.9461281587712844
    ],
    [
      0.057850688991284156
    ],
    [
      0.3185824931839368
    ]
  ]
}