{
  "image_1": "frame_112",
  "image_2": "frame_113",
  "num_matches": 2000,
  "inlier_count": 1780,
  "inlier_ratio": 0.89,
  "reproj_rmse": 0.2419,
  "F": [
    [
      6.76749763560463e-09,
      -1.596683060034999e-06,
      0.0015918654299726645
    ],
    [
      1.5906815122524069e-06,
      1.170154449320973e-07,
      0.01857423839710713
    ],
    [
      -0.0014425883065754266,
      -0.018945922117728234,
      1.0
    ]
  ],
  "E": [
    [
      -0.000444292628631487,
      0.09534192766458587,
      0.0262705404025119
    ],
    [
      -0.09401606839712173,
      -0.009412318869806625,
      -0.7002259654127662
    ],
    [
      -0.030485818848769792,
      0.6999745344339934,
      -0.009045917955406933
    ]
  ],
  "R": [
    [
      0.9999898962631691,
      0.004289444603014288,
      0.001344632505168697
    ],
    [
      -0.00427179208424338,
      0.9999080912914868,
      -0.01286704170367861
    ],
    [
      -0.0013997013843243533,
      0.012861167707984181,
      0.9999163120987785
    ]
  ],
  "t": [
    [
      0.9901712762347946
    ],
    [
      0.03888404553027753
    ],
    [
      -0.13434610051191392
    ]
  ]
}