{
  "image_1": "frame_042",
  "image_2": "frame_044",
  "num_matches": 2000,
  "inlier_count": 1730,
  "inlier_ratio": 0.865,
  "reproj_rmse": 0.3317,
  "F": [
    [
      -3.321240183877502e-09,
      -1.3900613299493328e-06,
      0.0033649908828666483
    ],
    [
      1.4109480493524708e-06,
      3.139784987231788e-08,
      0.008853627399054872
    ],
    [
      -0.0033636662429152374,
      -0.009150383850765692,
      0.9999999999999999
    ]
  ],
  "E": [
    [
      -0.00033910030119256227,
      -0.07186788903071223,
      -0.02221897371673426
    ],
    [
      0.0664640116816476,
      -0.01170009744092492,
      -0.7034900896313516
    ],
    [
      0.02508425708560951,
      0.7029384520720748,
      -0.011698634567160566
    ]
  ],
  "R": [
    [
      0.999971538705486,
      -0.0025199346208339066,
      -0.0071113788036777925
    ],
    [
      0.002403014672827941,
      0.9998625876671217,
      -0.01640217376109283
    ],
    [
      0.007151734018043185,
      0.016384618186385553,
      0.999840185723409
    ]
  ],
  "t": [
    [
      -0.994325106557621
    ],
    [
      0.03308605911060472
    ],
    [
      -0.1011083337895812
    ]
  ]
}