{
  "image_1": "frame_095",
  "image_2": "frame_097",
  "num_matches": 2000,
  "inlier_count": 1735,
  "inlier_ratio": 0.8675,
  "reproj_rmse": 3.3043,
  "F": [
    [
      1.0086088809340305e-08,
      -1.1548718024889116e-06,
      0.002078087491769579
    ],
    [
      1.3965608496649626e-06,
      9.852899230064638e-08,
      0.01293761793946808
    ],
    [
      -0.002367521818155379,
      -0.013519724786955933,
      1.0
    ]
  ],
  "E": [
    [
      -0.0006336776258016334,
      -0.3081980105567571,
      -0.07657765757170681
    ],
    [
      0.27400963826299346,
      -0.0015170165876068318,
      -0.6470641237262043
    ],
    [
      0.07157799674929735,
      0.6325939858500155,
      -0.008678890263034646
    ]
  ],
  "R": [
    [
      0.998556557608341,
      0.011008911657344952,
      -0.05257000210672347
    ],
    [
      -0.011401421302988934,
      0.9999092782908673,
      -0.007172362240458557
    ],
    [
      0.05248627296400349,
      0.007761382090670101,
      0.9985914840906619
    ]
  ],
  "t": [
    [
      0.8934757378937078
    ],
    [
      -0.1115745184718613
    ],
    [
      0.4350313007394603
    ]
  ]
}