{
  "image_1": "frame_027",
  "image_2": "frame_029",
  "num_matches": 2000,
  "inlier_count": 1659,
  "inlier_ratio": 0.8295,
  "reproj_rmse": 0.5123,
  "F": [
    [
      -1.0465158306106017e-07,
      1.3997268386368954e-05,
      -0.025867673042041475
    ],
    [
      -1.488758289877003e-05,
      2.573716379769506e-07,
      0.1208108363373764
    ],
    [
      0.02834649633671906,
      -0.12151250248916833,
      1.0
    ]
  ],
  "E": [
    [
      0.0018045612786441974,
      -0.24258595492000784,
      0.009214739829570856
    ],
    [
      0.2585054696721317,
      -0.00026846647341954383,
      -0.6581074749662122
    ],
    [
      -0.013815589775924841,
      0.6640297581962836,
      -0.0026263628616054963
    ]
  ],
  "R": [
    [
      0.9996770824535124,
      0.008348133308461746,
      0.02400082264211062
    ],
    [
      -0.008262772636375128,
      0.999959188253837,
      -0.0036535482872178436
    ],
    [
      -0.02403034343478,
      0.0034540551517912854,
      0.9997052626136439
    ]
  ],
  "t": [
    [
      -0.9392165741765927
    ],
    [
      -0.011781465866625405
    ],
    [
      -0.3431230447725983
    ]
  ]
}