{
  "image_1": "frame_030",
  "image_2": "frame_032",
  "num_matches": 2000,
  "inlier_count": 1613,
  "inlier_ratio": 0.8065,
  "reproj_rmse": 0.588,
  "F": [
    [
      -1.693232402596071e-08,
      2.343731117744959e-06,
      -0.005240496691658489
    ],
    [
      -2.942298409877298e-06,
      1.7345594911095175e-07,
      0.04553750446133508
    ],
    [
      0.0068042364879428744,
      -0.04566219727925792,
      1.0
    ]
  ],
  "E": [
    [
      -0.0022899957471531024,
      -0.05641510309362248,
      0.06519884800214028
    ],
    [
      0.08855299135034761,
      -0.006389373289488396,
      -0.6985239290728105
    ],
    [
      -0.07218043483162037,
      0.7010188210679632,
      -0.010279288018396598
    ]
  ],
  "R": [
    [
      0.998930990340893,
      0.011264730854220736,
      0.04483282698363754
    ],
    [
      -0.010803559700198542,
      0.9998863471258809,
      -0.010515508978019401
    ],
    [
      -0.04494618598242858,
      0.010019913674505035,
      0.9989391581550843
    ]
  ],
  "t": [
    [
      -0.9925333266763466
    ],
    [
      -0.0914534214185324
    ],
    [
      -0.08070853206216214
    ]
  ]
}