{
  "image_1": "frame_087",
  "image_2": "frame_088",
  "num_matches": 2000,
  "inlier_count": 1658,
  "inlier_ratio": 0.829,
  "reproj_rmse": 0.9386,
  "F": [
    [
      -2.243445366708273e-07,
      1.312102532875302e-05,
      -0.02520745951388608
    ],
    [
      -1.312214584016923e-05,
      -6.54867854609649e-08,
      0.060277364811758334
    ],
    [
      0.026035456738692647,
      -0.06018224118872115,
      1.0
    ]
  ],
  "E": [
    [
      0.01011169596552794,
      -0.5777490295950899,
      0.027156818973719462
    ],
    [
      0.5807861649615904,
      0.005727549941770789,
      -0.4027784995767669
    ],
    [
      -0.02780197557696341,
      0.40619560583468406,
      -0.0047545329985566025
    ]
  ],
  "R": [
    [
      0.999819322774351,
      0.017810851393794395,
      0.006640435201557493
    ],
    [
      -0.017734699855261202,
      0.9997782408814165,
      -0.011355592503434972
    ],
    [
      -0.006841215395067268,
      0.011235774681277864,
      0.9999134738262254
    ]
  ],
  "t": [
    [
      0.5750935916698482
    ],
    [
      0.029124080742873048
    ],
    [
      0.817569048301828
    ]
  ]
}