{
  "image_1": "frame_130",
  "image_2": "frame_131",
  "num_matches": 2000,
  "inlier_count": 1758,
  "inlier_ratio": 0.879,
  "reproj_rmse": 0.2654,
  "F": [
    [
      3.903313511360495e-07,
      -0.0001071037921917789,
      0.18240410528263087
    ],
    [
      9.352980479872387e-05,
      1.1745715372140204e-06,
      -1.0219906358833009
    ],
    [
      -0.16319608973593205,
      1.0205723376433415,
      1.0
    ]
  ],
  "E": [
    [
      -0.00031718961607255625,
      -0.07397687461127463,
      -0.017351853300660306
    ],
    [
      0.04055580984619954,
      -8.967058722365884e-06,
      -0.7057282853550968
    ],
    [
      0.012556080313345389,
      0.7031146123833043,
      -0.0011111965775567998
    ]
  ],
  "R": [
    [
      0.9988522423315429,
      0.006836990936739267,
      -0.0474073153023842
    ],
    [
      -0.006864009754446003,
      0.9999763595171346,
      -0.00040715715535754823
    ],
    [
      0.04740341084077815,
      0.0007320941122792768,
      0.9988755581547039
    ]
  ],
  "t": [
    [
      0.9942094694786684
    ],
    [
      -0.024609488294749866
    ],
    [
      0.10460355579431999
    ]
  ]
}