{
  "image_1": "frame_092",
  "image_2": "frame_093",
  "num_matches": 2000,
  "inlier_count": 1649,
  "inlier_ratio": 0.8245,
  "reproj_rmse": 0.7078,
  "F": [
    [
      -7.47059200246062e-08,
      -3.0427234252551427e-06,
      0.004516606551068707
    ],
    [
      2.939551299793952e-06,
      4.2157802174339e-08,
      -0.018817961948777474
    ],
    [
      -0.004004643198791977,
      0.018498354167141202,
      1.0
    ]
  ],
  "E": [
    [
      -0.0122054930176809,
      -0.6198041070570556,
      0.0550442799229383
    ],
    [
      0.6115414610665313,
      -0.007548488928864209,
      -0.3488118330591344
    ],
    [
      -0.05810193352067704,
      0.33694014577603554,
      0.007063453700484192
    ]
  ],
  "R": [
    [
      0.9995365615622581,
      -0.021589287859669383,
      -0.021460772353545765
    ],
    [
      0.02195293105520093,
      0.9996169006800661,
      0.016855880067924073
    ],
    [
      0.021088644299337378,
      -0.017319195261067365,
      0.9996275879331888
    ]
  ],
  "t": [
    [
      0.47468731194995895
    ],
    [
      0.09263224956205045
    ],
    [
      0.875266372148957
    ]
  ]
}