{
  "image_1": "frame_086",
  "image_2": "frame_091",
  "num_matches": 945,
  "inlier_count": 367,
  "inlier_ratio": 0.3884,
  "reproj_rmse": 15.4984,
  "F": [
    [
      3.5863148202718316e-09,
      3.2179394906888712e-09,
      -0.0046255777391601425
    ],
    [
      1.5226033787601665e-08,
      6.521644059059422e-09,
      -0.0014569722475677909
    ],
    [
      0.004431280611388348,
      0.0017310923611933264,
      1.0
    ]
  ],
  "E": [
    [
      -0.002161845402584008,
      0.43006258255222934,
      -0.5549879063370862
    ],
    [
      -0.4186802915077501,
      -0.03786852798996265,
      -0.1119294132507538
    ],
    [
      0.5463140117002211,
      0.13392106058227599,
      0.03715736838461365
    ]
  ],
  "R": [
    [
      0.9936963751093053,
      0.09045461414123178,
      0.06622293315149717
    ],
    [
      -0.09084380326728338,
      0.9958609793882169,
      0.00288325161519537
    ],
    [
      -0.06568803165388584,
      -0.008881019789544586,
      0.997800686502538
    ]
  ],
  "t": [
    [
      -0.11857424115327514
    ],
    [
      0.7883458562587894
    ],
    [
      0.6036977391497514
    ]
  ]
}