{
  "image_1": "frame_006",
  "image_2": "frame_011",
  "num_matches": 438,
  "inlier_count": 179,
  "inlier_ratio": 0.4087,
  "reproj_rmse": 22.6168,
  "F": [
    [
      1.3669137510515e-08,
      -2.586604842974054e-07,
      0.0006964387561496604
    ],
    [
      3.785061281743524e-07,
      1.1644450010930844e-08,
      0.0043228847676056795
    ],
    [
      -0.0007995835529544951,
      -0.004882790983735525,
      1.0
    ]
  ],
  "E": [
    [
      -0.0021284777076285987,
      0.11599997757014713,
      0.02289933336505105
    ],
    [
      -0.10417698680746543,
      0.012413814093898527,
      0.698821180397913
    ],
    [
      -0.010005632785163563,
      -0.6973732459439206,
      0.015084725342059789
    ]
  ],
  "R": [
    [
      0.9996272205493154,
      0.02163077364711937,
      -0.016659218717487184
    ],
    [
      -0.021979337211212865,
      0.9995371686504281,
      -0.021032289985670513
    ],
    [
      0.016196563604844727,
      0.021390608166029865,
      0.9996399918018894
    ]
  ],
  "t": [
    [
      -0.9859159145868472
    ],
    [
      0.035833237828222675
    ],
    [
      -0.16335785390095733
    ]
  ]
}