{
  "image_1": "frame_081",
  "image_2": "frame_086",
  "num_matches": 411,
  "inlier_count": 159,
  "inlier_ratio": 0.3869,
  "reproj_rmse": 16.5676,
  "F": [
    [
      7.77490841906021e-09,
      -5.098290319642201e-08,
      8.950079942353289e-05
    ],
    [
      4.2695430511642156e-08,
      1.574734810051803e-08,
      -0.0011659999348536028
    ],
    [
      -0.0002990956721332213,
      0.001168585081050971,
      0.9999999999999999
    ]
  ],
  "E": [
    [
      0.09059271070080395,
      -0.6138809054558103,
      -0.02820109660887321
    ],
    [
      0.6355862209158493,
      0.03397777527470097,
      0.2963576663758565
    ],
    [
      -0.03696480400779934,
      -0.3416196606956615,
      -0.055904415524052044
    ]
  ],
  "R": [
    [
      0.9872601942696637,
      0.14833794874463316,
      -0.057560070994227
    ],
    [
      -0.13590585009260828,
      0.9742753180385274,
      0.1797698655824489
    ],
    [
      0.08274604958081971,
      -0.16965688203889862,
      0.9820232347839881
    ]
  ],
  "t": [
    [
      0.4778030825239448
    ],
    [
      -0.11872489334211193
    ],
    [
      -0.8704071541706907
    ]
  ]
}