{
  "image_1": "frame_041",
  "image_2": "frame_046",
  "num_matches": 251,
  "inlier_count": 117,
  "inlier_ratio": 0.4661,
  "reproj_rmse": 0.4866,
  "F": [
    [
      -4.383799910540845e-09,
      -4.65012156310311e-07,
      0.00015993500526598507
    ],
    [
      7.000149507947757e-07,
      4.5927468329840594e-08,
      -0.010416221886672232
    ],
    [
      -0.000205298515783816,
      0.010069892498280377,
      1.0
    ]
  ],
  "E": [
    [
      -0.0006538297123351664,
      0.050709416874205195,
      0.028396756668897048
    ],
    [
      -0.10386811523359721,
      -0.02128779827719321,
      0.6986018551372853
    ],
    [
      -0.044829630961484075,
      -0.7033088660954883,
      -0.026122540038850037
    ]
  ],
  "R": [
    [
      0.9968963953632971,
      -0.02828718011929182,
      0.07346708346302802
    ],
    [
      0.0258225682168357,
      0.999078503220353,
      0.0342832229182989
    ],
    [
      -0.07436915948396655,
      -0.03227971257427278,
      0.9967082061836204
    ]
  ],
  "t": [
    [
      0.996616026118056
    ],
    [
      -0.03778074327148184
    ],
    [
      0.07300076658850098
    ]
  ]
}