{
  "image_1": "frame_101",
  "image_2": "frame_106",
  "num_matches": 399,
  "inlier_count": 188,
  "inlier_ratio": 0.4712,
  "reproj_rmse": 11.3122,
  "F": [
    [
      1.5425739415499298e-08,
      -1.2340691380624917e-07,
      0.0009587141249204347
    ],
    [
      3.135244331325732e-07,
      -5.8696990830234116e-08,
      0.010133248698147659
    ],
    [
      -0.0012591623054762134,
      -0.01068520155157009,
      1.0
    ]
  ],
  "E": [
    [
      9.442394404073052e-05,
      0.10892202314686003,
      0.04800043802186137
    ],
    [
      -0.10069942022760658,
      0.0011998942268357127,
      0.6982330159624671
    ],
    [
      -0.04526660397033604,
      -0.6972136851660726,
      0.0021900066634128667
    ]
  ],
  "R": [
    [
      0.9999232800451991,
      0.004259063233231469,
      -0.011631612271119945
    ],
    [
      -0.004286520410159936,
      0.9999880828208121,
      -0.0023366555437501907
    ],
    [
      0.011621521691397102,
      0.002386335419045798,
      0.999929620341774
    ]
  ],
  "t": [
    [
      -0.9857301272736094
    ],
    [
      0.06824723349155762
    ],
    [
      -0.15387797537627843
    ]
  ]
}