{
  "image_1": "frame_071",
  "image_2": "frame_076",
  "num_matches": 279,
  "inlier_count": 126,
  "inlier_ratio": 0.4516,
  "reproj_rmse": 6.0763,
  "F": [
    [
      5.973833704399704e-09,
      -1.3038301609847186e-07,
      -0.0002994825048011827
    ],
    [
      1.0482434288414805e-08,
      1.0291827376635832e-08,
      0.0038918352058456207
    ],
    [
      0.00018238128241939507,
      -0.003431619816579502,
      1.0
    ]
  ],
  "E": [
    [
      -0.01967127858954696,
      -0.25611996701004686,
      0.0722658715695646
    ],
    [
      0.3093991343742864,
      -0.06661050525438612,
      -0.6301185657444371
    ],
    [
      -0.013186008385663755,
      0.6546102934378287,
      -0.05376382942257973
    ]
  ],
  "R": [
    [
      0.9953801272786168,
      -0.054062353571293416,
      0.07934522131254607
    ],
    [
      0.060093970490396005,
      0.9953174762863511,
      -0.075708890558956
    ],
    [
      -0.0748806846222968,
      0.08012729450880669,
      0.9939680577086947
    ]
  ],
  "t": [
    [
      0.9260596601771574
    ],
    [
      0.07464327621924324
    ],
    [
      0.3699214607289302
    ]
  ]
}