{
  "image_1": "frame_076",
  "image_2": "frame_081",
  "num_matches": 302,
  "inlier_count": 132,
  "inlier_ratio": 0.4371,
  "reproj_rmse": 8.5451,
  "F": [
    [
      -1.770191631027043e-08,
      4.1775987724782456e-07,
      0.00018105653107961886
    ],
    [
      -2.1364747794800178e-07,
      1.4890703627382164e-08,
      -0.005888291031981891
    ],
    [
      -0.00025231569739146204,
      0.004970316727453976,
      1.0
    ]
  ],
  "E": [
    [
      0.002198683091121186,
      -0.7000614953222514,
      -0.03865081072003018
    ],
    [
      0.6577619507824645,
      -0.010459424644205387,
      0.2589536738438033
    ],
    [
      0.012974516903465662,
      -0.09181313980314286,
      -6.326838656752662e-05
    ]
  ],
  "R": [
    [
      0.9700860725122983,
      -0.010344069148577287,
      0.2425407432806152
    ],
    [
      0.0015457475295003352,
      0.9993347231596088,
      0.03643791640699271
    ],
    [
      -0.24275630286820343,
      -0.0349730084630618,
      0.9694566860344013
    ]
  ],
  "t": [
    [
      -0.12973190348194094
    ],
    [
      -0.019121262602383966
    ],
    [
      0.9913647212481606
    ]
  ]
}