{
  "image_1": "frame_106",
  "image_2": "frame_111",
  "num_matches": 231,
  "inlier_count": 108,
  "inlier_ratio": 0.4675,
  "reproj_rmse": 2.1256,
  "F": [
    [
      2.5273985329936225e-09,
      3.600071817490335e-08,
      -0.00010294725067322006
    ],
    [
      -8.238551527149846e-09,
      2.3861221286580107e-08,
      0.0010580074594614755
    ],
    [
      -5.991596042310044e-05,
      -0.00113503163417682,
      1.0
    ]
  ],
  "E": [
    [
      0.006190194083987305,
      0.05929630191423562,
      0.013729881698423521
    ],
    [
      -0.08277796269387493,
      -0.13822477726278787,
      -0.6880243679589411
    ],
    [
      0.040142991875371854,
      0.6886297859279499,
      -0.14525449218103134
    ]
  ],
  "R": [
    [
      0.9948605944835297,
      -0.09944193436606563,
      -0.019070900173112013
    ],
    [
      0.09338053529556448,
      0.9738972581703385,
      -0.20689177401774791
    ],
    [
      0.03914681560218575,
      0.20404762242631486,
      0.9781779462911523
    ]
  ],
  "t": [
    [
      -0.9962500895107068
    ],
    [
      -0.036446918596875315
    ],
    [
      0.07846898288305626
    ]
  ]
}