{
  "image_1": "frame_051",
  "image_2": "frame_056",
  "num_matches": 315,
  "inlier_count": 141,
  "inlier_ratio": 0.4476,
  "reproj_rmse": 0.5511,
  "F": [
    [
      -3.335626120978868e-08,
      -5.495147968030967e-07,
      0.0008254169563275246
    ],
    [
      7.655895029596117e-07,
      9.922643240927476e-08,
      -0.012001658171630177
    ],
    [
      -0.00047638152094012194,
      0.011594848912386527,
      1.0
    ]
  ],
  "E": [
    [
      0.002645617761970961,
      0.03220911499799247,
      -0.014690094384807978
    ],
    [
      -0.07584402823653266,
      -0.03216068216226833,
      0.7021010424434303
    ],
    [
      -0.019928990876697878,
      -0.7052458204604586,
      -0.035191517357487885
    ]
  ],
  "R": [
    [
      0.9966986410981471,
      -0.054365053237822675,
      0.06030140810591249
    ],
    [
      0.05130225318947984,
      0.9973684384229858,
      0.05122769617479683
    ],
    [
      -0.06292771766709479,
      -0.047964977057678125,
      0.9968648169762372
    ]
  ],
  "t": [
    [
      0.9987389796585183
    ],
    [
      0.02313007148982155
    ],
    [
      0.04455839206633938
    ]
  ]
}