{
  "image_1": "frame_121",
  "image_2": "frame_126",
  "num_matches": 394,
  "inlier_count": 193,
  "inlier_ratio": 0.4898,
  "reproj_rmse": 1.1721,
  "F": [
    [
      4.381189804308507e-09,
      3.1598500913223096e-07,
      -0.0003699756908621534
    ],
    [
      -2.8175604469753195e-07,
      -8.468695148930074e-09,
      0.003653486584084999
    ],
    [
      0.00019253324729939087,
      -0.0035207717560868474,
      1.0
    ]
  ],
  "E": [
    [
      -0.0019693274403220244,
      -0.06927868237197606,
      -0.014238469481180476
    ],
    [
      0.026023108303420483,
      -0.06608172146230541,
      -0.7032275042208239
    ],
    [
      0.02842267158070252,
      0.7001147912615578,
      -0.06672603638931286
    ]
  ],
  "R": [
    [
      0.9981953651839081,
      -0.0165086472455207,
      -0.05773627535170317
    ],
    [
      0.01107800976350309,
      0.995590929694567,
      -0.09314493228075985
    ],
    [
      0.059019408884232884,
      0.09233723667096912,
      0.9939771345956228
    ]
  ],
  "t": [
    [
      -0.9949812580195361
    ],
    [
      0.029226057899083592
    ],
    [
      -0.09569813858973875
    ]
  ]
}