{
  "image_1": "frame_056",
  "image_2": "frame_061",
  "num_matches": 304,
  "inlier_count": 119,
  "inlier_ratio": 0.3914,
  "reproj_rmse": 4.4437,
  "F": [
    [
      9.86010273274902e-09,
      8.90217121247581e-08,
      -0.00043587010039590766
    ],
    [
      -1.1336584794810236e-07,
      7.673083323249429e-09,
      0.0026213687785378954
    ],
    [
      0.00021188653967250644,
      -0.002559720269258031,
      1.0
    ]
  ],
  "E": [
    [
      0.029217408747085002,
      0.3812698895744706,
      -0.0818229513229223
    ],
    [
      -0.39102577451916465,
      0.07636605436946994,
      0.5819679057790726
    ],
    [
      0.006835093745106162,
      -0.5893272240423393,
      0.04808065627335572
    ]
  ],
  "R": [
    [
      0.9972021901621989,
      -0.07353490144526978,
      0.013431686608470994
    ],
    [
      0.07438089566631073,
      0.9939792239085515,
      -0.0804536189243914
    ],
    [
      -0.007434668492350305,
      0.08122758587812512,
      0.9966678508895632
    ]
  ],
  "t": [
    [
      0.8331681930640218
    ],
    [
      0.07183907077415448
    ],
    [
      0.5483337578307022
    ]
  ]
}