{
  "image_1": "frame_061",
  "image_2": "frame_066",
  "num_matches": 287,
  "inlier_count": 143,
  "inlier_ratio": 0.4983,
  "reproj_rmse": 4.7822,
  "F": [
    [
      -3.2475242760136847e-09,
      -1.7730611704555945e-07,
      0.0002837415730082764
    ],
    [
      1.9868828804328153e-07,
      -4.033959933435315e-08,
      -0.0016824902241533437
    ],
    [
      -0.0004171507853473158,
      0.0018435215687146714,
      1.0
    ]
  ],
  "E": [
    [
      -0.00038852816417098076,
      -0.12718872933615366,
      -0.048781252843499885
    ],
    [
      0.12306442016798481,
      -0.14512759444838055,
      0.6806897428587498
    ],
    [
      0.01749853749173919,
      -0.6789268691264958,
      -0.14370099824189203
    ]
  ],
  "R": [
    [
      0.9998484581200565,
      -0.008812426626383145,
      0.015013391752049243
    ],
    [
      0.005504950239003489,
      0.9782057931968434,
      0.20756474093400565
    ],
    [
      -0.01651533583709347,
      -0.2074506382084409,
      0.9781060660220334
    ]
  ],
  "t": [
    [
      0.981267818229803
    ],
    [
      0.030153069005765434
    ],
    [
      -0.1902741741173928
    ]
  ]
}