{
  "image_1": "frame_031",
  "image_2": "frame_036",
  "num_matches": 243,
  "inlier_count": 92,
  "inlier_ratio": 0.3786,
  "reproj_rmse": 0.6968,
  "F": [
    [
      -1.6104586110088765e-09,
      -9.310183780239647e-07,
      0.0009464875255144241
    ],
    [
      7.592368055018227e-07,
      -4.537740522627161e-09,
      -0.01243953633106172
    ],
    [
      -0.0008225866648320386,
      0.012630569711762669,
      1.0
    ]
  ],
  "E": [
    [
      0.0006821636244831447,
      0.19726418435960666,
      0.009473800917906366
    ],
    [
      -0.1583514648690994,
      -0.02056754587480077,
      0.6888321289473499
    ],
    [
      -0.005133716660769118,
      -0.6786488608987785,
      -0.020446995678912082
    ]
  ],
  "R": [
    [
      0.9983638976046219,
      -0.0007065599984539209,
      -0.05717542070397605
    ],
    [
      0.0024488060974077793,
      0.9995345817001761,
      0.03040761967256326
    ],
    [
      0.05712732540917154,
      -0.030497881212020912,
      0.9979009710052256
    ]
  ],
  "t": [
    [
      -0.9602047941120649
    ],
    [
      0.00491686086028982
    ],
    [
      -0.2792536084699493
    ]
  ]
}