{
  "image_1": "frame_011",
  "image_2": "frame_016",
  "num_matches": 286,
  "inlier_count": 110,
  "inlier_ratio": 0.3846,
  "reproj_rmse": 3.2877,
  "F": [
    [
      5.506733532940824e-09,
      1.6486424623659529e-07,
      -0.00012372436602918284
    ],
    [
      8.618161575015274e-09,
      -5.8450364400507274e-09,
      0.005231324958035203
    ],
    [
      -0.00019691803377841916,
      -0.005728909327670184,
      1.0
    ]
  ],
  "E": [
    [
      -0.002748651502500378,
      -0.15350710968652037,
      -0.006708724652338184
    ],
    [
      0.1121059520806683,
      -0.00808910371801416,
      -0.6980691929634241
    ],
    [
      0.018306926645384712,
      0.6899762607653344,
      -0.006844338226218672
    ]
  ],
  "R": [
    [
      0.9981191710966171,
      -0.01527739689262655,
      -0.05936936443644511
    ],
    [
      0.014755666066568116,
      0.9998486527375211,
      -0.00921639505966653
    ],
    [
      0.05950118157090842,
      0.008323026081244921,
      0.9981935366593577
    ]
  ],
  "t": [
    [
      -0.9760973365440022
    ],
    [
      0.011508583276826554
    ],
    [
      -0.21702889693002952
    ]
  ]
}