{
  "image_1": "frame_036",
  "image_2": "frame_041",
  "num_matches": 303,
  "inlier_count": 124,
  "inlier_ratio": 0.4092,
  "reproj_rmse": 9.8197,
  "F": [
    [
      7.954125083864323e-09,
      3.534900560706331e-07,
      0.00036784081677514055
    ],
    [
      -3.3310629809556794e-07,
      -3.372157961219698e-09,
      0.002493743428652818
    ],
    [
      -0.0005036883395305229,
      -0.0022962697727951648,
      1.0
    ]
  ],
  "E": [
    [
      0.0366986204494359,
      -0.5577871292643505,
      0.15781810343033817
    ],
    [
      0.642550156876478,
      0.03535986068614796,
      0.2695247607363824
    ],
    [
      -0.10384555957060927,
      -0.4022263611192825,
      0.05732023719653685
    ]
  ],
  "R": [
    [
      0.9764224081371558,
      0.0031715486303285356,
      -0.21584536633183227
    ],
    [
      -0.021046056058138668,
      0.9965272450861499,
      -0.08056372214220134
    ],
    [
      0.21484027651265752,
      0.08320691726228993,
      0.9730982810115696
    ]
  ],
  "t": [
    [
      0.5702984760873799
    ],
    [
      -0.16269836815571093
    ],
    [
      -0.8051638896348251
    ]
  ]
}