{
  "image_1": "frame_026",
  "image_2": "frame_031",
  "num_matches": 207,
  "inlier_count": 101,
  "inlier_ratio": 0.4879,
  "reproj_rmse": 1.1855,
  "F": [
    [
      -6.320772364071123e-08,
      3.6863041586693955e-06,
      -0.003516765645836013
    ],
    [
      -2.764027101878623e-06,
      -8.222574669265515e-08,
      0.044896183112413834
    ],
    [
      0.0033551703786011498,
      -0.04495127416669621,
      1.0
    ]
  ],
  "E": [
    [
      -0.001832955642041016,
      0.1185106366087514,
      0.006850156801688356
    ],
    [
      -0.06555364011613027,
      0.010506882467689074,
      0.7039272250419124
    ],
    [
      0.0058773958303466,
      -0.6969894886092092,
      0.01244351862012595
    ]
  ],
  "R": [
    [
      0.9969387329314482,
      0.019791411242507016,
      -0.07564035181084686
    ],
    [
      -0.02112626040116813,
      0.9996341709164965,
      -0.016888027047306572
    ],
    [
      0.07527844248190019,
      0.01843432605544635,
      0.9969921422560866
    ]
  ],
  "t": [
    [
      -0.9858041840406188
    ],
    [
      0.012552890752969082
    ],
    [
      -0.16742919596579892
    ]
  ]
}