{
  "image_1": "frame_001",
  "image_2": "frame_006",
  "num_matches": 1415,
  "inlier_count": 729,
  "inlier_ratio": 0.5152,
  "reproj_rmse": 0.2608,
  "F": [
    [
      1.915984533920345e-06,
      0.00016886111971167357,
      -0.3263253202516641
    ],
    [
      -0.00016667123505297743,
      5.12168598474269e-07,
      -1.1301823633112098
    ],
    [
      0.33240478011530333,
      1.12022489853472,
      1.0
    ]
  ],
  "E": [
    [
      0.002755639360386794,
      0.24643813943023996,
      -0.06451419528321117
    ],
    [
      -0.24308149300910503,
      0.004100416257302688,
      -0.6607954489710682
    ],
    [
      0.07167790263646438,
      0.658939138192872,
      0.002001970583036684
    ]
  ],
  "R": [
    [
      0.9999392018060007,
      -0.009921372772680292,
      0.004812385467031111
    ],
    [
      0.00990913709584304,
      0.9999476269597631,
      0.0025597538072979348
    ],
    [
      -0.00483752969950213,
      -0.0025119115915386014,
      0.9999851441929342
    ]
  ],
  "t": [
    [
      0.9328435758398472
    ],
    [
      -0.09212978847372429
    ],
    [
      -0.3483029788705715
    ]
  ]
}