{
  "image_1": "frame_096",
  "image_2": "frame_101",
  "num_matches": 394,
  "inlier_count": 147,
  "inlier_ratio": 0.3731,
  "reproj_rmse": 59.7659,
  "F": [
    [
      9.837969282482977e-09,
      -1.4636530841281864e-07,
      0.00041791385401024204
    ],
    [
      2.0914168134083117e-07,
      2.4492663185265853e-08,
      0.0023290335652947024
    ],
    [
      -0.0003860238492394314,
      -0.002580155742460701,
      1.0
    ]
  ],
  "E": [
    [
      0.02262633361338823,
      -0.5236350487111445,
      0.08002827250966822
    ],
    [
      0.5887310849669428,
      0.058385851539946854,
      0.38618023823717035
    ],
    [
      -0.012457320553601941,
      -0.4659852163417367,
      0.04943762971527787
    ]
  ],
  "R": [
    [
      0.9897505261863944,
      0.0211831565593342,
      -0.14122736913197137
    ],
    [
      -0.03510946371060898,
      0.994678647493538,
      -0.096859247252798
    ],
    [
      0.138424063918485,
      0.10082490812595944,
      0.9852274440095967
    ]
  ],
  "t": [
    [
      0.6616492430096348
    ],
    [
      -0.04127046228681611
    ],
    [
      -0.7486768516305348
    ]
  ]
}