{
  "image_1": "frame_046",
  "image_2": "frame_051",
  "num_matches": 246,
  "inlier_count": 125,
  "inlier_ratio": 0.5081,
  "reproj_rmse": 3.3169,
  "F": [
    [
      2.375960640590332e-08,
      6.39072133978471e-07,
      -0.0007740841320341302
    ],
    [
      -7.847444627197004e-07,
      3.3197220181248765e-08,
      0.008904716134755412
    ],
    [
      0.0005333440468411464,
      -0.008970098137791684,
      1.0
    ]
  ],
  "E": [
    [
      -0.0035154720139644645,
      -0.08894956013927588,
      0.003985208165038925
    ],
    [
      0.1413071058556763,
      -0.013377987473684228,
      -0.6927081962951234
    ],
    [
      0.023013118649922833,
      0.7010471817225961,
      -0.00846562246046625
    ]
  ],
  "R": [
    [
      0.9965025694454139,
      -0.03600539034616126,
      0.07540716779397483
    ],
    [
      0.036993793564508125,
      0.9992463957737727,
      -0.011751585885804201
    ],
    [
      -0.0749272201966326,
      0.014500082728916834,
      0.9970835768753087
    ]
  ],
  "t": [
    [
      0.9920279586013993
    ],
    [
      0.00416799025998497
    ],
    [
      0.1259490262381306
    ]
  ]
}