{
  "image_1": "frame_116",
  "image_2": "frame_121",
  "num_matches": 216,
  "inlier_count": 77,
  "inlier_ratio": 0.3565,
  "reproj_rmse": 1.5507,
  "F": [
    [
      -6.940249672151665e-09,
      -1.6180602153088072e-07,
      -3.082527587641273e-05
    ],
    [
      5.728136449140257e-08,
      3.0043398669219854e-08,
      -0.0033605069038623817
    ],
    [
      0.00015133258455844547,
      0.0036465849712454773,
      0.9999999999999999
    ]
  ],
  "E": [
    [
      -0.005701555456431102,
      -0.3059725545972553,
      -0.0508672288060896
    ],
    [
      0.21636544805578042,
      0.08949002282402559,
      -0.6671636891123093
    ],
    [
      0.017525811997925075,
      0.6293581365475903,
      0.08620983493769453
    ]
  ],
  "R": [
    [
      0.9896879500358509,
      0.005354662125966886,
      -0.14314010321133497
    ],
    [
      0.014537076862029354,
      0.990386749126023,
      0.13756002526858943
    ],
    [
      0.14250064894639047,
      -0.1382223380973722,
      0.9800959903503091
    ]
  ],
  "t": [
    [
      -0.8986220708753995
    ],
    [
      0.011844039229143363
    ],
    [
      -0.43856366980217026
    ]
  ]
}