{
  "image_1": "frame_076",
  "image_2": "frame_081",
  "num_matches": 2000,
  "inlier_count": 1607,
  "inlier_ratio": 0.8035,
  "reproj_rmse": 0.5468,
  "F": [
    [
      1.7500635893506786e-09,
      -2.915780529003401e-07,
      0.00035031288921504006
    ],
    [
      1.854480828899864e-07,
      8.642697267389896e-08,
      0.008097698370339102
    ],
    [
      -0.0001528650330684956,
      -0.008264531707537522,
      1.0
    ]
  ],
  "E": [
    [
      0.001680559587055057,
      0.16468366251508665,
      -0.032109801295638445
    ],
    [
      -0.1400293119244603,
      -0.026774928571987856,
      -0.6921126956150683
    ],
    [
      0.02857089089960758,
      0.6862927040330279,
      -0.02619862277781727
    ]
  ],
  "R": [
    [
      0.9992912305669845,
      -0.002879355713861019,
      0.037533262882354396
    ],
    [
      0.004364165356015519,
      0.9992085315916979,
      -0.03953813924691653
    ],
    [
      -0.03738971212336503,
      0.039673917187949395,
      0.9985128891117505
    ]
  ],
  "t": [
    [
      -0.9714375200504081
    ],
    [
      0.03619147884270821
    ],
    [
      0.23451934141449984
    ]
  ]
}