{
  "image_1": "frame_016",
  "image_2": "frame_021",
  "num_matches": 2000,
  "inlier_count": 1745,
  "inlier_ratio": 0.8725,
  "reproj_rmse": 0.3852,
  "F": [
    [
      -1.859510504048652e-09,
      1.2187899991460714e-06,
      -0.002962782031261784
    ],
    [
      -1.138196846560126e-06,
      6.476796031813605e-08,
      0.014597036829959777
    ],
    [
      0.002732925390578646,
      -0.014865169919123202,
      1.0
    ]
  ],
  "E": [
    [
      3.146529474604712e-05,
      -0.19568602208905297,
      0.027444603470557664
    ],
    [
      0.18220937758463893,
      -0.0114581786257981,
      -0.6826995342983063
    ],
    [
      -0.022674084399279495,
      0.6789107696760625,
      -0.010470193667079358
    ]
  ],
  "R": [
    [
      0.9997890359515134,
      -0.0026950047498710897,
      -0.020362233191410783
    ],
    [
      0.0023662980571473903,
      0.9998667827239675,
      -0.01614984330348627
    ],
    [
      0.02040304449458369,
      0.01609825315431962,
      0.9996622239640406
    ]
  ],
  "t": [
    [
      -0.9601601673775492
    ],
    [
      -0.03434526842734268
    ],
    [
      -0.27733167060069114
    ]
  ]
}