{
  "image_1": "frame_126",
  "image_2": "frame_131",
  "num_matches": 2000,
  "inlier_count": 1794,
  "inlier_ratio": 0.897,
  "reproj_rmse": 0.4719,
  "F": [
    [
      7.82766266582215e-09,
      1.0406983566268743e-06,
      -0.001790488722166963
    ],
    [
      4.120091812378112e-07,
      -1.1952162638669132e-07,
      0.04611564363505515
    ],
    [
      -0.0010763185325138134,
      -0.04719734665827336,
      1.0
    ]
  ],
  "E": [
    [
      -0.00036064964738612875,
      -0.03471014581553355,
      -0.0034055547821121657
    ],
    [
      -0.03558264728707522,
      0.00795194675043217,
      -0.7061596460811613
    ],
    [
      0.004224969611268877,
      0.7061991299208658,
      0.007590285776515672
    ]
  ],
  "R": [
    [
      0.9950522428588595,
      -0.000591149520965447,
      -0.09935131868172276
    ],
    [
      0.0017097190684767132,
      0.9999361076552545,
      0.011173963843063014
    ],
    [
      0.09933836540964641,
      -0.011288540627692002,
      0.9949896773375275
    ]
  ],
  "t": [
    [
      0.9987827370413628
    ],
    [
      -0.00428859033718653
    ],
    [
      0.04913911050358641
    ]
  ]
}