{
  "image_1": "frame_021",
  "image_2": "frame_026",
  "num_matches": 2000,
  "inlier_count": 1615,
  "inlier_ratio": 0.8075,
  "reproj_rmse": 0.4232,
  "F": [
    [
      -6.2470523767954586e-09,
      -4.565944566805124e-07,
      0.0011415742206777359
    ],
    [
      5.925074043786547e-07,
      7.437681657092396e-08,
      -0.005866947035427041
    ],
    [
      -0.0014835506035588996,
      0.005593090575515937,
      0.9999999999999999
    ]
  ],
  "E": [
    [
      0.0010605465321170497,
      0.181701301435656,
      -0.01253181235777052
    ],
    [
      -0.24344213246582022,
      -0.029508358159639377,
      0.6629100050209861
    ],
    [
      0.02341391143372769,
      -0.6826021063310762,
      -0.027351953179184655
    ]
  ],
  "R": [
    [
      0.9956983443800071,
      0.0005785231483225739,
      0.09265242743651919
    ],
    [
      -0.004562815184562603,
      0.9990733904662441,
      0.04279650896831538
    ],
    [
      -0.0925418160428253,
      -0.04303516902778968,
      0.9947783604955656
    ]
  ],
  "t": [
    [
      -0.9662571769220364
    ],
    [
      -0.02882742382844833
    ],
    [
      -0.25596102766255563
    ]
  ]
}