{
  "image_1": "frame_121",
  "image_2": "frame_126",
  "num_matches": 2000,
  "inlier_count": 1500,
  "inlier_ratio": 0.75,
  "reproj_rmse": 0.5437,
  "F": [
    [
      5.508828187648775e-08,
      3.3310792702871375e-06,
      -0.000549402385113095
    ],
    [
      -2.772216514690378e-07,
      -3.3601504866213253e-07,
      0.1359612595144254
    ],
    [
      -0.0022488042614069634,
      -0.13862339037855453,
      0.9999999999999999
    ]
  ],
  "E": [
    [
      -0.0006673140404984833,
      -0.016536788259341132,
      -0.0136582254144945
    ],
    [
      -0.03822394891694994,
      0.0030408775396691015,
      -0.7059352217034047
    ],
    [
      -0.002920676753273841,
      0.7069001652579743,
      0.0028833594405183495
    ]
  ],
  "R": [
    [
      0.9967210389263539,
      0.023682282356601116,
      -0.07737131292638119
    ],
    [
      -0.02332105406688483,
      0.9997125154396017,
      0.005569103216272443
    ],
    [
      0.07748095894333795,
      -0.0037464617716273605,
      0.9969867928039039
    ]
  ],
  "t": [
    [
      0.9995394361450318
    ],
    [
      -0.01924294943868589
    ],
    [
      0.0234653891459811
    ]
  ]
}