{
  "image_1": "frame_086",
  "image_2": "frame_091",
  "num_matches": 1984,
  "inlier_count": 1478,
  "inlier_ratio": 0.745,
  "reproj_rmse": 0.6864,
  "F": [
    [
      -6.92792922665488e-08,
      1.1283040207086202e-06,
      -0.002621136762425526
    ],
    [
      -1.2557861414370293e-06,
      -8.485934771397755e-09,
      0.0054219121975484265
    ],
    [
      0.0030990661887631077,
      -0.0055375299672135204,
      1.0
    ]
  ],
  "E": [
    [
      0.02604821186356867,
      -0.4598190194026355,
      0.11405735257295764
    ],
    [
      0.5098579634539835,
      0.004722883407983222,
      -0.48269735587130935
    ],
    [
      -0.12075446336133486,
      0.5153718820556162,
      -0.04141107645114787
    ]
  ],
  "R": [
    [
      0.9936036616628914,
      0.07681741563679907,
      0.082769850700468
    ],
    [
      -0.0714691341776939,
      0.9952732159267348,
      -0.0657524791832647
    ],
    [
      -0.08742955101100097,
      0.059416414514325416,
      0.9943971858851353
    ]
  ],
  "t": [
    [
      0.7414565130584078
    ],
    [
      0.11853956394129368
    ],
    [
      0.6604472810329945
    ]
  ]
}