{
  "image_1": "frame_061",
  "image_2": "frame_066",
  "num_matches": 2000,
  "inlier_count": 1624,
  "inlier_ratio": 0.812,
  "reproj_rmse": 0.4536,
  "F": [
    [
      -3.3033242867638006e-09,
      4.799391199624871e-07,
      -0.0008704386155492487
    ],
    [
      -2.7428804175861376e-07,
      2.3772834837549388e-08,
      -0.007751572683206074
    ],
    [
      0.00045869929548354553,
      0.007344468695976345,
      1.0
    ]
  ],
  "E": [
    [
      -0.0008684699377491526,
      0.12403986144283681,
      0.002864404802273891
    ],
    [
      -0.07388807818008232,
      0.0074771316830169856,
      -0.7031944869920488
    ],
    [
      -0.005747787638352593,
      0.6960705938377947,
      0.007746155081079816
    ]
  ],
  "R": [
    [
      0.9974129178131176,
      0.00532797585766718,
      0.07168740511961084
    ],
    [
      -0.006151987828747943,
      0.9999174693263988,
      0.011278633855452429
    ],
    [
      -0.07162139642088824,
      -0.011690475146482898,
      0.9973633782957801
    ]
  ],
  "t": [
    [
      -0.9844847928925441
    ],
    [
      -0.002077435264102536
    ],
    [
      0.17545762116832628
    ]
  ]
}