{
  "image_1": "frame_146",
  "image_2": "frame_151",
  "num_matches": 2000,
  "inlier_count": 1825,
  "inlier_ratio": 0.9125,
  "reproj_rmse": 0.7848,
  "F": [
    [
      4.730545174283805e-09,
      7.809536729991118e-07,
      -0.0018400335630665001
    ],
    [
      -6.095704343064062e-07,
      6.625368823995456e-08,
      0.009626111265324672
    ],
    [
      0.0013335158552440186,
      -0.009909638219567746,
      0.9999999999999999
    ]
  ],
  "E": [
    [
      -0.0019768200265790972,
      -0.22107704545672857,
      0.02211017178783336
    ],
    [
      0.1836571979924217,
      -0.01565504445913526,
      -0.6824264793682064
    ],
    [
      -0.008820511716490889,
      0.6713642422309184,
      -0.011978261587231821
    ]
  ],
  "R": [
    [
      0.998352582341506,
      -0.01447965009723473,
      -0.05551991593210534
    ],
    [
      0.013425063390748282,
      0.9997231967172137,
      -0.019320911429586276
    ],
    [
      0.05578430787417549,
      0.018543723428081332,
      0.9982706252897667
    ]
  ],
  "t": [
    [
      0.9493494324618711
    ],
    [
      0.025260778662334442
    ],
    [
      0.31320528115869306
    ]
  ]
}