{
  "image_1": "frame_091",
  "image_2": "frame_096",
  "num_matches": 2000,
  "inlier_count": 1441,
  "inlier_ratio": 0.7205,
  "reproj_rmse": 0.4198,
  "F": [
    [
      -3.2383307426141695e-08,
      -1.3428952017005794e-06,
      0.0033106459099079694
    ],
    [
      1.199085100942629e-06,
      -2.5845374735957362e-08,
      -0.00538726270303721
    ],
    [
      -0.002903179149147905,
      0.005174958496719528,
      1.0
    ]
  ],
  "E": [
    [
      -0.017578184406045395,
      -0.5899136346714132,
      0.06747201525835587
    ],
    [
      0.5406264366122614,
      -0.012715652501807439,
      -0.4477815104736783
    ],
    [
      -0.06574312454158754,
      0.38661849294945294,
      0.019937597624136206
    ]
  ],
  "R": [
    [
      0.9926108793896862,
      -0.042573930306754305,
      -0.11362703276716057
    ],
    [
      0.04593192689991461,
      0.9985769370486344,
      0.027099056917697248
    ],
    [
      0.11231162098596326,
      -0.032117927280622065,
      0.993153834276796
    ]
  ],
  "t": [
    [
      0.5424766137228239
    ],
    [
      0.11876941606448584
    ],
    [
      0.831632700999377
    ]
  ]
}