{
  "image_1": "frame_011",
  "image_2": "frame_016",
  "num_matches": 2000,
  "inlier_count": 1759,
  "inlier_ratio": 0.8795,
  "reproj_rmse": 0.4674,
  "F": [
    [
      -4.539796224043423e-09,
      1.4115517732729177e-05,
      -0.029692351132794302
    ],
    [
      -1.7212638282955096e-05,
      2.2956938719631226e-07,
      0.14505986159446424
    ],
    [
      0.03604832251111867,
      -0.14519233826082933,
      0.9999999999999999
    ]
  ],
  "E": [
    [
      -0.0004599464725287059,
      -0.1903952468287478,
      0.024484716528242235
    ],
    [
      0.2350246817296133,
      -0.0005624353780751601,
      -0.6664743461878067
    ],
    [
      -0.027947153437219947,
      0.680390424408519,
      -0.0035766739607306867
    ]
  ],
  "R": [
    [
      0.9977955113356768,
      0.0060879043783369086,
      0.06608369676898784
    ],
    [
      -0.0059073649061525055,
      0.9999782674905995,
      -0.0029270439635533663
    ],
    [
      -0.06610008016818786,
      0.0025302108171537923,
      0.9978097902080235
    ]
  ],
  "t": [
    [
      -0.96244473824817
    ],
    [
      -0.033912490851460905
    ],
    [
      -0.2693511997052568
    ]
  ]
}