{
  "image_1": "frame_136",
  "image_2": "frame_141",
  "num_matches": 2000,
  "inlier_count": 1637,
  "inlier_ratio": 0.8185,
  "reproj_rmse": 0.3595,
  "F": [
    [
      -1.3576994722846553e-08,
      1.4441282878795464e-06,
      -0.0031982461843224202
    ],
    [
      -9.355563871212003e-07,
      5.3735889577466115e-08,
      0.031058038792242847
    ],
    [
      0.0023566648295474347,
      -0.03147681111119556,
      1.0
    ]
  ],
  "E": [
    [
      -0.0008273479652936518,
      0.1623103322537543,
      -0.0018668487033218707
    ],
    [
      -0.1238309570830963,
      0.0032569404754575265,
      0.6961712021711969
    ],
    [
      0.0042489643851147335,
      -0.6882005680716046,
      0.0037489327345678948
    ]
  ],
  "R": [
    [
      0.9984440575217434,
      0.004450070372780401,
      -0.055584717982504
    ],
    [
      -0.004764510863055393,
      0.9999733825684399,
      -0.005525720846073248
    ],
    [
      0.05555864861345228,
      0.005781957134933563,
      0.9984386839140081
    ]
  ],
  "t": [
    [
      0.9732945971440907
    ],
    [
      0.0013738079445620621
    ],
    [
      0.22955552666371018
    ]
  ]
}