{
  "image_1": "frame_051",
  "image_2": "frame_056",
  "num_matches": 2000,
  "inlier_count": 1676,
  "inlier_ratio": 0.838,
  "reproj_rmse": 0.7361,
  "F": [
    [
      -8.561665883117259e-09,
      4.234768131664261e-07,
      -0.0009178282698869744
    ],
    [
      5.237522831779436e-08,
      -1.5493000554815413e-08,
      -0.013164645956420555
    ],
    [
      -0.0003706869671113999,
      0.0127487242103746,
      0.9999999999999999
    ]
  ],
  "E": [
    [
      0.003689941731902888,
      -0.022036866921837497,
      -0.026112162498866817
    ],
    [
      0.10407553398922496,
      -0.0034141874185328034,
      -0.6988954999604027
    ],
    [
      0.006889122236676008,
      0.7067266502995867,
      -0.0032564138678691573
    ]
  ],
  "R": [
    [
      0.9928007728522433,
      0.028340787815273428,
      0.11637622252848102
    ],
    [
      -0.027482248501116302,
      0.9995819951587287,
      -0.008975576405909774
    ],
    [
      -0.11658195161049473,
      0.005712678925433683,
      0.9931646458962295
    ]
  ],
  "t": [
    [
      -0.9988182174909679
    ],
    [
      0.03746215915367467
    ],
    [
      -0.03096376979165231
    ]
  ]
}