{
  "image_1": "frame_131",
  "image_2": "frame_136",
  "num_matches": 2000,
  "inlier_count": 1729,
  "inlier_ratio": 0.8645,
  "reproj_rmse": 0.5147,
  "F": [
    [
      6.236020545285159e-08,
      1.8894695527112235e-06,
      -0.004542141920174582
    ],
    [
      -1.5700764775187633e-06,
      -8.984293982226158e-08,
      0.04796519330846707
    ],
    [
      0.0021566267452794775,
      -0.04770886961157463,
      1.0
    ]
  ],
  "E": [
    [
      -0.004556846806601739,
      -0.12623335518271062,
      0.0011697504124779882
    ],
    [
      0.11095382664004327,
      -4.830374505841562e-05,
      -0.6983449477124801
    ],
    [
      0.02343823439400455,
      0.6953280460558358,
      0.004018013472753476
    ]
  ],
  "R": [
    [
      0.9990970233141016,
      -0.03627102933065264,
      -0.02212578667972029
    ],
    [
      0.03640571593269964,
      0.999320750284094,
      0.00571505897282698
    ],
    [
      0.02190346667377402,
      -0.006515403512465382,
      0.9997388597352513
    ]
  ],
  "t": [
    [
      0.9839136210770413
    ],
    [
      0.0026758270426146067
    ],
    [
      0.17862481968836944
    ]
  ]
}