{
  "image_1": "frame_106",
  "image_2": "frame_111",
  "num_matches": 2000,
  "inlier_count": 1843,
  "inlier_ratio": 0.9215,
  "reproj_rmse": 0.3815,
  "F": [
    [
      6.570466829142272e-08,
      1.24643287894929e-06,
      -0.0011759370095396169
    ],
    [
      -2.2120325666072387e-06,
      4.2841341734181714e-07,
      -0.03208512361500816
    ],
    [
      0.0039038086755188188,
      0.032142193125302025,
      1.0
    ]
  ],
  "E": [
    [
      0.005728255749233227,
      0.1129460798681857,
      0.036047747141520085
    ],
    [
      -0.17388805239595603,
      0.025199917482442553,
      -0.6841468966984964
    ],
    [
      -0.014877627137718216,
      0.6972690890455364,
      0.024007016838759863
    ]
  ],
  "R": [
    [
      0.9959328882750651,
      -0.022680862611998576,
      -0.08719667724897545
    ],
    [
      0.025412529068973455,
      0.9992163497746985,
      0.030346164654632437
    ],
    [
      0.08644006836187096,
      -0.03243863150786637,
      0.99572880332322
    ]
  ],
  "t": [
    [
      0.9858102556318854
    ],
    [
      0.046280301006684246
    ],
    [
      -0.1613575955129695
    ]
  ]
}