{
  "image_1": "frame_036",
  "image_2": "frame_041",
  "num_matches": 2000,
  "inlier_count": 1742,
  "inlier_ratio": 0.871,
  "reproj_rmse": 0.4899,
  "F": [
    [
      -1.970143111292605e-09,
      -1.873545539152745e-09,
      0.000130504263723693
    ],
    [
      2.76549069622953e-07,
      6.464443105673905e-08,
      -0.017762277537628327
    ],
    [
      -0.0007815101868482961,
      0.0173476991614229,
      1.0
    ]
  ],
  "E": [
    [
      0.0011074091759055312,
      -0.07315677112355429,
      -0.012319275542539858
    ],
    [
      0.10664091533495086,
      0.003978946260443895,
      -0.6989048089982561
    ],
    [
      0.0068389769178498,
      0.7032623328447594,
      0.0037903367337621184
    ]
  ],
  "R": [
    [
      0.998837305343466,
      0.007090098768953149,
      0.04768404296670321
    ],
    [
      -0.0073165686976541435,
      0.9999627609458385,
      0.004576520956844196
    ],
    [
      -0.047649819272442356,
      -0.004920083436530361,
      0.9988519847816699
    ]
  ],
  "t": [
    [
      -0.9944798599607736
    ],
    [
      0.01696768235742683
    ],
    [
      -0.10354663629407512
    ]
  ]
}