{
  "image_1": "frame_102",
  "image_2": "frame_103",
  "num_matches": 500,
  "inlier_count": 367,
  "inlier_ratio": 0.734,
  "reproj_rmse": 1.4464,
  "F": [
    [
      -1.6112285891375706e-07,
      2.3378851891570277e-06,
      -0.003215740406974248
    ],
    [
      -5.420772896373926e-06,
      -7.196090899272262e-08,
      -0.06589545712040044
    ],
    [
      0.003171619244070276,
      0.06994700061421488,
      0.9999999999999999
    ]
  ],
  "E": [
    [
      -0.002598807689881787,
      -0.029688075204258244,
      -0.0435654550812064
    ],
    [
      -0.059473304897371716,
      0.0034281601758377506,
      -0.7032473652807582
    ],
    [
      -0.025315842333751743,
      0.7060123191413505,
      0.0037344087181473244
    ]
  ],
  "R": [
    [
      0.9872724896105921,
      0.09771215033246958,
      -0.12548054405168946
    ],
    [
      -0.09684066828115753,
      0.9952144553229542,
      0.013041199449990548
    ],
    [
      0.12615433494320327,
      -0.0007235977062517425,
      0.9920103629405278
    ]
  ],
  "t": [
    [
      0.9972100235284688
    ],
    [
      -0.06155187971240225
    ],
    [
      0.042231920134189374
    ]
  ]
}