{
  "image_1": "frame_037",
  "image_2": "frame_038",
  "num_matches": 500,
  "inlier_count": 354,
  "inlier_ratio": 0.708,
  "reproj_rmse": 0.7387,
  "F": [
    [
      3.665027609695744e-08,
      -1.7500957385599531e-06,
      0.00145118732737396
    ],
    [
      2.0871198942516614e-06,
      1.321163645384878e-07,
      0.010263849890289101
    ],
    [
      -0.00146031883256844,
      -0.011373162383830866,
      1.0
    ]
  ],
  "E": [
    [
      -0.006512638520024345,
      0.3035684261226936,
      0.11811253215879385
    ],
    [
      -0.3285993228056062,
      -0.019278706295234482,
      -0.6139208725242152
    ],
    [
      -0.14553695621271834,
      0.6224323852337569,
      -0.0014577211237529945
    ]
  ],
  "R": [
    [
      0.9983393295163695,
      0.03819640773269564,
      -0.04312328346871547
    ],
    [
      -0.03868995000153927,
      0.9991943096981,
      -0.010668609835206955
    ],
    [
      0.04268103688623187,
      0.012319330471059237,
      0.9990127943059894
    ]
  ],
  "t": [
    [
      0.8875282823075962
    ],
    [
      0.17176716108957096
    ],
    [
      -0.427538992929718
    ]
  ]
}