{
  "image_1": "frame_019",
  "image_2": "frame_020",
  "num_matches": 500,
  "inlier_count": 381,
  "inlier_ratio": 0.762,
  "reproj_rmse": 0.6471,
  "F": [
    [
      -1.360978539591196e-07,
      1.3849295325461759e-05,
      0.0071771103242726465
    ],
    [
      -1.3031651186486142e-05,
      -2.055556765400755e-06,
      0.0770600601677276
    ],
    [
      -0.005883272742645004,
      -0.07447840379281694,
      1.0
    ]
  ],
  "E": [
    [
      -0.014526831783634014,
      0.15736069044390114,
      -0.12174417182296186
    ],
    [
      -0.19186227312960136,
      -0.00956063491486404,
      -0.6694806923376302
    ],
    [
      0.08592673512113476,
      0.6838734904349206,
      -0.005625936096793824
    ]
  ],
  "R": [
    [
      0.9973134143902904,
      0.05272195427790717,
      -0.050856160042800636
    ],
    [
      -0.05274673953676025,
      0.9986075552836196,
      0.0008555692336331064
    ],
    [
      0.05083045293347052,
      0.0018292259539755135,
      0.9987056217860135
    ]
  ],
  "t": [
    [
      0.9593799465164283
    ],
    [
      -0.17258658698057236
    ],
    [
      -0.2231680716781239
    ]
  ]
}