{
  "image_1": "frame_069",
  "image_2": "frame_070",
  "num_matches": 500,
  "inlier_count": 414,
  "inlier_ratio": 0.828,
  "reproj_rmse": 1.0937,
  "F": [
    [
      6.07820282651286e-08,
      -6.620212912598121e-07,
      0.00019844221483365437
    ],
    [
      6.161774293031028e-07,
      1.21522225982146e-07,
      -0.003481180642230172
    ],
    [
      -0.0006373040855788622,
      0.003109195217618215,
      1.0
    ]
  ],
  "E": [
    [
      0.04937430756418852,
      -0.4693665047252301,
      -0.21625016201070574
    ],
    [
      0.4666265417452532,
      0.0704940319577951,
      -0.487647393475912
    ],
    [
      0.1439204759830266,
      0.4990615424807959,
      0.014418199186331724
    ]
  ],
  "R": [
    [
      0.993553730745056,
      0.11214585453172274,
      -0.01656174610148109
    ],
    [
      -0.11147774177035122,
      0.9930820995570302,
      0.036887079434182735
    ],
    [
      0.02058390663511528,
      -0.03480302933295437,
      0.9991821915631236
    ]
  ],
  "t": [
    [
      0.6789596886780846
    ],
    [
      -0.2810348079272314
    ],
    [
      0.6782574569317041
    ]
  ]
}