{
  "image_1": "frame_107",
  "image_2": "frame_108",
  "num_matches": 500,
  "inlier_count": 385,
  "inlier_ratio": 0.77,
  "reproj_rmse": 0.8774,
  "F": [
    [
      -4.370722811522389e-08,
      1.4628186464224171e-06,
      0.000619121697352023
    ],
    [
      -1.836447365311094e-06,
      -1.4902859482965494e-07,
      -0.01421934384833412
    ],
    [
      -0.0011521890540010559,
      0.01509975080886772,
      1.0
    ]
  ],
  "E": [
    [
      0.00893966118722831,
      -0.215725173633256,
      -0.14711551709739615
    ],
    [
      0.24704100151792352,
      0.01627038827081105,
      0.6459213347743729
    ],
    [
      0.1946276027775499,
      -0.6444131311153399,
      -0.009122310504658743
    ]
  ],
  "R": [
    [
      0.9960988737747833,
      0.07403038154278394,
      -0.048026412246162886
    ],
    [
      -0.07396362696478609,
      0.9972559076681488,
      0.0031680446952147973
    ],
    [
      0.048129154894123116,
      0.0003965218868606929,
      0.9988410420179835
    ]
  ],
  "t": [
    [
      0.9292359835347799
    ],
    [
      0.20732412941011402
    ],
    [
      -0.3058385068438712
    ]
  ]
}