{
  "image_1": "frame_114",
  "image_2": "frame_115",
  "num_matches": 500,
  "inlier_count": 379,
  "inlier_ratio": 0.758,
  "reproj_rmse": 0.7264,
  "F": [
    [
      1.4847373737218083e-07,
      -1.8671801727140201e-06,
      0.002372464876978503
    ],
    [
      1.8530559015262191e-06,
      2.4485978262845656e-07,
      -0.002045906991476498
    ],
    [
      -0.002680091981062695,
      0.0011031510099778377,
      1.0
    ]
  ],
  "E": [
    [
      -0.02483663760364001,
      0.42562209930270956,
      0.19185087052531466
    ],
    [
      -0.45535960628023076,
      -0.03696941388548941,
      -0.5048126583888627
    ],
    [
      -0.23456773280254126,
      0.5125279900844643,
      0.012661869525463353
    ]
  ],
  "R": [
    [
      0.9947534956294313,
      0.08422255228464101,
      -0.058069308758485705
    ],
    [
      -0.08419234032202072,
      0.9964450928037368,
      0.0029710029372222446
    ],
    [
      0.05811310320511648,
      0.0019335754479316292,
      0.9983081330540475
    ]
  ],
  "t": [
    [
      0.7502295828563135
    ],
    [
      0.26998174507046174
    ],
    [
      -0.6035440583221328
    ]
  ]
}