{
  "image_1": "frame_051",
  "image_2": "frame_052",
  "num_matches": 500,
  "inlier_count": 422,
  "inlier_ratio": 0.844,
  "reproj_rmse": 0.5083,
  "F": [
    [
      -9.343923154285715e-08,
      -3.9617247829213084e-06,
      -0.005781879764880493
    ],
    [
      2.856378477908839e-06,
      3.725439405696447e-07,
      -0.051201002185038424
    ],
    [
      0.005215191534160243,
      0.050723762785271145,
      1.0
    ]
  ],
  "E": [
    [
      -0.002553014171229523,
      -0.21557424686135507,
      -0.2064819448883766
    ],
    [
      0.1689663025944963,
      0.01797583337419406,
      -0.6552602392396584
    ],
    [
      0.1661983631705747,
      0.6519011048431241,
      -0.007124822894946383
    ]
  ],
  "R": [
    [
      0.9955368841819663,
      0.05886413544013219,
      -0.07376534275761262
    ],
    [
      -0.05810466105396642,
      0.9982334626267841,
      0.012401711815077071
    ],
    [
      0.07436504956675544,
      -0.008060251300443633,
      0.9971985117076277
    ]
  ],
  "t": [
    [
      0.9065168863776498
    ],
    [
      -0.2890026881315603
    ],
    [
      0.30774109404644534
    ]
  ]
}