{
  "image_1": "frame_118",
  "image_2": "frame_119",
  "num_matches": 500,
  "inlier_count": 348,
  "inlier_ratio": 0.696,
  "reproj_rmse": 1.3347,
  "F": [
    [
      1.2923377768196108e-06,
      -2.8090282429767233e-05,
      -0.013500412476583238
    ],
    [
      2.88554053291392e-05,
      4.320597093599552e-06,
      -0.06778248924874909
    ],
    [
      0.008802281501113103,
      0.05990613814550859,
      0.9999999999999999
    ]
  ],
  "E": [
    [
      0.028233997513967036,
      -0.43596648834918494,
      -0.08356392027133763
    ],
    [
      0.462709177723474,
      0.030467700881309342,
      0.5277047204989351
    ],
    [
      0.12075836598774005,
      -0.5422270340235675,
      -0.0077497280169735155
    ]
  ],
  "R": [
    [
      0.9960785719096326,
      0.0738471635052391,
      -0.04872448075349145
    ],
    [
      -0.0735949695722246,
      0.9972639805402479,
      0.0069522349416240165
    ],
    [
      0.049104572456444784,
      -0.003339095573757375,
      0.9987880613046088
    ]
  ],
  "t": [
    [
      0.7773713831237179
    ],
    [
      0.11401459570106175
    ],
    [
      -0.6186229907362327
    ]
  ]
}