{
  "image_1": "frame_022",
  "image_2": "frame_024",
  "num_matches": 500,
  "inlier_count": 435,
  "inlier_ratio": 0.87,
  "reproj_rmse": 0.8035,
  "F": [
    [
      7.563260825268956e-08,
      -1.7309055394925555e-07,
      0.0014961171700470812
    ],
    [
      7.250276552352184e-07,
      2.4561061580988846e-08,
      0.010391611311540318
    ],
    [
      -0.001752247987825024,
      -0.011190419475843929,
      1.0
    ]
  ],
  "E": [
    [
      -0.008919657500725067,
      -0.057166512433535044,
      -0.0788850381998222
    ],
    [
      -0.0646963166131865,
      -0.0020788370301388125,
      -0.6996014123808607
    ],
    [
      0.019151174447491086,
      0.7045028405482544,
      -0.010319367189161264
    ]
  ],
  "R": [
    [
      0.9815193690410299,
      0.0840707594996937,
      -0.17190647339307258
    ],
    [
      -0.08449638025552225,
      0.9964119676473764,
      0.004853086934896412
    ],
    [
      0.17169767010944761,
      0.00976207591796588,
      0.9851013206532407
    ]
  ],
  "t": [
    [
      0.9903833402420185
    ],
    [
      -0.11285325735656318
    ],
    [
      0.08003112941272075
    ]
  ]
}