{
  "image_1": "frame_115",
  "image_2": "frame_116",
  "num_matches": 500,
  "inlier_count": 379,
  "inlier_ratio": 0.758,
  "reproj_rmse": 2.9794,
  "F": [
    [
      -7.963169307645587e-08,
      1.5514683253235006e-06,
      -0.00018610110994060584
    ],
    [
      -1.9855667370598946e-06,
      -9.09433499132623e-08,
      -0.01444939426666544
    ],
    [
      -0.0004002190650633109,
      0.015447922158194427,
      1.0
    ]
  ],
  "E": [
    [
      -0.025440075247067415,
      0.3678612299235443,
      0.11521873297426141
    ],
    [
      -0.4040386795929779,
      -0.03151325698008085,
      -0.5683642231253258
    ],
    [
      -0.16411455226483168,
      0.5800161299274745,
      0.01118187460360918
    ]
  ],
  "R": [
    [
      0.9942136045041942,
      0.08803615596503965,
      -0.0615543975819553
    ],
    [
      -0.08776144266175473,
      0.9961158049790334,
      0.0071576709130696525
    ],
    [
      0.06194544213019826,
      -0.001714151064370159,
      0.9980780650256887
    ]
  ],
  "t": [
    [
      0.8375626086005822
    ],
    [
      0.15951031249668443
    ],
    [
      -0.5225374023755602
    ]
  ]
}