{
  "image_1": "frame_072",
  "image_2": "frame_073",
  "num_matches": 500,
  "inlier_count": 384,
  "inlier_ratio": 0.768,
  "reproj_rmse": 1.1567,
  "F": [
    [
      1.60637716913461e-08,
      -6.946341838168747e-08,
      0.0006584650109509617
    ],
    [
      1.676647508280751e-07,
      7.521037529786612e-08,
      0.0030647639164846892
    ],
    [
      -0.000744903969752167,
      -0.0034057178237079343,
      1.0
    ]
  ],
  "E": [
    [
      -0.0064686196546195635,
      -0.21789147206377255,
      -0.1935397177168517
    ],
    [
      0.17177449401296013,
      -0.031876250826693535,
      -0.6536628350979744
    ],
    [
      0.19077234110823352,
      0.6470527651404729,
      -0.04641982196630064
    ]
  ],
  "R": [
    [
      0.99830181215403,
      0.01921146432733012,
      -0.05499464963411818
    ],
    [
      -0.02221409931600496,
      0.998265624121863,
      -0.05451859763572644
    ],
    [
      0.05385188614671124,
      0.05564767142466351,
      0.9969971469485027
    ]
  ],
  "t": [
    [
      0.9110695264662598
    ],
    [
      -0.2905247867274108
    ],
    [
      0.29248532654055903
    ]
  ]
}