{
  "image_1": "frame_090",
  "image_2": "frame_091",
  "num_matches": 500,
  "inlier_count": 432,
  "inlier_ratio": 0.864,
  "reproj_rmse": 1.3247,
  "F": [
    [
      6.853180635411943e-08,
      -3.865994927818414e-07,
      0.001900061120121486
    ],
    [
      2.195043198736166e-07,
      3.563497672894222e-08,
      -0.00537197469755309
    ],
    [
      -0.0020865409243011838,
      0.0052275033664758745,
      1.0
    ]
  ],
  "E": [
    [
      0.025373853300276306,
      -0.15108534481073588,
      0.17944894406236633
    ],
    [
      0.09799145446132967,
      0.009037741947108194,
      -0.6765729693485534
    ],
    [
      -0.22759445130191777,
      0.6517882622416672,
      0.016288056591179052
    ]
  ],
  "R": [
    [
      0.9941931096852796,
      0.07228348117740219,
      -0.07971925114543998
    ],
    [
      -0.07228636505269151,
      0.997379836793541,
      0.002853521536356929
    ],
    [
      0.07971663616700479,
      0.0029256634402420323,
      0.9968132715868363
    ]
  ],
  "t": [
    [
      0.9426849554618115
    ],
    [
      0.2552058432713949
    ],
    [
      0.21497686458337462
    ]
  ]
}