{
  "image_1": "frame_013",
  "image_2": "frame_014",
  "num_matches": 500,
  "inlier_count": 354,
  "inlier_ratio": 0.708,
  "reproj_rmse": 0.3065,
  "F": [
    [
      7.222287928530573e-08,
      -2.5196911300142845e-05,
      0.004596146593007093
    ],
    [
      2.5816891433376715e-05,
      3.21835775516296e-06,
      0.024589687818976053
    ],
    [
      -0.004556151275030516,
      -0.030295887719618282,
      1.0
    ]
  ],
  "E": [
    [
      -0.001183097140389805,
      0.09127797720355198,
      0.029234182726890115
    ],
    [
      -0.12390834284018379,
      -0.0037999991681363222,
      -0.6955380848429173
    ],
    [
      -0.04887675594971752,
      0.6994864759171137,
      0.0010399855444227506
    ]
  ],
  "R": [
    [
      0.9985122928057149,
      0.027939206665616348,
      -0.04682522660671534
    ],
    [
      -0.027992119345482902,
      0.9996080312189158,
      -0.00047452838831301726
    ],
    [
      0.04679361463300852,
      0.0017845597605697719,
      0.9989029847668083
    ]
  ],
  "t": [
    [
      0.9907696944487907
    ],
    [
      0.04145009321987963
    ],
    [
      -0.12906317187297542
    ]
  ]
}