{
  "image_1": "frame_016",
  "image_2": "frame_017",
  "num_matches": 500,
  "inlier_count": 410,
  "inlier_ratio": 0.82,
  "reproj_rmse": 2.3187,
  "F": [
    [
      -4.881561994538864e-08,
      7.453228683224439e-06,
      -0.0013514221306934087
    ],
    [
      -6.6377360507306965e-06,
      -1.1809651216954162e-06,
      0.04791427692804914
    ],
    [
      0.001371023430564941,
      -0.04747900143056447,
      1.0
    ]
  ],
  "E": [
    [
      0.0020397317525039146,
      -0.31595259770423934,
      -0.20643712910613837
    ],
    [
      0.33943030911275335,
      0.015861544191282394,
      0.5838968675721613
    ],
    [
      0.22930989310097014,
      -0.5903787302901282,
      -0.00483318556243323
    ]
  ],
  "R": [
    [
      0.9984827225047497,
      0.0344922317926821,
      -0.042924804081822865
    ],
    [
      -0.03481978235954558,
      0.9993697432011568,
      -0.006906455710995935
    ],
    [
      0.04265953136096173,
      0.008390609037128793,
      0.9990544339844796
    ]
  ],
  "t": [
    [
      0.8456400028673389
    ],
    [
      0.2952962062435163
    ],
    [
      -0.4446269628899192
    ]
  ]
}