{
  "image_1": "frame_042",
  "image_2": "frame_043",
  "num_matches": 500,
  "inlier_count": 446,
  "inlier_ratio": 0.892,
  "reproj_rmse": 0.6002,
  "F": [
    [
      8.33692568125252e-08,
      3.6988859899264628e-06,
      0.0033065060856259645
    ],
    [
      -5.263240942243453e-06,
      -2.1868404043246507e-07,
      -0.04699618478644725
    ],
    [
      -0.0037717185933025628,
      0.04986123271825727,
      1.0
    ]
  ],
  "E": [
    [
      0.0005848009313830448,
      -0.16187720651037485,
      -0.1346674787901983
    ],
    [
      0.2025494602419986,
      0.011818393962828983,
      0.6637675844746002
    ],
    [
      0.1718222858699691,
      -0.6665768480989398,
      -0.007690341606858596
    ]
  ],
  "R": [
    [
      0.9965792700618241,
      0.05495107872754479,
      -0.06172631067641318
    ],
    [
      -0.055115285560467575,
      0.9984795364699812,
      -0.0009594520723240144
    ],
    [
      0.06157973514582546,
      0.004358233285420635,
      0.9980926520228468
    ]
  ],
  "t": [
    [
      0.9546309215362344
    ],
    [
      0.19103212044348944
    ],
    [
      -0.2284437186830578
    ]
  ]
}