{
  "image_1": "frame_075",
  "image_2": "frame_076",
  "num_matches": 500,
  "inlier_count": 462,
  "inlier_ratio": 0.924,
  "reproj_rmse": 0.3027,
  "F": [
    [
      9.109692654265361e-07,
      5.985727459361957e-07,
      0.024780342407813523
    ],
    [
      2.2987574885639425e-06,
      -8.863271182040925e-07,
      0.0872794079433331
    ],
    [
      -0.02669882969798255,
      -0.08797622933947444,
      1.0
    ]
  ],
  "E": [
    [
      -0.01988673673045271,
      -0.09038372774612777,
      -0.2344997054339253
    ],
    [
      0.023602160343021227,
      0.022567272223851804,
      -0.6668496723535152
    ],
    [
      0.19313644377271028,
      0.6733290813928637,
      -0.00407683496464755
    ]
  ],
  "R": [
    [
      0.992354372351291,
      0.0606060367123723,
      -0.10751608246813132
    ],
    [
      -0.05750298495353878,
      0.9978408707443227,
      0.03173331677660686
    ],
    [
      0.10920717191058614,
      -0.025308199980045805,
      0.9936967790111133
    ]
  ],
  "t": [
    [
      0.9342860243119631
    ],
    [
      -0.32937872042191507
    ],
    [
      0.13645249469528822
    ]
  ]
}