{
  "image_1": "frame_098",
  "image_2": "frame_099",
  "num_matches": 500,
  "inlier_count": 385,
  "inlier_ratio": 0.77,
  "reproj_rmse": 0.5287,
  "F": [
    [
      -5.056221073878138e-08,
      6.843219263013558e-07,
      -0.0009707948122333137
    ],
    [
      -1.6417706047232984e-06,
      -9.896747637221908e-08,
      -0.037151168140969415
    ],
    [
      -0.0003860588772458246,
      0.038579158830775624,
      1.0
    ]
  ],
  "E": [
    [
      -0.0006706355213848956,
      -0.011228034256250762,
      -0.01951649527943802
    ],
    [
      -0.04885151499516017,
      -0.0038742304167960874,
      -0.7051348445783214
    ],
    [
      -0.043325742932286054,
      0.7056893329245726,
      -0.001184941114393653
    ]
  ],
  "R": [
    [
      0.9924366778802176,
      0.08853350392819886,
      -0.0850368101487389
    ],
    [
      -0.08879759122212506,
      0.996049459813836,
      0.0006792626246717426
    ],
    [
      0.084761006313193,
      0.006876938763783792,
      0.9963775787933077
    ]
  ],
  "t": [
    [
      0.999492459107867
    ],
    [
      -0.02769009869468436
    ],
    [
      0.01575063874220239
    ]
  ]
}