{
  "image_1": "frame_044",
  "image_2": "frame_045",
  "num_matches": 500,
  "inlier_count": 389,
  "inlier_ratio": 0.778,
  "reproj_rmse": 0.4914,
  "F": [
    [
      2.818976088613719e-08,
      4.2141904146054196e-07,
      0.0009192417277019228
    ],
    [
      3.9718847185326455e-07,
      6.817823360724382e-08,
      0.024246210960379815
    ],
    [
      -0.0007756995689075748,
      -0.025261427130059324,
      1.0
    ]
  ],
  "E": [
    [
      0.000632916345809475,
      -0.10813397661774828,
      -0.06332230289846946
    ],
    [
      0.029302664314627264,
      -0.0019300464887058296,
      -0.7035605191066234
    ],
    [
      0.013438136564628776,
      0.6986639581448895,
      -0.011191214741343197
    ]
  ],
  "R": [
    [
      0.9911791664763054,
      0.07124217705652919,
      -0.11175156442566042
    ],
    [
      -0.07233485155490424,
      0.9973638361360664,
      -0.005748705809123717
    ],
    [
      0.11104741867268395,
      0.013781530255963237,
      0.9937195480767891
    ]
  ],
  "t": [
    [
      0.9841716603046096
    ],
    [
      -0.0909969751039491
    ],
    [
      0.15207134370156447
    ]
  ]
}