{
  "image_1": "frame_095",
  "image_2": "frame_096",
  "num_matches": 500,
  "inlier_count": 337,
  "inlier_ratio": 0.674,
  "reproj_rmse": 1.0553,
  "F": [
    [
      -1.1881332392703157e-07,
      3.3370544174301618e-06,
      -0.0015063299047603613
    ],
    [
      -5.9227728964603635e-06,
      -9.663978993982864e-08,
      -0.11833911126767108
    ],
    [
      -0.0015335754586593869,
      0.12174773238941584,
      1.0
    ]
  ],
  "E": [
    [
      0.0005750255562648332,
      -0.027482731300916188,
      -0.01695475576632729
    ],
    [
      -0.036362972587799004,
      -0.004298902405759966,
      -0.7059514469735622
    ],
    [
      -0.03748126031031429,
      0.7055740160923659,
      -0.003029224688657205
    ]
  ],
  "R": [
    [
      0.992954110779947,
      0.0765697206166664,
      -0.09043899474170786
    ],
    [
      -0.07707488240611507,
      0.9970230924793325,
      -0.002101324589779905
    ],
    [
      0.09000886838133532,
      0.009057093774148924,
      0.9958997804322872
    ]
  ],
  "t": [
    [
      0.9989563604910433
    ],
    [
      -0.024158153017930346
    ],
    [
      0.03876304267277419
    ]
  ]
}