{
  "image_1": "frame_059",
  "image_2": "frame_060",
  "num_matches": 500,
  "inlier_count": 372,
  "inlier_ratio": 0.744,
  "reproj_rmse": 3.4784,
  "F": [
    [
      -2.207609529522501e-07,
      -2.3446339245597344e-06,
      -0.011086503689209534
    ],
    [
      -6.922291217817334e-07,
      3.714290644905757e-07,
      -0.13060583922088326
    ],
    [
      0.00902974567828883,
      0.13236398869827196,
      0.9999999999999999
    ]
  ],
  "E": [
    [
      -0.010013058544289575,
      -0.026007796555431027,
      -0.1492514071427112
    ],
    [
      -0.027863595314030848,
      0.004344130641097284,
      -0.6905512220904105
    ],
    [
      0.10329211198843584,
      0.6989930075312727,
      -0.005533888396473896
    ]
  ],
  "R": [
    [
      0.9947289902487589,
      0.06623450329078573,
      -0.07827660271439574
    ],
    [
      -0.06573612739894924,
      0.9977970873030763,
      0.008929396624961538
    ],
    [
      0.07869560034254573,
      -0.003736728959888331,
      0.9968916888726711
    ]
  ],
  "t": [
    [
      0.9766753305401322
    ],
    [
      -0.21139422061421825
    ],
    [
      0.037653448782689704
    ]
  ]
}