{
  "image_1": "frame_063",
  "image_2": "frame_064",
  "num_matches": 500,
  "inlier_count": 342,
  "inlier_ratio": 0.684,
  "reproj_rmse": 0.7721,
  "F": [
    [
      1.6091701789138764e-07,
      -3.1782133709814223e-06,
      0.0024173984614584846
    ],
    [
      3.2416477144810034e-06,
      4.800080102530438e-07,
      -0.003409502983784705
    ],
    [
      -0.002710896245622658,
      0.0018902900813095047,
      1.0
    ]
  ],
  "E": [
    [
      -0.04278211996959244,
      0.2602016680429789,
      -0.6301863144081536
    ],
    [
      -0.2439490423380118,
      -0.0396736714497784,
      0.18451436929779907
    ],
    [
      0.655813978948201,
      -0.08954085955638028,
      -0.009474325092426513
    ]
  ],
  "R": [
    [
      0.9896653717961322,
      0.14316872925433255,
      -0.008072597557337718
    ],
    [
      -0.1429431351822155,
      0.9894456590909773,
      0.023760214862249662
    ],
    [
      0.011389116379334131,
      -0.022360739471694258,
      0.9996850930960093
    ]
  ],
  "t": [
    [
      -0.2581859457492874
    ],
    [
      -0.8998547794602153
    ],
    [
      -0.35156989817126405
    ]
  ]
}