{
  "image_1": "frame_083",
  "image_2": "frame_084",
  "num_matches": 500,
  "inlier_count": 406,
  "inlier_ratio": 0.812,
  "reproj_rmse": 0.4096,
  "F": [
    [
      1.555565277458066e-07,
      -9.66446422470789e-07,
      0.005751139066678731
    ],
    [
      1.4403101655697454e-06,
      3.59474688879849e-08,
      0.018768317049866454
    ],
    [
      -0.005628106386943967,
      -0.019509524634583678,
      0.9999999999999999
    ]
  ],
  "E": [
    [
      -0.0089100183953551,
      -0.031282575145973705,
      -0.16370678081903464
    ],
    [
      -0.014766034374384018,
      -0.0003454933106662689,
      -0.6876572820328398
    ],
    [
      0.12013547343748754,
      0.6960698745659071,
      -0.010276529204300978
    ]
  ],
  "R": [
    [
      0.9958267551100344,
      0.06281855727369634,
      -0.06620349438716207
    ],
    [
      -0.06290041848963737,
      0.9980194467837378,
      0.0008492321888545068
    ],
    [
      0.06612572238431999,
      0.0033185393674668535,
      0.9978057807687919
    ]
  ],
  "t": [
    [
      0.9717428692594554
    ],
    [
      -0.23198839337533322
    ],
    [
      0.04355664567586298
    ]
  ]
}