{
  "image_1": "frame_026",
  "image_2": "frame_027",
  "num_matches": 500,
  "inlier_count": 349,
  "inlier_ratio": 0.698,
  "reproj_rmse": 0.3069,
  "F": [
    [
      4.3231643319221295e-08,
      -1.1166989275013462e-06,
      0.0011819671670566165
    ],
    [
      9.382657161071165e-07,
      1.052025067178113e-07,
      -0.0077906755055097395
    ],
    [
      -0.0013851875673242882,
      0.0074881281740299165,
      1.0
    ]
  ],
  "E": [
    [
      0.00976105503061357,
      -0.25733640755326986,
      -0.08770924365224345
    ],
    [
      0.21303280094260713,
      0.02680136727215142,
      -0.6686528528973115
    ],
    [
      0.04319838501211029,
      0.6563994219246461,
      0.00809672197441816
    ]
  ],
  "R": [
    [
      0.99582176350546,
      0.06094975689112343,
      -0.06800104751978703
    ],
    [
      -0.059649095563134996,
      0.9979985273995776,
      0.020998207227632404
    ],
    [
      0.06914478091204973,
      -0.016854270769972916,
      0.997464251404248
    ]
  ],
  "t": [
    [
      0.9230273925839794
    ],
    [
      -0.11663682735299333
    ],
    [
      0.3666282627466796
    ]
  ]
}