{
  "image_1": "frame_080",
  "image_2": "frame_081",
  "num_matches": 500,
  "inlier_count": 389,
  "inlier_ratio": 0.778,
  "reproj_rmse": 0.2428,
  "F": [
    [
      3.3297611514162946e-07,
      -2.6640954124128514e-06,
      0.011702391934537393
    ],
    [
      3.5894119787207432e-06,
      1.8670369945217165e-08,
      0.03321020000799983
    ],
    [
      -0.01185847007437934,
      -0.034295943680003674,
      1.0
    ]
  ],
  "E": [
    [
      -0.008620229227690077,
      -0.0672162129898378,
      -0.17409188505408613
    ],
    [
      0.018425171128409176,
      0.007106240240132102,
      -0.6850916636266388
    ],
    [
      0.13334418304298865,
      0.6910395277502172,
      -0.006543294343003369
    ]
  ],
  "R": [
    [
      0.9956593104471165,
      0.05891928438911531,
      -0.07204897950038446
    ],
    [
      -0.058437177138664614,
      0.9982524513400848,
      0.008782922154722945
    ],
    [
      0.07244055389101188,
      -0.0045344592385581015,
      0.9973624240121429
    ]
  ],
  "t": [
    [
      0.9644684421148073
    ],
    [
      -0.24600580012602583
    ],
    [
      0.0963419455325167
    ]
  ]
}