{
  "image_1": "frame_033",
  "image_2": "frame_034",
  "num_matches": 500,
  "inlier_count": 319,
  "inlier_ratio": 0.638,
  "reproj_rmse": 1.8921,
  "F": [
    [
      7.739387614247905e-08,
      -1.7378241367323237e-06,
      0.0029601170616968763
    ],
    [
      2.3266857630722873e-06,
      1.256454402148246e-07,
      0.021663483148408397
    ],
    [
      -0.0030352083686974833,
      -0.022924133754109653,
      1.0
    ]
  ],
  "E": [
    [
      -0.009433683512930823,
      0.11030305045536115,
      -0.05844389298006045
    ],
    [
      -0.15752914205430918,
      -0.0071071531577751295,
      -0.686796987670291
    ],
    [
      0.024230699601953436,
      0.6979787107817997,
      -0.0033319732548928336
    ]
  ],
  "R": [
    [
      0.9964691915553844,
      0.04916095440656154,
      -0.06806137555761493
    ],
    [
      -0.04921035857752393,
      0.9987879830815822,
      0.0009515568803529183
    ],
    [
      0.06802566346335762,
      0.0024011275811853952,
      0.9976806822308978
    ]
  ],
  "t": [
    [
      0.9842037939867477
    ],
    [
      -0.08299343955553656
    ],
    [
      -0.156380884039044
    ]
  ]
}