{
  "image_1": "frame_125",
  "image_2": "frame_126",
  "num_matches": 500,
  "inlier_count": 433,
  "inlier_ratio": 0.866,
  "reproj_rmse": 0.4198,
  "F": [
    [
      -5.085348320635431e-08,
      2.637795711929209e-06,
      0.00034621066865837575
    ],
    [
      -4.345896773314586e-06,
      -2.9174669981077924e-07,
      -0.062213203772011824
    ],
    [
      -0.0018070373424232673,
      0.06594210182257385,
      1.0
    ]
  ],
  "E": [
    [
      -0.008013707481026833,
      0.16210670195498453,
      0.04750443598921835
    ],
    [
      -0.200841106811809,
      -0.009819783074037565,
      -0.6762982142208294
    ],
    [
      -0.09164991938397164,
      0.682019828282062,
      0.006076138473958592
    ]
  ],
  "R": [
    [
      0.9962314942472371,
      0.06580585987413501,
      -0.05650131570275718
    ],
    [
      -0.06562791414473977,
      0.9978316316041054,
      0.0050011853894248
    ],
    [
      0.0567079073404019,
      -0.0012742748975086739,
      0.9983899986821572
    ]
  ],
  "t": [
    [
      0.9709794294783283
    ],
    [
      0.0661384474688573
    ],
    [
      -0.22983614445154066
    ]
  ]
}