{
  "image_1": "frame_093",
  "image_2": "frame_094",
  "num_matches": 500,
  "inlier_count": 378,
  "inlier_ratio": 0.756,
  "reproj_rmse": 0.7636,
  "F": [
    [
      -5.674881081212842e-11,
      1.6725113676973956e-07,
      0.00013216847040203183
    ],
    [
      -5.701749054018702e-07,
      5.993903789641251e-08,
      -0.015423899807345064
    ],
    [
      -0.0004269903648589684,
      0.01574398332283716,
      1.0
    ]
  ],
  "E": [
    [
      0.0008807736342312662,
      5.963812512098406e-05,
      0.009732806387828703
    ],
    [
      -0.06434436442211712,
      0.003110232699982871,
      -0.7040984540426273
    ],
    [
      -0.0587072008442798,
      0.7046145117989812,
      0.008476067878284943
    ]
  ],
  "R": [
    [
      0.9934493532751069,
      0.06999014004029534,
      -0.09033140524984373
    ],
    [
      -0.06930166620357214,
      0.9975379389862341,
      0.0107396156590812
    ],
    [
      0.09086067102261747,
      -0.004409147336613204,
      0.9958538536758713
    ]
  ],
  "t": [
    [
      0.9999044885997025
    ],
    [
      0.013820002492617885
    ],
    [
      -0.00014563403243638657
    ]
  ]
}