{
  "image_1": "frame_094",
  "image_2": "frame_095",
  "num_matches": 500,
  "inlier_count": 360,
  "inlier_ratio": 0.72,
  "reproj_rmse": 0.4451,
  "F": [
    [
      3.4944425625822086e-08,
      1.0349495602061829e-06,
      0.0020412252298042818
    ],
    [
      -1.533424585993784e-06,
      -9.081564316151848e-08,
      -0.01842282671944829
    ],
    [
      -0.0024424453984294653,
      0.01918538969216736,
      1.0
    ]
  ],
  "E": [
    [
      0.003737914338835248,
      0.041304000739805065,
      0.09464755356872599
    ],
    [
      -0.08761080600140038,
      -0.005234386147989011,
      -0.6951993748387346
    ],
    [
      -0.13878858607029354,
      0.6921052684995471,
      0.006682133774989125
    ]
  ],
  "R": [
    [
      0.9957471457828034,
      0.06329222064150952,
      -0.06694562324504233
    ],
    [
      -0.06340264853392372,
      0.9979879145556564,
      0.00047598291489655414
    ],
    [
      0.06684104894661974,
      0.0037705711925400225,
      0.9977565118647924
    ]
  ],
  "t": [
    [
      0.9892642196326893
    ],
    [
      0.13412514378200244
    ],
    [
      -0.05802369826186068
    ]
  ]
}