{
  "image_1": "frame_126",
  "image_2": "frame_127",
  "num_matches": 500,
  "inlier_count": 420,
  "inlier_ratio": 0.84,
  "reproj_rmse": 0.3121,
  "F": [
    [
      -1.2441353255144124e-06,
      2.045994143373577e-06,
      -0.007083245815810329
    ],
    [
      -1.7791347375028235e-06,
      4.9969431363087274e-08,
      0.00224426480290062
    ],
    [
      0.008967599683629078,
      -0.0031134400334786798,
      1.0
    ]
  ],
  "E": [
    [
      -0.0016062761522953333,
      -0.05949852552673473,
      -0.13169514085465753
    ],
    [
      0.024856283631638127,
      0.003668677161022281,
      -0.6942754223044146
    ],
    [
      0.07375805374292489,
      0.7007135233409654,
      -0.004938307748976437
    ]
  ],
  "R": [
    [
      0.9953271348094073,
      0.08286195139739116,
      -0.04957612048872154
    ],
    [
      -0.08284998503103562,
      0.9965593764477003,
      0.0022998248906293314
    ],
    [
      0.049596115699246233,
      0.001818302721433714,
      0.9987677002600556
    ]
  ],
  "t": [
    [
      0.978890938983847
    ],
    [
      -0.18628120654504204
    ],
    [
      0.0840942427485105
    ]
  ]
}