{
  "image_1": "frame_001",
  "image_2": "frame_002",
  "num_matches": 500,
  "inlier_count": 421,
  "inlier_ratio": 0.842,
  "reproj_rmse": 0.7647,
  "F": [
    [
      8.346263678966194e-08,
      -2.9161037311235135e-06,
      0.005956895760713762
    ],
    [
      2.8872992613633124e-06,
      3.657830001524553e-07,
      -0.005700253903384885
    ],
    [
      -0.006098779753928186,
      0.0045056689638212945,
      1.0
    ]
  ],
  "E": [
    [
      -0.0037377213317119763,
      0.07058830522741547,
      -0.051285460044690256
    ],
    [
      -0.09599222404945766,
      -0.002247824846060444,
      -0.6986727608267708
    ],
    [
      0.0326507161336244,
      0.7028096808692265,
      -0.0015552777975708844
    ]
  ],
  "R": [
    [
      0.9989900307125789,
      0.026573084146897373,
      -0.036232440378790254
    ],
    [
      -0.026574774416957214,
      0.9996467336599064,
      0.0004350261692366037
    ],
    [
      0.036231200664186114,
      0.0005282821234736668,
      0.9993432948774056
    ]
  ],
  "t": [
    [
      0.9923438135972553
    ],
    [
      -0.07261974227713601
    ],
    [
      -0.09990059382635338
    ]
  ]
}