{
  "image_1": "frame_117",
  "image_2": "frame_118",
  "num_matches": 500,
  "inlier_count": 374,
  "inlier_ratio": 0.748,
  "reproj_rmse": 0.3282,
  "F": [
    [
      5.2196001791389715e-08,
      -3.945342098107834e-06,
      -0.004348978061185405
    ],
    [
      3.0275538953663174e-06,
      5.709143805780379e-07,
      -0.046159049954658166
    ],
    [
      0.002609380011298503,
      0.0458896964458853,
      1.0
    ]
  ],
  "E": [
    [
      -0.008931837678178487,
      -0.041995705412392496,
      -0.17640943423447628
    ],
    [
      -0.005790950191685682,
      0.005521626858607297,
      -0.6846837425600647
    ],
    [
      0.11913968072104122,
      0.6956617861328219,
      -0.006392144750665108
    ]
  ],
  "R": [
    [
      0.994102838776617,
      0.08278770546772277,
      -0.07004100056153724
    ],
    [
      -0.08237724828553777,
      0.9965629507431504,
      0.008733508516507501
    ],
    [
      0.07052329332337287,
      -0.0029122207153144883,
      0.9975058817216723
    ]
  ],
  "t": [
    [
      0.9664743085211158
    ],
    [
      -0.24957623767825005
    ],
    [
      0.060325057438852435
    ]
  ]
}