{
  "image_1": "frame_108",
  "image_2": "frame_109",
  "num_matches": 500,
  "inlier_count": 357,
  "inlier_ratio": 0.714,
  "reproj_rmse": 1.2158,
  "F": [
    [
      -2.1253507990390204e-08,
      1.723538318665693e-07,
      -0.0005648649580356446
    ],
    [
      -5.948896677712079e-07,
      -2.8537953250306503e-08,
      -0.016257233574263345
    ],
    [
      -1.9662459749073443e-05,
      0.016705357198360235,
      1.0
    ]
  ],
  "E": [
    [
      -7.36973268134225e-06,
      -0.037403742311268064,
      -0.03909856110271008
    ],
    [
      -0.02734420571859947,
      0.0043395403421240125,
      -0.7054932390714762
    ],
    [
      -0.02813496346448836,
      0.7055367975923944,
      0.003356490442772141
    ]
  ],
  "R": [
    [
      0.9912862683206617,
      0.09509055207922562,
      -0.0911554778615371
    ],
    [
      -0.09459148671177561,
      0.9954680391541396,
      0.009789467006330481
    ],
    [
      0.09167325062717627,
      -0.001081632044708666,
      0.9957885544590109
    ]
  ],
  "t": [
    [
      0.9970679641092646
    ],
    [
      -0.05500458940261424
    ],
    [
      0.053197463206960637
    ]
  ]
}