{
  "image_1": "frame_014",
  "image_2": "frame_015",
  "num_matches": 500,
  "inlier_count": 383,
  "inlier_ratio": 0.766,
  "reproj_rmse": 0.909,
  "F": [
    [
      -3.64810446351135e-07,
      -3.8640590113530286e-06,
      -0.028313244195212434
    ],
    [
      7.76605608132742e-06,
      1.2479514888454206e-06,
      0.3007806389876829
    ],
    [
      0.029902545386608474,
      -0.3056406835097143,
      1.0
    ]
  ],
  "E": [
    [
      0.00031042221436020274,
      -0.00908103311528104,
      0.0011951109822029157
    ],
    [
      -0.01925613488304966,
      -0.0037453063394646095,
      -0.7068336718720044
    ],
    [
      -0.021695014030229654,
      0.7067084399119409,
      -0.0031387523852338143
    ]
  ],
  "R": [
    [
      0.9987741393921705,
      0.028847912507320835,
      -0.04022457489395131
    ],
    [
      -0.029052266652143388,
      0.9995677421734013,
      -0.004504953800148534
    ],
    [
      0.04007722899355558,
      0.00566804643053304,
      0.9991805086999344
    ]
  ],
  "t": [
    [
      0.9999160066579075
    ],
    [
      0.0016335591380513893
    ],
    [
      0.012857336965563723
    ]
  ]
}