{
  "image_1": "frame_065",
  "image_2": "frame_066",
  "num_matches": 500,
  "inlier_count": 396,
  "inlier_ratio": 0.792,
  "reproj_rmse": 2.0596,
  "F": [
    [
      -7.068803030042765e-07,
      -6.99238807793606e-06,
      -0.022192319582616818
    ],
    [
      2.105104005454708e-06,
      9.578929846462058e-07,
      -0.13045815525558335
    ],
    [
      0.01952418211134195,
      0.13127909001495427,
      1.0
    ]
  ],
  "E": [
    [
      -0.0013588009138279793,
      -0.19644848631476902,
      -0.18075259518637085
    ],
    [
      0.11676327815856645,
      0.02049445169938462,
      -0.6735782568798122
    ],
    [
      0.11062772223824681,
      0.669748501953152,
      -0.013105060242180387
    ]
  ],
  "R": [
    [
      0.9875791719068799,
      0.10263329613825883,
      -0.11896968411960246
    ],
    [
      -0.10185636340056861,
      0.9947192038939695,
      0.0126089904178871
    ],
    [
      0.11963553172253152,
      -0.0003345569361415876,
      0.992817821969934
    ]
  ],
  "t": [
    [
      0.9259963771182959
    ],
    [
      -0.25392379243371566
    ],
    [
      0.27938041663629576
    ]
  ]
}