{
  "image_1": "frame_020",
  "image_2": "frame_021",
  "num_matches": 500,
  "inlier_count": 371,
  "inlier_ratio": 0.742,
  "reproj_rmse": 1.1368,
  "F": [
    [
      2.407235077377106e-07,
      -9.827614456036764e-06,
      0.0024774584161733177
    ],
    [
      9.495301562522801e-06,
      1.61499619949357e-06,
      -0.04196998954448044
    ],
    [
      -0.0034740457799062032,
      0.03941184414045532,
      1.0
    ]
  ],
  "E": [
    [
      -0.010514703857090267,
      0.21329917331035297,
      -0.00917652529966854
    ],
    [
      -0.23867960370474084,
      -0.013343377244215976,
      -0.6654177073109064
    ],
    [
      -0.023616197221628846,
      0.6736608949479446,
      -0.002290142840252033
    ]
  ],
  "R": [
    [
      0.9981447591176709,
      0.04756916070259856,
      -0.03800282615775452
    ],
    [
      -0.04771408106729633,
      0.9988567809175618,
      -0.002915078542596628
    ],
    [
      0.03782071276205029,
      0.004722940297786398,
      0.9992733797720795
    ]
  ],
  "t": [
    [
      0.9532142414497826
    ],
    [
      -0.01210585446464741
    ],
    [
      -0.3020530718019536
    ]
  ]
}