{
  "image_1": "frame_027",
  "image_2": "frame_029",
  "num_matches": 500,
  "inlier_count": 343,
  "inlier_ratio": 0.686,
  "reproj_rmse": 2.718,
  "F": [
    [
      1.3435724729559637e-08,
      -5.808110388153826e-08,
      0.00030366504090721
    ],
    [
      -1.8074951426086588e-07,
      6.826421246992043e-08,
      -0.005808414238698944
    ],
    [
      -0.0003962606895976228,
      0.00583290078376942,
      0.9999999999999999
    ]
  ],
  "E": [
    [
      -0.0007309489836585592,
      0.030801725336097135,
      0.024505792949936447
    ],
    [
      -0.0852007279552233,
      0.017213583275712648,
      -0.7013501627483433
    ],
    [
      -0.07975415641900684,
      0.7014085549531053,
      0.02584524780050692
    ]
  ],
  "R": [
    [
      0.9938863919022906,
      0.08221501894706476,
      -0.07369213425447874
    ],
    [
      -0.07987564981684775,
      0.9962195436694606,
      0.03415408287961543
    ],
    [
      0.07622152293009252,
      -0.02805907109198491,
      0.9966960258632882
    ]
  ],
  "t": [
    [
      0.9984489827144877
    ],
    [
      0.033240870012175856
    ],
    [
      -0.04466176751135249
    ]
  ]
}