{
  "image_1": "frame_131",
  "image_2": "frame_132",
  "num_matches": 500,
  "inlier_count": 447,
  "inlier_ratio": 0.894,
  "reproj_rmse": 0.3544,
  "F": [
    [
      -5.0537208534069994e-08,
      -2.119133418416973e-06,
      -0.002685978606091682
    ],
    [
      1.3701338023319328e-06,
      1.3743994777532196e-07,
      -0.02464772111324051
    ],
    [
      0.0022758447459643905,
      0.024891136920022677,
      1.0
    ]
  ],
  "E": [
    [
      -0.01083012963514289,
      -0.14022335577177888,
      -0.19739140917709808
    ],
    [
      0.06684285336939683,
      0.026774414705524892,
      -0.6761027722627124
    ],
    [
      0.13906252586413173,
      0.67795091149544,
      -0.0010634299907265174
    ]
  ],
  "R": [
    [
      0.9900670436796336,
      0.08313818677380852,
      -0.11338117533097816
    ],
    [
      -0.08004895052618255,
      0.9962918147125466,
      0.0315402196637525
    ],
    [
      0.11558293359803366,
      -0.022150887944827998,
      0.9930508162345612
    ]
  ],
  "t": [
    [
      0.9394218970955133
    ],
    [
      -0.27459135095369924
    ],
    [
      0.20514894403552078
    ]
  ]
}