{
  "image_1": "frame_029",
  "image_2": "frame_030",
  "num_matches": 500,
  "inlier_count": 324,
  "inlier_ratio": 0.648,
  "reproj_rmse": 0.3115,
  "F": [
    [
      8.732741065990929e-08,
      -1.1003851676963137e-05,
      0.003540919098281469
    ],
    [
      1.0069270969654517e-05,
      1.4788705375314798e-06,
      -0.05532330453640012
    ],
    [
      -0.003732010898517618,
      0.052894246084470395,
      1.0
    ]
  ],
  "E": [
    [
      0.00011093317175673274,
      -0.1196340584078622,
      -0.07630224048155279
    ],
    [
      0.07807016092591383,
      0.0035205747697945604,
      -0.6986146788956474
    ],
    [
      0.04919942270468906,
      0.6951680957253407,
      -0.004070541627772658
    ]
  ],
  "R": [
    [
      0.9974683054166165,
      0.038894849282105626,
      -0.05953293532681342
    ],
    [
      -0.03892307406810587,
      0.9992419746262057,
      0.0006858937308709886
    ],
    [
      0.059514485584544516,
      0.0016330475937894901,
      0.9982261062310297
    ]
  ],
  "t": [
    [
      0.9796587649382725
    ],
    [
      -0.1079832020066867
    ],
    [
      0.16913997860944005
    ]
  ]
}