{
  "image_1": "frame_053",
  "image_2": "frame_054",
  "num_matches": 500,
  "inlier_count": 341,
  "inlier_ratio": 0.682,
  "reproj_rmse": 3.242,
  "F": [
    [
      1.0676655685951581e-07,
      -3.911767390660524e-06,
      0.00351281862126401
    ],
    [
      4.8701502810462335e-06,
      1.6070524371432717e-07,
      0.03161171705794516
    ],
    [
      -0.003583211057088317,
      -0.03380080827266134,
      1.0
    ]
  ],
  "E": [
    [
      -0.01194662384349446,
      0.28179152786253087,
      0.029799973001947956
    ],
    [
      -0.3229786318852961,
      -0.014674889124843887,
      -0.6281793930554807
    ],
    [
      -0.06100946833627409,
      0.6455160707172984,
      0.0031181640230746937
    ]
  ],
  "R": [
    [
      0.9967075598040388,
      0.04908066378789941,
      -0.06453780807880388
    ],
    [
      -0.04906090539601721,
      0.998793996975601,
      0.0018918687126974788
    ],
    [
      0.06455282945929086,
      0.0012806434485184218,
      0.9979134692753465
    ]
  ],
  "t": [
    [
      0.9160379627643447
    ],
    [
      0.041475320737123934
    ],
    [
      -0.3989414099141649
    ]
  ]
}