{
  "image_1": "frame_111",
  "image_2": "frame_112",
  "num_matches": 500,
  "inlier_count": 438,
  "inlier_ratio": 0.876,
  "reproj_rmse": 0.8122,
  "F": [
    [
      -8.361797984093271e-09,
      4.410995606701702e-07,
      0.0003526975232792109
    ],
    [
      -7.955131519957969e-07,
      -2.1964612060145838e-08,
      -0.01129196378789178
    ],
    [
      -0.0008139903625325183,
      0.011731216695288168,
      1.0
    ]
  ],
  "E": [
    [
      -0.0006740588463220858,
      0.05907667154605995,
      0.06141637634514794
    ],
    [
      -0.11418152034790058,
      -0.006467850470726292,
      -0.6951035621379517
    ],
    [
      -0.12602267947154278,
      0.6931998642336146,
      0.009029892032236536
    ]
  ],
  "R": [
    [
      0.9925435809874317,
      0.09310667098187156,
      -0.07866630574343067
    ],
    [
      -0.09292304924976322,
      0.9956552172676871,
      0.005999603800312503
    ],
    [
      0.0788831208736791,
      0.0013550447624258236,
      0.9968829505488195
    ]
  ],
  "t": [
    [
      0.992710956160293
    ],
    [
      0.08662315192211134
    ],
    [
      -0.08379371736828056
    ]
  ]
}