{
  "image_1": "frame_049",
  "image_2": "frame_050",
  "num_matches": 500,
  "inlier_count": 369,
  "inlier_ratio": 0.738,
  "reproj_rmse": 1.6047,
  "F": [
    [
      -8.613243187198297e-08,
      9.124446919958051e-07,
      -0.0009333003331430855
    ],
    [
      -1.2108120079982774e-06,
      -7.641013039220144e-08,
      -0.0107028315232887
    ],
    [
      0.00035232154924453544,
      0.011309007825872424,
      1.0
    ]
  ],
  "E": [
    [
      -0.0020434603277360948,
      0.027262111915555876,
      0.012320060850423312
    ],
    [
      -0.09287990862266286,
      -0.0030471287794029203,
      -0.7008696889365278
    ],
    [
      -0.09343862940611421,
      0.70031219242534,
      0.008865100677205738
    ]
  ],
  "R": [
    [
      0.9889559878253636,
      0.1158832871195297,
      -0.09239652542564306
    ],
    [
      -0.11536307188414296,
      0.9932628191483406,
      0.01096967378481773
    ],
    [
      0.09304523518059875,
      -0.00018937756946289883,
      0.9956618644631938
    ]
  ],
  "t": [
    [
      0.9991004129960457
    ],
    [
      0.017071421175039226
    ],
    [
      -0.03881921341546403
    ]
  ]
}