{
  "image_1": "frame_109",
  "image_2": "frame_110",
  "num_matches": 500,
  "inlier_count": 376,
  "inlier_ratio": 0.752,
  "reproj_rmse": 0.7477,
  "F": [
    [
      -6.219000834189307e-09,
      -1.5435322725514624e-06,
      -0.002097035845020282
    ],
    [
      8.839188256413061e-07,
      1.8514416831344413e-07,
      -0.02415825299256758
    ],
    [
      0.001244370722296071,
      0.024077520516832644,
      0.9999999999999999
    ]
  ],
  "E": [
    [
      -0.0024641965400151603,
      0.1884922694434151,
      0.16043557630922883
    ],
    [
      -0.1263275386810738,
      -0.018830976509574285,
      0.6770331790706885
    ],
    [
      -0.09737831232251791,
      -0.6741638448135482,
      0.0076429259551269516
    ]
  ],
  "R": [
    [
      0.9914732507353274,
      0.09173540911359629,
      -0.09254948833507218
    ],
    [
      -0.09113597764692563,
      0.9957810622616995,
      0.010691567672703184
    ],
    [
      0.09313982314059568,
      -0.002165815255774195,
      0.9956506830156933
    ]
  ],
  "t": [
    [
      0.9367230305162875
    ],
    [
      -0.22500142991508024
    ],
    [
      0.26818710005619484
    ]
  ]
}