{
  "image_1": "frame_064",
  "image_2": "frame_065",
  "num_matches": 500,
  "inlier_count": 367,
  "inlier_ratio": 0.734,
  "reproj_rmse": 0.6343,
  "F": [
    [
      -5.774040795637776e-06,
      9.859722140643045e-05,
      -0.10743508567020012
    ],
    [
      -0.0001332340872352305,
      -5.300907572964913e-06,
      -1.0516375527834378
    ],
    [
      0.08948404102427311,
      1.130365242737264,
      1.0
    ]
  ],
  "E": [
    [
      -0.008284380123134158,
      0.12341540265476125,
      0.01510625963235611
    ],
    [
      -0.18928654223597458,
      -0.01035862623634134,
      -0.6810704415103603
    ],
    [
      -0.06855141576703155,
      0.6927799105748276,
      0.00590463762266628
    ]
  ],
  "R": [
    [
      0.9923713189244817,
      0.078272660727461,
      -0.09524996566261154
    ],
    [
      -0.07800679169356878,
      0.9969315243327983,
      0.0065173799305759065
    ],
    [
      0.09546782612881202,
      0.0009624833126249434,
      0.9954320508202015
    ]
  ],
  "t": [
    [
      0.9843493367229528
    ],
    [
      0.020315387848988353
    ],
    [
      -0.1750533299015713
    ]
  ]
}