{
  "image_1": "frame_047",
  "image_2": "frame_048",
  "num_matches": 500,
  "inlier_count": 457,
  "inlier_ratio": 0.914,
  "reproj_rmse": 0.6927,
  "F": [
    [
      4.891101562735027e-08,
      -1.1377734206833062e-06,
      0.0008004611250344648
    ],
    [
      7.316806023458257e-07,
      9.3837926053595e-08,
      -0.017323210709315726
    ],
    [
      -0.001298617149633519,
      0.01720960422582994,
      0.9999999999999999
    ]
  ],
  "E": [
    [
      0.007329164247578018,
      -0.16590350666343226,
      -0.05800695795874578
    ],
    [
      0.10949398358965788,
      0.009758515243189115,
      -0.696116974627812
    ],
    [
      0.007857580711464867,
      0.6872585000999986,
      -0.0029174809652137376
    ]
  ],
  "R": [
    [
      0.9940601276009255,
      0.07234340833486999,
      -0.08130740424171509
    ],
    [
      -0.07237209352261008,
      0.9973743178664078,
      0.0025981030911045085
    ],
    [
      0.08128187247588461,
      0.0033017163735981686,
      0.9966856855979231
    ]
  ],
  "t": [
    [
      0.9685633718622451
    ],
    [
      -0.08169451111229566
    ],
    [
      0.23497021415694652
    ]
  ]
}