{
  "image_1": "frame_127",
  "image_2": "frame_128",
  "num_matches": 500,
  "inlier_count": 448,
  "inlier_ratio": 0.896,
  "reproj_rmse": 0.3449,
  "F": [
    [
      7.138651789854921e-08,
      -1.6207839194715509e-06,
      -0.00030213581017628905
    ],
    [
      1.3319550135697623e-06,
      1.6055448963082336e-07,
      -0.013526348297344958
    ],
    [
      -0.0004349961258824938,
      0.013117540748436103,
      1.0
    ]
  ],
  "E": [
    [
      0.006446317215528903,
      -0.2522442127538395,
      -0.1842942416412484
    ],
    [
      0.18674104260074548,
      0.027656387284232094,
      -0.6567668430745781
    ],
    [
      0.1174100734117038,
      0.6492378173077047,
      -0.009606609809863241
    ]
  ],
  "R": [
    [
      0.9898702634240992,
      0.09937786638307669,
      -0.10139477926328899
    ],
    [
      -0.09847313750468933,
      0.9950426012778288,
      0.013901900310201054
    ],
    [
      0.10227366610563252,
      -0.0037764156815028663,
      0.994749132146349
    ]
  ],
  "t": [
    [
      0.8970696011173629
    ],
    [
      -0.2569833500000547
    ],
    [
      0.3594797470983375
    ]
  ]
}