{
  "image_1": "frame_124",
  "image_2": "frame_125",
  "num_matches": 500,
  "inlier_count": 434,
  "inlier_ratio": 0.868,
  "reproj_rmse": 0.4515,
  "F": [
    [
      1.29584765927362e-07,
      9.955855290872252e-08,
      0.0040102454561429185
    ],
    [
      7.736774499520744e-07,
      6.413313908540314e-08,
      0.026373251943208022
    ],
    [
      -0.0036448761167952796,
      -0.027629746280265533,
      1.0
    ]
  ],
  "E": [
    [
      -0.0040964933236257595,
      -0.06175910864989301,
      -0.12133002743028551
    ],
    [
      0.009533905175630486,
      0.0003144764219256391,
      -0.6964890380475418
    ],
    [
      0.0654523845028572,
      0.7013460754505133,
      -0.009473601972393005
    ]
  ],
  "R": [
    [
      0.9940515590998863,
      0.07975954694566227,
      -0.07416139509278429
    ],
    [
      -0.08002761590662,
      0.9967924378537096,
      -0.0006453913237268159
    ],
    [
      0.07387204168958549,
      0.006576511893164666,
      0.9972460433353103
    ]
  ],
  "t": [
    [
      0.9812726997985691
    ],
    [
      -0.17211638873908666
    ],
    [
      0.0864860529648733
    ]
  ]
}