{
  "image_1": "frame_024",
  "image_2": "frame_025",
  "num_matches": 500,
  "inlier_count": 372,
  "inlier_ratio": 0.744,
  "reproj_rmse": 0.6412,
  "F": [
    [
      9.581883720695888e-08,
      1.9623355304377498e-06,
      0.00263890283598214
    ],
    [
      -3.4684506762460103e-06,
      -1.9513831576780415e-07,
      -0.03972888827827949
    ],
    [
      -0.0028283102730269774,
      0.04224181686772883,
      0.9999999999999999
    ]
  ],
  "E": [
    [
      0.0012386165751637158,
      0.08933124379128024,
      0.07868548856535691
    ],
    [
      -0.15241027480110042,
      -0.009117526866793495,
      -0.6859062180024855
    ],
    [
      -0.1251167774969328,
      0.6901618013964098,
      0.008373017817512428
    ]
  ],
  "R": [
    [
      0.9935387374916519,
      0.0669476092130097,
      -0.09164493834444057
    ],
    [
      -0.06707961408807854,
      0.9977462740404651,
      0.0016425626818048142
    ],
    [
      0.09154836141236317,
      0.004515557444138944,
      0.9957903932372916
    ]
  ],
  "t": [
    [
      0.9857251022479986
    ],
    [
      0.11154047645956322
    ],
    [
      -0.1261140155151134
    ]
  ]
}