{
  "image_1": "frame_061",
  "image_2": "frame_062",
  "num_matches": 500,
  "inlier_count": 333,
  "inlier_ratio": 0.666,
  "reproj_rmse": 1.2072,
  "F": [
    [
      1.250471404747041e-07,
      -2.109548372762651e-06,
      0.0030732088467447967
    ],
    [
      1.9870361471178165e-06,
      3.546623595700255e-07,
      -0.007760791625915541
    ],
    [
      -0.003392357202715398,
      0.006726719126210983,
      1.0
    ]
  ],
  "E": [
    [
      0.009374271799157476,
      -0.04890074033819575,
      0.06956835049157332
    ],
    [
      0.10876117743230107,
      0.008042675532590797,
      0.6951515017752703
    ],
    [
      -0.020424224195348593,
      -0.7050488473999088,
      0.006385163425862511
    ]
  ],
  "R": [
    [
      0.9939479297857715,
      0.06942251260310998,
      -0.08513534881851605
    ],
    [
      -0.06972932306707577,
      0.9975657483236822,
      -0.0006318829158285973
    ],
    [
      0.08488424105325276,
      0.006564488958249341,
      0.9963691951809479
    ]
  ],
  "t": [
    [
      0.9926541041394978
    ],
    [
      -0.0986986447072615
    ],
    [
      -0.0699743314934899
    ]
  ]
}