{
  "image_1": "frame_039",
  "image_2": "frame_040",
  "num_matches": 500,
  "inlier_count": 434,
  "inlier_ratio": 0.868,
  "reproj_rmse": 1.2819,
  "F": [
    [
      9.871424219023165e-09,
      -2.715846062192921e-07,
      0.0003444327592138089
    ],
    [
      6.171006843277567e-07,
      8.686608981008099e-08,
      0.015365173591111779
    ],
    [
      -0.00019184035480708826,
      -0.016012399018532686,
      1.0
    ]
  ],
  "E": [
    [
      -0.000551658733556762,
      -0.05841718724209856,
      -0.04397354559419438
    ],
    [
      -0.008600891241441708,
      -0.009860472894706351,
      -0.7055559869820984
    ],
    [
      2.5519948823807786e-05,
      0.7046205836082059,
      -0.01352156342530791
    ]
  ],
  "R": [
    [
      0.9935752929379864,
      0.0619242652727893,
      -0.0947286790450475
    ],
    [
      -0.06344957742766785,
      0.9978981075635106,
      -0.013172624849080576
    ],
    [
      0.09371386443555069,
      0.019098489248875885,
      0.9954159730087545
    ]
  ],
  "t": [
    [
      0.9946390854930632
    ],
    [
      -0.06355383509848989
    ],
    [
      0.08157205191606226
    ]
  ]
}