{
  "image_1": "frame_045",
  "image_2": "frame_046",
  "num_matches": 500,
  "inlier_count": 391,
  "inlier_ratio": 0.782,
  "reproj_rmse": 0.6734,
  "F": [
    [
      1.6007447519810582e-07,
      -4.401052888587298e-06,
      0.0016872798552133416
    ],
    [
      4.813122959454921e-06,
      4.1089562811076155e-07,
      0.012662844120097721
    ],
    [
      -0.0012463051207733903,
      -0.015025881631622754,
      1.0
    ]
  ],
  "E": [
    [
      -0.016040639361101883,
      0.38733444271869405,
      0.18546962291330357
    ],
    [
      -0.4167610811032479,
      -0.036582227685313835,
      -0.5371982047337173
    ],
    [
      -0.22984076486486563,
      0.5466810735164862,
      0.004336327983634971
    ]
  ],
  "R": [
    [
      0.9957055102372772,
      0.07015777513635935,
      -0.06040218101227324
    ],
    [
      -0.07105281908094022,
      0.9973904574710466,
      -0.012797353099267356
    ],
    [
      0.059346725131001254,
      0.017034140236951933,
      0.998092082065885
    ]
  ],
  "t": [
    [
      0.7941230966917651
    ],
    [
      0.2697778001420859
    ],
    [
      -0.5445993443359789
    ]
  ]
}