{
  "image_1": "frame_071",
  "image_2": "frame_072",
  "num_matches": 500,
  "inlier_count": 444,
  "inlier_ratio": 0.888,
  "reproj_rmse": 0.9004,
  "F": [
    [
      2.473915391095078e-08,
      3.758093762986254e-07,
      0.0012744460938399873
    ],
    [
      2.713416508778426e-08,
      6.030996885891416e-08,
      0.015937989512857176
    ],
    [
      -0.0009967331832094074,
      -0.016408082346279048,
      1.0
    ]
  ],
  "E": [
    [
      0.004359260248060177,
      -0.16409134886072685,
      -0.08957368006253079
    ],
    [
      0.11026821501841533,
      -0.005691205632365996,
      -0.6922136988977476
    ],
    [
      0.04488631333833513,
      0.6864793175374988,
      -0.02028973584736627
    ]
  ],
  "R": [
    [
      0.9947388291195289,
      0.0681693065639512,
      -0.07646965074131537
    ],
    [
      -0.06983528488720897,
      0.9973713385551349,
      -0.0193247513169144
    ],
    [
      0.07495128302191462,
      0.024563360342760264,
      0.9968846204561693
    ]
  ],
  "t": [
    [
      0.9643978244679031
    ],
    [
      -0.1315197779301746
    ],
    [
      0.22943274433866903
    ]
  ]
}