{
  "image_1": "frame_110",
  "image_2": "frame_111",
  "num_matches": 500,
  "inlier_count": 371,
  "inlier_ratio": 0.742,
  "reproj_rmse": 1.0913,
  "F": [
    [
      2.7081520612508605e-06,
      -1.794818491635662e-05,
      0.06981921050496163
    ],
    [
      2.966166281523009e-05,
      2.429419698102671e-07,
      0.387578455716881
    ],
    [
      -0.05950323631600015,
      -0.4067886481104011,
      1.0
    ]
  ],
  "E": [
    [
      -0.008730078820149373,
      0.030505462044663166,
      -0.08095385514862957
    ],
    [
      -0.08257196009695054,
      -0.0035788215885198013,
      -0.6975333946836267
    ],
    [
      0.01920739008191472,
      0.7061739338419117,
      -0.00231385332545102
    ]
  ],
  "R": [
    [
      0.9933752697950969,
      0.08792286205772899,
      -0.073994213875789
    ],
    [
      -0.08777311253517793,
      0.9961265017173687,
      0.0052795162850480335
    ],
    [
      0.07417178759747826,
      0.0012501615474236835,
      0.997244695659345
    ]
  ],
  "t": [
    [
      0.9924108784629583
    ],
    [
      -0.1150324018954777
    ],
    [
      -0.043453363765498125
    ]
  ]
}