{
  "image_1": "frame_119",
  "image_2": "frame_120",
  "num_matches": 500,
  "inlier_count": 387,
  "inlier_ratio": 0.774,
  "reproj_rmse": 0.5284,
  "F": [
    [
      2.673436235646803e-07,
      -7.72874154860198e-06,
      -0.0005792460480041568
    ],
    [
      7.67389000833064e-06,
      1.129522203391549e-06,
      -0.01918865605640625
    ],
    [
      -0.00047810697542978323,
      0.01694653050352248,
      1.0
    ]
  ],
  "E": [
    [
      -0.012732623027825142,
      -0.0662825189908763,
      -0.23049986673649536
    ],
    [
      0.01575753056533738,
      0.012189469331885435,
      -0.6683203657198187
    ],
    [
      0.1757623707658403,
      0.6814119370671298,
      -0.007119431067427186
    ]
  ],
  "R": [
    [
      0.9936875637991757,
      0.08057128282583237,
      -0.07805955376928027
    ],
    [
      -0.0795347121629934,
      0.9966987637104558,
      0.016303495919544584
    ],
    [
      0.0791154543184146,
      -0.00999213700109192,
      0.9968153801412488
    ]
  ],
  "t": [
    [
      0.9405469891733363
    ],
    [
      -0.32542589273757294
    ],
    [
      0.0973105826358351
    ]
  ]
}