{
  "image_1": "frame_128",
  "image_2": "frame_129",
  "num_matches": 500,
  "inlier_count": 396,
  "inlier_ratio": 0.792,
  "reproj_rmse": 0.4821,
  "F": [
    [
      -2.0277737361702355e-08,
      6.439141558679957e-07,
      4.04698946277018e-05
    ],
    [
      -8.175875533333343e-07,
      1.0388848074916261e-07,
      -0.006984659499108821
    ],
    [
      -0.00015433921484102553,
      0.00697766116236459,
      1.0
    ]
  ],
  "E": [
    [
      -0.009683417290667864,
      0.233923331140858,
      0.1110750973604587
    ],
    [
      -0.26802130021243376,
      -0.0007327097347597823,
      -0.6458065193922555
    ],
    [
      -0.146167427123259,
      0.6497134989740545,
      0.021304156925430168
    ]
  ],
  "R": [
    [
      0.9968553077786094,
      0.06366793349454683,
      -0.04717933443943273
    ],
    [
      -0.06254897975919321,
      0.9977330541671467,
      0.024826956184382756
    ],
    [
      0.04865306243904777,
      -0.021797863813484232,
      0.9985778550761432
    ]
  ],
  "t": [
    [
      0.930428319994511
    ],
    [
      0.14898312172418138
    ],
    [
      -0.33482408932678354
    ]
  ]
}