{
  "image_1": "frame_036",
  "image_2": "frame_037",
  "num_matches": 500,
  "inlier_count": 349,
  "inlier_ratio": 0.698,
  "reproj_rmse": 0.844,
  "F": [
    [
      4.352228558115634e-08,
      -9.014410449143027e-07,
      0.0020831517918701793
    ],
    [
      1.7190469327853132e-06,
      6.052388894096023e-07,
      0.053611237571587825
    ],
    [
      -0.0013605679555368172,
      -0.055334742917114904,
      1.0
    ]
  ],
  "E": [
    [
      0.0014019948449397748,
      -0.13473098647880372,
      -0.08036615133556048
    ],
    [
      0.07887048289840724,
      0.0022996081036826786,
      -0.697998466485622
    ],
    [
      0.04040733040478382,
      0.693000605541798,
      -0.00875130243646564
    ]
  ],
  "R": [
    [
      0.9951252489236156,
      0.05795240872222519,
      -0.07979509557613143
    ],
    [
      -0.05840200845992076,
      0.9982876578881584,
      -0.0033102138937613056
    ],
    [
      0.07946662420512876,
      0.007954271271917782,
      0.9968057911177952
    ]
  ],
  "t": [
    [
      0.9750762815415139
    ],
    [
      -0.11464989763328699
    ],
    [
      0.18995169424843494
    ]
  ]
}