{
  "image_1": "frame_050",
  "image_2": "frame_051",
  "num_matches": 500,
  "inlier_count": 365,
  "inlier_ratio": 0.73,
  "reproj_rmse": 0.3149,
  "F": [
    [
      2.242660318082273e-08,
      -8.414696604686944e-07,
      3.9373897258340445e-05
    ],
    [
      4.854142656002656e-07,
      8.191280512698545e-08,
      -0.011692765556600697
    ],
    [
      -0.0003730881482168601,
      0.01158503377220694,
      1.0
    ]
  ],
  "E": [
    [
      0.005588690104379838,
      -0.18640521441153543,
      -0.0997893826004719
    ],
    [
      0.11048632316392473,
      0.020862579292389192,
      -0.6912835602918821
    ],
    [
      0.03722561817765488,
      0.6807075419942639,
      4.2141515714724006e-05
    ]
  ],
  "R": [
    [
      0.9898647925567403,
      0.08894431377689037,
      -0.11070953664142733
    ],
    [
      -0.08770298707146584,
      0.9960174912952606,
      0.016041916738266004
    ],
    [
      0.11169547222400625,
      -0.006169771523585251,
      0.9937233294051233
    ]
  ],
  "t": [
    [
      0.9542158473881298
    ],
    [
      -0.13772846074189082
    ],
    [
      0.2655239870426451
    ]
  ]
}