{
  "image_1": "frame_052",
  "image_2": "frame_053",
  "num_matches": 500,
  "inlier_count": 332,
  "inlier_ratio": 0.664,
  "reproj_rmse": 2.8089,
  "F": [
    [
      1.0340118053164014e-07,
      -2.0625199784256374e-06,
      0.004083476027441151
    ],
    [
      2.405703447647411e-06,
      1.2056809231950256e-07,
      0.012955894377854991
    ],
    [
      -0.004199673746509886,
      -0.014057644027303234,
      1.0
    ]
  ],
  "E": [
    [
      -0.015553751428868062,
      0.3182615060839751,
      -0.03124712306894735
    ],
    [
      -0.35268091362689796,
      -0.01334504766142431,
      -0.6118786231905083
    ],
    [
      0.004965973107692611,
      0.6312758922801281,
      0.000179296635655867
    ]
  ],
  "R": [
    [
      0.9975284630050087,
      0.04331870307437454,
      -0.05532138337766623
    ],
    [
      -0.04321235411699009,
      0.9990610453747767,
      0.00311770209065855
    ],
    [
      0.05540449392000979,
      -0.0007194293658442492,
      0.9984637321780171
    ]
  ],
  "t": [
    [
      0.8916179808208927
    ],
    [
      -0.04566472048964375
    ],
    [
      -0.4504798658979961
    ]
  ]
}