{
  "image_1": "frame_097",
  "image_2": "frame_098",
  "num_matches": 500,
  "inlier_count": 350,
  "inlier_ratio": 0.7,
  "reproj_rmse": 0.4212,
  "F": [
    [
      -3.910562861547956e-07,
      1.2128375771745986e-05,
      0.0015858996669493208
    ],
    [
      -1.243846410852507e-05,
      -1.1541110504760683e-06,
      -0.017962933721545664
    ],
    [
      -0.0020951459445113095,
      0.022576102567027186,
      1.0
    ]
  ],
  "E": [
    [
      -0.010747681844931304,
      0.4078155764935157,
      0.28368205588241663
    ],
    [
      -0.4360941272731309,
      -0.031244687996268953,
      -0.4770790512585975
    ],
    [
      -0.3186748725740852,
      0.48219206282976756,
      0.016547951187680855
    ]
  ],
  "R": [
    [
      0.9957121981392338,
      0.0690564290328913,
      -0.06155020784660553
    ],
    [
      -0.06930922116579824,
      0.997593261488334,
      -0.0019790135064905456
    ],
    [
      0.06126540898521382,
      0.006236524857136383,
      0.9981020265581976
    ]
  ],
  "t": [
    [
      0.7114709186952718
    ],
    [
      0.4030912067512711
    ],
    [
      -0.5756097731021512
    ]
  ]
}