{
  "image_1": "frame_070",
  "image_2": "frame_071",
  "num_matches": 500,
  "inlier_count": 401,
  "inlier_ratio": 0.802,
  "reproj_rmse": 0.963,
  "F": [
    [
      2.2874877207761305e-08,
      -2.1316780655370137e-07,
      0.00011544762505431172
    ],
    [
      1.881168514012899e-07,
      8.22759880484476e-08,
      -0.003411059444554582
    ],
    [
      -0.0005004371130691716,
      0.0031795604297021225,
      1.0
    ]
  ],
  "E": [
    [
      0.004484572155836842,
      -0.04200242501491057,
      -0.01459855698571471
    ],
    [
      0.01093252774875269,
      0.02920188856629409,
      -0.7063003757415549
    ],
    [
      -0.07067333538405922,
      0.7017399929680017,
      0.027135543902141842
    ]
  ],
  "R": [
    [
      0.9919692127470245,
      0.11990282547056609,
      -0.04025411042643754
    ],
    [
      -0.11834029565025878,
      0.9921994109113321,
      0.039190603626567976
    ],
    [
      0.044639168758593605,
      -0.03411218889752478,
      0.9984206043452637
    ]
  ],
  "t": [
    [
      0.9980005681755707
    ],
    [
      -0.018303484287041896
    ],
    [
      0.06049668077004319
    ]
  ]
}