{
  "image_1": "frame_116",
  "image_2": "frame_117",
  "num_matches": 500,
  "inlier_count": 356,
  "inlier_ratio": 0.712,
  "reproj_rmse": 2.2398,
  "F": [
    [
      1.1282483043647935e-06,
      7.527847218329426e-07,
      0.054656236755328255
    ],
    [
      6.187015752316324e-06,
      9.7729141904172e-08,
      0.3263887983832464
    ],
    [
      -0.041884281816464565,
      -0.3347383234133231,
      0.9999999999999999
    ]
  ],
  "E": [
    [
      -0.013427241213563116,
      -0.006051673008038396,
      -0.20473544666517304
    ],
    [
      -0.03971447174780789,
      0.0018312195934315188,
      -0.6755202674894393
    ],
    [
      0.1451417201108744,
      0.6919666507540518,
      -0.00861941025099632
    ]
  ],
  "R": [
    [
      0.9938856207652684,
      0.08717831899075804,
      -0.06775923209409926
    ],
    [
      -0.08684832139062726,
      0.9961909602241843,
      0.007806397328323465
    ],
    [
      0.06818168308033179,
      -0.0018738904885107859,
      0.9976711615691665
    ]
  ],
  "t": [
    [
      0.956939374595902
    ],
    [
      -0.29014401796169553
    ],
    [
      0.009136858817293616
    ]
  ]
}