{
  "image_1": "frame_006",
  "image_2": "frame_007",
  "num_matches": 500,
  "inlier_count": 380,
  "inlier_ratio": 0.76,
  "reproj_rmse": 1.8326,
  "F": [
    [
      6.799965031005185e-08,
      -4.659568068804836e-06,
      0.00711921809248192
    ],
    [
      4.706018779072479e-06,
      4.400600933143913e-07,
      0.0018268028120198222
    ],
    [
      -0.0072306977666091446,
      -0.0031804289072680037,
      1.0
    ]
  ],
  "E": [
    [
      -0.0025476844905754138,
      0.18434203165091226,
      0.037716136837444465
    ],
    [
      -0.20131940669316067,
      -0.004586693137471026,
      -0.6767645880280005
    ],
    [
      -0.05085765971416883,
      0.6807654762846473,
      0.0001832102941997295
    ]
  ],
  "R": [
    [
      0.9995051081886941,
      0.018950645487220502,
      -0.0251080015199259
    ],
    [
      -0.018984951354373482,
      0.9998191325390214,
      -0.0011286412142461812
    ],
    [
      0.025082071819907653,
      0.0016047568464126923,
      0.9996841073202497
    ]
  ],
  "t": [
    [
      0.9639388130914653
    ],
    [
      0.05364981149577533
    ],
    [
      -0.2606600512972499
    ]
  ]
}