{
  "image_1": "frame_074",
  "image_2": "frame_075",
  "num_matches": 500,
  "inlier_count": 440,
  "inlier_ratio": 0.88,
  "reproj_rmse": 0.2869,
  "F": [
    [
      3.196040044020947e-08,
      1.736523856578126e-06,
      0.002941266565619851
    ],
    [
      -2.0141327361090056e-06,
      -3.6217783941439076e-09,
      -0.01847081714776063
    ],
    [
      -0.0030545909041415093,
      0.019018639294517733,
      1.0
    ]
  ],
  "E": [
    [
      0.0027717582782815094,
      0.24324507074539004,
      0.22157746768544004
    ],
    [
      -0.2723141834551849,
      -0.0054237586935825515,
      -0.6140850155496091
    ],
    [
      -0.23917477773355428,
      0.6189283170021446,
      0.012880405483856845
    ]
  ],
  "R": [
    [
      0.9985015127175649,
      0.030195925792894596,
      -0.04563918454841842
    ],
    [
      -0.030022301733462153,
      0.9995391664060439,
      0.004485110805312401
    ],
    [
      0.04575358455202799,
      -0.0031081965544289547,
      0.9989479208721639
    ]
  ],
  "t": [
    [
      0.8851300229098827
    ],
    [
      0.3121383091137845
    ],
    [
      -0.34512971261127007
    ]
  ]
}