{
  "image_1": "frame_018",
  "image_2": "frame_019",
  "num_matches": 500,
  "inlier_count": 402,
  "inlier_ratio": 0.804,
  "reproj_rmse": 0.5135,
  "F": [
    [
      1.6928783740019773e-07,
      -6.0937475190378275e-06,
      0.003520318340708821
    ],
    [
      5.75609986295624e-06,
      7.353241966878559e-07,
      -0.023350350793251703
    ],
    [
      -0.004052126477007118,
      0.021922969651332443,
      1.0
    ]
  ],
  "E": [
    [
      0.006702696906554169,
      -0.24874426129418584,
      -0.1032512746702421
    ],
    [
      0.2097266828713012,
      0.009098534803858712,
      -0.6671616719819952
    ],
    [
      0.07018454174156494,
      0.6582266680564216,
      -0.007717691406078123
    ]
  ],
  "R": [
    [
      0.9969868732758853,
      0.051092568637948144,
      -0.058367147827787846
    ],
    [
      -0.05132651981262172,
      0.9986787582934753,
      -0.0025151734188340116
    ],
    [
      0.058161524047248336,
      0.005503377451979728,
      0.9982920163745286
    ]
  ],
  "t": [
    [
      0.9245761630134745
    ],
    [
      -0.14715460301596758
    ],
    [
      0.3514319871589577
    ]
  ]
}