{
  "image_1": "frame_009",
  "image_2": "frame_010",
  "num_matches": 500,
  "inlier_count": 379,
  "inlier_ratio": 0.758,
  "reproj_rmse": 0.3351,
  "F": [
    [
      7.092754682084248e-08,
      -2.19487807534766e-06,
      0.004537354237042626
    ],
    [
      2.0651944402431886e-06,
      2.7715893976715085e-07,
      -0.0077995983926240926
    ],
    [
      -0.004618479169310221,
      0.006923202378550685,
      1.0
    ]
  ],
  "E": [
    [
      -0.0003634450296841797,
      0.11368593257150261,
      0.060668245232804424
    ],
    [
      -0.1460012811735798,
      -0.0042926620720784864,
      -0.6891828876934624
    ],
    [
      -0.0802930532689979,
      0.6932768342009079,
      0.0026727661790267735
    ]
  ],
  "R": [
    [
      0.9985057815104909,
      0.02817804484636939,
      -0.046820957687343595
    ],
    [
      -0.028220586492846242,
      0.9996016892456716,
      -0.0002476998170434473
    ],
    [
      0.04679532869981559,
      0.0015686445854906257,
      0.9989032668712425
    ]
  ],
  "t": [
    [
      0.9832545353706029
    ],
    [
      0.08593190628065715
    ],
    [
      -0.1607054017639487
    ]
  ]
}