{
  "image_1": "frame_113",
  "image_2": "frame_114",
  "num_matches": 500,
  "inlier_count": 342,
  "inlier_ratio": 0.684,
  "reproj_rmse": 0.7534,
  "F": [
    [
      3.472414775453963e-07,
      1.5051796862346815e-06,
      0.01533721108840544
    ],
    [
      1.3417566290932498e-06,
      2.354772377323704e-07,
      0.10630328425687044
    ],
    [
      -0.01148285248313126,
      -0.11006338183160821,
      1.0
    ]
  ],
  "E": [
    [
      -0.003793988253857793,
      -0.11100811057791252,
      -0.13783698632127164
    ],
    [
      0.03837155777027116,
      0.007571576913076485,
      -0.692411861102579
    ],
    [
      0.07115495704048268,
      0.6946404352612638,
      -0.010560180458916177
    ]
  ],
  "R": [
    [
      0.9899406028049351,
      0.09563385150181986,
      -0.10426777721390924
    ],
    [
      -0.09557329279951954,
      0.9954067083553519,
      0.005588440267300373
    ],
    [
      0.10432328897067525,
      0.004432990874269186,
      0.9945335589965022
    ]
  ],
  "t": [
    [
      0.9681567747435535
    ],
    [
      -0.19512103618926394
    ],
    [
      0.15684463890929853
    ]
  ]
}