{
  "image_1": "frame_086",
  "image_2": "frame_087",
  "num_matches": 500,
  "inlier_count": 442,
  "inlier_ratio": 0.884,
  "reproj_rmse": 0.412,
  "F": [
    [
      3.8018310231187905e-07,
      -3.373007672390635e-06,
      0.012181169650670893
    ],
    [
      4.355413030791825e-06,
      5.124850494615698e-08,
      0.04057389776720774
    ],
    [
      -0.011522085264780131,
      -0.04248826940181709,
      1.0
    ]
  ],
  "E": [
    [
      -0.011628626216161213,
      0.03038905751110864,
      -0.1260983550499398
    ],
    [
      -0.0815025993044778,
      -9.395496172358762e-05,
      -0.6908709843415324
    ],
    [
      0.07462668515460946,
      0.7025058745201638,
      -0.0033822612474632436
    ]
  ],
  "R": [
    [
      0.9944973841900824,
      0.07436397595299292,
      -0.0737899174653697
    ],
    [
      -0.07393096774769432,
      0.9972263992116213,
      0.008586077294872686
    ],
    [
      0.07422374853759953,
      -0.003083471401967528,
      0.9972368461690233
    ]
  ],
  "t": [
    [
      0.9828941805602578
    ],
    [
      -0.1791904041739844
    ],
    [
      -0.04254208354962537
    ]
  ]
}