{
  "image_1": "frame_046",
  "image_2": "frame_047",
  "num_matches": 500,
  "inlier_count": 415,
  "inlier_ratio": 0.83,
  "reproj_rmse": 0.7447,
  "F": [
    [
      -3.095711345731884e-08,
      2.514073738607899e-06,
      0.0011998052431673556
    ],
    [
      -3.305647644407521e-06,
      -1.5516094136405293e-07,
      -0.02655754669677863
    ],
    [
      -0.0018911213783291188,
      0.02803284860998684,
      1.0
    ]
  ],
  "E": [
    [
      0.0046904180931160765,
      0.05872394739186955,
      0.10259678314149456
    ],
    [
      -0.11836183865939713,
      -0.012921283170118862,
      -0.6893087872742668
    ],
    [
      -0.15551642128324145,
      0.6873631481358227,
      0.005182156191640299
    ]
  ],
  "R": [
    [
      0.993255002659782,
      0.07506408813269624,
      -0.08837353882313136
    ],
    [
      -0.07585890581430166,
      0.9971024683471262,
      -0.005665158843706476
    ],
    [
      0.08769222371438408,
      0.012330867320434018,
      0.996071294441895
    ]
  ],
  "t": [
    [
      0.9859040501690272
    ],
    [
      0.1461294725705919
    ],
    [
      -0.08148239752577982
    ]
  ]
}