{
  "image_1": "frame_085",
  "image_2": "frame_086",
  "num_matches": 500,
  "inlier_count": 429,
  "inlier_ratio": 0.858,
  "reproj_rmse": 0.5733,
  "F": [
    [
      -1.1852245155172215e-07,
      3.432762654041596e-06,
      -0.0011501552408290255
    ],
    [
      -4.451125042915765e-06,
      -1.7588015453365682e-07,
      -0.040754918285960805
    ],
    [
      0.00019752921759528033,
      0.0428006547357299,
      1.0
    ]
  ],
  "E": [
    [
      -0.005205337658428379,
      0.12311150701929718,
      0.0581317511315879
    ],
    [
      -0.16331538916330696,
      -0.011039981912845564,
      -0.6854368107936565
    ],
    [
      -0.10640668330916057,
      0.6881008644109246,
      0.0038157338192861333
    ]
  ],
  "R": [
    [
      0.9958358768072166,
      0.06979704721926655,
      -0.05864536352580427
    ],
    [
      -0.06988317206285381,
      0.9975550118641168,
      0.0005835813703962689
    ],
    [
      0.058542708564224416,
      0.0035171727642874726,
      0.9982787089634388
    ]
  ],
  "t": [
    [
      0.9812615969349605
    ],
    [
      0.08225060329045916
    ],
    [
      -0.17424269465032602
    ]
  ]
}