{
  "image_1": "frame_038",
  "image_2": "frame_039",
  "num_matches": 500,
  "inlier_count": 416,
  "inlier_ratio": 0.832,
  "reproj_rmse": 0.3509,
  "F": [
    [
      3.748065530315637e-08,
      -8.510838575317977e-06,
      -0.0009377820607131424
    ],
    [
      9.189245404698093e-06,
      6.004578194834275e-07,
      0.030726481995144356
    ],
    [
      0.0015856235734865143,
      -0.03434583560825453,
      1.0
    ]
  ],
  "E": [
    [
      -0.003032286741623932,
      0.3763381952406013,
      0.23067017098904566
    ],
    [
      -0.40098703500716276,
      -0.020965373533633147,
      -0.5326993461796171
    ],
    [
      -0.25595136500112897,
      0.5427682352093496,
      0.006666281302421089
    ]
  ],
  "R": [
    [
      0.9979455675368775,
      0.03913313510200772,
      -0.05072713248930366
    ],
    [
      -0.03966237810145215,
      0.9991682762336233,
      -0.009468449274685709
    ],
    [
      0.050314411422939576,
      0.011460955693913477,
      0.998667665691518
    ]
  ],
  "t": [
    [
      0.7812190989166202
    ],
    [
      0.3316662703639545
    ],
    [
      -0.5288612337757118
    ]
  ]
}