{
  "image_1": "frame_062",
  "image_2": "frame_063",
  "num_matches": 500,
  "inlier_count": 310,
  "inlier_ratio": 0.62,
  "reproj_rmse": 1.0077,
  "F": [
    [
      3.844529924006553e-07,
      -8.462602534041544e-06,
      0.002728189021398573
    ],
    [
      8.711438047850988e-06,
      1.5140361299920563e-06,
      -0.007761741298520688
    ],
    [
      -0.0031689048582525517,
      0.00451412979420004,
      0.9999999999999999
    ]
  ],
  "E": [
    [
      -0.07664701932695188,
      0.47277997448479864,
      -0.5194609982861595
    ],
    [
      -0.48712770203659517,
      -0.08385601687860775,
      0.02244520308689474
    ],
    [
      0.5023782167135449,
      0.059280690932293593,
      0.006124677011148136
    ]
  ],
  "R": [
    [
      0.9851690759592872,
      0.17126416189092528,
      0.010510881281946823
    ],
    [
      -0.1708938759963789,
      0.9848483208623964,
      -0.02947995999747305
    ],
    [
      -0.015400484422854702,
      0.0272464997076175,
      0.9995101066688739
    ]
  ],
  "t": [
    [
      -0.0391050230532067
    ],
    [
      -0.7143822271028134
    ],
    [
      -0.6986621721344533
    ]
  ]
}