{
  "image_1": "frame_040",
  "image_2": "frame_041",
  "num_matches": 500,
  "inlier_count": 447,
  "inlier_ratio": 0.894,
  "reproj_rmse": 0.8724,
  "F": [
    [
      -5.513811536327264e-08,
      1.4286360599969133e-06,
      -0.0015242019523584588
    ],
    [
      -8.943126286024475e-07,
      1.2311184904393383e-07,
      0.032516294593378764
    ],
    [
      0.002207501339796593,
      -0.03302669245739912,
      1.0
    ]
  ],
  "E": [
    [
      0.006397963778313842,
      -0.17096307977736483,
      -0.04219760036061734
    ],
    [
      0.11329449545844768,
      -0.005198982499449319,
      -0.6964823020850074
    ],
    [
      0.004392206555860997,
      0.6861056483698221,
      -0.015476837373537188
    ]
  ],
  "R": [
    [
      0.994866373577457,
      0.05774340536451627,
      -0.08310594360061441
    ],
    [
      -0.059359475732520206,
      0.9980900916710804,
      -0.01710618451831803
    ],
    [
      0.08195944951986761,
      0.021951492999874842,
      0.9963938882738478
    ]
  ],
  "t": [
    [
      0.9684524293287058
    ],
    [
      -0.06402703744805482
    ],
    [
      0.24083278556490895
    ]
  ]
}