{
  "image_1": "frame_026",
  "image_2": "frame_027",
  "num_matches": 1000,
  "inlier_count": 819,
  "inlier_ratio": 0.819,
  "reproj_rmse": 0.5723,
  "F": [
    [
      -1.0937891238319511e-08,
      -1.5458617032330903e-05,
      0.032905453302242794
    ],
    [
      1.5618010470867207e-05,
      -4.4772728285077254e-09,
      -0.056806888549819
    ],
    [
      -0.03345684247037932,
      0.05677776595667014,
      1.0
    ]
  ],
  "E": [
    [
      0.00015529448332599855,
      0.20449763720265965,
      -0.01614120894560658
    ],
    [
      -0.2157445504569743,
      -0.003854618339663518,
      0.6731575883775608
    ],
    [
      0.01771511999014466,
      -0.6766777489761476,
      -0.0034415513239956855
    ]
  ],
  "R": [
    [
      0.9998586636528958,
      0.0005669679957562776,
      0.01680271601668415
    ],
    [
      -0.000659713609967031,
      0.9999845765813563,
      0.005514651154728796
    ],
    [
      -0.016799330230648224,
      -0.005524956714519434,
      0.999843616450645
    ]
  ],
  "t": [
    [
      -0.9569954583339746
    ],
    [
      -0.024425072171069873
    ],
    [
      -0.28907284303023695
    ]
  ]
}