{
  "image_1": "frame_120",
  "image_2": "frame_121",
  "num_matches": 1000,
  "inlier_count": 839,
  "inlier_ratio": 0.839,
  "reproj_rmse": 0.2444,
  "F": [
    [
      -2.7495105043234622e-09,
      -2.708379136005136e-06,
      0.0035124167816707624
    ],
    [
      2.5933534721865084e-06,
      1.0041053348408548e-07,
      -0.0303978453290196
    ],
    [
      -0.003409093506291218,
      0.030186172404259585,
      1.0
    ]
  ],
  "E": [
    [
      6.0829826198842735e-05,
      0.05254490598137326,
      0.01366560629383548
    ],
    [
      -0.06576904646088999,
      0.006261627917079578,
      -0.7038902190765488
    ],
    [
      -0.01564756501358284,
      0.7049366648608464,
      0.006746601781412138
    ]
  ],
  "R": [
    [
      0.9998209611825226,
      0.0036702327667739697,
      -0.01856273071221011
    ],
    [
      -0.003499489825551559,
      0.9999513502637668,
      0.009222292373930375
    ],
    [
      0.01859567559991275,
      -0.009155681138347485,
      0.9997851640987054
    ]
  ],
  "t": [
    [
      0.9970479229803932
    ],
    [
      0.018643177450595294
    ],
    [
      -0.0744840332892183
    ]
  ]
}