{
  "image_1": "frame_019",
  "image_2": "frame_021",
  "num_matches": 1000,
  "inlier_count": 900,
  "inlier_ratio": 0.9,
  "reproj_rmse": 0.4119,
  "F": [
    [
      -1.0771745639874397e-08,
      1.4774224132739132e-06,
      -0.003870564869316068
    ],
    [
      -1.4719083824189287e-06,
      7.461464086017488e-08,
      0.020358998444183592
    ],
    [
      0.0039453868726993194,
      -0.020618202337603864,
      1.0
    ]
  ],
  "E": [
    [
      -0.001249543509557172,
      0.17668968149670325,
      -0.03666594121049594
    ],
    [
      -0.1749525848291299,
      0.00865992365168614,
      0.6842158392529039
    ],
    [
      0.03852438861739451,
      -0.6833905587886652,
      0.00965937825790562
    ]
  ],
  "R": [
    [
      0.9999740125221164,
      0.0063719870617998525,
      -0.0033722487011110247
    ],
    [
      -0.0064195831496224876,
      0.9998771900764226,
      -0.01429663306736255
    ],
    [
      0.003280736594573147,
      0.01431790996486465,
      0.9998921112908307
    ]
  ],
  "t": [
    [
      -0.9668865536853427
    ],
    [
      -0.04827595880762787
    ],
    [
      -0.250598930771232
    ]
  ]
}