{
  "image_1": "frame_077",
  "image_2": "frame_079",
  "num_matches": 1000,
  "inlier_count": 867,
  "inlier_ratio": 0.867,
  "reproj_rmse": 0.872,
  "F": [
    [
      4.1790474938015345e-09,
      -1.1243211383738814e-06,
      0.0025686002457393636
    ],
    [
      9.745688990513375e-07,
      1.3710737355299225e-07,
      0.010615154504849802
    ],
    [
      -0.002078961744237507,
      -0.010834258495838744,
      1.0
    ]
  ],
  "E": [
    [
      -0.0012369525190743759,
      0.20041915714641156,
      -0.006699236306476883
    ],
    [
      -0.17022844723770467,
      -0.025286284054112634,
      -0.6858445374226843
    ],
    [
      -0.004511370886311811,
      0.6776360707892759,
      -0.023977172588400156
    ]
  ],
  "R": [
    [
      0.9989954410624697,
      0.007641577561935231,
      0.04415557754992083
    ],
    [
      -0.006082518223805048,
      0.9993569986764536,
      -0.035335423705514214
    ],
    [
      -0.04439720383604337,
      0.03503135008468942,
      0.9983995657064284
    ]
  ],
  "t": [
    [
      -0.9589429092836473
    ],
    [
      -0.0005478044835528573
    ],
    [
      0.2835986541661691
    ]
  ]
}