{
  "image_1": "frame_009",
  "image_2": "frame_010",
  "num_matches": 1000,
  "inlier_count": 852,
  "inlier_ratio": 0.852,
  "reproj_rmse": 1.3352,
  "F": [
    [
      -9.057027332260068e-10,
      4.88776977417388e-06,
      -0.009418439283566298
    ],
    [
      -4.992056340993292e-06,
      1.030878515727398e-07,
      0.03493094626428827
    ],
    [
      0.009493483228647518,
      -0.03516506632407684,
      1.0
    ]
  ],
  "E": [
    [
      -0.0003675379020462197,
      -0.09639277742843547,
      0.04869964681335368
    ],
    [
      0.10337337096664584,
      -0.005093740706849489,
      -0.6978434909699842
    ],
    [
      -0.04861335605982825,
      0.6987445426653357,
      -0.005648856098149458
    ]
  ],
  "R": [
    [
      0.9999546376292042,
      0.0009741696532334365,
      0.009474897220193457
    ],
    [
      -0.0009037570861539501,
      0.999971966989003,
      -0.007432930732478605
    ],
    [
      -0.009481872545849673,
      0.0074240305516158,
      0.9999274863025782
    ]
  ],
  "t": [
    [
      -0.9882678197490569
    ],
    [
      -0.06785959167912492
    ],
    [
      -0.13682760052558066
    ]
  ]
}