{
  "image_1": "frame_142",
  "image_2": "frame_143",
  "num_matches": 1000,
  "inlier_count": 892,
  "inlier_ratio": 0.892,
  "reproj_rmse": 8.143,
  "F": [
    [
      -1.9760671994377235e-08,
      2.73802743672927e-06,
      -0.00819375973637022
    ],
    [
      -2.246477188166385e-06,
      8.071596250138581e-08,
      0.07289891624425424
    ],
    [
      0.007245295511847463,
      -0.07341414808962325,
      1.0
    ]
  ],
  "E": [
    [
      -0.004337687040427293,
      -0.04031238361346835,
      -0.23364821982473305
    ],
    [
      0.028172682049825485,
      0.0004556255717071179,
      -0.6667903275428099
    ],
    [
      0.23400090758281689,
      0.6660256461239349,
      -0.0038433076504942104
    ]
  ],
  "R": [
    [
      0.9998293439727677,
      -0.0005592343439806413,
      -0.018465378088016952
    ],
    [
      0.0005723959714664106,
      0.9999995859062328,
      0.0007074957347945974
    ],
    [
      0.018464974785706044,
      -0.0007179445044119583,
      0.9998292500531537
    ]
  ],
  "t": [
    [
      0.9420876876079847
    ],
    [
      -0.3304444022430011
    ],
    [
      0.05724758408619468
    ]
  ]
}