{
  "image_1": "frame_076",
  "image_2": "frame_077",
  "num_matches": 1000,
  "inlier_count": 868,
  "inlier_ratio": 0.868,
  "reproj_rmse": 0.2256,
  "F": [
    [
      -4.102762216131183e-09,
      -7.611801948810567e-07,
      0.001849210912920015
    ],
    [
      7.561720511313892e-07,
      7.149842669020958e-08,
      0.009251893970317636
    ],
    [
      -0.001819666625721269,
      -0.009490227256338224,
      1.0
    ]
  ],
  "E": [
    [
      0.0013690464316883848,
      0.22799485590927035,
      -0.004897283821064845
    ],
    [
      -0.22441883281302627,
      -0.01536718311233286,
      -0.6703725942814908
    ],
    [
      0.003242011502288685,
      0.6691068553172191,
      -0.016691780288826015
    ]
  ],
  "R": [
    [
      0.9999672101958113,
      -0.00588504019064628,
      0.005562808208121994
    ],
    [
      0.006021992233571077,
      0.9996710170860049,
      -0.024931771051639583
    ],
    [
      -0.005414253664604907,
      0.024964452731574695,
      0.9996736777354238
    ]
  ],
  "t": [
    [
      -0.9465648292662842
    ],
    [
      -0.0011153459864834308
    ],
    [
      0.32251167420640875
    ]
  ]
}