{
  "image_1": "frame_050",
  "image_2": "frame_051",
  "num_matches": 1000,
  "inlier_count": 840,
  "inlier_ratio": 0.84,
  "reproj_rmse": 0.5033,
  "F": [
    [
      -3.772484713457512e-08,
      -6.400318079446156e-07,
      4.746457968919021e-05
    ],
    [
      1.2181587300375511e-06,
      -1.1550488086024347e-07,
      0.02759406976521173
    ],
    [
      -0.0017052716065366492,
      -0.02811391530219731,
      1.0
    ]
  ],
  "E": [
    [
      -0.0022929882382631142,
      -0.08222995551938636,
      -0.008603390012643064
    ],
    [
      0.03345060423361506,
      0.0049474505241293345,
      -0.7062528989786174
    ],
    [
      0.02279531934666216,
      0.7019095852741539,
      0.005068363707776605
    ]
  ],
  "R": [
    [
      0.997372315573883,
      -0.020543178621594174,
      -0.06947259847531304
    ],
    [
      0.021149637702815298,
      0.9997442725712682,
      0.008005141222041984
    ],
    [
      0.06929038138032383,
      -0.009453426525150388,
      0.9975517409012447
    ]
  ],
  "t": [
    [
      -0.9931353969089292
    ],
    [
      0.011262590285607154
    ],
    [
      -0.11642696194010282
    ]
  ]
}