{
  "image_1": "frame_091",
  "image_2": "frame_092",
  "num_matches": 1000,
  "inlier_count": 712,
  "inlier_ratio": 0.712,
  "reproj_rmse": 1.1207,
  "F": [
    [
      1.0156896594136089e-07,
      7.10669676286796e-06,
      -0.012617784332951397
    ],
    [
      -7.4897810179592884e-06,
      1.3393643450014662e-07,
      -0.03493620952875014
    ],
    [
      0.014010499256246844,
      0.03469171810017309,
      1.0
    ]
  ],
  "E": [
    [
      -0.007840945404077867,
      -0.3784685200099722,
      -0.1228630950631078
    ],
    [
      0.3637559265984623,
      0.005254368220618982,
      -0.5949903983150001
    ],
    [
      0.12370782315921808,
      0.5830132173045552,
      0.006096321644910305
    ]
  ],
  "R": [
    [
      0.9995287688823967,
      -0.011463938075908009,
      -0.028474871382174027
    ],
    [
      0.011926283381140546,
      0.999798925722723,
      0.01612054243509166
    ],
    [
      0.028284340917764828,
      -0.016452545319207604,
      0.9994645115317338
    ]
  ],
  "t": [
    [
      0.8265648901425041
    ],
    [
      -0.16516926706899102
    ],
    [
      0.5380609589996307
    ]
  ]
}