{
  "image_1": "frame_073",
  "image_2": "frame_075",
  "num_matches": 1000,
  "inlier_count": 834,
  "inlier_ratio": 0.834,
  "reproj_rmse": 0.2997,
  "F": [
    [
      -1.3466522891457069e-09,
      2.625472678140079e-07,
      -0.0005581791483078356
    ],
    [
      -2.34115715467702e-07,
      6.349676972455967e-08,
      -0.0037017788883222827
    ],
    [
      0.0005233176109621375,
      0.0034105144898318052,
      0.9999999999999999
    ]
  ],
  "E": [
    [
      -0.0010175391479664737,
      0.17553364583846381,
      -0.012559641407604115
    ],
    [
      -0.16171041980659664,
      0.037361075100458364,
      -0.6869872367902004
    ],
    [
      0.016773509163170358,
      0.6839107095740097,
      0.03894068054691209
    ]
  ],
  "R": [
    [
      0.9997913076346828,
      0.007164498487111738,
      0.01913141760452783
    ],
    [
      -0.008230461330770229,
      0.9983837249113103,
      0.056233418342654586
    ],
    [
      -0.018697611730201874,
      -0.05637914325036755,
      0.9982343369780171
    ]
  ],
  "t": [
    [
      -0.9685341080214483
    ],
    [
      0.03169942209812434
    ],
    [
      0.24685386008272647
    ]
  ]
}