{
  "image_1": "frame_061",
  "image_2": "frame_063",
  "num_matches": 1000,
  "inlier_count": 816,
  "inlier_ratio": 0.816,
  "reproj_rmse": 0.3576,
  "F": [
    [
      7.838188654112648e-09,
      -2.1931803375712177e-07,
      -0.00037836381907404426
    ],
    [
      3.728319835421861e-07,
      5.372411720587027e-09,
      -0.016165671242152898
    ],
    [
      4.126440755194143e-05,
      0.01589480203604583,
      1.0
    ]
  ],
  "E": [
    [
      -0.00034683183294080566,
      0.09801283539590895,
      0.006416596236755299
    ],
    [
      -0.0762462264023279,
      0.006208201604447688,
      -0.7029348055390344
    ],
    [
      -0.006779553657125533,
      0.7002135876888874,
      0.0061474157317343075
    ]
  ],
  "R": [
    [
      0.9995148855253346,
      0.0015003392246918951,
      0.03110856144998375
    ],
    [
      -0.0017818867175985673,
      0.9999576886145478,
      0.009024736028066381
    ],
    [
      -0.03109370503819396,
      -0.009075789930440361,
      0.9994752681002848
    ]
  ],
  "t": [
    [
      -0.9903051964905247
    ],
    [
      -0.00782692200590482
    ],
    [
      0.13868798468424123
    ]
  ]
}