{
  "image_1": "frame_070",
  "image_2": "frame_071",
  "num_matches": 1000,
  "inlier_count": 798,
  "inlier_ratio": 0.798,
  "reproj_rmse": 0.3731,
  "F": [
    [
      1.202133033010766e-09,
      -1.3839789596496677e-06,
      0.003079157275027296
    ],
    [
      1.4571741920546355e-06,
      6.381907461210769e-08,
      0.014392079991709545
    ],
    [
      -0.0031815407324164956,
      -0.014769432626164883,
      1.0
    ]
  ],
  "E": [
    [
      0.00035665951729253693,
      0.1341676458157761,
      0.02161375693207538
    ],
    [
      -0.141987367273537,
      -0.006478991971789127,
      -0.6922959758957208
    ],
    [
      -0.022413314196897245,
      0.6939115772012799,
      -0.006326092839700435
    ]
  ],
  "R": [
    [
      0.9999326458282073,
      -0.0007927984562007655,
      -0.011579087943742544
    ],
    [
      0.0006828265795182017,
      0.9999546567739482,
      -0.009498323218207216
    ],
    [
      0.01158609316652423,
      0.009489776957498947,
      0.9998878470000689
    ]
  ],
  "t": [
    [
      -0.9813579990212772
    ],
    [
      -0.03236949046095735
    ],
    [
      0.18944311506162823
    ]
  ]
}