{
  "image_1": "frame_128",
  "image_2": "frame_129",
  "num_matches": 1000,
  "inlier_count": 906,
  "inlier_ratio": 0.906,
  "reproj_rmse": 0.1856,
  "F": [
    [
      3.281454941015519e-08,
      5.551025629773924e-06,
      -0.0053273100861943356
    ],
    [
      -7.587907802003364e-06,
      8.818755445948298e-07,
      -0.46829887547394244
    ],
    [
      0.010074623025253146,
      0.46782261023756405,
      1.0
    ]
  ],
  "E": [
    [
      0.00021421538268439488,
      0.02996461277538138,
      0.01110980586133963
    ],
    [
      -0.040236135265923054,
      0.0019659437076755297,
      -0.7058721663561484
    ],
    [
      -0.009752033270425356,
      0.7064000269765991,
      0.0020545776076566153
    ]
  ],
  "R": [
    [
      0.9998931906577107,
      -0.0017691966982775337,
      -0.014507833035489914
    ],
    [
      0.0018082911197780972,
      0.9999947683685587,
      0.0026820363044770565
    ],
    [
      0.01450301208607993,
      -0.002707984223588845,
      0.9998911588077353
    ]
  ],
  "t": [
    [
      0.9989781261936765
    ],
    [
      0.015599567165706759
    ],
    [
      -0.042418827079651444
    ]
  ]
}