{
  "image_1": "frame_047",
  "image_2": "frame_049",
  "num_matches": 1000,
  "inlier_count": 844,
  "inlier_ratio": 0.844,
  "reproj_rmse": 0.2661,
  "F": [
    [
      8.547594138069713e-10,
      5.930751978967341e-07,
      -0.0015353487432352016
    ],
    [
      -4.134130597292405e-07,
      2.9467736314843557e-08,
      -0.019880593419270134
    ],
    [
      0.0011040829327603888,
      0.019521588624159963,
      0.9999999999999999
    ]
  ],
  "E": [
    [
      -0.0006876821357197131,
      0.04199326603232187,
      0.017633714037224375
    ],
    [
      -0.02034769671542304,
      0.0038674026821856043,
      -0.7065889849288141
    ],
    [
      -0.019942837630599404,
      0.7055628215472163,
      0.003399076371931069
    ]
  ],
  "R": [
    [
      0.999519434390046,
      0.003431363384086946,
      0.030807888956064743
    ],
    [
      -0.003604836587357125,
      0.9999779507051366,
      0.005577029382505
    ],
    [
      -0.030788072849422258,
      -0.005685406659266246,
      0.9995097651955871
    ]
  ],
  "t": [
    [
      -0.9979229878407173
    ],
    [
      -0.024617912673684055
    ],
    [
      0.05952872176224336
    ]
  ]
}