{
  "image_1": "frame_084",
  "image_2": "frame_085",
  "num_matches": 1000,
  "inlier_count": 776,
  "inlier_ratio": 0.776,
  "reproj_rmse": 0.3552,
  "F": [
    [
      1.626800255239073e-07,
      5.4682427009659495e-06,
      -0.013358071653428743
    ],
    [
      -5.318012802698103e-06,
      2.1141642649753715e-07,
      0.019642735769135337
    ],
    [
      0.01211144200214779,
      -0.02010856650678059,
      0.9999999999999999
    ]
  ],
  "E": [
    [
      -0.016756612727251544,
      -0.42656369832957264,
      -0.03907181733742487
    ],
    [
      0.40591580195273375,
      -0.017945950312475204,
      -0.5772156427237051
    ],
    [
      0.061685373284737985,
      0.5604821025521777,
      -0.004811872419451648
    ]
  ],
  "R": [
    [
      0.9987149805677326,
      -0.035961449241587284,
      -0.035709407136468474
    ],
    [
      0.03577259637616914,
      0.9993424584904494,
      -0.005913713450271377
    ],
    [
      0.0358985924250661,
      0.004628696005245417,
      0.9993447184206207
    ]
  ],
  "t": [
    [
      0.7952811078785114
    ],
    [
      -0.058862661070561866
    ],
    [
      0.6033764551117484
    ]
  ]
}