{
  "image_1": "frame_031",
  "image_2": "frame_032",
  "num_matches": 1000,
  "inlier_count": 788,
  "inlier_ratio": 0.788,
  "reproj_rmse": 0.645,
  "F": [
    [
      -6.133117035049105e-08,
      8.192298319768504e-06,
      -0.012876387819577294
    ],
    [
      -8.514341382270331e-06,
      1.4512148781454475e-07,
      0.06208847159448921
    ],
    [
      0.013736771194097335,
      -0.06243356528412442,
      1.0
    ]
  ],
  "E": [
    [
      -0.0007029281976885981,
      -0.014417427299400902,
      0.02886032351247564
    ],
    [
      0.033013488207723755,
      -0.004022272643050431,
      -0.7057374451070758
    ],
    [
      -0.031115050090436157,
      0.7062544134113221,
      -0.004885907955508318
    ]
  ],
  "R": [
    [
      0.9996539027266448,
      0.0034640020730738394,
      0.026078256326403232
    ],
    [
      -0.003312402519491428,
      0.9999773778481836,
      -0.0058542105718605245
    ],
    [
      -0.02609794537768642,
      0.005765802763584492,
      0.9996427625734879
    ]
  ],
  "t": [
    [
      -0.9989581827171452
    ],
    [
      -0.04070846331867169
    ],
    [
      -0.020624504762323886
    ]
  ]
}