{
  "image_1": "frame_113",
  "image_2": "frame_114",
  "num_matches": 1000,
  "inlier_count": 860,
  "inlier_ratio": 0.86,
  "reproj_rmse": 0.5503,
  "F": [
    [
      4.6118670818324155e-09,
      -8.46421015418626e-07,
      0.0014213750486717091
    ],
    [
      7.846780023251587e-07,
      7.460424532105883e-08,
      0.032952023919017116
    ],
    [
      -0.0011177918973238686,
      -0.033175533899618775,
      1.0
    ]
  ],
  "E": [
    [
      -0.00019900242828584756,
      0.03144471663088569,
      -0.0050773335839989706
    ],
    [
      -0.03326693957569335,
      -0.006941132738694378,
      -0.7062735395731826
    ],
    [
      0.0005823466003008102,
      0.7063725926654666,
      -0.0067565366539805915
    ]
  ],
  "R": [
    [
      0.9999792128554773,
      0.005913587617503545,
      -0.002569696174736423
    ],
    [
      -0.005937871478638938,
      0.9999367912954614,
      -0.009547517794695898
    ],
    [
      0.0025130736645615423,
      0.00956257785468778,
      0.9999511195881173
    ]
  ],
  "t": [
    [
      0.9989848956593025
    ],
    [
      -0.0067555468082015
    ],
    [
      -0.044536960290245814
    ]
  ]
}