{
  "image_1": "frame_043",
  "image_2": "frame_045",
  "num_matches": 1000,
  "inlier_count": 829,
  "inlier_ratio": 0.829,
  "reproj_rmse": 0.2821,
  "F": [
    [
      -2.2095510678713927e-09,
      -1.3471491423735053e-06,
      0.003032674315276315
    ],
    [
      1.3239790705485075e-06,
      4.8948884041546006e-08,
      0.010210191303524047
    ],
    [
      -0.0029187997662338157,
      -0.010491924388469413,
      1.0
    ]
  ],
  "E": [
    [
      -0.0004414858859786397,
      -0.17358831818054657,
      0.0368282876413473
    ],
    [
      0.17929620752358658,
      -0.011819030336866695,
      -0.6830563673201802
    ],
    [
      -0.03312804304935379,
      0.6844111770361789,
      -0.011900889691715743
    ]
  ],
  "R": [
    [
      0.9999715364049008,
      -0.0009553757817945124,
      0.007484225887678997
    ],
    [
      0.001082622745121102,
      0.9998546234258939,
      -0.017016460908660713
    ],
    [
      -0.007466880741915732,
      0.017024079152183007,
      0.9998271982802861
    ]
  ],
  "t": [
    [
      -0.9679985311061496
    ],
    [
      -0.04789946838460215
    ],
    [
      -0.2463422105624798
    ]
  ]
}