{
  "image_1": "frame_017",
  "image_2": "frame_019",
  "num_matches": 1000,
  "inlier_count": 799,
  "inlier_ratio": 0.799,
  "reproj_rmse": 0.2328,
  "F": [
    [
      3.5285855794217676e-08,
      3.828291846685534e-06,
      -0.0066444091840758045
    ],
    [
      -3.7297037243901387e-06,
      1.0471118948070161e-07,
      0.03007455829158841
    ],
    [
      0.006067494368270994,
      -0.030230408757797516,
      1.0
    ]
  ],
  "E": [
    [
      0.0008946529400094223,
      0.2006474609185891,
      -0.03274579619895781
    ],
    [
      -0.18968683328888483,
      0.005474802691649878,
      0.6804372763339289
    ],
    [
      0.0267601926880586,
      -0.677445535425694,
      0.0036044779117083477
    ]
  ],
  "R": [
    [
      0.9998403250332814,
      -0.007132107309015721,
      -0.01638467218698819
    ],
    [
      0.0070332212669341615,
      0.9999567523907691,
      -0.006084993567497785
    ],
    [
      0.016427362416186087,
      0.005968784921475113,
      0.9998472460184148
    ]
  ],
  "t": [
    [
      -0.9577760791065275
    ],
    [
      -0.04458799810681643
    ],
    [
      -0.2840367805692662
    ]
  ]
}