{
  "image_1": "frame_134",
  "image_2": "frame_135",
  "num_matches": 1000,
  "inlier_count": 871,
  "inlier_ratio": 0.871,
  "reproj_rmse": 0.3738,
  "F": [
    [
      3.9663913931958845e-10,
      -5.908619889771072e-07,
      0.002618072922096869
    ],
    [
      4.5586637211800385e-07,
      8.660122349843058e-08,
      -0.049851494458823
    ],
    [
      -0.0020665384888301367,
      0.04956272256550403,
      1.0
    ]
  ],
  "E": [
    [
      -0.0005340875505268627,
      -0.10807651176017954,
      0.01196761717838239
    ],
    [
      0.09985174187517999,
      0.004185793220390841,
      -0.6998932173925096
    ],
    [
      -0.008298172616573748,
      0.6987446780546639,
      0.004956485084309475
    ]
  ],
  "R": [
    [
      0.9999123285839997,
      -0.0062348660290953185,
      -0.011681677590261647
    ],
    [
      0.006315533756293944,
      0.9999563794044496,
      0.006881374987427772
    ],
    [
      0.011638263577385566,
      -0.0069545477166897485,
      0.9999080883196012
    ]
  ],
  "t": [
    [
      0.9881052155467168
    ],
    [
      0.017977376202854757
    ],
    [
      0.15272490613595863
    ]
  ]
}