{
  "image_1": "frame_094",
  "image_2": "frame_095",
  "num_matches": 1000,
  "inlier_count": 795,
  "inlier_ratio": 0.795,
  "reproj_rmse": 2.4429,
  "F": [
    [
      5.492358115731829e-09,
      -2.3592406560829574e-06,
      0.006554687450923439
    ],
    [
      2.739102473202073e-06,
      -2.2757079647702e-08,
      0.05261350508068289
    ],
    [
      -0.00748486216652401,
      -0.05289706092519878,
      1.0
    ]
  ],
  "E": [
    [
      -0.0023525346324742946,
      -0.26949407482109916,
      -0.06681791169863267
    ],
    [
      0.25509466595203883,
      -0.0005394592241364128,
      -0.6561064168452926
    ],
    [
      0.06881728183243427,
      0.6500894894882572,
      -0.0011846655407487395
    ]
  ],
  "R": [
    [
      0.9997505779520003,
      -0.0032488618206419767,
      -0.02209585439650613
    ],
    [
      0.003259491746953766,
      0.9999945887921265,
      0.00044508428119775095
    ],
    [
      0.022094288813916563,
      -0.0005169945224123423,
      0.9997557577320927
    ]
  ],
  "t": [
    [
      -0.9196768735739872
    ],
    [
      0.09434818663138456
    ],
    [
      -0.3811730156930651
    ]
  ]
}