{
  "image_1": "frame_113",
  "image_2": "frame_115",
  "num_matches": 1000,
  "inlier_count": 788,
  "inlier_ratio": 0.788,
  "reproj_rmse": 0.3362,
  "F": [
    [
      -9.426140558794269e-09,
      6.314332500107892e-07,
      -0.00051188135263109
    ],
    [
      -7.099810788859526e-07,
      5.244176902898165e-08,
      0.017493772296244034
    ],
    [
      0.0008074807068881248,
      -0.017771339451981796,
      1.0
    ]
  ],
  "E": [
    [
      -0.0004103718434780047,
      0.05494000342270708,
      -0.013556346959444241
    ],
    [
      -0.04763062624213198,
      -0.01206945593163098,
      -0.7052840434582994
    ],
    [
      0.005681440947230512,
      0.7048362952543488,
      -0.011456042827869507
    ]
  ],
  "R": [
    [
      0.9998941924951749,
      0.010061038972640985,
      0.010506155777130544
    ],
    [
      -0.009887490914735935,
      0.9998159319828984,
      -0.016442009505514228
    ],
    [
      -0.010669645628291993,
      0.016336390297718977,
      0.9998096223852856
    ]
  ],
  "t": [
    [
      0.996792509076969
    ],
    [
      -0.017892440873254756
    ],
    [
      -0.07800355381415518
    ]
  ]
}