{
  "image_1": "frame_135",
  "image_2": "frame_136",
  "num_matches": 1000,
  "inlier_count": 813,
  "inlier_ratio": 0.813,
  "reproj_rmse": 0.5707,
  "F": [
    [
      8.314973141413989e-09,
      2.44813442762389e-06,
      -0.0061557120685548
    ],
    [
      -2.5315618815710206e-06,
      -5.751712422494647e-09,
      0.061943911635660154
    ],
    [
      0.006112855253276744,
      -0.06191572965551415,
      1.0
    ]
  ],
  "E": [
    [
      -0.0003136158475380356,
      -0.12249398934427767,
      0.003670564000324024
    ],
    [
      0.12435928859258827,
      -0.003136031173303495,
      -0.6960710190164618
    ],
    [
      -0.0014383648887948733,
      0.6964062092712398,
      -0.002836037563625695
    ]
  ],
  "R": [
    [
      0.9999933618158126,
      -0.0024802545427288947,
      0.0026692061953667856
    ],
    [
      0.002491080523188981,
      0.99998865447147,
      -0.004060227353920156
    ],
    [
      -0.0026591055144730147,
      0.004066849608948494,
      0.9999881948763799
    ]
  ],
  "t": [
    [
      0.9848671495989131
    ],
    [
      0.004487568296974341
    ],
    [
      0.17325287695069447
    ]
  ]
}