{
  "image_1": "frame_103",
  "image_2": "frame_105",
  "num_matches": 1000,
  "inlier_count": 786,
  "inlier_ratio": 0.786,
  "reproj_rmse": 0.5869,
  "F": [
    [
      4.798379206747445e-08,
      -1.0225431704416421e-05,
      0.015028680995081095
    ],
    [
      1.0246537193739517e-05,
      2.532177942310761e-07,
      0.05353704289295919
    ],
    [
      -0.014631201023296162,
      -0.05395587792159555,
      1.0
    ]
  ],
  "E": [
    [
      -0.00045957618021089526,
      0.12110467269248637,
      0.04099103050505739
    ],
    [
      -0.1220621483990755,
      -0.005826181080227517,
      -0.6952052976693428
    ],
    [
      -0.04499764651590148,
      0.695239351022319,
      -0.005207753134621768
    ]
  ],
  "R": [
    [
      0.9999884681124411,
      0.004425840922824019,
      -0.001864289209955905
    ],
    [
      -0.004439890468679111,
      0.9999612579885568,
      -0.007600650930614709
    ],
    [
      0.001830577711712078,
      0.007608840520656605,
      0.9999693767966962
    ]
  ],
  "t": [
    [
      0.9835173434768896
    ],
    [
      0.0592702561965734
    ],
    [
      -0.17082351070784796
    ]
  ]
}