{
  "image_1": "frame_021",
  "image_2": "frame_023",
  "num_matches": 1000,
  "inlier_count": 814,
  "inlier_ratio": 0.814,
  "reproj_rmse": 0.7074,
  "F": [
    [
      5.826081332152166e-09,
      -3.091772459555087e-06,
      0.006674122814094691
    ],
    [
      3.374426243729596e-06,
      6.199343841246437e-08,
      -0.03744947105193003
    ],
    [
      -0.007427816395189193,
      0.03722703817737772,
      1.0
    ]
  ],
  "E": [
    [
      -0.0015237553803275914,
      0.2847956029551238,
      0.0042345960068559205
    ],
    [
      -0.30108201705788323,
      -0.005101582201037297,
      0.6397785323808478
    ],
    [
      0.0006611873325633327,
      -0.6471972869631419,
      -0.0036698570132588223
    ]
  ],
  "R": [
    [
      0.9996674572395404,
      0.004972337765219536,
      0.02530317753524447
    ],
    [
      -0.005114752592951193,
      0.9999714249854398,
      0.005566733198365156
    ],
    [
      -0.025274774818866752,
      -0.0056943015144488435,
      0.999664324004872
    ]
  ],
  "t": [
    [
      -0.9152827004850773
    ],
    [
      0.0037476307200603226
    ],
    [
      -0.4027946542057511
    ]
  ]
}