{
  "image_1": "frame_081",
  "image_2": "frame_083",
  "num_matches": 1000,
  "inlier_count": 818,
  "inlier_ratio": 0.818,
  "reproj_rmse": 0.4551,
  "F": [
    [
      -3.1840310634757604e-09,
      -1.0000016036624646e-06,
      0.002741430559940969
    ],
    [
      9.62650552906446e-07,
      4.015015949111199e-08,
      -0.0044584299285073785
    ],
    [
      -0.0028004146814703417,
      0.004272524568753703,
      1.0
    ]
  ],
  "E": [
    [
      -0.001036898893131788,
      -0.14064310495632404,
      0.011330322945022881
    ],
    [
      0.12999488658532865,
      0.03607916710827611,
      -0.6938614874026612
    ],
    [
      -0.012398835205795551,
      0.6920179054456602,
      0.037462148107653276
    ]
  ],
  "R": [
    [
      0.999856041894129,
      -0.008552080853951618,
      -0.014654603402100258
    ],
    [
      0.009327207907035943,
      0.998515277645018,
      0.05366790010938802
    ],
    [
      0.014173873163828538,
      -0.053796860712868697,
      0.9984513003131279
    ]
  ],
  "t": [
    [
      -0.9798878156721441
    ],
    [
      -0.026678058838657964
    ],
    [
      -0.19775780610098564
    ]
  ]
}