{
  "image_1": "frame_023",
  "image_2": "frame_025",
  "num_matches": 1000,
  "inlier_count": 859,
  "inlier_ratio": 0.859,
  "reproj_rmse": 2.2466,
  "F": [
    [
      -5.260263108841322e-09,
      -4.3231883788045704e-07,
      0.0012020450924350534
    ],
    [
      5.326905175061083e-07,
      7.974230358444661e-08,
      -0.008757530600966274
    ],
    [
      -0.0014221815979789238,
      0.008444662292143124,
      0.9999999999999999
    ]
  ],
  "E": [
    [
      0.0006775363570556898,
      0.19387961358886405,
      -0.007622838973130144
    ],
    [
      -0.22354404447097392,
      -0.017967731472725467,
      0.6704772774539698
    ],
    [
      0.012471920203198598,
      -0.679739792395977,
      -0.01777176891089248
    ]
  ],
  "R": [
    [
      0.9990175965036572,
      -0.001750190418559866,
      0.04428068099696536
    ],
    [
      0.0005556751194912835,
      0.9996359828431232,
      0.026973932424192576
    ],
    [
      -0.04431177158744459,
      -0.026922827465964784,
      0.9986549094957774
    ]
  ],
  "t": [
    [
      -0.961615441541047
    ],
    [
      -0.01819017456657558
    ],
    [
      -0.27379711492098474
    ]
  ]
}