{
  "image_1": "frame_006",
  "image_2": "frame_007",
  "num_matches": 1000,
  "inlier_count": 846,
  "inlier_ratio": 0.846,
  "reproj_rmse": 0.5263,
  "F": [
    [
      -1.8390951397411385e-08,
      6.69232100117104e-06,
      -0.012182329031147573
    ],
    [
      -6.7395807766685305e-06,
      7.477988770125782e-08,
      0.03607363850831597
    ],
    [
      0.012210116809807069,
      -0.03629392758818698,
      0.9999999999999999
    ]
  ],
  "E": [
    [
      -0.0006633448035743293,
      0.30774673169636885,
      -0.028375080705539967
    ],
    [
      -0.3080762169161523,
      0.004474480582377292,
      0.6359237072672692
    ],
    [
      0.027264646968128022,
      -0.6359139672558443,
      0.005146970280404353
    ]
  ],
  "R": [
    [
      0.9999976338136869,
      0.002169829583685709,
      0.00015558471916160554
    ],
    [
      -0.002168500534397544,
      0.9999649525727499,
      -0.008086484502551089
    ],
    [
      -0.0001731255596190695,
      0.008086127982875335,
      0.9999672917459774
    ]
  ],
  "t": [
    [
      -0.8994291121583187
    ],
    [
      -0.036607707625542725
    ],
    [
      -0.4355308805865565
    ]
  ]
}