{
  "image_1": "frame_053",
  "image_2": "frame_054",
  "num_matches": 1000,
  "inlier_count": 864,
  "inlier_ratio": 0.864,
  "reproj_rmse": 0.3552,
  "F": [
    [
      -4.118664090785574e-09,
      1.6815715887486847e-07,
      -0.0001676052795542314
    ],
    [
      1.8435512869937602e-07,
      2.0657610630499493e-08,
      -0.023464204161065275
    ],
    [
      -0.0007531671867123107,
      0.02303635819735857,
      1.0
    ]
  ],
  "E": [
    [
      -0.0001971759409508318,
      -0.00018070615180820472,
      0.004090808856373443
    ],
    [
      -0.034204739958126826,
      -0.0002174827356190052,
      0.7062670984948491
    ],
    [
      0.0037186157364316507,
      -0.707096979345566,
      -3.868514100582893e-05
    ]
  ],
  "R": [
    [
      0.9987559449128587,
      0.011041939172226598,
      0.04862754446339523
    ],
    [
      -0.01104396881159208,
      0.9999389877622724,
      -0.00022694900433154066
    ],
    [
      -0.048627083545193336,
      -0.00031037441716988157,
      0.9988169554095533
    ]
  ],
  "t": [
    [
      -0.9999831936086082
    ],
    [
      0.005792072051314588
    ],
    [
      0.0002537748630765564
    ]
  ]
}