{
  "image_1": "frame_132",
  "image_2": "frame_133",
  "num_matches": 1000,
  "inlier_count": 842,
  "inlier_ratio": 0.842,
  "reproj_rmse": 0.6833,
  "F": [
    [
      -2.2105343880575666e-09,
      -1.1650389728333586e-07,
      0.00047719333274142084
    ],
    [
      6.99938243860821e-07,
      -1.3350859976827582e-08,
      -0.04628000415672934
    ],
    [
      -0.0019777372656557993,
      0.04572500764375567,
      1.0
    ]
  ],
  "E": [
    [
      0.0010430553856274909,
      -0.06934578838263729,
      -0.011886184390098144
    ],
    [
      0.09043395809571547,
      -0.0013220974731713694,
      -0.7011941957227468
    ],
    [
      0.005211881190289932,
      0.7036795086897426,
      -0.0018517020447075796
    ]
  ],
  "R": [
    [
      0.9994999449720929,
      0.009885613151777092,
      0.03003555648555091
    ],
    [
      -0.009795414498354652,
      0.9999470663012834,
      -0.003148722004548114
    ],
    [
      -0.03006509364011474,
      0.0028529367448134396,
      0.9995438714215301
    ]
  ],
  "t": [
    [
      0.9950364739944904
    ],
    [
      -0.01712607174687263
    ],
    [
      0.09802608370802474
    ]
  ]
}