{
  "image_1": "frame_005",
  "image_2": "frame_006",
  "num_matches": 1000,
  "inlier_count": 939,
  "inlier_ratio": 0.939,
  "reproj_rmse": 0.6146,
  "F": [
    [
      1.450445981705452e-08,
      2.0466044984802656e-06,
      -0.005035279079945113
    ],
    [
      -2.0841844109969356e-06,
      7.689460033630208e-08,
      0.017465875007851458
    ],
    [
      0.004913317796119881,
      -0.017751887243795738,
      1.0
    ]
  ],
  "E": [
    [
      0.0017806796454582832,
      0.1859359911334445,
      -0.06008901723383596
    ],
    [
      -0.1947902091019063,
      0.007971503519591111,
      0.6772037480781875
    ],
    [
      0.05429617530231274,
      -0.6798504508296521,
      0.007586132208340378
    ]
  ],
  "R": [
    [
      0.999909493750032,
      -0.005626604789909215,
      0.012220704852535902
    ],
    [
      0.005750373516507451,
      0.999932293784502,
      -0.010116375402533146
    ],
    [
      -0.012162956588563145,
      0.010185733424869394,
      0.9998741487415415
    ]
  ],
  "t": [
    [
      -0.9610556137800722
    ],
    [
      -0.08232026674552918
    ],
    [
      -0.26380955423326435
    ]
  ]
}