{
  "image_1": "frame_015",
  "image_2": "frame_016",
  "num_matches": 1000,
  "inlier_count": 821,
  "inlier_ratio": 0.821,
  "reproj_rmse": 0.4691,
  "F": [
    [
      1.760993886482713e-11,
      -4.827125969931451e-06,
      0.008223531303443577
    ],
    [
      4.857560453783247e-06,
      8.744902749924177e-08,
      -0.04144821716170073
    ],
    [
      -0.008365795473601959,
      0.041162726849405355,
      0.9999999999999999
    ]
  ],
  "E": [
    [
      0.0002582142353284004,
      -0.26094081593473506,
      -0.008088441894978225
    ],
    [
      0.26512138190006346,
      0.004215200631777002,
      -0.6554774270687712
    ],
    [
      0.005951083632959149,
      0.6571414204121436,
      0.00404558290941358
    ]
  ],
  "R": [
    [
      0.9999797964739788,
      0.0007940366126763295,
      0.006306833573010762
    ],
    [
      -0.0008324716352740777,
      0.999981085498891,
      0.006093901495412482
    ],
    [
      -0.006301875501498744,
      -0.006099028637173239,
      0.9999615433679669
    ]
  ],
  "t": [
    [
      -0.9293485901559597
    ],
    [
      0.009189945194431155
    ],
    [
      -0.3690890717461755
    ]
  ]
}