{
  "image_1": "frame_022",
  "image_2": "frame_023",
  "num_matches": 1000,
  "inlier_count": 816,
  "inlier_ratio": 0.816,
  "reproj_rmse": 0.2254,
  "F": [
    [
      1.528997711462501e-09,
      -2.9415795077507204e-06,
      0.005998371518991891
    ],
    [
      3.110304696551369e-06,
      4.6915991026610104e-08,
      -0.027072724664004753
    ],
    [
      -0.006437334103220819,
      0.026830791023259477,
      1.0
    ]
  ],
  "E": [
    [
      -0.00039657643225799344,
      -0.1366737948558339,
      0.029551846081386234
    ],
    [
      0.15077725756950003,
      0.0061136666114451725,
      -0.6901343415019057
    ],
    [
      -0.031933497944174626,
      0.6930678825451372,
      0.005234421991589866
    ]
  ],
  "R": [
    [
      0.9997829377203801,
      0.0015907301435210755,
      0.020773709847249633
    ],
    [
      -0.0017670546532396886,
      0.9999625483595672,
      0.008472272191861219
    ],
    [
      -0.020759454738978778,
      -0.008507141461796404,
      0.9997483051163873
    ]
  ],
  "t": [
    [
      -0.9802518094041113
    ],
    [
      -0.04343805612899864
    ],
    [
      -0.19292362592409454
    ]
  ]
}