{
  "image_1": "frame_072",
  "image_2": "frame_073",
  "num_matches": 1000,
  "inlier_count": 792,
  "inlier_ratio": 0.792,
  "reproj_rmse": 0.5042,
  "F": [
    [
      4.260686759842757e-09,
      7.96476384247997e-07,
      -0.0018065310993081135
    ],
    [
      -7.130779998711232e-07,
      3.1851677423635474e-08,
      -0.00225204838655895
    ],
    [
      0.0017029489199578817,
      0.0018404402701812056,
      1.0
    ]
  ],
  "E": [
    [
      0.002322241176278807,
      0.1145862112925755,
      -0.025383562466806377
    ],
    [
      -0.04675846433339586,
      0.02344190977840533,
      -0.7045587451806863
    ],
    [
      0.02631872449793168,
      0.6969243627811222,
      0.02617511997098459
    ]
  ],
  "R": [
    [
      0.9954492606074854,
      0.000934563167630291,
      0.09528848906188074
    ],
    [
      -0.004147740798310921,
      0.9994291706264805,
      0.03352803524120101
    ],
    [
      -0.09520276152654641,
      -0.03377068984416534,
      0.9948849052554615
    ]
  ],
  "t": [
    [
      -0.9861240105930147
    ],
    [
      0.04149933658603235
    ],
    [
      0.1607396677701768
    ]
  ]
}