{
  "image_1": "frame_151",
  "image_2": "frame_152",
  "num_matches": 1000,
  "inlier_count": 857,
  "inlier_ratio": 0.857,
  "reproj_rmse": 0.6581,
  "F": [
    [
      -5.3563868223334543e-08,
      -3.2286386412455906e-06,
      0.007454301304605814
    ],
    [
      3.0920566643229914e-06,
      9.83134139640141e-08,
      -0.033918680582367466
    ],
    [
      -0.006642160413809894,
      0.033559476483795724,
      0.9999999999999999
    ]
  ],
  "E": [
    [
      -0.001585835788544511,
      -0.15586705855703673,
      0.04910569651271025
    ],
    [
      0.1392142075733518,
      0.005220735541809575,
      -0.6913798379170488
    ],
    [
      -0.03855757421368027,
      0.6887034542370317,
      0.008860552820766475
    ]
  ],
  "R": [
    [
      0.9995692066520108,
      -0.017575288222450323,
      -0.023505538857199804
    ],
    [
      0.017840982365478077,
      0.9997787540109384,
      0.011141919788345642
    ],
    [
      0.023304515899375378,
      -0.011556481827660031,
      0.9996616163814946
    ]
  ],
  "t": [
    [
      0.9729250492732013
    ],
    [
      0.07191756464065958
    ],
    [
      0.21964679008101914
    ]
  ]
}