{
  "image_1": "frame_144",
  "image_2": "frame_145",
  "num_matches": 1000,
  "inlier_count": 797,
  "inlier_ratio": 0.797,
  "reproj_rmse": 0.5107,
  "F": [
    [
      1.7047627464426828e-07,
      -1.4752499251387292e-05,
      0.03300753498974811
    ],
    [
      1.325575880075515e-05,
      9.687328462966425e-08,
      -0.21598504283877323
    ],
    [
      -0.032219292113419506,
      0.21579032842018667,
      1.0
    ]
  ],
  "E": [
    [
      0.0024282690808790884,
      -0.21721526513195072,
      0.013195694039017119
    ],
    [
      0.19689609787997364,
      0.00027331823882087,
      -0.6790218498859882
    ],
    [
      -0.019025349000720778,
      0.6726331239274176,
      -0.0011839624109145485
    ]
  ],
  "R": [
    [
      0.9995023623547312,
      0.009343234215156947,
      -0.030128584794376745
    ],
    [
      -0.009417630505774356,
      0.9999529424422051,
      -0.002328333488344713
    ],
    [
      0.03010541285164431,
      0.0026109147012058614,
      0.9995433193421159
    ]
  ],
  "t": [
    [
      0.9514594113908615
    ],
    [
      0.017954348163326608
    ],
    [
      0.307250109613952
    ]
  ]
}