{
  "image_1": "frame_104",
  "image_2": "frame_105",
  "num_matches": 1000,
  "inlier_count": 814,
  "inlier_ratio": 0.814,
  "reproj_rmse": 0.2876,
  "F": [
    [
      6.298002166049204e-09,
      -2.3175504780093205e-06,
      0.012315965254383781
    ],
    [
      2.375664554858427e-06,
      -1.6095333111643792e-07,
      0.1073563141223757
    ],
    [
      -0.01240656423279325,
      -0.10732836726118679,
      1.0
    ]
  ],
  "E": [
    [
      -0.00024130851432266584,
      0.15976355573034348,
      -0.03381693501694261
    ],
    [
      -0.1621751666909796,
      -0.0011165261720886943,
      -0.687437169208662
    ],
    [
      0.03304509684639262,
      0.6880166208314205,
      -0.0011050064368714105
    ]
  ],
  "R": [
    [
      0.9999937863645413,
      0.0007828524814688168,
      -0.003437204431037011
    ],
    [
      -0.000787800165826906,
      0.9999986552847205,
      -0.0014383322458447097
    ],
    [
      0.003436073807007778,
      0.001441031138793238,
      0.9999930583889322
    ]
  ],
  "t": [
    [
      0.97296655948358
    ],
    [
      -0.04749962249235026
    ],
    [
      -0.22600853963903555
    ]
  ]
}