{
  "image_1": "frame_103",
  "image_2": "frame_104",
  "num_matches": 1000,
  "inlier_count": 836,
  "inlier_ratio": 0.836,
  "reproj_rmse": 0.2699,
  "F": [
    [
      7.441319998870254e-09,
      -1.5737178785571096e-06,
      0.006896644021327206
    ],
    [
      1.5872108739537887e-06,
      8.579832456886687e-08,
      0.06613526113171568
    ],
    [
      -0.006631978127715384,
      -0.06663934634067614,
      1.0
    ]
  ],
  "E": [
    [
      -0.0004930399025686772,
      0.13580412564909658,
      0.0037893433181106773
    ],
    [
      -0.13528684703892105,
      -0.0032061788172454454,
      -0.6940234267643747
    ],
    [
      -0.006824805237193283,
      0.6939072916647635,
      -0.00272073361386229
    ]
  ],
  "R": [
    [
      0.9999932303852407,
      0.003610731816603362,
      0.0007083780344399049
    ],
    [
      -0.003607930804460097,
      0.9999858224798244,
      -0.003916334339580383
    ],
    [
      -0.0007225088244003641,
      0.003913752048574116,
      0.9999920802315891
    ]
  ],
  "t": [
    [
      0.9813690816869628
    ],
    [
      0.006111061756164327
    ],
    [
      -0.19203484171654792
    ]
  ]
}