{
  "image_1": "frame_136",
  "image_2": "frame_137",
  "num_matches": 1000,
  "inlier_count": 855,
  "inlier_ratio": 0.855,
  "reproj_rmse": 0.2591,
  "F": [
    [
      -6.143469560567202e-09,
      1.2200282308848253e-06,
      -0.0029133673789860817
    ],
    [
      -1.2279780048400652e-06,
      1.0285273867373664e-07,
      0.029502721119328196
    ],
    [
      0.003050312859327609,
      -0.02985127656208991,
      0.9999999999999999
    ]
  ],
  "E": [
    [
      0.0006409515229715558,
      -0.1184854230951866,
      0.008748085703752243
    ],
    [
      0.11837695729300513,
      -0.005777480231774418,
      -0.6970616062119246
    ],
    [
      -0.011413566348158185,
      0.6969731038321603,
      -0.006412610924880592
    ]
  ],
  "R": [
    [
      0.9999854445652931,
      0.005386313363290717,
      -0.00031350583011535704
    ],
    [
      -0.005388970687058856,
      0.9999431299635305,
      -0.009203033938420358
    ],
    [
      0.0002639175763420043,
      0.009204589457990235,
      0.9999576020414179
    ]
  ],
  "t": [
    [
      0.9857832060768936
    ],
    [
      0.010829021144377572
    ],
    [
      0.16767290454278927
    ]
  ]
}