{
  "image_1": "frame_058",
  "image_2": "frame_059",
  "num_matches": 1000,
  "inlier_count": 820,
  "inlier_ratio": 0.82,
  "reproj_rmse": 0.5217,
  "F": [
    [
      9.074609550613268e-10,
      2.7062303570829014e-07,
      -0.000739576811487988
    ],
    [
      -2.5957333753993975e-07,
      8.30700044214342e-08,
      0.012761186504661277
    ],
    [
      0.0006482017178371597,
      -0.013019774737747639,
      1.0
    ]
  ],
  "E": [
    [
      0.0008645681554615936,
      0.17460400464107806,
      0.011055249416002024
    ],
    [
      -0.16943934099720323,
      -0.01165357385157113,
      -0.686258866277532
    ],
    [
      -0.010456981827125475,
      0.6850720856322052,
      -0.012674263629758157
    ]
  ],
  "R": [
    [
      0.9999587571157112,
      -0.00541312941124255,
      0.007292605678309971
    ],
    [
      0.005546165163094443,
      0.999816286784519,
      -0.01834755385331713
    ],
    [
      -0.00719194824688385,
      0.01838724314283771,
      0.9998050735868569
    ]
  ],
  "t": [
    [
      -0.9689070910521328
    ],
    [
      -0.020162955854533555
    ],
    [
      0.24660191426690561
    ]
  ]
}