{
  "image_1": "frame_075",
  "image_2": "frame_077",
  "num_matches": 1000,
  "inlier_count": 791,
  "inlier_ratio": 0.791,
  "reproj_rmse": 0.3592,
  "F": [
    [
      1.252289593629158e-09,
      2.083259208231912e-07,
      -0.0002706673927810995
    ],
    [
      -2.2635810873155638e-07,
      9.053351894089956e-08,
      0.007161310236300071
    ],
    [
      0.00022439763665764884,
      -0.007410061871800774,
      1.0
    ]
  ],
  "E": [
    [
      0.0018674488853553295,
      0.2871871745779882,
      0.009593135318853108
    ],
    [
      -0.2834463372820304,
      -0.019668789970293005,
      -0.6472277343984767
    ],
    [
      -0.014745574491477119,
      0.645839694565837,
      -0.02166196000528989
    ]
  ],
  "R": [
    [
      0.9999638338937997,
      -0.006678223522828085,
      0.005266140426593957
    ],
    [
      0.006850334727812928,
      0.9994195335586813,
      -0.03337167744457402
    ],
    [
      -0.00504022008749444,
      0.033406545345589435,
      0.9994291365122105
    ]
  ],
  "t": [
    [
      -0.9137045596332841
    ],
    [
      -0.027113554098323684
    ],
    [
      0.4054735908656734
    ]
  ]
}