{
  "image_1": "frame_145",
  "image_2": "frame_147",
  "num_matches": 1000,
  "inlier_count": 867,
  "inlier_ratio": 0.867,
  "reproj_rmse": 0.4431,
  "F": [
    [
      -2.139874100922343e-08,
      -9.970996601618972e-07,
      0.00246165272005349
    ],
    [
      1.229807579089842e-06,
      5.788136061906192e-08,
      -0.020816579718799754
    ],
    [
      -0.002622486078708291,
      0.020463215925465517,
      1.0
    ]
  ],
  "E": [
    [
      0.0030576672263081368,
      0.13194442718627092,
      -0.024060932696766648
    ],
    [
      -0.16109868073382536,
      -0.00753205078366503,
      0.6879791495277763
    ],
    [
      0.015675867822589014,
      -0.6945160560951399,
      -0.008903842389329687
    ]
  ],
  "R": [
    [
      0.9989798240547315,
      -0.015409536129875199,
      0.042448290046117165
    ],
    [
      0.01480952213106397,
      0.9997864407003968,
      0.014413571586572527
    ],
    [
      -0.04266133127114932,
      -0.013770228316691557,
      0.9989946904895338
    ]
  ],
  "t": [
    [
      0.981837451234553
    ],
    [
      0.03674705680324875
    ],
    [
      0.186131333121362
    ]
  ]
}