{
  "image_1": "frame_045",
  "image_2": "frame_047",
  "num_matches": 1000,
  "inlier_count": 771,
  "inlier_ratio": 0.771,
  "reproj_rmse": 0.2799,
  "F": [
    [
      1.1002577193859458e-08,
      -9.876366241744896e-07,
      0.0006847458918955262
    ],
    [
      7.007877522670134e-07,
      1.2904244476120153e-07,
      0.033671625170376994
    ],
    [
      -8.990919237855012e-05,
      -0.03374671484640163,
      1.0
    ]
  ],
  "E": [
    [
      -0.0007321862631370708,
      0.07766922586730463,
      0.02430883758454024
    ],
    [
      -0.060929931282468444,
      -0.008300476011576342,
      -0.703976367078686
    ],
    [
      -0.026502014894446247,
      0.7023054035714587,
      -0.008758947379282955
    ]
  ],
  "R": [
    [
      0.9997246620990854,
      0.0021101291713091913,
      0.023369795586403577
    ],
    [
      -0.0018386776639279026,
      0.999930668455206,
      -0.011630887634785265
    ],
    [
      -0.023392717997659643,
      0.011584715689442655,
      0.9996592294912684
    ]
  ],
  "t": [
    [
      -0.9933539506859962
    ],
    [
      -0.035662870512346304
    ],
    [
      0.10943531570449835
    ]
  ]
}