{
  "image_1": "frame_149",
  "image_2": "frame_151",
  "num_matches": 1000,
  "inlier_count": 853,
  "inlier_ratio": 0.853,
  "reproj_rmse": 0.3141,
  "F": [
    [
      1.5062761748771144e-07,
      1.0850325226216962e-05,
      -0.020559058642656777
    ],
    [
      -9.632528456811553e-06,
      -3.361157897447913e-08,
      0.12041988785489416
    ],
    [
      0.016507341705538595,
      -0.1204105374854933,
      1.0
    ]
  ],
  "E": [
    [
      -0.002865443875731531,
      -0.2580488688187492,
      0.012750306686453777
    ],
    [
      0.2355080587582834,
      -0.001606311480935047,
      -0.6666005263004303
    ],
    [
      -0.004837152264427024,
      0.6583238328062042,
      0.0018562566634677774
    ]
  ],
  "R": [
    [
      0.9993402104480832,
      -0.012776821470248157,
      -0.03399847959391866
    ],
    [
      0.012856729179065997,
      0.9999150743527591,
      0.0021327439912779377
    ],
    [
      0.033968342561815634,
      -0.002568446073715081,
      0.9994196089673096
    ]
  ],
  "t": [
    [
      0.9308490749978325
    ],
    [
      0.018820858605313556
    ],
    [
      0.36491886064855306
    ]
  ]
}