{
  "image_1": "frame_063",
  "image_2": "frame_065",
  "num_matches": 1000,
  "inlier_count": 839,
  "inlier_ratio": 0.839,
  "reproj_rmse": 0.3117,
  "F": [
    [
      -1.9870867628011694e-09,
      -3.12423479702646e-08,
      0.0002637321511586563
    ],
    [
      1.64657331208306e-07,
      2.507528818710193e-08,
      -0.012349761973338721
    ],
    [
      -0.0006135957183714475,
      0.012051372182135138,
      0.9999999999999999
    ]
  ],
  "E": [
    [
      -0.0004249616636158988,
      0.10462931287891986,
      -0.007352670244710231
    ],
    [
      -0.0753276024166885,
      0.006935310757831573,
      -0.7029977419106438
    ],
    [
      0.0032640976221200075,
      0.6992843868879246,
      0.0078092959488149155
    ]
  ],
  "R": [
    [
      0.9991046215450211,
      0.0069902168719322985,
      0.04172639542859519
    ],
    [
      -0.007441168857495826,
      0.9999154735069024,
      0.01066184071825975
    ],
    [
      -0.041648339863845446,
      -0.010962787489989122,
      0.9990721861192187
    ]
  ],
  "t": [
    [
      -0.9889372725651937
    ],
    [
      0.011985712109130941
    ],
    [
      0.14784929366267816
    ]
  ]
}