{
  "image_1": "frame_087",
  "image_2": "frame_089",
  "num_matches": 1000,
  "inlier_count": 787,
  "inlier_ratio": 0.787,
  "reproj_rmse": 0.4468,
  "F": [
    [
      -8.498689440054854e-09,
      3.687818355229344e-06,
      -0.007874696004229121
    ],
    [
      -3.827109524701855e-06,
      3.9797199345963276e-10,
      0.014144713607570204
    ],
    [
      0.008170651326410764,
      -0.014553269538450738,
      1.0
    ]
  ],
  "E": [
    [
      0.002463099555738604,
      -0.38459197668778317,
      -0.007359678171037807
    ],
    [
      0.40865296273514373,
      0.001233348146683348,
      -0.5770063800326158
    ],
    [
      0.004758418356955701,
      0.5933552701101368,
      -0.0007300234533096954
    ]
  ],
  "R": [
    [
      0.9991387744933025,
      0.005612196517036372,
      0.0411121947148978
    ],
    [
      -0.005543346103484123,
      0.9999830361417632,
      -0.0017885029153259903
    ],
    [
      -0.041121534723287,
      0.0015590634866181974,
      0.9991529355924678
    ]
  ],
  "t": [
    [
      0.8390813783509784
    ],
    [
      -0.011390548089638877
    ],
    [
      0.5438866572355306
    ]
  ]
}