{
  "image_1": "frame_138",
  "image_2": "frame_139",
  "num_matches": 1000,
  "inlier_count": 836,
  "inlier_ratio": 0.836,
  "reproj_rmse": 0.1992,
  "F": [
    [
      6.619819584950077e-08,
      -2.0666679617994936e-05,
      0.04467354779221409
    ],
    [
      2.0229000852026934e-05,
      2.0280556537147242e-07,
      -0.11765298827901449
    ],
    [
      -0.04425155013256896,
      0.11714723631181516,
      1.0
    ]
  ],
  "E": [
    [
      -0.00029534192450536524,
      0.11468303863479831,
      -0.002250608732902412
    ],
    [
      -0.10497740104249167,
      -0.0011747453378070708,
      0.699265747180086
    ],
    [
      0.003997690858479155,
      -0.6977331244623298,
      -0.0009663039039936005
    ]
  ],
  "R": [
    [
      0.9999009220373729,
      0.002302509625759746,
      -0.013886848391005985
    ],
    [
      -0.0022841604061327944,
      0.9999964974429086,
      0.0013370539082814387
    ],
    [
      0.01388987833102065,
      -0.0013052016464434263,
      0.9999026791286297
    ]
  ],
  "t": [
    [
      0.9867549322734277
    ],
    [
      0.003400018950331446
    ],
    [
      0.16218243895440912
    ]
  ]
}