{
  "image_1": "frame_016",
  "image_2": "frame_017",
  "num_matches": 1000,
  "inlier_count": 894,
  "inlier_ratio": 0.894,
  "reproj_rmse": 0.3616,
  "F": [
    [
      -3.2096942600718277e-09,
      -6.687665982476859e-06,
      0.015011247098448666
    ],
    [
      6.623917063360765e-06,
      5.079933733093063e-08,
      -0.07534905636850431
    ],
    [
      -0.014927886338497044,
      0.07527485879577304,
      1.0
    ]
  ],
  "E": [
    [
      -0.00030123715062637226,
      -0.18701349100244805,
      0.027329967012249656
    ],
    [
      0.18872703059711168,
      0.00299888652866394,
      -0.6808648781129124
    ],
    [
      -0.027396040288306587,
      0.6814063327145873,
      0.0031520484162898266
    ]
  ],
  "R": [
    [
      0.9999956076833597,
      -0.0012157469698430429,
      0.002703067385941338
    ],
    [
      0.0012029308393689889,
      0.9999880525134808,
      0.004737909633079207
    ],
    [
      -0.002708795190359381,
      -0.004734637219560566,
      0.9999851227088411
    ]
  ],
  "t": [
    [
      -0.9636170778295345
    ],
    [
      -0.039903191698758375
    ],
    [
      -0.26429124580190144
    ]
  ]
}