{
  "image_1": "frame_131",
  "image_2": "frame_133",
  "num_matches": 1000,
  "inlier_count": 887,
  "inlier_ratio": 0.887,
  "reproj_rmse": 0.3855,
  "F": [
    [
      1.9172015496511527e-09,
      6.032725341911452e-07,
      -0.0009334814283190284
    ],
    [
      -7.565094929858469e-07,
      8.048769726607193e-08,
      0.015558542146643177
    ],
    [
      0.0010783982347994726,
      -0.01576005458040976,
      1.0
    ]
  ],
  "E": [
    [
      -3.797927059634562e-05,
      -0.0999202912182357,
      -0.020770603957231886
    ],
    [
      0.12385435347980443,
      -0.012038662597986406,
      -0.6957118626735047
    ],
    [
      0.02808440821779398,
      0.6994210329925471,
      -0.010304099024122347
    ]
  ],
  "R": [
    [
      0.9993610613425612,
      -0.00763791491373389,
      0.03491606117591786
    ],
    [
      0.008195090427682235,
      0.9998409166779926,
      -0.01584240604813053
    ],
    [
      -0.03478950366349021,
      0.01611842400119482,
      0.9992646730684348
    ]
  ],
  "t": [
    [
      0.989529702405837
    ],
    [
      -0.031628274127745694
    ],
    [
      0.14082123537419963
    ]
  ]
}