{
  "image_1": "frame_057",
  "image_2": "frame_059",
  "num_matches": 1000,
  "inlier_count": 853,
  "inlier_ratio": 0.853,
  "reproj_rmse": 0.7752,
  "F": [
    [
      -8.231515782444475e-09,
      -6.592903692567919e-07,
      0.0011168228413958399
    ],
    [
      6.360940391604398e-07,
      6.878015904928876e-08,
      0.007882825074371273
    ],
    [
      -0.0011114130306671872,
      -0.008100522671625948,
      1.0
    ]
  ],
  "E": [
    [
      0.0020667784641629204,
      0.18208655808778726,
      0.040437371915067064
    ],
    [
      -0.1776838721928548,
      -0.016308331579273708,
      -0.6827182204245009
    ],
    [
      -0.03676286480356196,
      0.6823196516569654,
      -0.018754435777550503
    ]
  ],
  "R": [
    [
      0.9999092436184926,
      -0.01247774160495535,
      0.0050804026153757065
    ],
    [
      0.012611268701027613,
      0.9995515760073738,
      -0.027158843917330668
    ],
    [
      -0.004739243404261045,
      0.02722044940142271,
      0.9996182204753672
    ]
  ],
  "t": [
    [
      -0.9645776617184757
    ],
    [
      -0.06416091308443891
    ],
    [
      0.25587753271025804
    ]
  ]
}