{
  "image_1": "frame_133",
  "image_2": "frame_135",
  "num_matches": 1000,
  "inlier_count": 900,
  "inlier_ratio": 0.9,
  "reproj_rmse": 0.2431,
  "F": [
    [
      -1.593183576040334e-08,
      -8.098921086196016e-07,
      0.001824461827020582
    ],
    [
      4.7517954041019674e-07,
      1.1309426695103706e-07,
      -0.0194150392117691
    ],
    [
      -0.0007148495929322738,
      0.01920596269933437,
      1.0
    ]
  ],
  "E": [
    [
      -0.0023000071631573485,
      -0.10415518790904355,
      0.005987879455575175
    ],
    [
      0.06362418093347746,
      0.015702343835556003,
      -0.7040112655192257
    ],
    [
      0.010220603372356765,
      0.6991161360248802,
      0.01778363672833622
    ]
  ],
  "R": [
    [
      0.9979882432320596,
      -0.025378149240050635,
      -0.058098329681125896
    ],
    [
      0.026851213959676754,
      0.9993338464837257,
      0.024715897332150027
    ],
    [
      0.05743238354342202,
      -0.026226185639384187,
      0.9980048639697752
    ]
  ],
  "t": [
    [
      0.9890506075002499
    ],
    [
      0.012127491136486262
    ],
    [
      0.14707759775751347
    ]
  ]
}