{
  "image_1": "frame_065",
  "image_2": "frame_067",
  "num_matches": 1000,
  "inlier_count": 754,
  "inlier_ratio": 0.754,
  "reproj_rmse": 0.3299,
  "F": [
    [
      -1.13035583951457e-09,
      -6.802112853576339e-08,
      0.0005379993379215465
    ],
    [
      2.7160888211480157e-08,
      7.248544721243172e-08,
      0.02163165437034139
    ],
    [
      -0.0005628459678256646,
      -0.021807590997515884,
      1.0
    ]
  ],
  "E": [
    [
      -0.000824111324399659,
      -0.11492715553905096,
      0.014891503940467022
    ],
    [
      0.10846463064376763,
      0.0076944238145485915,
      0.6985653150771104
    ],
    [
      -0.017732570543966732,
      -0.6974024826125808,
      0.00820770193304752
    ]
  ],
  "R": [
    [
      0.9999365911319175,
      -0.005929807232362399,
      0.009573458187490419
    ],
    [
      0.006044081261984809,
      0.9999103045097927,
      -0.011952071654420969
    ],
    [
      -0.00950172601052729,
      0.012009176546329636,
      0.9998827415659797
    ]
  ],
  "t": [
    [
      -0.9864778891294208
    ],
    [
      0.01911650138968083
    ],
    [
      0.16277571573604174
    ]
  ]
}