{
  "image_1": "frame_027",
  "image_2": "frame_029",
  "num_matches": 1000,
  "inlier_count": 863,
  "inlier_ratio": 0.863,
  "reproj_rmse": 0.2801,
  "F": [
    [
      4.258939416618769e-08,
      4.929836199039999e-06,
      -0.021885993686756474
    ],
    [
      -6.308400322398962e-06,
      -1.3017318774251443e-07,
      0.21016363252469397
    ],
    [
      0.026223387089572985,
      -0.21008973789190974,
      0.9999999999999999
    ]
  ],
  "E": [
    [
      -0.0019730361301130814,
      0.2187586195092892,
      0.010775190958700711
    ],
    [
      -0.23440554297828198,
      0.0011248412179594056,
      0.667019380916042
    ],
    [
      -0.006521342315301542,
      -0.6723933446867576,
      0.002693052107938691
    ]
  ],
  "R": [
    [
      0.9996952749843291,
      0.007863944590946454,
      0.023399050183225467
    ],
    [
      -0.007762706297913657,
      0.9999601264173281,
      -0.004414291151875173
    ],
    [
      -0.023432830920290082,
      0.004231306052712103,
      0.9997164590443379
    ]
  ],
  "t": [
    [
      -0.9508150911492956
    ],
    [
      0.016608530077928667
    ],
    [
      -0.30931346425819733
    ]
  ]
}