{
  "image_1": "frame_028",
  "image_2": "frame_029",
  "num_matches": 1000,
  "inlier_count": 815,
  "inlier_ratio": 0.815,
  "reproj_rmse": 0.2204,
  "F": [
    [
      7.188309686828544e-08,
      -4.750406806676086e-06,
      -0.003855581662928952
    ],
    [
      4.069922793309227e-06,
      -1.99109161525611e-07,
      0.1738948953824155
    ],
    [
      0.00593319781877414,
      -0.17332849326818486,
      1.0
    ]
  ],
  "E": [
    [
      -0.0009926968143599807,
      0.2218052101704876,
      -0.002930337791578001
    ],
    [
      -0.23090810717491614,
      0.0014464861995885704,
      0.6683374548282943
    ],
    [
      0.005188402416691,
      -0.6713894974734064,
      0.0025494645842515182
    ]
  ],
  "R": [
    [
      0.9998972651966704,
      0.004654182832382093,
      0.013557198618520838
    ],
    [
      -0.004603668854083972,
      0.9999823536338156,
      -0.0037548174464721276
    ],
    [
      -0.013574434990127726,
      0.0036920188430121757,
      0.9999010469599287
    ]
  ],
  "t": [
    [
      -0.9495186953553761
    ],
    [
      -0.0029665441878894065
    ],
    [
      -0.31369642456713737
    ]
  ]
}