{
  "image_1": "frame_085",
  "image_2": "frame_087",
  "num_matches": 1000,
  "inlier_count": 656,
  "inlier_ratio": 0.656,
  "reproj_rmse": 0.3951,
  "F": [
    [
      1.380934604113067e-08,
      -1.3563980763990944e-07,
      -6.785322171476028e-05
    ],
    [
      8.901224223389447e-08,
      1.1912299771171151e-07,
      0.002305131670026533
    ],
    [
      0.00036846058116081986,
      -0.0026010910805054524,
      1.0
    ]
  ],
  "E": [
    [
      0.029780149722839218,
      -0.42313946160232385,
      0.1436621867482393
    ],
    [
      0.46168916761683343,
      -0.03482238299616696,
      -0.5274118676651166
    ],
    [
      -0.12787185655457264,
      0.5337522223307664,
      -0.07517914782761898
    ]
  ],
  "R": [
    [
      0.9961171787774563,
      0.08145009003605874,
      0.03341330539709558
    ],
    [
      -0.07637838055994726,
      0.9882877505319635,
      -0.1321123201352215
    ],
    [
      -0.04378252079861972,
      0.12904729745945545,
      0.9906714318536334
    ]
  ],
  "t": [
    [
      0.7738569826732793
    ],
    [
      0.1222066773440394
    ],
    [
      0.621458685980281
    ]
  ]
}