{
  "image_1": "frame_079",
  "image_2": "frame_081",
  "num_matches": 1000,
  "inlier_count": 755,
  "inlier_ratio": 0.755,
  "reproj_rmse": 0.2498,
  "F": [
    [
      -3.090929649083258e-09,
      -7.909384856140484e-07,
      0.001973627961716197
    ],
    [
      7.604529750006293e-07,
      6.431955508741316e-08,
      -0.010587876048838504
    ],
    [
      -0.0019109016332571843,
      0.010325230378024615,
      1.0
    ]
  ],
  "E": [
    [
      -0.0002379301941111969,
      -0.07817316154804281,
      0.023152655498298813
    ],
    [
      0.07200251364516518,
      0.016059758337148934,
      -0.7028042540561532
    ],
    [
      -0.021020124584865494,
      0.7023229824997124,
      0.016653529140497184
    ]
  ],
  "R": [
    [
      0.9999523117485186,
      -0.005444672913945122,
      -0.008107389570859158
    ],
    [
      0.0056332485044806035,
      0.9997098086189888,
      0.0234214658437798
    ],
    [
      0.007977514655599094,
      -0.023466019855201876,
      0.9996928054017772
    ]
  ],
  "t": [
    [
      -0.9933306143880148
    ],
    [
      -0.03532430819938839
    ],
    [
      -0.10975647484209658
    ]
  ]
}