{
  "image_1": "frame_067",
  "image_2": "frame_068",
  "num_matches": 1000,
  "inlier_count": 861,
  "inlier_ratio": 0.861,
  "reproj_rmse": 0.8397,
  "F": [
    [
      7.715392149429414e-09,
      2.4602991017367437e-06,
      -0.006467976745881636
    ],
    [
      -2.3566668873499196e-06,
      1.1743163891533493e-07,
      -0.060190075751786386
    ],
    [
      0.006409119679670524,
      0.05974507565864139,
      0.9999999999999999
    ]
  ],
  "E": [
    [
      0.00010954673218490762,
      0.006945813018319452,
      -0.027233871829832647
    ],
    [
      -0.004211506046697723,
      0.0023858015558535514,
      -0.7065646537565242
    ],
    [
      0.028040735930086554,
      0.7065129676534538,
      0.002482901905206134
    ]
  ],
  "R": [
    [
      0.9999923907807935,
      -0.0011216840943496231,
      0.0037363358126539566
    ],
    [
      0.001109094061300088,
      0.9999937065201888,
      0.003369989670237053
    ],
    [
      -0.0037400923619111777,
      -0.0033658200793860926,
      0.9999873414020388
    ]
  ],
  "t": [
    [
      -0.9992097476568012
    ],
    [
      0.03854766477176278
    ],
    [
      0.009693179471942032
    ]
  ]
}