{
  "image_1": "frame_101",
  "image_2": "frame_103",
  "num_matches": 1000,
  "inlier_count": 821,
  "inlier_ratio": 0.821,
  "reproj_rmse": 0.2841,
  "F": [
    [
      6.557913179929778e-08,
      -5.934386736449084e-06,
      0.012126971312102454
    ],
    [
      5.915367823071373e-06,
      2.4799920291344813e-07,
      0.03135433644139511
    ],
    [
      -0.011587706690359148,
      -0.03194751014258539,
      1.0
    ]
  ],
  "E": [
    [
      -0.0013818608518125655,
      0.12423280128508851,
      0.0002926684375834451
    ],
    [
      -0.12060333442359548,
      -0.009767070202820619,
      -0.6966751124279188
    ],
    [
      -0.009487396820261432,
      0.6959930140821091,
      -0.00843548043789275
    ]
  ],
  "R": [
    [
      0.9999254762866677,
      0.011110407534954977,
      0.005059715139030002
    ],
    [
      -0.011048490669738148,
      0.9998656905241222,
      -0.012105030633622584
    ],
    [
      -0.005193527394904335,
      0.012048226306285173,
      0.9999139300540176
    ]
  ],
  "t": [
    [
      0.9844432090177998
    ],
    [
      0.002540782993692179
    ],
    [
      -0.1756846966599989
    ]
  ]
}