{
  "image_1": "frame_118",
  "image_2": "frame_119",
  "num_matches": 1000,
  "inlier_count": 862,
  "inlier_ratio": 0.862,
  "reproj_rmse": 0.2856,
  "F": [
    [
      1.4541504649291287e-09,
      1.5322802193032287e-06,
      -0.002774990376790069
    ],
    [
      -1.8242913536877206e-06,
      1.457048128890308e-07,
      -0.04571211004064454
    ],
    [
      0.0034035747251088106,
      0.04566849694022752,
      1.0
    ]
  ],
  "E": [
    [
      0.0007438294363088945,
      0.17811934420247477,
      0.03336513519942603
    ],
    [
      -0.18919162732337713,
      0.006598259109776864,
      -0.6805568132694202
    ],
    [
      -0.030772554855459017,
      0.6834990885521647,
      0.00686837301156105
    ]
  ],
  "R": [
    [
      0.9998744374353379,
      -0.0012159065361418142,
      -0.015799713119611453
    ],
    [
      0.0013632137237203426,
      0.9999556760404368,
      0.009315986413491042
    ],
    [
      0.015787685444995203,
      -0.00933635506010024,
      0.9998317765816817
    ]
  ],
  "t": [
    [
      0.9666020005066966
    ],
    [
      0.044842280049614755
    ],
    [
      -0.2523286399448226
    ]
  ]
}