{
  "image_1": "frame_069",
  "image_2": "frame_071",
  "num_matches": 1000,
  "inlier_count": 769,
  "inlier_ratio": 0.769,
  "reproj_rmse": 0.394,
  "F": [
    [
      5.017561672722038e-09,
      2.4970353977293186e-08,
      0.00021655081037308323
    ],
    [
      1.8958404902664245e-07,
      4.6998156455543555e-08,
      0.011355088313168804
    ],
    [
      -0.0006667017705478536,
      -0.011730312498586677,
      1.0
    ]
  ],
  "E": [
    [
      0.0005714027856666594,
      0.09566305139826246,
      0.0053194196578982495
    ],
    [
      -0.1403916353750159,
      -0.005845802449619631,
      -0.6929775553730569
    ],
    [
      -0.004879190080010737,
      0.7005718689335627,
      -0.005773291371616069
    ]
  ],
  "R": [
    [
      0.9979355517504833,
      -0.0023920355319355328,
      -0.06417875597479852
    ],
    [
      0.0018305413363017293,
      0.9999595484028941,
      -0.008806286180674309
    ],
    [
      0.06419722479106763,
      0.008670624192860582,
      0.9978995623835252
    ]
  ],
  "t": [
    [
      -0.9907774299715684
    ],
    [
      -0.008731902385781028
    ],
    [
      0.13521774343502138
    ]
  ]
}