{
  "image_1": "frame_121",
  "image_2": "frame_122",
  "num_matches": 1000,
  "inlier_count": 878,
  "inlier_ratio": 0.878,
  "reproj_rmse": 0.6315,
  "F": [
    [
      -2.7255210225490914e-09,
      2.88476973727597e-07,
      -0.0007809395139559454
    ],
    [
      -3.968477673168242e-07,
      1.0133157254044787e-07,
      -0.033708468670206354
    ],
    [
      0.0007693540749541386,
      0.03350839118986882,
      1.0
    ]
  ],
  "E": [
    [
      -0.00041088864450785246,
      0.06915280130696727,
      0.006157072565625487
    ],
    [
      -0.08224865575479826,
      0.004283060217673726,
      -0.7022710304049132
    ],
    [
      -0.010925025079629443,
      0.7036103709638822,
      0.005011514156590814
    ]
  ],
  "R": [
    [
      0.9997997274419879,
      0.007589302902330626,
      -0.018517761430134658
    ],
    [
      -0.007461288131129,
      0.9999478560168842,
      0.006972404654118747
    ],
    [
      0.018569711531173053,
      -0.006832841919229593,
      0.9998042198775497
    ]
  ],
  "t": [
    [
      0.9951681382553829
    ],
    [
      0.008026689944165135
    ],
    [
      -0.09785677723006854
    ]
  ]
}