{
  "image_1": "frame_119",
  "image_2": "frame_121",
  "num_matches": 1000,
  "inlier_count": 815,
  "inlier_ratio": 0.815,
  "reproj_rmse": 0.2504,
  "F": [
    [
      -1.4349886008093411e-08,
      1.8912216480142638e-06,
      -0.004330208446600638
    ],
    [
      -2.132972935968672e-06,
      1.1681022085320364e-07,
      -0.02075200177639685
    ],
    [
      0.00488844157623213,
      0.02073630696815473,
      1.0
    ]
  ],
  "E": [
    [
      2.6543140363638494e-05,
      0.11068839069464392,
      0.013451720199228686
    ],
    [
      -0.13510091493788398,
      0.013362708429805194,
      -0.6938605991378377
    ],
    [
      -0.013538477963978762,
      0.6980734580909006,
      0.014280657493666605
    ]
  ],
  "R": [
    [
      0.9993921210935477,
      0.003969535723551524,
      -0.034635690873423
    ],
    [
      -0.0032816967395872653,
      0.9997967178629588,
      0.01989355214546696
    ],
    [
      0.03470761822207377,
      -0.019767795440930616,
      0.9992019893398713
    ]
  ],
  "t": [
    [
      0.9874888664719175
    ],
    [
      0.015915334913952087
    ],
    [
      -0.15688352593113325
    ]
  ]
}