{
  "image_1": "frame_122",
  "image_2": "frame_123",
  "num_matches": 1000,
  "inlier_count": 834,
  "inlier_ratio": 0.834,
  "reproj_rmse": 0.2536,
  "F": [
    [
      5.75226707322609e-08,
      -1.3053306172123038e-05,
      0.016300973675613527
    ],
    [
      1.280994275050343e-05,
      2.4691757754155696e-07,
      -0.08799808756421164
    ],
    [
      -0.016509168941200785,
      0.08757321003319407,
      1.0
    ]
  ],
  "E": [
    [
      -0.0002259403657991277,
      0.0030364829109905587,
      -0.01466087380963937
    ],
    [
      -0.012887198948924431,
      0.0011910861633481922,
      -0.7068361603039348
    ],
    [
      0.009729167036394985,
      0.7070326129756884,
      0.001076523553383574
    ]
  ],
  "R": [
    [
      0.9998780271458111,
      0.007007922988105196,
      -0.013957788019350902
    ],
    [
      -0.0069832956646258965,
      0.9999739741054611,
      0.0018123723102446683
    ],
    [
      0.013970125721007899,
      -0.0017146798894568539,
      0.9999009428239459
    ]
  ],
  "t": [
    [
      0.9997757623603607
    ],
    [
      -0.02074337984959799
    ],
    [
      -0.004258777896873908
    ]
  ]
}