{
  "image_1": "frame_023",
  "image_2": "frame_024",
  "num_matches": 1000,
  "inlier_count": 882,
  "inlier_ratio": 0.882,
  "reproj_rmse": 4.7132,
  "F": [
    [
      -5.672342172574245e-09,
      -1.3837597027114155e-06,
      0.0032898481791744337
    ],
    [
      1.5100326930973955e-06,
      8.921143401984432e-08,
      -0.020732372204626683
    ],
    [
      -0.0035596593603130157,
      0.020409145235068187,
      1.0
    ]
  ],
  "E": [
    [
      -0.0012186169555745494,
      -0.34378679482399943,
      0.05323533286039902
    ],
    [
      0.35593852045734103,
      0.007608300598053163,
      -0.6082251702400272
    ],
    [
      -0.05751834106803808,
      0.6155782036749989,
      0.006503484971953624
    ]
  ],
  "R": [
    [
      0.9997797043813319,
      -0.0002940658376340832,
      0.02098704916035865
    ],
    [
      3.1160115317493964e-05,
      0.9999215426744048,
      0.012526273375814953
    ],
    [
      -0.020989086121682043,
      -0.01252285993379984,
      0.9997012735026675
    ]
  ],
  "t": [
    [
      -0.8706034160426884
    ],
    [
      -0.08138827560698741
    ],
    [
      -0.48520680185723136
    ]
  ]
}