{
  "image_1": "frame_147",
  "image_2": "frame_149",
  "num_matches": 1000,
  "inlier_count": 874,
  "inlier_ratio": 0.874,
  "reproj_rmse": 0.6534,
  "F": [
    [
      -8.671531165998887e-09,
      9.139554702559985e-07,
      -0.0019261930675970962
    ],
    [
      -8.241985228661782e-07,
      6.202342478289326e-08,
      0.0126590220981344
    ],
    [
      0.00181118376439031,
      -0.012916766156425088,
      1.0
    ]
  ],
  "E": [
    [
      0.0022311320843518665,
      -0.14030412264227202,
      0.023566538112418253
    ],
    [
      0.1162925590761726,
      -0.013847508049022145,
      -0.697038406321005
    ],
    [
      -0.02793818422698101,
      0.6922370311931144,
      -0.014265039273112083
    ]
  ],
  "R": [
    [
      0.999321508601584,
      0.009934194274159446,
      -0.03546595875452138
    ],
    [
      -0.010706279523963101,
      0.9997083570382133,
      -0.02164662668202069
    ],
    [
      0.0352405735624286,
      0.022011648100023415,
      0.9991364217777832
    ]
  ],
  "t": [
    [
      0.9795451939554364
    ],
    [
      0.02904297980096867
    ],
    [
      0.19911734812187262
    ]
  ]
}