{
  "image_1": "frame_064",
  "image_2": "frame_065",
  "num_matches": 1000,
  "inlier_count": 889,
  "inlier_ratio": 0.889,
  "reproj_rmse": 0.7802,
  "F": [
    [
      -3.175511219768258e-08,
      -8.816490581726714e-06,
      0.015419723745351357
    ],
    [
      8.575172483683535e-06,
      3.711144085902621e-08,
      0.1175790948310405
    ],
    [
      -0.015301578068298717,
      -0.11728778475788519,
      0.9999999999999999
    ]
  ],
  "E": [
    [
      0.0004278062209370388,
      0.16899089661072067,
      0.029766482516063095
    ],
    [
      -0.16556952459388366,
      -0.001210319609993939,
      -0.6867845609891109
    ],
    [
      -0.02786786403808933,
      0.6860668945939752,
      -0.001919140038762678
    ]
  ],
  "R": [
    [
      0.9999823436042841,
      -0.003391044224080514,
      0.004879887166101965
    ],
    [
      0.0034036773285635383,
      0.9999908719207296,
      -0.002582838721620774
    ],
    [
      -0.0048710841017767514,
      0.0025994026793115382,
      0.9999847577065286
    ]
  ],
  "t": [
    [
      0.9701091179449072
    ],
    [
      0.04271380382870157
    ],
    [
      -0.23888036805614093
    ]
  ]
}