{
  "image_1": "frame_005",
  "image_2": "frame_007",
  "num_matches": 1000,
  "inlier_count": 830,
  "inlier_ratio": 0.83,
  "reproj_rmse": 0.3916,
  "F": [
    [
      1.133580823324837e-08,
      3.1204521565510797e-06,
      -0.006420940803879828
    ],
    [
      -3.167545163521079e-06,
      8.768512505008569e-08,
      0.012520185878194683
    ],
    [
      0.006266652324351612,
      -0.0127864005681985,
      0.9999999999999999
    ]
  ],
  "E": [
    [
      -0.001048699089084151,
      -0.33196521362768194,
      0.02086058406376992
    ],
    [
      0.3353512618534269,
      -0.012770112366662848,
      -0.6222251427956154
    ],
    [
      -0.012735920476286598,
      0.6239163861175159,
      -0.011886956884770513
    ]
  ],
  "R": [
    [
      0.9999836945992276,
      -0.002847973858329505,
      0.004949705100438573
    ],
    [
      0.0029412183686563457,
      0.999816403022611,
      -0.018934346607054276
    ],
    [
      -0.004894871825381564,
      0.01894859603850487,
      0.9998084771284861
    ]
  ],
  "t": [
    [
      -0.8824543423927004
    ],
    [
      -0.020607138395865605
    ],
    [
      -0.46994646443972815
    ]
  ]
}