{
  "image_1": "frame_108",
  "image_2": "frame_109",
  "num_matches": 1000,
  "inlier_count": 852,
  "inlier_ratio": 0.852,
  "reproj_rmse": 0.4772,
  "F": [
    [
      1.5258852309114864e-08,
      1.6474248927692565e-06,
      -0.0022986001935773773
    ],
    [
      -1.9840288367871392e-06,
      1.3362717121260008e-07,
      -0.04829811227852382
    ],
    [
      0.0032679333175777386,
      0.04827725877482571,
      1.0
    ]
  ],
  "E": [
    [
      0.00033140179647500275,
      0.041254792456793976,
      0.004441193313909428
    ],
    [
      -0.06119507372464501,
      0.008111579839900409,
      -0.7043958214990209
    ],
    [
      -0.00024258078517232183,
      0.7058550719749122,
      0.007915710647486935
    ]
  ],
  "R": [
    [
      0.9995881027928116,
      -0.004987235776414203,
      -0.028262205051584208
    ],
    [
      0.0053014612792261495,
      0.999924846531834,
      0.01105422075920614
    ],
    [
      0.028204951043605854,
      -0.011199498542294248,
      0.9995394199175083
    ]
  ],
  "t": [
    [
      0.9982767232327364
    ],
    [
      0.00563770858695482
    ],
    [
      -0.05841061627477753
    ]
  ]
}