{
  "image_1": "frame_039",
  "image_2": "frame_041",
  "num_matches": 1000,
  "inlier_count": 854,
  "inlier_ratio": 0.854,
  "reproj_rmse": 1.8263,
  "F": [
    [
      2.291575981680698e-08,
      7.4257202057418715e-06,
      -0.0035122077552942697
    ],
    [
      -7.428833250681605e-06,
      6.479745201512474e-07,
      -0.21244592911020693
    ],
    [
      0.004190240355074918,
      0.21142326212079826,
      1.0
    ]
  ],
  "E": [
    [
      -0.0002282072882408089,
      -0.0644972552360989,
      0.04235315644643441
    ],
    [
      0.06452800575244698,
      0.002192148786675611,
      -0.7028646942872597
    ],
    [
      -0.04019790535191926,
      0.7030200441062949,
      0.0024001248622530264
    ]
  ],
  "R": [
    [
      0.9999942554324938,
      -0.00338110155159662,
      0.00023927872822911145
    ],
    [
      0.003380261245176562,
      0.9999884072347675,
      0.003429173367889749
    ],
    [
      -0.00025087033772196177,
      -0.003428344844160061,
      0.9999940917403978
    ]
  ],
  "t": [
    [
      -0.9940284323171612
    ],
    [
      -0.06020884458811539
    ],
    [
      -0.09100753143806865
    ]
  ]
}