{
  "image_1": "frame_135",
  "image_2": "frame_137",
  "num_matches": 1000,
  "inlier_count": 881,
  "inlier_ratio": 0.881,
  "reproj_rmse": 0.2446,
  "F": [
    [
      -2.014041782522282e-09,
      8.985740838354451e-07,
      -0.0018987719643442397
    ],
    [
      -9.028901215490442e-07,
      5.84748821809832e-08,
      0.018939514156078946
    ],
    [
      0.0019144816448413884,
      -0.01917543511613259,
      1.0
    ]
  ],
  "E": [
    [
      0.00021800387710310519,
      -0.10664096383610192,
      0.007552676976688312
    ],
    [
      0.10780663300014738,
      -0.009059988276184762,
      -0.6987546177662268
    ],
    [
      -0.007623822264330024,
      0.6989017180028081,
      -0.009301125076516327
    ]
  ],
  "R": [
    [
      0.9999965473004645,
      0.0021511632545014175,
      0.0015092659811440368
    ],
    [
      -0.002130912220023125,
      0.9999093669453359,
      -0.013293498715080117
    ],
    [
      -0.0015377256777175108,
      0.013290236703300751,
      0.9999104984987958
    ]
  ],
  "t": [
    [
      0.9885045415949312
    ],
    [
      0.00867532638939984
    ],
    [
      0.15094207484406807
    ]
  ]
}