{
  "image_1": "frame_011",
  "image_2": "frame_013",
  "num_matches": 1000,
  "inlier_count": 860,
  "inlier_ratio": 0.86,
  "reproj_rmse": 0.7458,
  "F": [
    [
      5.0902299909996075e-09,
      9.115229206684233e-07,
      -0.00210649176050189
    ],
    [
      -1.0433674524468335e-06,
      7.322511405281091e-08,
      0.009986757275213804
    ],
    [
      0.0022694656806335075,
      -0.01022854637912999,
      1.0
    ]
  ],
  "E": [
    [
      -0.0015355836549054884,
      -0.18124167623288104,
      0.04331548580879308
    ],
    [
      0.20846766020415158,
      -0.015536690619054473,
      -0.6743633827283939
    ],
    [
      -0.03906433593798985,
      0.6818978609344979,
      -0.017205356947613316
    ]
  ],
  "R": [
    [
      0.9992499309949465,
      0.0007867178011533374,
      0.03871635935487178
    ],
    [
      0.00010407487074152316,
      0.9997354416412937,
      -0.023000780306516394
    ],
    [
      -0.03872421174169305,
      0.02298755753421066,
      0.9989854891957118
    ]
  ],
  "t": [
    [
      -0.9646479829121942
    ],
    [
      -0.0553872535649101
    ],
    [
      -0.2576558192744175
    ]
  ]
}