{
  "image_1": "frame_079",
  "image_2": "frame_080",
  "num_matches": 1000,
  "inlier_count": 751,
  "inlier_ratio": 0.751,
  "reproj_rmse": 0.3516,
  "F": [
    [
      1.339050937886979e-08,
      5.157505107004128e-06,
      -0.009956614499626095
    ],
    [
      -5.235447224840101e-06,
      1.0466026065150192e-07,
      -0.0431778650559544
    ],
    [
      0.010349133518398232,
      0.04300995778931965,
      1.0
    ]
  ],
  "E": [
    [
      -0.00010275617722758748,
      -0.1090210359647292,
      0.03313560581213237
    ],
    [
      0.11149046603268681,
      -0.005882562858475376,
      0.697408168001744
    ],
    [
      -0.03553322698482032,
      -0.6977682920633165,
      -0.005509428225975517
    ]
  ],
  "R": [
    [
      0.9999899173828991,
      -0.002142083410476378,
      -0.003946721576897766
    ],
    [
      0.0021739475965472793,
      0.9999649360860889,
      0.008087060664515044
    ],
    [
      0.003929260030903381,
      -0.008095559091665231,
      0.9999595105996056
    ]
  ],
  "t": [
    [
      0.9869310358741264
    ],
    [
      -0.04810652020276523
    ],
    [
      -0.15379497112196122
    ]
  ]
}