{
  "image_1": "frame_035",
  "image_2": "frame_037",
  "num_matches": 1000,
  "inlier_count": 838,
  "inlier_ratio": 0.838,
  "reproj_rmse": 0.316,
  "F": [
    [
      -4.380463029397025e-10,
      -1.6111758311519817e-07,
      0.00044787826691828714
    ],
    [
      4.874733410394691e-07,
      2.2770370889328637e-09,
      -0.03874793294830838
    ],
    [
      -0.0012515822046161723,
      0.03840861077525876,
      1.0
    ]
  ],
  "E": [
    [
      -3.9726820894052514e-05,
      -0.01922133838505908,
      0.004944300185798278
    ],
    [
      0.036480832547837475,
      0.0011763107700868995,
      -0.7061466056982982
    ],
    [
      -0.007981751173238216,
      0.7068000494136562,
      0.0009003752340534856
    ]
  ],
  "R": [
    [
      0.9996922982196746,
      0.004221442259683267,
      0.024443573910392216
    ],
    [
      -0.004258050821630136,
      0.9999898892512102,
      0.0014458210652878792
    ],
    [
      -0.024437223317411935,
      -0.001549458163544688,
      0.9997001656976626
    ]
  ],
  "t": [
    [
      -0.9996060148559925
    ],
    [
      -0.0070336918273143844
    ],
    [
      -0.027172453753745333
    ]
  ]
}