{
  "image_1": "frame_092",
  "image_2": "frame_093",
  "num_matches": 1000,
  "inlier_count": 802,
  "inlier_ratio": 0.802,
  "reproj_rmse": 0.9325,
  "F": [
    [
      6.288949895151468e-08,
      2.8200389756715825e-06,
      -0.005256102639954277
    ],
    [
      -3.0036283499571266e-06,
      1.7079254742173269e-07,
      -0.020487810517598307
    ],
    [
      0.006144988123474736,
      0.019971950695003775,
      1.0
    ]
  ],
  "E": [
    [
      -0.010447841681147324,
      -0.3514642553862152,
      -0.0972111215449017
    ],
    [
      0.3357510602892143,
      0.004614158143727598,
      -0.6157013843397878
    ],
    [
      0.10372471287241056,
      0.603515998727093,
      0.009223949226819761
    ]
  ],
  "R": [
    [
      0.9993380443189666,
      -0.02161297413950533,
      -0.02926350159478286
    ],
    [
      0.02219152930057859,
      0.9995617441675263,
      0.019592233769384494
    ],
    [
      0.028827230252737257,
      -0.020228666432014965,
      0.9993797035413208
    ]
  ],
  "t": [
    [
      0.8566372833796634
    ],
    [
      -0.12776337801721863
    ],
    [
      0.49984906117901157
    ]
  ]
}