{
  "image_1": "frame_115",
  "image_2": "frame_116",
  "num_matches": 1000,
  "inlier_count": 900,
  "inlier_ratio": 0.9,
  "reproj_rmse": 0.4443,
  "F": [
    [
      -1.0271596831554187e-07,
      2.1384135492943075e-05,
      -0.02973731175692323
    ],
    [
      -2.0874852260237054e-05,
      7.86128646324516e-08,
      -0.45032103908408827
    ],
    [
      0.02690473557794804,
      0.4500833471195848,
      1.0
    ]
  ],
  "E": [
    [
      -0.00064140820105547,
      0.11253246345591082,
      0.022178526621182505
    ],
    [
      -0.11503848307749963,
      -0.0014801834855938687,
      -0.6973282872951089
    ],
    [
      -0.026777077789282296,
      0.6975843415416035,
      -0.0006610356708673433
    ]
  ],
  "R": [
    [
      0.9999728142514075,
      0.006415858060088417,
      -0.0036342156613232424
    ],
    [
      -0.006419761859337545,
      0.9999788275522038,
      -0.001063534197567195
    ],
    [
      0.003627315231628042,
      0.0010868360836855905,
      0.9999928306600689
    ]
  ],
  "t": [
    [
      0.9867564504182146
    ],
    [
      0.0315346224377897
    ],
    [
      -0.1591140318945871
    ]
  ]
}