{
  "image_1": "frame_149",
  "image_2": "frame_150",
  "num_matches": 1000,
  "inlier_count": 887,
  "inlier_ratio": 0.887,
  "reproj_rmse": 0.8413,
  "F": [
    [
      2.524947561950284e-08,
      6.899107046086162e-06,
      -0.012829843801714489
    ],
    [
      -6.512590131765284e-06,
      3.842348205678109e-09,
      0.0706113952560875
    ],
    [
      0.011782073361700365,
      -0.0707475821815862,
      1.0
    ]
  ],
  "E": [
    [
      -0.0010376626839872587,
      -0.2728209165143082,
      0.004348586067812446
    ],
    [
      0.26285580150028515,
      -0.002421516186370029,
      -0.6564195812248599
    ],
    [
      -0.0011618631860109514,
      0.6523496129116757,
      -0.001300168128920725
    ]
  ],
  "R": [
    [
      0.9998758057210293,
      -0.0040457681970087105,
      -0.015231706845203308
    ],
    [
      0.004014522621792928,
      0.9999897757049212,
      -0.0020813682374884544
    ],
    [
      0.01523997184515935,
      0.002019961711762341,
      0.9998818245236994
    ]
  ],
  "t": [
    [
      0.9225494681256058
    ],
    [
      0.00534738249150104
    ],
    [
      0.3858417866971528
    ]
  ]
}