{
  "image_1": "frame_055",
  "image_2": "frame_057",
  "num_matches": 1000,
  "inlier_count": 871,
  "inlier_ratio": 0.871,
  "reproj_rmse": 0.9114,
  "F": [
    [
      4.660600148585723e-09,
      -1.4403320758989072e-07,
      -0.00012819808209938645
    ],
    [
      1.8021048344436378e-07,
      4.155915495659248e-08,
      -0.007437829433440499
    ],
    [
      -0.00010169685848318043,
      0.0072079499390647304,
      1.0
    ]
  ],
  "E": [
    [
      -0.0009862905452222926,
      0.043192116182901454,
      0.011005704596776017
    ],
    [
      -0.03218433944169326,
      0.016793195436392287,
      -0.7061043612611622
    ],
    [
      -0.02337518997938571,
      0.7051723481136714,
      0.017224710038587263
    ]
  ],
  "R": [
    [
      0.9996912537072512,
      0.018641965004311197,
      0.016427854455237402
    ],
    [
      -0.0190435751008284,
      0.9995150046173544,
      0.024639354540030682
    ],
    [
      -0.015960561036615646,
      -0.024944592310724496,
      0.9995614177257184
    ]
  ],
  "t": [
    [
      -0.9980103634701714
    ],
    [
      -0.01405616517263546
    ],
    [
      0.06146331122528383
    ]
  ]
}