{
  "image_1": "frame_147",
  "image_2": "frame_148",
  "num_matches": 1000,
  "inlier_count": 858,
  "inlier_ratio": 0.858,
  "reproj_rmse": 0.2291,
  "F": [
    [
      -2.9286331920660453e-09,
      1.7708765537408853e-06,
      -0.003733021360090738
    ],
    [
      -1.7124882216708182e-06,
      6.348806683357608e-08,
      0.021736985126952366
    ],
    [
      0.0035867644065610787,
      -0.02198583481084817,
      1.0
    ]
  ],
  "E": [
    [
      0.0005893469589144972,
      -0.17368440343675168,
      0.012860430571842392
    ],
    [
      0.163754789829373,
      -0.007539415392251436,
      -0.6877570102433815
    ],
    [
      -0.012549454501036308,
      0.6852504338672412,
      -0.007756607476147507
    ]
  ],
  "R": [
    [
      0.9998894425478803,
      0.002305130181587154,
      -0.0146897602477003
    ],
    [
      -0.0024749219975083274,
      0.9999302240195613,
      -0.01155083777464561
    ],
    [
      0.014662109070499474,
      0.011585916754225625,
      0.9998253792990899
    ]
  ],
  "t": [
    [
      0.969193468816715
    ],
    [
      0.01535062764621479
    ],
    [
      0.24582184246703986
    ]
  ]
}