{
  "image_1": "frame_105",
  "image_2": "frame_106",
  "num_matches": 1000,
  "inlier_count": 825,
  "inlier_ratio": 0.825,
  "reproj_rmse": 0.4569,
  "F": [
    [
      -2.593571657189901e-07,
      -1.911016836228723e-05,
      -0.03367457762895421
    ],
    [
      2.3182340180464614e-05,
      -4.1572237126846645e-07,
      1.369258230170168
    ],
    [
      0.022340368011799075,
      -1.3734554928984326,
      1.0
    ]
  ],
  "E": [
    [
      0.00038355360893636316,
      0.14839109817432958,
      -0.009046657498597824
    ],
    [
      -0.15615334172879497,
      0.002908815463330427,
      -0.6895768586063155
    ],
    [
      0.011851392373082104,
      0.6912624861803973,
      0.002289386389454216
    ]
  ],
  "R": [
    [
      0.9999307856355477,
      -0.003273521792188646,
      -0.011300796138006663
    ],
    [
      0.0033129047403637688,
      0.9999884987111256,
      0.003468012060324936
    ],
    [
      0.011289313551230667,
      -0.00350521048516989,
      0.9999301300085905
    ]
  ],
  "t": [
    [
      0.9776482934648316
    ],
    [
      -0.013522480111055467
    ],
    [
      -0.20981171753967634
    ]
  ]
}