{
  "image_1": "frame_123",
  "image_2": "frame_125",
  "num_matches": 1000,
  "inlier_count": 874,
  "inlier_ratio": 0.874,
  "reproj_rmse": 0.3599,
  "F": [
    [
      2.241753446378606e-09,
      1.7329022500536204e-07,
      4.29168895112445e-05
    ],
    [
      2.3119090214484026e-07,
      2.7120597160312568e-08,
      0.04253928130250434
    ],
    [
      -0.0004943255542744722,
      -0.04311086765936561,
      1.0
    ]
  ],
  "E": [
    [
      0.0003428648328304756,
      -0.012855899106382481,
      0.008194294561471319
    ],
    [
      0.0346877250979429,
      0.001795463172876316,
      0.7062059120857009
    ],
    [
      -0.0031850561267851903,
      -0.7069800614614998,
      0.0018049173397951539
    ]
  ],
  "R": [
    [
      0.9994987985971092,
      0.006974365569151372,
      -0.03087895444867124
    ],
    [
      -0.007045525487363121,
      0.9999727681068131,
      -0.0021962730715754555
    ],
    [
      0.030862795944990064,
      0.0024127307570219157,
      0.999520718422961
    ]
  ],
  "t": [
    [
      0.9997674347952256
    ],
    [
      -0.011554027409450865
    ],
    [
      -0.018209359505379163
    ]
  ]
}