{
  "image_1": "frame_007",
  "image_2": "frame_009",
  "num_matches": 1000,
  "inlier_count": 868,
  "inlier_ratio": 0.868,
  "reproj_rmse": 0.2735,
  "F": [
    [
      -3.995152448057459e-09,
      5.256271178274455e-07,
      -0.001342970430655304
    ],
    [
      -5.638838210652655e-07,
      6.61666934558825e-08,
      0.011690354612083537
    ],
    [
      0.0014933777926285573,
      -0.011947113773295078,
      1.0
    ]
  ],
  "E": [
    [
      0.0013977621908958671,
      -0.20410448913660045,
      0.05822714970269549
    ],
    [
      0.21327122144362784,
      -0.012396870005970216,
      -0.6719122907044583
    ],
    [
      -0.060486873757439094,
      0.6737620285462617,
      -0.01518707092262092
    ]
  ],
  "R": [
    [
      0.9998809640885983,
      0.010160045952614036,
      0.011611680304611405
    ],
    [
      -0.009907665557616685,
      0.9997178214695644,
      -0.021589710497045216
    ],
    [
      -0.011827756188480976,
      0.02147209590115921,
      0.9996994814848895
    ]
  ],
  "t": [
    [
      -0.9538857403512115
    ],
    [
      -0.07609963485217075
    ],
    [
      -0.2903632895701306
    ]
  ]
}