{
  "image_1": "frame_111",
  "image_2": "frame_112",
  "num_matches": 1000,
  "inlier_count": 826,
  "inlier_ratio": 0.826,
  "reproj_rmse": 0.366,
  "F": [
    [
      -1.1305386000650347e-09,
      2.155958418844927e-06,
      -0.0032426894691740967
    ],
    [
      -2.134117766823629e-06,
      4.426150148181391e-08,
      0.02094125072072931
    ],
    [
      0.003154605700191601,
      -0.021238526486991056,
      1.0
    ]
  ],
  "E": [
    [
      5.7653417605353176e-05,
      -0.04927198018867647,
      -0.010473112415538876
    ],
    [
      0.05185425222888812,
      0.007040204693177935,
      0.7050826259052766
    ],
    [
      0.012383340577839486,
      -0.7052529712618577,
      0.006895263108612011
    ]
  ],
  "R": [
    [
      0.9999906929534788,
      0.001984391101119703,
      -0.003830952672589677
    ],
    [
      -0.0020219900829853785,
      0.9999495837339123,
      -0.009835728060485568
    ],
    [
      0.003811241599024101,
      0.009843382667219503,
      0.9999442895757445
    ]
  ],
  "t": [
    [
      0.9974593551225049
    ],
    [
      0.01549597949022898
    ],
    [
      -0.06953207531948996
    ]
  ]
}