{
  "image_1": "frame_141",
  "image_2": "frame_143",
  "num_matches": 1000,
  "inlier_count": 856,
  "inlier_ratio": 0.856,
  "reproj_rmse": 0.5414,
  "F": [
    [
      2.9230686752390046e-08,
      5.744229829651877e-06,
      -0.010666233207521325
    ],
    [
      -5.060654773053037e-06,
      -4.5458986968074565e-09,
      0.058910897015755574
    ],
    [
      0.009046822561118424,
      -0.05913288482936681,
      0.9999999999999999
    ]
  ],
  "E": [
    [
      -0.0005313674374698304,
      -0.1387892747420737,
      0.0012181322943824405
    ],
    [
      0.11043620061406377,
      -0.0014367419747533987,
      -0.6984273280761069
    ],
    [
      0.001839643024888419,
      0.6933488061987213,
      -0.0009319003039275303
    ]
  ],
  "R": [
    [
      0.9991617093956231,
      -0.004182803730630513,
      -0.0407232443521742
    ],
    [
      0.00412904165005063,
      0.9999904895715019,
      -0.0014042014101434265
    ],
    [
      0.040728730555568554,
      0.0012348763092394222,
      0.999169477910446
    ]
  ],
  "t": [
    [
      0.9805465527132724
    ],
    [
      0.0014482835227572221
    ],
    [
      0.196281329822669
    ]
  ]
}