{
  "image_1": "frame_130",
  "image_2": "frame_131",
  "num_matches": 1000,
  "inlier_count": 864,
  "inlier_ratio": 0.864,
  "reproj_rmse": 1.42,
  "F": [
    [
      2.2015250472562016e-08,
      3.982156588527501e-06,
      -0.004491600731899919
    ],
    [
      -3.114099783520171e-06,
      -4.44814588818307e-08,
      0.06508820102960844
    ],
    [
      0.0031254092950849816,
      -0.06546368499643722,
      1.0
    ]
  ],
  "E": [
    [
      -0.003847555677587828,
      -0.024063911489842257,
      -0.08880111979428884
    ],
    [
      -0.007433049895142878,
      0.0001651008223238038,
      -0.7014587877674736
    ],
    [
      0.08462928605380905,
      0.7016012851015168,
      -0.00378125152313829
    ]
  ],
  "R": [
    [
      0.9989740458657572,
      0.005945465259319299,
      -0.04489439975598922
    ],
    [
      -0.0059380610011956075,
      0.9999823250724369,
      0.0002982855492364533
    ],
    [
      0.04489537969709578,
      -3.139383758091457e-05,
      0.9989916936072494
    ]
  ],
  "t": [
    [
      0.9914842263349467
    ],
    [
      -0.12570034058050322
    ],
    [
      0.0340360589219393
    ]
  ]
}