{
  "image_1": "frame_071",
  "image_2": "frame_073",
  "num_matches": 1000,
  "inlier_count": 759,
  "inlier_ratio": 0.759,
  "reproj_rmse": 0.3199,
  "F": [
    [
      -1.4105556080855784e-09,
      5.306184187102802e-07,
      -0.0010177177043093053
    ],
    [
      -4.1231080759348696e-07,
      3.212756718386922e-08,
      -0.002396654049796333
    ],
    [
      0.0008342692729572202,
      0.00195787107441945,
      1.0
    ]
  ],
  "E": [
    [
      -0.000252925633135273,
      0.16499723861071158,
      -9.678274074704326e-06
    ],
    [
      -0.06900219272544561,
      0.024766765597632436,
      -0.7032706184775571
    ],
    [
      0.0014471426795755415,
      0.6871399883422507,
      0.025458422810106917
    ]
  ],
  "R": [
    [
      0.9905244951705444,
      0.001526438455692465,
      0.13732769004384932
    ],
    [
      -0.006507776024893099,
      0.999336648764054,
      0.035831707861048244
    ],
    [
      -0.13718189865411687,
      -0.03638588218898509,
      0.9898773632420236
    ]
  ],
  "t": [
    [
      -0.9723948243237365
    ],
    [
      0.008454810122758812
    ],
    [
      0.2331883826741761
    ]
  ]
}