{
  "image_1": "frame_027",
  "image_2": "frame_028",
  "num_matches": 1000,
  "inlier_count": 870,
  "inlier_ratio": 0.87,
  "reproj_rmse": 0.5917,
  "F": [
    [
      1.9155747313449138e-07,
      -5.697202224892688e-05,
      0.1089716206675166
    ],
    [
      5.842671964483859e-05,
      -2.6338451192855185e-07,
      -0.5049689190898456
    ],
    [
      -0.11361628802007896,
      0.5056900730887585,
      0.9999999999999999
    ]
  ],
  "E": [
    [
      -0.00034240448575824074,
      0.18379412466878026,
      -0.006616575080420064
    ],
    [
      -0.19555781367089445,
      -0.0004447370734721414,
      0.679494884586187
    ],
    [
      0.008301279199816424,
      -0.6827521758521846,
      0.00015526030919204962
    ]
  ],
  "R": [
    [
      0.9998477893739485,
      0.0024843854545905097,
      0.017269218654637458
    ],
    [
      -0.002483714487495032,
      0.9999969137583175,
      -6.030078368604759e-05
    ],
    [
      -0.017269315168044752,
      1.739979670548628e-05,
      0.9998508741061707
    ]
  ],
  "t": [
    [
      -0.9655835783924768
    ],
    [
      -0.009342969806168444
    ],
    [
      -0.25992510854856016
    ]
  ]
}