{
  "image_1": "frame_099",
  "image_2": "frame_101",
  "num_matches": 1000,
  "inlier_count": 825,
  "inlier_ratio": 0.825,
  "reproj_rmse": 0.3053,
  "F": [
    [
      -3.2772794114505143e-09,
      -2.9510856866718195e-06,
      0.005011262212639205
    ],
    [
      2.8790720183090997e-06,
      1.8679937536534348e-07,
      0.013734962197811134
    ],
    [
      -0.004661263031693939,
      -0.013943011907340201,
      1.0
    ]
  ],
  "E": [
    [
      -0.0004324947710514027,
      -0.05052238004783149,
      0.03292829477184548
    ],
    [
      0.059222192577604124,
      -0.019331310340027278,
      -0.7036507886898389
    ],
    [
      -0.030406218407177457,
      0.7043072855852512,
      -0.0196045592327573
    ]
  ],
  "R": [
    [
      0.9999370908231915,
      -0.001298513791076511,
      0.011141286190900088
    ],
    [
      0.0016025936947214048,
      0.9996252440691124,
      -0.027327698644731998
    ],
    [
      -0.011101625534255588,
      0.027343834436706627,
      0.9995644394579045
    ]
  ],
  "t": [
    [
      0.9963563915246338
    ],
    [
      0.04460044670004057
    ],
    [
      0.07269622563907646
    ]
  ]
}