{
  "image_1": "frame_093",
  "image_2": "frame_094",
  "num_matches": 1000,
  "inlier_count": 785,
  "inlier_ratio": 0.785,
  "reproj_rmse": 0.2343,
  "F": [
    [
      -9.785800782347258e-08,
      -7.382547889360212e-06,
      0.01555193098407864
    ],
    [
      7.286683196771415e-06,
      -4.506207334753734e-08,
      -0.02328168204913097
    ],
    [
      -0.015133526273141525,
      0.02303533888172851,
      1.0
    ]
  ],
  "E": [
    [
      -0.006295563166616185,
      -0.6035466472274972,
      0.08179469272780207
    ],
    [
      0.5942216318850405,
      -0.005435847862626054,
      -0.3733909732427442
    ],
    [
      -0.08131540811130047,
      0.36030149353280777,
      0.0047288229906844595
    ]
  ],
  "R": [
    [
      0.9996241705002626,
      -0.013649014521425348,
      -0.02377440123863689
    ],
    [
      0.013829708932208556,
      0.9998765913050324,
      0.007452604315242292
    ],
    [
      0.02366974656628512,
      -0.007778596455858655,
      0.999689570083966
    ]
  ],
  "t": [
    [
      0.5079398364893916
    ],
    [
      0.12206788978857468
    ],
    [
      0.8526995677198942
    ]
  ]
}