{
  "image_1": "frame_003",
  "image_2": "frame_005",
  "num_matches": 1000,
  "inlier_count": 896,
  "inlier_ratio": 0.896,
  "reproj_rmse": 0.3627,
  "F": [
    [
      1.456366987594502e-08,
      6.321561049619503e-07,
      -0.0016512652261086954
    ],
    [
      -6.264140254013046e-07,
      6.233035810773943e-08,
      0.00644976435504683
    ],
    [
      0.0014094159540048448,
      -0.006686754173807871,
      0.9999999999999999
    ]
  ],
  "E": [
    [
      -0.0045309228105434255,
      -0.19980952021798354,
      0.03209054537257587
    ],
    [
      0.19715041333813307,
      -0.024415619350542303,
      -0.6781203460474579
    ],
    [
      -0.01047714054103621,
      0.6776556451251322,
      -0.019679119679689015
    ]
  ],
  "R": [
    [
      0.9997162781079987,
      -0.023391569727968083,
      -0.00449419086734687
    ],
    [
      0.02325053143862773,
      0.9993025562897182,
      -0.029220092071312244
    ],
    [
      0.005174560243337345,
      0.029107309365452333,
      0.999562898705125
    ]
  ],
  "t": [
    [
      -0.9581501169090727
    ],
    [
      -0.03710494114824581
    ],
    [
      -0.28385132870838475
    ]
  ]
}