{
  "image_1": "frame_090",
  "image_2": "frame_091",
  "num_matches": 1000,
  "inlier_count": 787,
  "inlier_ratio": 0.787,
  "reproj_rmse": 1.758,
  "F": [
    [
      -1.257047642011135e-07,
      4.305491339199539e-05,
      -0.07404868906394098
    ],
    [
      -4.3416263032971576e-05,
      -4.1966233604206354e-07,
      -0.1273120485410288
    ],
    [
      0.0743246684216936,
      0.12749461415334834,
      1.0
    ]
  ],
  "E": [
    [
      -0.0015394334522799045,
      -0.1361370461960417,
      -0.17658398947641055
    ],
    [
      0.1280310496504222,
      0.00302730637750195,
      -0.6727396242111421
    ],
    [
      0.17246536862097803,
      0.6719809577376329,
      4.7754170527765964e-05
    ]
  ],
  "R": [
    [
      0.9999013368446452,
      0.005473408575554728,
      -0.012936706491860767
    ],
    [
      -0.005428983394312359,
      0.999979253959897,
      0.0034666683014377628
    ],
    [
      0.01295541259843841,
      -0.0033960931042830086,
      0.9999103078956788
    ]
  ],
  "t": [
    [
      0.9489809581422146
    ],
    [
      -0.24907944017023628
    ],
    [
      0.19337676584317434
    ]
  ]
}