{
  "image_1": "frame_033",
  "image_2": "frame_035",
  "num_matches": 1000,
  "inlier_count": 885,
  "inlier_ratio": 0.885,
  "reproj_rmse": 0.8191,
  "F": [
    [
      -2.2548017394359654e-08,
      3.532859378702685e-06,
      -0.0029395102112176443
    ],
    [
      -5.319076725162119e-06,
      4.376761443507861e-07,
      0.4500171859176453
    ],
    [
      0.007280891951917614,
      -0.4500598189685,
      1.0
    ]
  ],
  "E": [
    [
      0.0006309929877025547,
      0.023540559904813806,
      -0.06928179247591883
    ],
    [
      -0.017023415380288093,
      -0.003330741009199586,
      -0.703501306817454
    ],
    [
      0.06794093682559245,
      0.703425632985575,
      -0.002627904088667118
    ]
  ],
  "R": [
    [
      0.99995118331257,
      0.001793734807150435,
      0.009716661321304821
    ],
    [
      -0.0017482055581263256,
      0.9999874636398395,
      -0.0046921573383312066
    ],
    [
      -0.009724955995677298,
      0.004674941561424872,
      0.9999417833815524
    ]
  ],
  "t": [
    [
      -0.9946310643836659
    ],
    [
      0.09782658942365055
    ],
    [
      0.033749135763045404
    ]
  ]
}