{
  "image_1": "frame_125",
  "image_2": "frame_127",
  "num_matches": 1000,
  "inlier_count": 812,
  "inlier_ratio": 0.812,
  "reproj_rmse": 0.8855,
  "F": [
    [
      9.010312664078263e-10,
      -4.46808397689524e-07,
      0.001032573400441722
    ],
    [
      8.334977625525649e-07,
      -6.164173652461013e-08,
      0.05008430919940756
    ],
    [
      -0.0018256339376472926,
      -0.05040998781059022,
      1.0
    ]
  ],
  "E": [
    [
      0.0003458965920178,
      0.013229978336257185,
      0.013484623821788205
    ],
    [
      -0.0304101397400769,
      -0.00066944331349473,
      -0.7063232077912585
    ],
    [
      -0.012566988270235863,
      0.7068714448573761,
      -0.0003815525152957431
    ]
  ],
  "R": [
    [
      0.9997031339862748,
      -0.0013410185368233005,
      -0.02432787634183805
    ],
    [
      0.0013169706540022037,
      0.9999986282973118,
      -0.0010044858345250615
    ],
    [
      0.02432919000534766,
      0.0009721485376031384,
      0.9997035287728581
    ]
  ],
  "t": [
    [
      0.9996429492065201
    ],
    [
      0.01909457420866563
    ],
    [
      -0.018691477669794034
    ]
  ]
}