{
  "image_1": "frame_143",
  "image_2": "frame_144",
  "num_matches": 1000,
  "inlier_count": 745,
  "inlier_ratio": 0.745,
  "reproj_rmse": 0.4748,
  "F": [
    [
      2.1400669702900675e-07,
      -2.9072993125757032e-05,
      0.04988856815786838
    ],
    [
      2.7902524436254357e-05,
      1.3317357825289334e-07,
      -0.1404771279111483
    ],
    [
      -0.048724758923064236,
      0.13913518610534262,
      1.0
    ]
  ],
  "E": [
    [
      0.0022035648837193853,
      -0.15333948811051543,
      0.024120063568353573
    ],
    [
      0.12894285512248924,
      -0.0025620428330291422,
      -0.694855133091234
    ],
    [
      -0.029490827871237607,
      0.6896129108105528,
      -0.002865763821124107
    ]
  ],
  "R": [
    [
      0.9993321959986142,
      0.008781696719293061,
      -0.03546891376003625
    ],
    [
      -0.008977070557244164,
      0.9999453782882779,
      -0.005352816466365989
    ],
    [
      0.03541996957645291,
      0.005667648775523622,
      0.9993564446745519
    ]
  ],
  "t": [
    [
      0.9756027554504615
    ],
    [
      0.03297029166229332
    ],
    [
      0.21705350360031078
    ]
  ]
}