{
  "image_1": "frame_106",
  "image_2": "frame_107",
  "num_matches": 1000,
  "inlier_count": 814,
  "inlier_ratio": 0.814,
  "reproj_rmse": 0.3055,
  "F": [
    [
      -6.385936245649901e-09,
      4.040224794532467e-06,
      -0.01261079675480324
    ],
    [
      -4.383912842825417e-06,
      2.2462834145382669e-07,
      -0.062281836841935445
    ],
    [
      0.013763359121535968,
      0.06206601490270344,
      0.9999999999999999
    ]
  ],
  "E": [
    [
      0.0007328783417373685,
      0.12286976068657769,
      0.006404375311361711
    ],
    [
      -0.136550597300753,
      0.007129363613749254,
      -0.6937401329878576
    ],
    [
      -0.0016986263670399943,
      0.6963069183929568,
      0.006556925717157772
    ]
  ],
  "R": [
    [
      0.999794725110962,
      -0.004939243902807504,
      -0.01964972035333931
    ],
    [
      0.0051221306211128165,
      0.9999439330685761,
      0.009267928422638226
    ],
    [
      0.01960284209486257,
      -0.009366674383977782,
      0.9997639691411111
    ]
  ],
  "t": [
    [
      0.9847451129861277
    ],
    [
      0.0074477423773799374
    ],
    [
      -0.17384358942284597
    ]
  ]
}