{
  "image_1": "frame_013",
  "image_2": "frame_015",
  "num_matches": 1000,
  "inlier_count": 793,
  "inlier_ratio": 0.793,
  "reproj_rmse": 0.5728,
  "F": [
    [
      8.150525761680915e-09,
      -1.6959973739936802e-06,
      0.0029625595014186007
    ],
    [
      1.8172654314585216e-06,
      6.27825205601309e-08,
      -0.014679926909310522
    ],
    [
      -0.003332140844126831,
      0.014401689352315885,
      1.0
    ]
  ],
  "E": [
    [
      -0.00031541351666171304,
      -0.1249156371629162,
      0.030272677491364513
    ],
    [
      0.14406122805533464,
      0.010757807271517808,
      -0.6914478343856227
    ],
    [
      -0.03539577943087526,
      0.6951059161768984,
      0.009218333671870672
    ]
  ],
  "R": [
    [
      0.9995891323904846,
      0.004342184263578089,
      0.028332169748526065
    ],
    [
      -0.004756303476884063,
      0.999882603696645,
      0.01456558965692172
    ],
    [
      -0.028265597182333208,
      -0.01469436152540035,
      0.9994924370675783
    ]
  ],
  "t": [
    [
      -0.9833407843713184
    ],
    [
      -0.045398777017231266
    ],
    [
      -0.1760109452202896
    ]
  ]
}