{
  "image_1": "frame_086",
  "image_2": "frame_087",
  "num_matches": 1000,
  "inlier_count": 680,
  "inlier_ratio": 0.68,
  "reproj_rmse": 1.69,
  "F": [
    [
      1.345191994288981e-07,
      -2.0652147504690475e-06,
      0.0033850163521010643
    ],
    [
      2.0204605247008824e-06,
      2.708957360717267e-07,
      0.005674676476414511
    ],
    [
      -0.0027291260726871073,
      -0.006368643153144018,
      1.0
    ]
  ],
  "E": [
    [
      0.020841263807090338,
      -0.3252184085112309,
      -0.018555892021101823
    ],
    [
      0.3342039942646796,
      -0.011800085099043133,
      -0.6220124219562133
    ],
    [
      -0.0035983778317424144,
      0.6274228297566197,
      -0.032418310847070586
    ]
  ],
  "R": [
    [
      0.9979124298918065,
      0.06318904475304288,
      0.013338923893188248
    ],
    [
      -0.06240954331719572,
      0.9966720097404034,
      -0.05244000288867362
    ],
    [
      -0.016608165773780104,
      0.05149805455765319,
      0.9985349864708837
    ]
  ],
  "t": [
    [
      0.8870786970286432
    ],
    [
      -0.05037847020735301
    ],
    [
      0.4588609756969224
    ]
  ]
}