{
  "image_1": "frame_141",
  "image_2": "frame_142",
  "num_matches": 1000,
  "inlier_count": 829,
  "inlier_ratio": 0.829,
  "reproj_rmse": 0.3544,
  "F": [
    [
      -6.0855798731641516e-09,
      4.64304615869421e-06,
      -0.011451537442475885
    ],
    [
      -4.0022403419849554e-06,
      -7.493028597395592e-08,
      0.09097749885362831
    ],
    [
      0.010003367333235091,
      -0.09131200859186081,
      0.9999999999999999
    ]
  ],
  "E": [
    [
      -0.0007292298417949399,
      -0.16711596598350806,
      0.0054633673793346525
    ],
    [
      0.15538169449735123,
      -0.0007334058753548162,
      -0.6898014577104402
    ],
    [
      -0.002089493902895174,
      0.6870716355304541,
      0.00012446026468399899
    ]
  ],
  "R": [
    [
      0.9998426484354782,
      -0.004920106794565286,
      -0.01704320740525933
    ],
    [
      0.004921595677816613,
      0.9999878878432766,
      4.54172479224075e-05
    ],
    [
      0.017042777517550123,
      -0.0001292898773490466,
      0.9998547529609564
    ]
  ],
  "t": [
    [
      -0.9716397210428516
    ],
    [
      -0.007738226089431602
    ],
    [
      -0.2363395276900552
    ]
  ]
}