{
  "image_1": "frame_046",
  "image_2": "frame_047",
  "num_matches": 1000,
  "inlier_count": 888,
  "inlier_ratio": 0.888,
  "reproj_rmse": 0.8536,
  "F": [
    [
      -8.3879855265012e-08,
      1.948838799805289e-05,
      -0.024787471061284802
    ],
    [
      -2.1062428552336893e-05,
      6.630066752029231e-07,
      0.3729164496931244
    ],
    [
      0.028267698672745253,
      -0.37283131415925763,
      1.0
    ]
  ],
  "E": [
    [
      -0.0002923802864594533,
      0.14873447440083407,
      -0.007093133114671495
    ],
    [
      -0.1402647455180479,
      -0.0029243805770594916,
      -0.6930183689228918
    ],
    [
      0.004809189349528912,
      0.6912605428951132,
      -0.002486188588915592
    ]
  ],
  "R": [
    [
      0.999921547397801,
      0.0025504791853767092,
      0.012263527449802053
    ],
    [
      -0.002505119303131591,
      0.9999899700568405,
      -0.003712702923203835
    ],
    [
      -0.012272873618846047,
      0.003681690052659154,
      0.9999179074961562
    ]
  ],
  "t": [
    [
      -0.977576245723159
    ],
    [
      0.009250891682086182
    ],
    [
      0.21037847989017372
    ]
  ]
}