{
  "image_1": "frame_063",
  "image_2": "frame_064",
  "num_matches": 1000,
  "inlier_count": 838,
  "inlier_ratio": 0.838,
  "reproj_rmse": 1.3514,
  "F": [
    [
      -9.144919085096066e-09,
      7.313211515136341e-07,
      -0.0012414685732085428
    ],
    [
      -6.232138007482119e-07,
      3.0667404623512714e-08,
      -0.00982540661186242
    ],
    [
      0.0009748547137299061,
      0.009522939571415942,
      0.9999999999999999
    ]
  ],
  "E": [
    [
      -0.003170264047054222,
      0.2280734750994796,
      0.018705271161919255
    ],
    [
      -0.20951397305540512,
      0.0069092397034572345,
      -0.6751407645132553
    ],
    [
      -0.023537012674717174,
      0.66875295729751,
      0.008896569371346209
    ]
  ],
  "R": [
    [
      0.9995369079847396,
      0.011586054436958447,
      0.028137749001833467
    ],
    [
      -0.011982177733750363,
      0.9998308921407177,
      0.013950431457603659
    ],
    [
      -0.027971360229047726,
      -0.014281122633753827,
      0.9995067046014531
    ]
  ],
  "t": [
    [
      -0.9461739292674252
    ],
    [
      -0.02195930753478594
    ],
    [
      0.3229128123615318
    ]
  ]
}