{
  "image_1": "frame_009",
  "image_2": "frame_011",
  "num_matches": 1000,
  "inlier_count": 779,
  "inlier_ratio": 0.779,
  "reproj_rmse": 0.877,
  "F": [
    [
      6.43205522011858e-08,
      1.1379086332197045e-06,
      -0.005334841368788713
    ],
    [
      -1.570152701109554e-06,
      1.4404216913372793e-08,
      0.027225935154357044
    ],
    [
      0.005740162618847359,
      -0.027177905639386962,
      0.9999999999999999
    ]
  ],
  "E": [
    [
      -0.0036769439184656323,
      -0.15519223558351355,
      0.03255235389243899
    ],
    [
      0.19355433815255402,
      -0.004984022512170685,
      -0.6793289123058641
    ],
    [
      -0.023561748919935347,
      0.6894137477276043,
      -0.004453020698664602
    ]
  ],
  "R": [
    [
      0.9983672293053873,
      -0.011937157330945719,
      0.05586035914618165
    ],
    [
      0.012172126167761546,
      0.9999184356114905,
      -0.003868005794418046
    ],
    [
      -0.05580962993642119,
      0.004541629567214273,
      0.9984310986779379
    ]
  ],
  "t": [
    [
      -0.9745175158549723
    ],
    [
      -0.04525718964445483
    ],
    [
      -0.21969842529553898
    ]
  ]
}