{
  "image_1": "frame_025",
  "image_2": "frame_026",
  "num_matches": 1000,
  "inlier_count": 754,
  "inlier_ratio": 0.754,
  "reproj_rmse": 1.1981,
  "F": [
    [
      -4.32555441510587e-09,
      -1.9561550781668044e-06,
      0.004181578103593488
    ],
    [
      2.0385281518074475e-06,
      1.0500451651797127e-07,
      -0.02646874329998867
    ],
    [
      -0.004357934452540279,
      0.026129113096981828,
      1.0
    ]
  ],
  "E": [
    [
      0.00023098813405481624,
      -0.22438111009086775,
      -0.03904299830884819
    ],
    [
      0.2350261695510604,
      0.005541329273196966,
      -0.6658518380972233
    ],
    [
      0.03807027722034395,
      0.6693358046415041,
      0.006501228944954594
    ]
  ],
  "R": [
    [
      0.9998796485845769,
      -0.0016547853657522954,
      0.01542562905610051
    ],
    [
      0.0015182651684496479,
      0.9999596169066659,
      0.008857732596566723
    ],
    [
      -0.015439663767757017,
      -0.008833246360613979,
      0.9998417827543873
    ]
  ],
  "t": [
    [
      -0.9467087285477203
    ],
    [
      0.05240845486184019
    ],
    [
      -0.3177985795288479
    ]
  ]
}