{
  "image_1": "frame_137",
  "image_2": "frame_139",
  "num_matches": 1000,
  "inlier_count": 760,
  "inlier_ratio": 0.76,
  "reproj_rmse": 0.2552,
  "F": [
    [
      3.1691974551984315e-08,
      -4.242263711280918e-06,
      0.006917866362553882
    ],
    [
      4.560195766726299e-06,
      2.165302142604622e-07,
      0.03960504818812628
    ],
    [
      -0.007122495155663779,
      -0.04049655004786319,
      0.9999999999999999
    ]
  ],
  "E": [
    [
      0.0009941106818201447,
      -0.12211533376082856,
      -0.010896618658224966
    ],
    [
      0.10859147997055558,
      -0.00139227560389217,
      -0.6986254850815659
    ],
    [
      0.00440790824155821,
      0.6964695810776529,
      -0.002682783199855686
    ]
  ],
  "R": [
    [
      0.999763825532202,
      0.00986666989552693,
      -0.019363418664834486
    ],
    [
      -0.009936962641373996,
      0.9999443704940018,
      -0.0035373282033207836
    ],
    [
      0.019327439837724752,
      0.003728906344596663,
      0.9998062538946193
    ]
  ],
  "t": [
    [
      0.984853411129039
    ],
    [
      -0.01602395962066735
    ],
    [
      0.17264701360165885
    ]
  ]
}