{
  "image_1": "frame_111",
  "image_2": "frame_113",
  "num_matches": 1000,
  "inlier_count": 787,
  "inlier_ratio": 0.787,
  "reproj_rmse": 0.1959,
  "F": [
    [
      8.9533167766935e-09,
      -1.7415173603441658e-06,
      0.0027302097390506127
    ],
    [
      1.7399963361212965e-06,
      1.1762446343737632e-07,
      0.011234716516573637
    ],
    [
      -0.002553576441115744,
      -0.011572818366881982,
      1.0
    ]
  ],
  "E": [
    [
      -0.0004979727297741823,
      0.0975669981622944,
      0.02340600450043237
    ],
    [
      -0.09564216696168922,
      -0.01634975408752351,
      -0.6999493100578317
    ],
    [
      -0.028848316066628715,
      0.6996443031288622,
      -0.015951187894597405
    ]
  ],
  "R": [
    [
      0.9999874315693162,
      0.004660310683006999,
      0.001848839565754573
    ],
    [
      -0.004617107843255822,
      0.9997311759492213,
      -0.02272131489044027
    ],
    [
      -0.001954230939729129,
      0.02271249302750914,
      0.999740128054241
    ]
  ],
  "t": [
    [
      0.9898813988009726
    ],
    [
      0.03622774598866948
    ],
    [
      -0.13719463082938102
    ]
  ]
}