{
  "image_1": "frame_074",
  "image_2": "frame_075",
  "num_matches": 1000,
  "inlier_count": 781,
  "inlier_ratio": 0.781,
  "reproj_rmse": 0.2821,
  "F": [
    [
      -1.1173819394438843e-08,
      2.0846949845219275e-06,
      -0.004943924493465134
    ],
    [
      -2.1992539599403123e-06,
      1.0347239704101061e-07,
      -0.023120791392390407
    ],
    [
      0.00521566664716263,
      0.02300062010998702,
      1.0
    ]
  ],
  "E": [
    [
      -0.0011273766940650737,
      0.17134196159556928,
      -0.023823165007406773
    ],
    [
      -0.18754725801919206,
      0.010287259691282812,
      -0.6811867433771839
    ],
    [
      0.02460524317274076,
      0.6856147744848365,
      0.010242069548300196
    ]
  ],
  "R": [
    [
      0.999700966940402,
      0.0032070965625601196,
      -0.024242343741137873
    ],
    [
      -0.002822624497095423,
      0.9998699661492757,
      0.01587714028391284
    ],
    [
      0.024290110937858406,
      -0.01580396546076518,
      0.9995800244034199
    ]
  ],
  "t": [
    [
      -0.9696113840373387
    ],
    [
      0.03754514468511347
    ],
    [
      0.24175219969168837
    ]
  ]
}