{
  "image_1": "frame_139",
  "image_2": "frame_140",
  "num_matches": 1000,
  "inlier_count": 858,
  "inlier_ratio": 0.858,
  "reproj_rmse": 0.2506,
  "F": [
    [
      -3.5685862167129376e-08,
      -8.839704312212823e-06,
      0.015049750481041903
    ],
    [
      8.431305728770086e-06,
      1.9666060764508983e-07,
      -0.12879257419817478
    ],
    [
      -0.013881834193205668,
      0.12828779780292657,
      1.0
    ]
  ],
  "E": [
    [
      -0.0003837405089857383,
      -0.12669335427066056,
      0.0016415153711783162
    ],
    [
      0.11641431182133699,
      0.0017351491755412563,
      -0.6974529322779589
    ],
    [
      0.00024550748653877943,
      0.6956618562087841,
      0.002139676087630986
    ]
  ],
  "R": [
    [
      0.9998859125455389,
      -0.0032197586024631415,
      -0.014757880861315131
    ],
    [
      0.003264856237334844,
      0.9999900714884332,
      0.00303276083914226
    ],
    [
      0.014747969579723269,
      -0.0030805971985580754,
      0.9998864972156468
    ]
  ],
  "t": [
    [
      0.9838149746310603
    ],
    [
      0.002865141315859787
    ],
    [
      0.17916441236173677
    ]
  ]
}