{
  "image_1": "frame_025",
  "image_2": "frame_027",
  "num_matches": 1000,
  "inlier_count": 871,
  "inlier_ratio": 0.871,
  "reproj_rmse": 0.3418,
  "F": [
    [
      -4.880280073714539e-09,
      -1.1693884885726175e-06,
      0.0028745071879293753
    ],
    [
      1.2766654394361583e-06,
      7.972531576284535e-08,
      -0.017270500056265885
    ],
    [
      -0.003128934095904794,
      0.01700798788766653,
      1.0
    ]
  ],
  "E": [
    [
      -0.00022160867882950127,
      -0.23822194875146147,
      0.0024795921304222248
    ],
    [
      0.2553626159896426,
      0.009622154273288941,
      -0.6592886674414945
    ],
    [
      -0.00579613313663669,
      0.6656977800200764,
      0.009632115437762424
    ]
  ],
  "R": [
    [
      0.9996629514000303,
      -0.0006598116088568974,
      0.025952808071993794
    ],
    [
      0.0002783026586617582,
      0.9998918961877333,
      0.014700968870421861
    ],
    [
      -0.025959702344424407,
      -0.014688791193959726,
      0.9995550676513272
    ]
  ],
  "t": [
    [
      -0.9415350292426904
    ],
    [
      -0.008461853849004719
    ],
    [
      -0.33680882669313217
    ]
  ]
}