{
  "image_1": "frame_119",
  "image_2": "frame_120",
  "num_matches": 1000,
  "inlier_count": 774,
  "inlier_ratio": 0.774,
  "reproj_rmse": 0.3696,
  "F": [
    [
      5.13213569201413e-09,
      1.8639722422918109e-06,
      -0.0026403529697921883
    ],
    [
      -2.130692140314396e-06,
      1.2354697210485907e-07,
      -0.041290649053154035
    ],
    [
      0.0031975520896419182,
      0.04129770559288668,
      0.9999999999999999
    ]
  ],
  "E": [
    [
      0.0007662886382704575,
      0.17948134367377105,
      0.05236918629571827
    ],
    [
      -0.19192638882805788,
      0.006617574243745154,
      -0.6786465229244317
    ],
    [
      -0.051041152739980576,
      0.6818641549528245,
      0.007666108796373854
    ]
  ],
  "R": [
    [
      0.9998459267257054,
      0.0008469795153175225,
      -0.017532981369858758
    ],
    [
      -0.000672747344110658,
      0.9999503616327633,
      0.009940909491435387
    ],
    [
      0.01754053080799342,
      -0.009927582596309745,
      0.9997968658096341
    ]
  ],
  "t": [
    [
      0.9644100045243177
    ],
    [
      0.07154530948848449
    ],
    [
      -0.25454785770774524
    ]
  ]
}