{
  "image_1": "frame_010",
  "image_2": "frame_011",
  "num_matches": 1000,
  "inlier_count": 865,
  "inlier_ratio": 0.865,
  "reproj_rmse": 0.4642,
  "F": [
    [
      1.7449373978474358e-07,
      8.496961750090789e-06,
      -0.02038310483397788
    ],
    [
      -9.831318409733863e-06,
      -3.5943213368127852e-09,
      0.09900400338052627
    ],
    [
      0.02145659617420262,
      -0.09901835513633969,
      1.0
    ]
  ],
  "E": [
    [
      -0.004768969329390857,
      -0.2942444466975923,
      0.00884058774552177
    ],
    [
      0.3229673946142556,
      -0.0025187665845063556,
      -0.6289577646068388
    ],
    [
      -0.00043762218994732494,
      0.6429724885623596,
      0.0018281515153361478
    ]
  ],
  "R": [
    [
      0.9988705999422823,
      -0.01483300790833432,
      0.04513874663010187
    ],
    [
      0.014688197337855688,
      0.9998858627598082,
      0.003538122671462106
    ],
    [
      -0.045186075619702226,
      -0.002871119897426269,
      0.9989744617559677
    ]
  ],
  "t": [
    [
      -0.909196685571914
    ],
    [
      -0.013989150920680883
    ],
    [
      -0.4161318187804973
    ]
  ]
}