{
  "image_1": "frame_033",
  "image_2": "frame_034",
  "num_matches": 1000,
  "inlier_count": 845,
  "inlier_ratio": 0.845,
  "reproj_rmse": 0.3151,
  "F": [
    [
      7.574496525892245e-09,
      -2.3040720541159213e-06,
      -0.0017486904087028027
    ],
    [
      2.2309512901214476e-06,
      -1.0109791998345621e-07,
      0.11047752919157514
    ],
    [
      0.0020746452465300654,
      -0.11045133053473834,
      1.0
    ]
  ],
  "E": [
    [
      0.00015558565193936208,
      -0.0709303748738871,
      0.015798493139519587
    ],
    [
      0.07101839469229615,
      -0.0018950848066241056,
      -0.7033560269994397
    ],
    [
      -0.017142588947526335,
      0.7033237374017658,
      -0.002052542747851217
    ]
  ],
  "R": [
    [
      0.9999975665855085,
      0.002205435982372314,
      5.362078823678562e-05
    ],
    [
      -0.0022052701913845806,
      0.9999933139358133,
      -0.0029169962381256297
    ],
    [
      -6.0053678188828896e-05,
      0.002916870891538454,
      0.9999957441198225
    ]
  ],
  "t": [
    [
      -0.9947052481291886
    ],
    [
      -0.0220497416070265
    ],
    [
      -0.10037568549859441
    ]
  ]
}