{
  "image_1": "frame_151",
  "image_2": "frame_153",
  "num_matches": 1000,
  "inlier_count": 876,
  "inlier_ratio": 0.876,
  "reproj_rmse": 0.3561,
  "F": [
    [
      -3.7930972040173543e-08,
      -1.694212246052454e-06,
      0.0037644686418960406
    ],
    [
      1.5428280149860173e-06,
      7.843923763369503e-08,
      -0.015009205872501017
    ],
    [
      -0.003178172304321953,
      0.014749643087167412,
      1.0
    ]
  ],
  "E": [
    [
      -0.003821497024744941,
      -0.21183223400035092,
      0.03778749267640334
    ],
    [
      0.18622131628732316,
      0.011248275912225412,
      -0.6807090047489065
    ],
    [
      -0.025569640086592987,
      0.6742094079337061,
      0.01740179469587708
    ]
  ],
  "R": [
    [
      0.9990138371552892,
      -0.02461417203604466,
      -0.03695261434925606
    ],
    [
      0.02549247691209098,
      0.9993990339942946,
      0.02348839015677622
    ],
    [
      0.036352259808041576,
      -0.024407240447261273,
      0.9990409400122688
    ]
  ],
  "t": [
    [
      0.9525592959980405
    ],
    [
      0.06050369415122588
    ],
    [
      0.29827854532596293
    ]
  ]
}