{
  "image_1": "frame_129",
  "image_2": "frame_131",
  "num_matches": 1000,
  "inlier_count": 833,
  "inlier_ratio": 0.833,
  "reproj_rmse": 0.3422,
  "F": [
    [
      -9.269963937745042e-09,
      -7.880532495320912e-07,
      0.0008947530503316929
    ],
    [
      1.3371667346944505e-06,
      3.8263304716551665e-08,
      0.026705477166676594
    ],
    [
      -0.0018354669254995707,
      -0.027523866172189704,
      1.0
    ]
  ],
  "E": [
    [
      0.0002701486988034016,
      -0.029157574210287366,
      0.002830418344495043
    ],
    [
      -0.014559173660793087,
      0.001815180650474367,
      -0.7069485495964318
    ],
    [
      -0.005092618198342038,
      0.7064843545727729,
      0.0020389719585822068
    ]
  ],
  "R": [
    [
      0.9980844274302039,
      0.003250087230279681,
      -0.06178116747292181
    ],
    [
      -0.0030934204739342386,
      0.9999917534352731,
      0.002631313591940203
    ],
    [
      0.06178920998922939,
      -0.0024351579914369034,
      0.9980862505487506
    ]
  ],
  "t": [
    [
      0.9991413830062762
    ],
    [
      0.004119175893889251
    ],
    [
      0.04122534601747657
    ]
  ]
}