{
  "image_1": "frame_083",
  "image_2": "frame_085",
  "num_matches": 1000,
  "inlier_count": 770,
  "inlier_ratio": 0.77,
  "reproj_rmse": 0.4549,
  "F": [
    [
      -1.861652463506104e-07,
      -3.82506055005358e-06,
      0.008264087920842088
    ],
    [
      3.6909748570418316e-06,
      -1.224242544157923e-07,
      -0.012193626728957444
    ],
    [
      -0.007528104157112932,
      0.01220565871862114,
      1.0
    ]
  ],
  "E": [
    [
      -0.0308457871330815,
      -0.4473214546235315,
      -0.1410751341705146
    ],
    [
      0.42261934587956074,
      -0.005824006287843727,
      -0.5523027464511123
    ],
    [
      0.1553739026286306,
      0.5207231693256343,
      0.008765681916728513
    ]
  ],
  "R": [
    [
      0.997142415866265,
      -0.05125790687392345,
      -0.05549440929762817
    ],
    [
      0.05297982547732774,
      0.9981444118442527,
      0.03001451642926392
    ],
    [
      0.053852953241028234,
      -0.03286883154288954,
      0.9980077651703041
    ]
  ],
  "t": [
    [
      0.7470607206491314
    ],
    [
      -0.1806690106335325
    ],
    [
      0.6397335291040332
    ]
  ]
}