{
  "image_1": "frame_031",
  "image_2": "frame_033",
  "num_matches": 1000,
  "inlier_count": 850,
  "inlier_ratio": 0.85,
  "reproj_rmse": 3.8307,
  "F": [
    [
      -4.016389285741456e-08,
      3.0923766060009752e-06,
      -0.00469661390308578
    ],
    [
      -3.342288579451242e-06,
      1.5136792016995278e-07,
      0.028217220534136965
    ],
    [
      0.005345054717969048,
      -0.028550694210103183,
      1.0
    ]
  ],
  "E": [
    [
      0.0001908019825484186,
      0.06385011025591641,
      -0.02838433286770238
    ],
    [
      -0.04427925843503753,
      -0.010532138627822311,
      -0.7051053242975226
    ],
    [
      0.021026027063682406,
      0.7038062398584591,
      -0.009329660252839433
    ]
  ],
  "R": [
    [
      0.999556571428563,
      0.009550812131406017,
      0.028203590225481412
    ],
    [
      -0.009148472199684187,
      0.9998550330833426,
      -0.014360302027415665
    ],
    [
      -0.028336654184780527,
      0.014095914498093129,
      0.9994990441336479
    ]
  ],
  "t": [
    [
      -0.9951054785050373
    ],
    [
      0.03885621719960901
    ],
    [
      0.09085857710859076
    ]
  ]
}