{
  "image_1": "frame_089",
  "image_2": "frame_091",
  "num_matches": 1000,
  "inlier_count": 771,
  "inlier_ratio": 0.771,
  "reproj_rmse": 0.2671,
  "F": [
    [
      2.7643142194351396e-08,
      9.711095829768829e-06,
      -0.023718065285478117
    ],
    [
      -1.0132142846298357e-05,
      1.5823412790717578e-07,
      0.06929678335320191
    ],
    [
      0.024387183902634668,
      -0.0696362243022776,
      1.0
    ]
  ],
  "E": [
    [
      -0.00013986036719673906,
      -0.5893451719098675,
      0.01261999002022007
    ],
    [
      0.6012449141366576,
      -0.00013224345186758313,
      -0.37196730014670176
    ],
    [
      -0.012186011008576513,
      0.3905237025156608,
      -0.0007660970568929853
    ]
  ],
  "R": [
    [
      0.9995139227835141,
      0.00043031814470653046,
      0.03117263203845838
    ],
    [
      -0.0003993092924588753,
      0.9999994193109277,
      -0.0010009644831236921
    ],
    [
      -0.031173044670031125,
      0.0009880304154505793,
      0.9995135142067362
    ]
  ],
  "t": [
    [
      0.5522915618357787
    ],
    [
      0.01702136058233968
    ],
    [
      0.8334772366471219
    ]
  ]
}