{
  "image_1": "frame_015",
  "image_2": "frame_017",
  "num_matches": 1000,
  "inlier_count": 808,
  "inlier_ratio": 0.808,
  "reproj_rmse": 0.8009,
  "F": [
    [
      -2.4966263757131355e-09,
      -1.2229607744419837e-06,
      0.003562822204118935
    ],
    [
      1.2424402351681796e-06,
      9.076045813647176e-08,
      -0.02667439391188366
    ],
    [
      -0.0036186858051831723,
      0.026458371681906744,
      1.0
    ]
  ],
  "E": [
    [
      -0.0005237675688996523,
      -0.2923376004519142,
      0.03868586292263336
    ],
    [
      0.29441565247981816,
      0.0071170095110596925,
      -0.6414804312668315
    ],
    [
      -0.04130489515523164,
      0.6426925789988251,
      0.007323907956720894
    ]
  ],
  "R": [
    [
      0.9999913762306208,
      -0.0012683145399718931,
      0.003954597655477066
    ],
    [
      0.0012221478567069274,
      0.9999313333813604,
      0.011654822040284514
    ],
    [
      -0.003969108086882667,
      -0.01164988842873816,
      0.9999242602720431
    ]
  ],
  "t": [
    [
      -0.9088914754132994
    ],
    [
      -0.05952525602166291
    ],
    [
      -0.41276267977688014
    ]
  ]
}