{
  "image_1": "frame_053",
  "image_2": "frame_055",
  "num_matches": 1000,
  "inlier_count": 789,
  "inlier_ratio": 0.789,
  "reproj_rmse": 0.3758,
  "F": [
    [
      1.1647968744408842e-08,
      -5.243527905652693e-07,
      0.001010451119672654
    ],
    [
      9.375934445661756e-07,
      3.2080003754303186e-08,
      -0.014380256567486899
    ],
    [
      -0.002150164476547132,
      0.014038334928018648,
      1.0
    ]
  ],
  "E": [
    [
      0.004676652211538363,
      -0.034557824847448536,
      -0.04020712835055155
    ],
    [
      0.10289431274822619,
      0.0029656220501345742,
      -0.6984087796895928
    ],
    [
      0.024661462216588874,
      0.7058093458463429,
      0.004625368679887676
    ]
  ],
  "R": [
    [
      0.9950444943786938,
      0.02178300301362176,
      0.0970152306927016
    ],
    [
      -0.02198430205418358,
      0.9997578095326336,
      0.00100635068468349
    ],
    [
      -0.0969698131886413,
      -0.0031341758436130474,
      0.9952823882054488
    ]
  ],
  "t": [
    [
      -0.9971632489173552
    ],
    [
      0.05708137949313196
    ],
    [
      -0.049062930240108375
    ]
  ]
}