{
  "image_1": "frame_041",
  "image_2": "frame_043",
  "num_matches": 1000,
  "inlier_count": 797,
  "inlier_ratio": 0.797,
  "reproj_rmse": 0.4247,
  "F": [
    [
      2.6634473936544015e-08,
      4.080551392964122e-06,
      -0.006197961429217969
    ],
    [
      -3.980594200955241e-06,
      1.5812166595337488e-07,
      0.030801791441444952
    ],
    [
      0.005702364865927107,
      -0.030965186728953573,
      1.0
    ]
  ],
  "E": [
    [
      0.00013737367346562383,
      -0.030602310350962808,
      0.025250201846429766
    ],
    [
      0.023207700606839115,
      -0.005549910653392335,
      -0.7062611876665298
    ],
    [
      -0.022000645872951835,
      0.7060741996149305,
      -0.005180653995949218
    ]
  ],
  "R": [
    [
      0.9999331708015942,
      -0.004349445240023661,
      -0.010711501144742848
    ],
    [
      0.004266893748535592,
      0.9999611150642339,
      -0.007717640651958727
    ],
    [
      0.010744652084106764,
      0.007671420050948386,
      0.9999128470851812
    ]
  ],
  "t": [
    [
      -0.998424666198078
    ],
    [
      -0.03537614790068735
    ],
    [
      -0.04355128111738158
    ]
  ]
}