{
  "image_1": "frame_012",
  "image_2": "frame_013",
  "num_matches": 1000,
  "inlier_count": 889,
  "inlier_ratio": 0.889,
  "reproj_rmse": 0.5773,
  "F": [
    [
      -9.060961703279948e-09,
      2.5936211499668745e-06,
      -0.005595229423815854
    ],
    [
      -2.7919212090091603e-06,
      7.36144028230808e-08,
      0.0249635502452378
    ],
    [
      0.006021218502217386,
      -0.02521325095502098,
      0.9999999999999999
    ]
  ],
  "E": [
    [
      -0.001306213541212316,
      0.2576049690965653,
      -0.005680305635093816
    ],
    [
      -0.27145752176644,
      0.005986193552924968,
      0.6528915740260335
    ],
    [
      0.006237375973865322,
      -0.6584204266556417,
      0.007544313313730514
    ]
  ],
  "R": [
    [
      0.9997643778805172,
      0.005532252610876949,
      0.020990066751486125
    ],
    [
      -0.005294422192784429,
      0.9999213507311508,
      -0.011369320368226061
    ],
    [
      -0.021051313850374065,
      0.011255511229626744,
      0.9997150372241745
    ]
  ],
  "t": [
    [
      -0.9312418674338415
    ],
    [
      -0.0038915110121410202
    ],
    [
      -0.3643809002683509
    ]
  ]
}