{
  "frame_001": {
    "R_w2c": [
      [
        1.0,
        0.0,
        0.0
      ],
      [
        0.0,
        1.0,
        0.0
      ],
      [
        0.0,
        0.0,
        1.0
      ]
    ],
    "t_w2c": [
      0.0,
      0.0,
      0.0
    ]
  },
  "frame_006": {
    "R_w2c": [
      [
        0.99881,
        -0.046201,
        0.015637
      ],
      [
        0.04711,
        0.996843,
        -0.063906
      ],
      [
        -0.012635,
        0.064567,
        0.997833
      ]
    ],
    "t_w2c": [
      -0.9468464229881675,
      -0.08862158904707655,
      -0.309237885894635
    ]
  },
  "frame_011": {
    "R_w2c": [
      [
        0.9954776207999999,
        -0.03864433547999999,
        0.086785108513
      ],
      [
        0.0470385719,
        0.994184191721,
        -0.096872644964
      ],
      [
        -0.082536359685,
        0.100517219539,
        0.991505897129
      ]
    ],
    "t_w2c": [
      -1.9294361699190161,
      -0.13881476688635427,
      -0.5072374089715539
    ]
  },
  "frame_016": {
    "R_w2c": [
      [
        0.9881156261560604,
        -0.025863990069389352,
        0.15152674917716935
      ],
      [
        0.04139883467015059,
        0.9940963778568719,
        -0.10028529116269366
      ],
      [
        -0.14803766820526285,
        0.10536676340849171,
        0.9833529157498192
      ]
    ],
    "t_w2c": [
      -2.921995983706184,
      -0.15984152887998912,
      -0.6482938154607317
    ]
  },
  "frame_021": {
    "R_w2c": [
      [
        0.9908099068995011,
        -0.030683100542332687,
        0.1317420138222786
      ],
      [
        0.04612201853813969,
        0.9922012956090656,
        -0.11579459051977542
      ],
      [
        -0.12716066991242728,
        0.12080640994381382,
        0.9844977501106206
      ]
    ],
    "t_w2c": [
      -3.867909966653016,
      -0.19060804934432662,
      -0.9875981687350716
    ]
  },
  "frame_026": {
    "R_w2c": [
      [
        0.9747924569400267,
        -0.018783661799527687,
        0.22232390015415343
      ],
      [
        0.03611610263153026,
        0.996591683922176,
        -0.07415483753195042
      ],
      [
        -0.22017302836622707,
        0.08031565160493966,
        0.9721482536194201
      ]
    ],
    "t_w2c": [
      -4.909141597835208,
      -0.24387511340358006,
      -0.872254906348023
    ]
  },
  "frame_031": {
    "R_w2c": [
      [
        0.9566624298048456,
        0.008647608857203844,
        0.29107168204529765
      ],
      [
        0.017214367632838568,
        0.9961304014114168,
        -0.08617522634369727
      ],
      [
        -0.2906906093146526,
        0.0874518900579639,
        0.9528114638665672
      ]
    ],
    "t_w2c": [
      -5.9214159671791045,
      -0.1611283901517789,
      -0.7990485864160041
    ]
  },
  "frame_036": {
    "R_w2c": [
      [
        0.9391270912862447,
        0.02568966051105722,
        0.3426088557318682
      ],
      [
        0.010870900405796972,
        0.9944785096836094,
        -0.10436717960077231
      ],
      [
        -0.3433987646822741,
        0.10173937185785543,
        0.9336626442989588
      ]
    ],
    "t_w2c": [
      -6.958111803374776,
      -0.09111188583565215,
      -0.45553335255999067
    ]
  },
  "frame_041": {
    "R_w2c": [
      [
        0.9217373344678463,
        0.037561976277209634,
        0.38599120786003416
      ],
      [
        0.0024271691095897364,
        0.9947194038377851,
        -0.10259681308956084
      ],
      [
        -0.3878074336302049,
        0.09550562846796738,
        0.9167789741313159
      ]
    ],
    "t_w2c": [
      -7.966866934252368,
      -0.02531253143263187,
      -0.22655445540017163
    ]
  },
  "frame_046": {
    "R_w2c": [
      [
        0.917968216400878,
        0.031069708730820853,
        0.3954344238792677
      ],
      [
        0.023722970256300584,
        0.9908418600722894,
        -0.13292254609311932
      ],
      [
        -0.39594414333138533,
        0.131400766111042,
        0.9088243780483765
      ]
    ],
    "t_w2c": [
      -8.967022472703384,
      -0.07454266305527436,
      -0.2031392084945747
    ]
  },
  "frame_051": {
    "R_w2c": [
      [
        0.921577967235108,
        0.017234979389379654,
        0.38781044548240734
      ],
      [
        0.02768462036462754,
        0.9935509505480291,
        -0.10994495528756427
      ],
      [
        -0.38720596983362465,
        0.11206025263678701,
        0.9151580033003078
      ]
    ],
    "t_w2c": [
      -9.962540646002036,
      -0.21126903498272206,
      -0.30734505931505296
    ]
  },
  "frame_056": {
    "R_w2c": [
      [
        0.8706666553293785,
        0.058310256223095935,
        0.4884050758996513
      ],
      [
        0.0058218032829865035,
        0.9916561417194533,
        -0.12877126319662516
      ],
      [
        -0.49184065736987204,
        0.1149611890233228,
        0.8630630654629623
      ]
    ],
    "t_w2c": [
      -10.931393462471686,
      0.10283040429991724,
      0.8240390335572054
    ]
  },
  "frame_061": {
    "R_w2c": [
      [
        0.8552416234395478,
        0.04325707598574719,
        0.5164202866754313
      ],
      [
        0.043564381343425385,
        0.9869812515565526,
        -0.1548183897972274
      ],
      [
        -0.5163967159032146,
        0.15490484764903992,
        0.8422238449903412
      ]
    ],
    "t_w2c": [
      -11.879218242025015,
      -0.13355582087873286,
      1.3572328557850537
    ]
  },
  "frame_066": {
    "R_w2c": [
      [
        0.8162422930105536,
        0.0595084698518821,
        0.5746359357887849
      ],
      [
        0.03247488047370142,
        0.9883803863578425,
        -0.1484831147268554
      ],
      [
        -0.5767975056936463,
        0.1398604376959181,
        0.8048261903358502
      ]
    ],
    "t_w2c": [
      -12.73638682792755,
      -0.04723304510126961,
      2.3814764141391986
    ]
  },
  "frame_071": {
    "R_w2c": [
      [
        0.8487731193083736,
        0.04747383587930886,
        0.5266215686429878
      ],
      [
        0.0328540158996934,
        0.9893003378875705,
        -0.1421351345577659
      ],
      [
        -0.5277373055333376,
        0.13794341675250438,
        0.8381325318708744
      ]
    ],
    "t_w2c": [
      -13.853673347689961,
      -0.04942995597150798,
      1.64697940953349
    ]
  },
  "frame_076": {
    "R_w2c": [
      [
        0.7493415848929733,
        0.07587585453030658,
        0.6578223336981208
      ],
      [
        -0.027066392015984615,
        0.996091152329031,
        -0.08406061110880773
      ],
      [
        -0.6616322210503198,
        0.04518648110850397,
        0.7484665970650022
      ]
    ],
    "t_w2c": [
      -14.353819058542813,
      0.3923505948508203,
      4.164595941112013
    ]
  },
  "frame_081": {
    "R_w2c": [
      [
        0.7240551836992165,
        0.07465029631733479,
        0.6856901449505518
      ],
      [
        0.002384758932460507,
        0.9938477833666409,
        -0.11071625481591812
      ],
      [
        -0.6897400878336084,
        0.08180121098770944,
        0.7194226294930629
      ]
    ],
    "t_w2c": [
      -15.159900098987157,
      0.20093092602775262,
      4.945180381944122
    ]
  },
  "frame_086": {
    "R_w2c": [
      [
        0.7585723029216817,
        0.0276723153756204,
        0.6510005970107365
      ],
      [
        0.02605622588187631,
        0.9970091858857175,
        -0.0727420983062636
      ],
      [
        -0.6510698343140746,
        0.07214413800883186,
        0.7555825143298752
      ]
    ],
    "t_w2c": [
      -14.81364357395599,
      -0.5376305740607962,
      4.949006611687862
    ]
  },