{
  "frame_001": {
    "R_w2c": [
      [
        1.0,
        0.0,
        0.0
      ],
      [
        0.0,
        1.0,
        0.0
      ],
      [
        0.0,
        0.0,
        1.0
      ]
    ],
    "t_w2c": [
      0.0,
      0.0,
      0.0
    ]
  },
  "frame_003": {
    "R_w2c": [
      [
        0.999485,
        -0.007704,
        0.03115
      ],
      [
        0.007114,
        0.999794,
        0.018999
      ],
      [
        -0.03129,
        -0.018767,
        0.999334
      ]
    ],
    "t_w2c": [
      0.49936199952265364,
      0.05400731804762635,
      -0.8647077394686769
    ]
  },
  "frame_004": {
    "R_w2c": [
      [
        0.9995224777199999,
        -0.01145347573,
        0.028699172375000002
      ],
      [
        0.010757847485,
        0.999648081243,
        0.024260780168
      ],
      [
        -0.028966395059,
        -0.023939826735999998,
        0.9992935969619999
      ]
    ],
    "t_w2c": [
      1.4497919810460471,
      -0.09608005169213922,
      -1.1438389219999245
    ]
  },
  "frame_005": {
    "R_w2c": [
      [
        0.9996539456828292,
        -0.014322067418165422,
        0.022069622818878996
      ],
      [
        0.013915867799297382,
        0.9997337573527957,
        0.01842318640869903
      ],
      [
        -0.022327859428534363,
        -0.018109301376731102,
        0.9995866873968812
      ]
    ],
    "t_w2c": [
      2.1530581002971627,
      -0.19214619003804256,
      -1.8453058214128943
    ]
  },
  "frame_006": {
    "R_w2c": [
      [
        0.9998859790113752,
        -0.012071357195449951,
        0.00907819334896472
      ],
      [
        0.012047621476053805,
        0.9999238657671018,
        0.002624385497739568
      ],
      [
        -0.009109084956241992,
        -0.002514890662327629,
        0.9999553931109535
      ]
    ],
    "t_w2c": [
      3.0099668801171227,
      -0.2296926707070702,
      -2.3691087635145855
    ]
  },
  "frame_007": {
    "R_w2c": [
      [
        0.9999836874137396,
        -0.0031514223127367723,
        -0.004804105985776631
      ],
      [
        0.0030956975948593073,
        0.999928736074739,
        -0.011479777355847156
      ],
      [
        0.00484054587352247,
        0.011464191515696841,
        0.9999226147927033
      ]
    ],
    "t_w2c": [
      3.8878253951824395,
      -0.21528442799198208,
      -2.8613622286983267
    ]
  },
  "frame_008": {
    "R_w2c": [
      [
        0.9997615418492481,
        0.008824982955135275,
        -0.0199725122560026
      ],
      [
        -0.00920238649290051,
        0.9997792072123605,
        -0.018849112019091695
      ],
      [
        0.019802187208617823,
        0.01902795343450014,
        0.9996224616196859
      ]
    ],
    "t_w2c": [
      4.6131666747801265,
      -0.26037595093442517,
      -3.5321836784121325
    ]
  },
  "frame_009": {
    "R_w2c": [
      [
        0.9994159061058409,
        0.019596711779051264,
        -0.028007664793924737
      ],
      [
        -0.020101666344475057,
        0.9996378252674232,
        -0.017844217928726442
      ],
      [
        0.02764814502254119,
        0.01839672363922919,
        0.9994480432606775
      ]
    ],
    "t_w2c": [
      5.6354268817227995,
      -0.2802457752067393,
      -3.4392032047895156
    ]
  },
  "frame_010": {
    "R_w2c": [
      [
        0.9990157288062722,
        0.018008425128348483,
        -0.04054229042893007
      ],
      [
        -0.018512586406509716,
        0.9997546652618736,
        -0.012080124898579488
      ],
      [
        0.04031522668609861,
        0.012819201559347236,
        0.9991042447039297
      ]
    ],
    "t_w2c": [
      4.735604489773736,
      -0.3664775792408119,
      -3.690922015962666
    ]
  },
  "frame_011": {
    "R_w2c": [
      [
        0.9984289009778516,
        0.004624478063528856,
        -0.055841754540285046
      ],
      [
        -0.005684166459170404,
        0.9998057243308568,
        -0.01882098615650416
      ],
      [
        0.0557439904434813,
        0.019109173595972365,
        0.9982618528415361
      ]
    ],
    "t_w2c": [
      3.871635304619307,
      -0.13914236164019803,
      -3.9713176463149797
    ]
  },
  "frame_012": {
    "R_w2c": [
      [
        0.9971823138990948,
        -0.010790694761393669,
        -0.07423164945159134
      ],
      [
        0.009177619220800876,
        0.9997138465849712,
        -0.02202625392683443
      ],
      [
        0.07444771645895584,
        0.021283098018729588,
        0.996997495443274
      ]
    ],
    "t_w2c": [
      2.9898725107077078,
      -0.05614825362889452,
      -4.187664552549051
    ]
  },
  "frame_013": {
    "R_w2c": [
      [
        0.9967623135522228,
        -0.020021636050354258,
        -0.07787184716475454
      ],
      [
        0.01789073690804651,
        0.9994470749260507,
        -0.02796106867037429
      ],
      [
        0.07838823153978394,
        0.026478014252886616,
        0.9965712883604385
      ]
    ],
    "t_w2c": [
      2.0271377860157163,
      0.04350021402770397,
      -4.372500782239323
    ]
  },
  "frame_014": {
    "R_w2c": [
      [
        0.9953014686898819,
        -0.021399298142741323,
        -0.09443163780980324
      ],
      [
        0.018480178371991108,
        0.9993256761583293,
        -0.03167278692679718
      ],
      [
        0.09504507527613225,
        0.02977966134893495,
        0.9950278679143741
      ]
    ],
    "t_w2c": [
      1.1784638298233614,
      0.06999687245445328,
      -4.72700087326305
    ]
  },
  "frame_015": {
    "R_w2c": [
      [
        0.9941422061133816,
        -0.018088591493178367,
        -0.10655332552891696
      ],
      [
        0.01470842863698413,
        0.9993646391468249,
        -0.032423189829774844
      ],
      [
        0.10707065035455764,
        0.03066646657989964,
        0.9937792695155357
      ]
    ],
    "t_w2c": [
      0.2619204380873497,
      0.028870600672128082,
      -4.935951458171899
    ]
  },
  "frame_016": {
    "R_w2c": [
      [
        0.9928553416461318,
        -0.01261653765326562,
        -0.11865364089576927
      ],
      [
        0.008967716161472766,
        0.9994707868532638,
        -0.03123135790632858
      ],
      [
        0.1189832758255047,
        0.029945550624719028,
        0.9924455670497293
      ]
    ],
    "t_w2c": [
      -0.6403715715793168,
      0.04748331866766815,
      -5.205799712352893
    ]
  },
  "frame_017": {
    "R_w2c": [
      [
        0.9909632186316073,
        -0.013656687171198828,
        -0.1334320342271178
      ],
      [
        0.01018946738068605,
        0.9995927456760177,
        -0.026625575956112577
      ],
      [
        0.1337397442657705,
        0.02502616170394015,
        0.9907019006912814
      ]
    ],
    "t_w2c": [
      -1.525772259536802,
      0.08355828949207483,
      -5.476947353681954
    ]
  },
  "frame_018": {
    "R_w2c": [
      [
        0.988298632611612,
        -0.014917010685988585,
        -0.15179593529232827
      ],
      [
        0.011793983657098295,
        0.9996994417538796,
        -0.021442628534675223
      ],
      [
        0.15206916158521264,
        0.01940196767533329,
        0.9881807986277473
      ]
    ],
    "t_w2c": [
      -2.3617201441917444,
      0.08413511926663694,
      -5.850171505131636
    ]
  },
  "frame_019": {
    "R_w2c": [
      [
        0.987548543355809,
        -0.01820966973659182,
        -0.15625065099062505
      ],
      [
        0.016057692849933615,
        0.9997570363866668,
        -0.015013118565570334
      ],
      [
        0.15648573415469536,
        0.012317406189529189,
        0.9876048107937893
      ]
    ],
    "t_w2c": [
      -3.3154060542520565,
      0.03010958508302059,
      -6.059008564291217
    ]
  },