{
  "image_1": "frame_010",
  "image_2": "frame_011",
  "num_matches": 500,
  "inlier_count": 300,
  "inlier_ratio": 0.6,
  "reproj_rmse": 3.2639,
  "F": [
    [
      3.7317331899572425e-09,
      -2.4063759719198016e-07,
      0.0013127025815760436
    ],
    [
      3.355877424945409e-07,
      -3.910257037199922e-08,
      0.014198366026945311
    ],
    [
      -0.0016431760419221395,
      -0.014476970896716493,
      1.0
    ]
  ],
  "E": [
    [
      -0.0019294540499356298,
      -0.15221838737596563,
      -0.045064914225424184
    ],
    [
      0.14371954703207349,
      -0.004031972105839953,
      -0.6908275905119168
    ],
    [
      0.05191076055471379,
      0.6886038341422172,
      -0.0032712367976496697
    ]
  ],
  "R": [
    [
      0.9998861155065464,
      -0.009112653263813497,
      -0.012029778373828598
    ],
    [
      0.009065721032603183,
      0.9999511034216053,
      -0.00395012253899618
    ],
    [
      0.012065186255874993,
      0.003840614066470651,
      0.9999198372690703
    ]
  ],
  "t": [
    [
      -0.9744690793017342
    ],
    [
      0.06458599212472158
    ],
    [
      -0.21503177231771164
    ]
  ]
}