{
  "image_1": "frame_005",
  "image_2": "frame_006",
  "num_matches": 500,
  "inlier_count": 346,
  "inlier_ratio": 0.692,
  "reproj_rmse": 0.6133,
  "F": [
    [
      6.946498170839436e-09,
      -2.5172455504874718e-06,
      0.0037780119334776506
    ],
    [
      2.5721671848586793e-06,
      2.1520441414169738e-08,
      0.014260046142988488
    ],
    [
      -0.0037023632362860248,
      -0.014521428372516952,
      1.0
    ]
  ],
  "E": [
    [
      -0.0007350004991396966,
      0.07348123953899077,
      -0.029221738818705895
    ],
    [
      -0.0826533024416659,
      -0.01046996233502023,
      -0.7016162008325659
    ],
    [
      0.02451915457044543,
      0.7027304286696368,
      -0.01040822198536742
    ]
  ],
  "R": [
    [
      0.9999087166241878,
      0.005011795992063153,
      -0.012547522460747793
    ],
    [
      -0.005191236173197375,
      0.9998841399773968,
      -0.014309356682115502
    ],
    [
      0.01247435312804275,
      0.014373187628214242,
      0.9998188845943256
    ]
  ],
  "t": [
    [
      0.993726378024147
    ],
    [
      -0.039837625764319026
    ],
    [
      -0.10450286691030114
    ]
  ]
}