{
  "image_1": "frame_050",
  "image_2": "frame_051",
  "num_matches": 500,
  "inlier_count": 334,
  "inlier_ratio": 0.668,
  "reproj_rmse": 0.8375,
  "F": [
    [
      5.8110506643149514e-09,
      -8.456628492643225e-07,
      -0.0002408632248879364
    ],
    [
      9.246094794298193e-07,
      1.4467569252506286e-09,
      -0.013950533355047836
    ],
    [
      0.00010061779028901891,
      0.013901608985101739,
      1.0
    ]
  ],
  "E": [
    [
      0.001558320249947804,
      0.09094143322190366,
      -0.05251169994748585
    ],
    [
      -0.07661649059236686,
      0.013870368941322295,
      -0.7007097055465326
    ],
    [
      0.05834065578506717,
      0.6987858984056351,
      0.014415949146705262
    ]
  ],
  "R": [
    [
      0.9998021334720983,
      -0.006222297205097177,
      0.018893832912672617
    ],
    [
      0.005860392149283286,
      0.9997994467146034,
      0.019149990940715116
    ],
    [
      -0.019009200627515585,
      -0.019035476528426933,
      0.9996380849711752
    ]
  ],
  "t": [
    [
      0.9889082351059373
    ],
    [
      -0.07672593808657494
    ],
    [
      -0.12717559893468233
    ]
  ]
}