{
  "image_1": "frame_051",
  "image_2": "frame_052",
  "num_matches": 500,
  "inlier_count": 331,
  "inlier_ratio": 0.662,
  "reproj_rmse": 0.7122,
  "F": [
    [
      9.656362581500344e-10,
      -1.6454914327527576e-06,
      0.0009803013883957082
    ],
    [
      1.7280115453858475e-06,
      2.8796670696629705e-08,
      -0.018289180577687567
    ],
    [
      -0.001137941490859172,
      0.018327772573986684,
      1.0
    ]
  ],
  "E": [
    [
      0.000744138466100284,
      0.0661998797989613,
      -0.07194357894737195
    ],
    [
      -0.058979988658660595,
      0.014773182601137748,
      -0.7006628473074596
    ],
    [
      0.07490261471895497,
      0.6999812311921348,
      0.015221902787027302
    ]
  ],
  "R": [
    [
      0.9999642695546147,
      -0.0024429702322933816,
      0.00809268253115733
    ],
    [
      0.002273467509302976,
      0.9997792250133117,
      0.02088857528090584
    ],
    [
      -0.008141926036885905,
      -0.020869430472009884,
      0.9997490564697642
    ]
  ],
  "t": [
    [
      0.9903950155300163
    ],
    [
      -0.10368040069259754
    ],
    [
      -0.0914772525031285
    ]
  ]
}