{
  "image_1": "frame_115",
  "image_2": "frame_116",
  "num_matches": 500,
  "inlier_count": 271,
  "inlier_ratio": 0.542,
  "reproj_rmse": 11.3444,
  "F": [
    [
      -1.0746908315591206e-08,
      6.036445816175424e-07,
      -0.0004726309266659988
    ],
    [
      -5.998585365009353e-07,
      2.283233865418901e-08,
      -0.002993539132308527
    ],
    [
      0.0006299492768359904,
      0.0030623234904946957,
      1.0
    ]
  ],
  "E": [
    [
      -0.0014966273178422898,
      -0.5362751590379659,
      -0.3514143502944956
    ],
    [
      0.5771322147899942,
      0.0001144330735420244,
      0.26280126242987567
    ],
    [
      0.3217783462955324,
      -0.2856567443972024,
      -0.040342019907394
    ]
  ],
  "R": [
    [
      0.9974556800128143,
      0.03710492252772943,
      -0.06087192402401215
    ],
    [
      -0.0327252065512586,
      0.9969084122604458,
      0.07143303451859001
    ],
    [
      0.06333425034174933,
      -0.06925923973426085,
      0.9955862245155267
    ]
  ],
  "t": [
    [
      0.42169815818991957
    ],
    [
      0.44238872054396505
    ],
    [
      -0.7914940829309485
    ]
  ]
}