{
  "image_1": "frame_009",
  "image_2": "frame_010",
  "num_matches": 500,
  "inlier_count": 313,
  "inlier_ratio": 0.626,
  "reproj_rmse": 6.713,
  "F": [
    [
      5.3736603293288706e-09,
      -1.9243383246828128e-06,
      0.003962520168626417
    ],
    [
      2.088150605550048e-06,
      -7.057596127843713e-08,
      0.022846327610306957
    ],
    [
      -0.0042982096950399725,
      -0.023527081435394236,
      1.0
    ]
  ],
  "E": [
    [
      -9.865624892371768e-05,
      -0.24067935586490288,
      -0.01256724463093901
    ],
    [
      0.23790919326471793,
      0.004001383425648217,
      -0.6657776977489819
    ],
    [
      0.011243678423004274,
      0.6647528542023748,
      0.0039983354011224
    ]
  ],
  "R": [
    [
      0.999990851578673,
      -0.0001867654392338769,
      -0.004273391818111594
    ],
    [
      0.00021277182719978312,
      0.999981457434425,
      0.006086009815385784
    ],
    [
      0.00427217592216711,
      -0.006086863395389325,
      0.9999723489211568
    ]
  ],
  "t": [
    [
      -0.9401228667465391
    ],
    [
      0.015701074496788557
    ],
    [
      -0.340473892802246
    ]
  ]
}