{
  "image_1": "frame_063",
  "image_2": "frame_064",
  "num_matches": 500,
  "inlier_count": 272,
  "inlier_ratio": 0.544,
  "reproj_rmse": 2.3902,
  "F": [
    [
      7.416680170744743e-09,
      9.856197743536493e-07,
      -0.0005113451327905847
    ],
    [
      -9.834985502405095e-07,
      8.065180346671527e-08,
      -0.005674390593283056
    ],
    [
      0.000727418021756444,
      0.005630068552160376,
      1.0
    ]
  ],
  "E": [
    [
      -0.0031791121367033158,
      -0.5982791655000608,
      -0.10182217187030436
    ],
    [
      0.6151495612846013,
      -0.02180697878827247,
      0.3418257623342696
    ],
    [
      0.06471471213219747,
      -0.3621883104777855,
      -0.024216391332471388
    ]
  ],
  "R": [
    [
      0.9994402013614725,
      0.00038272553121269925,
      -0.033453511380831136
    ],
    [
      0.0016498274192121506,
      0.9981541555469444,
      0.060708811830347834
    ],
    [
      0.033414996214670645,
      -0.06073001964048383,
      0.9975947587785533
    ]
  ],
  "t": [
    [
      0.5131942686550285
    ],
    [
      0.09241884149987856
    ],
    [
      -0.8532821340889839
    ]
  ]
}