{
  "image_1": "frame_101",
  "image_2": "frame_102",
  "num_matches": 500,
  "inlier_count": 305,
  "inlier_ratio": 0.61,
  "reproj_rmse": 2.411,
  "F": [
    [
      -7.624545479002714e-08,
      7.90454620053781e-06,
      -0.019525540626671622
    ],
    [
      -7.867263077318003e-06,
      -3.146210268182783e-08,
      -0.11211383276117852
    ],
    [
      0.018330214023754572,
      0.11162953607716626,
      1.0
    ]
  ],
  "E": [
    [
      -0.00013300510979876327,
      -0.0066723222302643385,
      -0.03665628380742202
    ],
    [
      0.002725209616580695,
      -0.0021574683578046536,
      -0.7061463691916711
    ],
    [
      0.029566196879128242,
      0.7064539301655601,
      -0.002384885556026267
    ]
  ],
  "R": [
    [
      0.9999346018430446,
      0.010050215502569085,
      -0.005457582371705864
    ],
    [
      -0.010067201978418837,
      0.9999445379104269,
      -0.0030939533655934817
    ],
    [
      0.005426184784704045,
      0.0031486936107956334,
      0.9999803209299808
    ]
  ],
  "t": [
    [
      0.9986108143647622
    ],
    [
      -0.051869525551676884
    ],
    [
      0.009273281662400922
    ]
  ]
}