{
  "image_1": "frame_118",
  "image_2": "frame_119",
  "num_matches": 500,
  "inlier_count": 301,
  "inlier_ratio": 0.602,
  "reproj_rmse": 6.2153,
  "F": [
    [
      2.652952578702096e-09,
      -8.668894152339399e-07,
      0.001976530185163684
    ],
    [
      1.6584734180057664e-06,
      2.429724385391045e-07,
      0.10139921544833029
    ],
    [
      -0.0035592481335225273,
      -0.10502184528981098,
      1.0
    ]
  ],
  "E": [
    [
      -0.001533268122146233,
      -0.28208490862336577,
      -0.06162595318246662
    ],
    [
      0.2678056552377886,
      0.0072437262872609,
      -0.6517775642931132
    ],
    [
      0.05883474395199813,
      0.6454023114176949,
      0.005999230553612249
    ]
  ],
  "R": [
    [
      0.9997337374524202,
      -0.0003936753352113964,
      -0.023071610675140297
    ],
    [
      0.0006564441052452491,
      0.9999349983387704,
      0.011382801868602879
    ],
    [
      0.023065629853778247,
      -0.011394916277604847,
      0.9996690115245521
    ]
  ],
  "t": [
    [
      -0.9128285658437354
    ],
    [
      0.08262767255911085
    ],
    [
      -0.39989583282041496
    ]
  ]
}