{
  "image_1": "frame_011",
  "image_2": "frame_012",
  "num_matches": 500,
  "inlier_count": 295,
  "inlier_ratio": 0.59,
  "reproj_rmse": 1.0987,
  "F": [
    [
      -6.843948126724836e-09,
      -6.109716268810467e-07,
      0.0011527851204950774
    ],
    [
      6.908541485274886e-07,
      -2.9601764256403885e-08,
      0.013905696448583133
    ],
    [
      -0.0014490570752523357,
      -0.01422650636249447,
      0.9999999999999999
    ]
  ],
  "E": [
    [
      -0.0028168505606216768,
      -0.19970390371281713,
      -0.04694038201797705
    ],
    [
      0.18865262454259474,
      -0.0052912439950357285,
      -0.6797682534374219
    ],
    [
      0.05488186635562557,
      0.6761475553755794,
      -0.004097858532375967
    ]
  ],
  "R": [
    [
      0.999819725061297,
      -0.010362960947803049,
      -0.01590994716353661
    ],
    [
      0.010285723493622348,
      0.9999349530832803,
      -0.004928843124975633
    ],
    [
      0.015959989679350473,
      0.004764309260761226,
      0.9998612804217908
    ]
  ],
  "t": [
    [
      -0.9569817309975147
    ],
    [
      0.06778364994805051
    ],
    [
      -0.2821193778114516
    ]
  ]
}