{
  "image_1": "frame_117",
  "image_2": "frame_118",
  "num_matches": 500,
  "inlier_count": 296,
  "inlier_ratio": 0.592,
  "reproj_rmse": 4.9371,
  "F": [
    [
      -1.5112356642567222e-08,
      4.523792179439863e-07,
      -0.001990904611045279
    ],
    [
      -6.01773316207634e-07,
      1.3283628261075777e-07,
      -0.01622928122354418
    ],
    [
      0.002276115566385388,
      0.01662301825950284,
      1.0
    ]
  ],
  "E": [
    [
      0.0017133375983384878,
      -0.40832847805708167,
      -0.08873621773363452
    ],
    [
      0.3939424561775809,
      0.02717785101483445,
      -0.5821049456828528
    ],
    [
      0.06681153488295465,
      0.5707194721970396,
      0.02075675438164483
    ]
  ],
  "R": [
    [
      0.9994887184358682,
      0.010738557160978615,
      -0.030116193476704356
    ],
    [
      -0.009523465333985265,
      0.9991461064660655,
      0.04020399907638615
    ],
    [
      0.030522210396009553,
      -0.03989663298828705,
      0.998737529758815
    ]
  ],
  "t": [
    [
      -0.8067103596015002
    ],
    [
      0.10222072046851889
    ],
    [
      -0.5820389334215669
    ]
  ]
}