{
  "image_1": "frame_049",
  "image_2": "frame_050",
  "num_matches": 500,
  "inlier_count": 312,
  "inlier_ratio": 0.624,
  "reproj_rmse": 0.5966,
  "F": [
    [
      -2.2165674076227327e-09,
      -5.122620620329332e-06,
      0.004400873672917661
    ],
    [
      5.31519535675227e-06,
      1.0327565569598742e-08,
      -0.051669717866486116
    ],
    [
      -0.004669352802019429,
      0.05191674585717619,
      1.0
    ]
  ],
  "E": [
    [
      0.0007861987318843569,
      -0.06264335102760528,
      -0.06365556516370229
    ],
    [
      0.07552668966547256,
      0.005700868411200828,
      -0.7001994812215327
    ],
    [
      0.06671398375533631,
      0.7010737173411815,
      0.007207944007515841
    ]
  ],
  "R": [
    [
      0.9998318323205346,
      -0.005293499731041373,
      0.01755807333280307
    ],
    [
      0.005141410317856712,
      0.9999489719800264,
      0.008695937904081895
    ],
    [
      -0.017603209324044036,
      -0.008604202268988533,
      0.9998080289359592
    ]
  ],
  "t": [
    [
      0.9919910901689459
    ],
    [
      -0.08926259848468197
    ],
    [
      0.08936367011928693
    ]
  ]
}