{
  "image_1": "frame_094",
  "image_2": "frame_095",
  "num_matches": 500,
  "inlier_count": 293,
  "inlier_ratio": 0.586,
  "reproj_rmse": 0.6433,
  "F": [
    [
      1.5986480642676123e-08,
      -2.0191401612722764e-06,
      0.004563525251551409
    ],
    [
      2.1127358627264358e-06,
      -3.895115236498584e-08,
      0.012233566505926932
    ],
    [
      -0.004714100059839543,
      -0.012690268620259905,
      0.9999999999999999
    ]
  ],
  "E": [
    [
      -0.0015844664783367345,
      -0.2995513840034088,
      -0.19128988221245366
    ],
    [
      0.2900849439531486,
      -0.003916963420583337,
      -0.6150904498711055
    ],
    [
      0.19172974158347222,
      0.611849749720631,
      -0.007304101349564005
    ]
  ],
  "R": [
    [
      0.999911109493128,
      0.003006163490711561,
      -0.012989845776221365
    ],
    [
      -0.0031080915814399035,
      0.9999644858143433,
      -0.007833701345923275
    ],
    [
      0.012965835065442632,
      0.00787337863454178,
      0.9998849418957819
    ]
  ],
  "t": [
    [
      -0.8644936538468847
    ],
    [
      0.27385806968798954
    ],
    [
      -0.4214884104281289
    ]
  ]
}