{
  "image_1": "frame_031",
  "image_2": "frame_032",
  "num_matches": 500,
  "inlier_count": 272,
  "inlier_ratio": 0.544,
  "reproj_rmse": 1.389,
  "F": [
    [
      6.439817850331923e-09,
      -1.3242226749933217e-06,
      0.001390239497540382
    ],
    [
      1.2820083313623796e-06,
      1.916854168248284e-08,
      -0.012977754685252987
    ],
    [
      -0.0015118223113812764,
      0.012992980177550312,
      1.0
    ]
  ],
  "E": [
    [
      -0.0022256675726003007,
      0.3390354159928292,
      0.06668514129735931
    ],
    [
      -0.33918327982198293,
      -0.016922078986068106,
      0.6174357441972482
    ],
    [
      -0.05440089250401869,
      -0.6171518858986417,
      -0.014445254676707006
    ]
  ],
  "R": [
    [
      0.9999738189910026,
      0.006956416995422654,
      -0.001992384283846904
    ],
    [
      -0.006907465061517043,
      0.999697519086616,
      0.023604178835306237
    ],
    [
      0.002155982136442025,
      -0.02358979852925855,
      0.9997193972042239
    ]
  ],
  "t": [
    [
      -0.8724713462762865
    ],
    [
      0.08296321738670416
    ],
    [
      -0.48157123511240824
    ]
  ]
}