{
  "image_1": "frame_083",
  "image_2": "frame_084",
  "num_matches": 500,
  "inlier_count": 274,
  "inlier_ratio": 0.548,
  "reproj_rmse": 4.6,
  "F": [
    [
      2.9189712018480657e-09,
      -9.409646628518455e-08,
      -0.0002447736419753625
    ],
    [
      8.549406472372505e-08,
      2.3294590007599116e-08,
      -0.0036821658016631376
    ],
    [
      8.377846434671411e-05,
      0.0036957931005258187,
      1.0
    ]
  ],
  "E": [
    [
      0.030276492858778616,
      -0.6799665669152976,
      -0.038358009929707226
    ],
    [
      0.6859393495023558,
      0.015949860783205913,
      0.17001391249256667
    ],
    [
      -0.009889367501494387,
      -0.18777675089127,
      -0.015087659567294635
    ]
  ],
  "R": [
    [
      0.9986336366789014,
      0.04587718413271129,
      -0.025022862936223383
    ],
    [
      -0.043664500731632014,
      0.9956119949058241,
      0.0827657355159869
    ],
    [
      0.028710121374334485,
      -0.0815600366337478,
      0.9962548315340671
    ]
  ],
  "t": [
    [
      0.26554647401840414
    ],
    [
      -0.02561563211314492
    ],
    [
      -0.9637577027073958
    ]
  ]
}