{
  "image_1": "frame_124",
  "image_2": "frame_126",
  "num_matches": 500,
  "inlier_count": 294,
  "inlier_ratio": 0.588,
  "reproj_rmse": 4.8885,
  "F": [
    [
      1.1341090062537688e-08,
      6.762356938735947e-07,
      -0.0007956833058340627
    ],
    [
      -6.669155455871117e-07,
      1.8987763756540083e-09,
      0.00511257518176294
    ],
    [
      0.0005499762156970454,
      -0.004978681956615684,
      1.0
    ]
  ],
  "E": [
    [
      -0.00544438884493181,
      -0.5119995198736791,
      0.046422419105867786
    ],
    [
      0.5377746072408759,
      0.02457261410991468,
      0.45831597352428016
    ],
    [
      -0.017571555539104142,
      -0.48414712078627103,
      0.033252699275465605
    ]
  ],
  "R": [
    [
      0.9986593651717924,
      -0.015108315551301238,
      -0.049509707693287996
    ],
    [
      0.01175749720377043,
      0.997664471098263,
      -0.06728569214719304
    ],
    [
      0.050410649809101205,
      0.06661337635509709,
      0.9965046033392913
    ]
  ],
  "t": [
    [
      -0.6865446952437849
    ],
    [
      0.016800408032874543
    ],
    [
      0.7268934775622542
    ]
  ]
}