{
  "image_1": "frame_019",
  "image_2": "frame_020",
  "num_matches": 500,
  "inlier_count": 291,
  "inlier_ratio": 0.582,
  "reproj_rmse": 0.4163,
  "F": [
    [
      7.551363482772197e-10,
      4.6438067322125e-06,
      -0.0038304299727652193
    ],
    [
      -4.645628274906369e-06,
      3.60741323749572e-07,
      0.08792731341188842
    ],
    [
      0.003775701314029553,
      -0.08847270371154582,
      1.0
    ]
  ],
  "E": [
    [
      -8.770813267282144e-05,
      -0.09982647314853811,
      -0.029832116522029724
    ],
    [
      0.09512837251046152,
      -0.0017861418705540915,
      -0.7000294597966161
    ],
    [
      0.029324078937314358,
      0.6994187623712201,
      -0.002088895641094865
    ]
  ],
  "R": [
    [
      0.9999776132728425,
      0.001094114934161304,
      -0.0066012018345291135
    ],
    [
      -0.0011119757055265342,
      0.9999957296643691,
      -0.0027026215155336337
    ],
    [
      0.006598216666620055,
      0.00270990138875036,
      0.9999745596620363
    ]
  ],
  "t": [
    [
      0.9890851453637924
    ],
    [
      -0.04257130181908372
    ],
    [
      0.14106119055967906
    ]
  ]
}