{
  "image_1": "frame_070",
  "image_2": "frame_071",
  "num_matches": 500,
  "inlier_count": 286,
  "inlier_ratio": 0.572,
  "reproj_rmse": 6.2847,
  "F": [
    [
      4.837639935340458e-09,
      1.6419783150847728e-08,
      -0.0007102085325340541
    ],
    [
      -2.655592119598626e-07,
      1.1420100669297254e-07,
      0.03332313607603669
    ],
    [
      0.0014123392294126643,
      -0.03256684035938566,
      1.0
    ]
  ],
  "E": [
    [
      0.004254266859119566,
      -0.3515462332701513,
      -0.03576248788778737
    ],
    [
      0.3636649307685831,
      -0.011507192321564923,
      -0.6046822277338693
    ],
    [
      0.038665031480246005,
      0.612696668639918,
      -0.014170576631694468
    ]
  ],
  "R": [
    [
      0.9997241482667496,
      0.009933161982662357,
      0.02128284908906941
    ],
    [
      -0.009407008888224495,
      0.9996511167463891,
      -0.024681024522374147
    ],
    [
      -0.021520584473911974,
      0.024474008268433777,
      0.9994688025962479
    ]
  ],
  "t": [
    [
      0.866161868875715
    ],
    [
      -0.06284594046970772
    ],
    [
      0.4957963338632169
    ]
  ]
}