{
  "image_1": "frame_109",
  "image_2": "frame_110",
  "num_matches": 500,
  "inlier_count": 303,
  "inlier_ratio": 0.606,
  "reproj_rmse": 2.0394,
  "F": [
    [
      4.81349060321875e-09,
      3.540155376649468e-07,
      -0.0005949441926965627
    ],
    [
      -3.2098709446374637e-07,
      1.2952014318562056e-08,
      0.0039105629644527575
    ],
    [
      0.00039853116510290485,
      -0.0038832996147042127,
      1.0
    ]
  ],
  "E": [
    [
      0.009255126362481825,
      0.49793671029660014,
      0.09688884727872236
    ],
    [
      -0.5300553243652498,
      -0.037645870813234394,
      -0.44629472657999925
    ],
    [
      -0.1379374325033546,
      0.4912319758463648,
      -0.026372250911145614
    ]
  ],
  "R": [
    [
      0.9961507011260087,
      -0.0014613868585457157,
      -0.08764499412180438
    ],
    [
      -0.0053748242597251444,
      0.9969613495926961,
      -0.07771215273357754
    ],
    [
      0.0874922391434722,
      0.07788409187221407,
      0.993115892694756
    ]
  ],
  "t": [
    [
      -0.6965427861201637
    ],
    [
      -0.1920685218854262
    ],
    [
      0.6913304781395851
    ]
  ]
}