{
  "image_1": "frame_123",
  "image_2": "frame_124",
  "num_matches": 500,
  "inlier_count": 286,
  "inlier_ratio": 0.572,
  "reproj_rmse": 2.2481,
  "F": [
    [
      3.912970657169811e-09,
      5.775112740929273e-08,
      0.0006221861879979452
    ],
    [
      -1.0900850960925844e-10,
      -1.6847121331028517e-08,
      0.011157601338178362
    ],
    [
      -0.0007490684866233548,
      -0.011219202593225964,
      0.9999999999999999
    ]
  ],
  "E": [
    [
      -0.0008772744346115466,
      0.08918870583007937,
      -0.05754411797902045
    ],
    [
      -0.10237905505737224,
      -0.015597765788261674,
      -0.6972742243352058
    ],
    [
      0.056070729458005904,
      0.6988530926880482,
      -0.016661411466227995
    ]
  ],
  "R": [
    [
      0.9998539980990034,
      -0.0011644165290791153,
      -0.017047774622662493
    ],
    [
      0.0007810250933672075,
      0.9997470182371719,
      -0.022478645993190514
    ],
    [
      0.01706963635353173,
      0.02246204932837727,
      0.9996019627105218
    ]
  ],
  "t": [
    [
      -0.9886690848083988
    ],
    [
      0.07853527698713093
    ],
    [
      0.12792830418901843
    ]
  ]
}