{
  "image_1": "frame_048",
  "image_2": "frame_049",
  "num_matches": 500,
  "inlier_count": 284,
  "inlier_ratio": 0.568,
  "reproj_rmse": 0.875,
  "F": [
    [
      1.0634587197082593e-08,
      1.3632865950290688e-06,
      -0.002963152598058199
    ],
    [
      -1.4331137233945136e-06,
      -5.119586850011011e-08,
      0.019572172328022747
    ],
    [
      0.002877793588789497,
      -0.01938972066509721,
      0.9999999999999999
    ]
  ],
  "E": [
    [
      0.001060665752636746,
      0.28825907877765783,
      0.01975296225229738
    ],
    [
      -0.29049081480475414,
      0.011181715353480835,
      0.6441295567164782
    ],
    [
      -0.02682554078093093,
      -0.6452009609172863,
      0.009933744810235548
    ]
  ],
  "R": [
    [
      0.9999839525663454,
      -0.003957294466426783,
      0.004053940095074315
    ],
    [
      0.004019864521214715,
      0.999871099472403,
      -0.01554429570867696
    ],
    [
      -0.003991904184664774,
      0.015560342552581735,
      0.9998709618948971
    ]
  ],
  "t": [
    [
      0.9127052086765766
    ],
    [
      -0.034268642227461225
    ],
    [
      0.40717915248024794
    ]
  ]
}