{
  "image_1": "frame_048",
  "image_2": "frame_049",
  "num_matches": 500,
  "inlier_count": 271,
  "inlier_ratio": 0.542,
  "reproj_rmse": 0.6819,
  "F": [
    [
      6.482689458350181e-09,
      1.6842805242485144e-06,
      -0.0029207977331627472
    ],
    [
      -1.7085879891701852e-06,
      5.294418801153462e-08,
      0.015484715042612226
    ],
    [
      0.002808865891490477,
      -0.015658173198098844,
      1.0
    ]
  ],
  "E": [
    [
      -0.001547471168543972,
      -0.2901423610045669,
      -0.0010929037556301948
    ],
    [
      0.2937865931865917,
      -0.012106836973983568,
      -0.6430465353546899
    ],
    [
      0.00934645441638406,
      0.6447094301132605,
      -0.01049910894159674
    ]
  ],
  "R": [
    [
      0.9999686352212094,
      -0.005355301846668913,
      0.005835179171449434
    ],
    [
      0.005449994050870028,
      0.9998517282433254,
      -0.016334598056906804
    ],
    [
      -0.005746837276044414,
      0.01636588741762237,
      0.9998495544782507
    ]
  ],
  "t": [
    [
      0.9119362052743153
    ],
    [
      -0.008248094401890367
    ],
    [
      0.4102491029223823
    ]
  ]
}