{
  "image_1": "frame_025",
  "image_2": "frame_026",
  "num_matches": 500,
  "inlier_count": 295,
  "inlier_ratio": 0.59,
  "reproj_rmse": 0.5777,
  "F": [
    [
      1.5190968246553053e-08,
      1.215163526834104e-06,
      -0.000977048150555859
    ],
    [
      -1.075073294371708e-06,
      2.0025040480185567e-08,
      0.027323388841158175
    ],
    [
      0.0004887813359483485,
      -0.027615528201332167,
      1.0
    ]
  ],
  "E": [
    [
      -0.00144942780277794,
      -0.1453887745699607,
      -0.032235299847208986
    ],
    [
      0.13184022223349004,
      -0.002365377278139591,
      -0.6939387424037606
    ],
    [
      0.036454498003655515,
      0.6910488164005498,
      -0.002252629883979489
    ]
  ],
  "R": [
    [
      0.9997949691473813,
      -0.005656452477725102,
      -0.019442844775245494
    ],
    [
      0.005611956436439906,
      0.9999815094844287,
      -0.002342356548241437
    ],
    [
      0.019455734695522253,
      0.002232763895002132,
      0.9998082261878258
    ]
  ],
  "t": [
    [
      -0.9775693211551292
    ],
    [
      0.046077816416336355
    ],
    [
      -0.2055116959460026
    ]
  ]
}