{
  "image_1": "frame_120",
  "image_2": "frame_121",
  "num_matches": 500,
  "inlier_count": 323,
  "inlier_ratio": 0.646,
  "reproj_rmse": 1.1538,
  "F": [
    [
      1.8348312717741203e-08,
      -1.4453722860611025e-07,
      0.00288681900301607
    ],
    [
      3.0429094352478573e-07,
      -6.374546546394652e-08,
      0.02410256472759734
    ],
    [
      -0.003219545294908768,
      -0.02445332798059961,
      1.0
    ]
  ],
  "E": [
    [
      -0.002814489267497012,
      -0.21307976035068366,
      -0.1570139368361802
    ],
    [
      0.20039350180407378,
      -0.0028896600356291837,
      -0.6594487865575164
    ],
    [
      0.1577683755022165,
      0.6557228645089016,
      -0.005811615721395109
    ]
  ],
  "R": [
    [
      0.9998339876377289,
      0.0002191149854565977,
      -0.018219471810702603
    ],
    [
      -0.0003006630218815032,
      0.9999899497497813,
      -0.004473253980856656
    ],
    [
      0.01821830854347073,
      0.004477989286847853,
      0.9998240049357494
    ]
  ],
  "t": [
    [
      -0.9272925299151962
    ],
    [
      0.22343407174108113
    ],
    [
      -0.3003427700955632
    ]
  ]
}