{
  "image_1": "frame_045",
  "image_2": "frame_046",
  "num_matches": 500,
  "inlier_count": 278,
  "inlier_ratio": 0.556,
  "reproj_rmse": 0.8647,
  "F": [
    [
      3.8590568242472696e-08,
      1.45202489190402e-06,
      -0.0024385521372294982
    ],
    [
      -1.306427322369425e-06,
      1.628473893521566e-08,
      -0.00452735114770454
    ],
    [
      0.0021173572200113987,
      0.0035522833047753853,
      1.0
    ]
  ],
  "E": [
    [
      -0.00458860084217261,
      -0.23268646532434448,
      -0.04795830168841385
    ],
    [
      0.24739455593771179,
      -0.02390464808683291,
      -0.6597661868428712
    ],
    [
      0.07111762255208631,
      0.6641857383474697,
      -0.016389747580325045
    ]
  ],
  "R": [
    [
      0.999379498875704,
      -0.024852223770354384,
      0.024959651452200193
    ],
    [
      0.025516054937189808,
      0.9993194022129749,
      -0.02663950639829152
    ],
    [
      -0.024280612994514728,
      0.02725984839228805,
      0.9993334541074066
    ]
  ],
  "t": [
    [
      0.9418449499746091
    ],
    [
      -0.07659086356797896
    ],
    [
      0.3272031934826391
    ]
  ]
}