{
  "image_1": "frame_051",
  "image_2": "frame_052",
  "num_matches": 500,
  "inlier_count": 292,
  "inlier_ratio": 0.584,
  "reproj_rmse": 0.4429,
  "F": [
    [
      3.3542017839177556e-09,
      6.341052007755186e-07,
      -0.0010222057434233363
    ],
    [
      -5.534686797004109e-07,
      7.944998137604443e-08,
      -0.011938836915723602
    ],
    [
      0.0009803875202357712,
      0.011540293448290264,
      1.0
    ]
  ],
  "E": [
    [
      0.0014685061508946408,
      0.11964815589362522,
      -0.042867628999725606
    ],
    [
      -0.10570754089288409,
      0.013587141467572185,
      -0.6975721856809027
    ],
    [
      0.0487181191141168,
      0.6952077556143863,
      0.01384200917350535
    ]
  ],
  "R": [
    [
      0.9998090212634758,
      -0.005558585149883236,
      0.01873561131380483
    ],
    [
      0.0052084625040409865,
      0.9998118569935871,
      0.01868482093515584
    ],
    [
      -0.018835947507743644,
      -0.01858366880264248,
      0.9996498658707054
    ]
  ],
  "t": [
    [
      0.9837118771925868
    ],
    [
      -0.06378638019965283
    ],
    [
      -0.16805427805105844
    ]
  ]
}