{
  "image_1": "frame_081",
  "image_2": "frame_082",
  "num_matches": 500,
  "inlier_count": 270,
  "inlier_ratio": 0.54,
  "reproj_rmse": 1.0542,
  "F": [
    [
      -1.0788924757750394e-08,
      -2.1452397362970433e-07,
      0.002345041676528941
    ],
    [
      3.0918325738694765e-07,
      5.290459836827846e-08,
      -0.020234980848056156
    ],
    [
      -0.0024011411426752283,
      0.019851513432772548,
      1.0
    ]
  ],
  "E": [
    [
      -0.0008082829190698405,
      0.05909493686747271,
      0.12467441910269268
    ],
    [
      -0.054946235035481926,
      0.007382378183564108,
      -0.6939283982643961
    ],
    [
      -0.12215784733720968,
      0.693823833068842,
      0.00625804812596911
    ]
  ],
  "R": [
    [
      0.9999655039233214,
      -0.002811764533994121,
      0.007815685739801528
    ],
    [
      0.0027302425829605625,
      0.9999419649937615,
      0.01042172825654341
    ],
    [
      -0.007844535602325634,
      -0.010400030029784462,
      0.999915147718327
    ]
  ],
  "t": [
    [
      0.9807786950547688
    ],
    [
      0.1754411002419177
    ],
    [
      -0.08540241022693727
    ]
  ]
}