{
  "image_1": "frame_083",
  "image_2": "frame_084",
  "num_matches": 500,
  "inlier_count": 268,
  "inlier_ratio": 0.536,
  "reproj_rmse": 22.9364,
  "F": [
    [
      -2.217496196474181e-08,
      5.341675400280575e-07,
      -0.00048151976128290084
    ],
    [
      -5.479746844924112e-07,
      9.676751958800546e-09,
      -0.003772895662803868
    ],
    [
      0.0004930730496136655,
      0.0038786794321286283,
      1.0
    ]
  ],
  "E": [
    [
      0.028133451449371703,
      -0.6179085361775833,
      0.12435194478876242
    ],
    [
      0.6134743726502399,
      -0.002452539820602437,
      0.3037644324515457
    ],
    [
      -0.16460037081955756,
      -0.3250677798697668,
      -0.0232840889770859
    ]
  ],
  "R": [
    [
      0.9988928196803313,
      0.0407485249485879,
      -0.02350941312732252
    ],
    [
      -0.038588798779104,
      0.9955500638022278,
      0.08597078033940375
    ],
    [
      0.026907980226368755,
      -0.08496839517076038,
      0.9960202469941275
    ]
  ],
  "t": [
    [
      0.45151775968542945
    ],
    [
      -0.25048093231706536
    ],
    [
      -0.856382516889634
    ]
  ]
}