{
  "image_1": "frame_072",
  "image_2": "frame_073",
  "num_matches": 500,
  "inlier_count": 314,
  "inlier_ratio": 0.628,
  "reproj_rmse": 6.8962,
  "F": [
    [
      8.738518418684905e-09,
      3.1933102433169333e-07,
      -0.001242485136940191
    ],
    [
      -3.512674709431054e-07,
      8.83894469338217e-09,
      0.007346643693152188
    ],
    [
      0.0010986614015925306,
      -0.007258068233587245,
      0.9999999999999999
    ]
  ],
  "E": [
    [
      -0.0020196356565528287,
      -0.601130804028462,
      -0.2622532803540816
    ],
    [
      0.5711636518720129,
      -0.016836098808024322,
      0.31214120556890224
    ],
    [
      0.26381660780428684,
      -0.27481675276968576,
      0.028176952467267213
    ]
  ],
  "R": [
    [
      0.995867024146053,
      -0.039107631239214735,
      0.08197233312125701
    ],
    [
      0.040962968483712586,
      0.9989383791434625,
      -0.02107486387226215
    ],
    [
      -0.0810611215780232,
      0.024345592066935318,
      0.9964117556088062
    ]
  ],
  "t": [
    [
      -0.3737937786090966
    ],
    [
      -0.39001665693440546
    ],
    [
      0.8415255304426859
    ]
  ]
}