{
  "image_1": "frame_093",
  "image_2": "frame_094",
  "num_matches": 500,
  "inlier_count": 327,
  "inlier_ratio": 0.654,
  "reproj_rmse": 0.6825,
  "F": [
    [
      -6.336393004637733e-09,
      -1.0099538531095447e-06,
      0.003947291686537887
    ],
    [
      1.0563356180619911e-06,
      -2.2694874060265255e-08,
      0.008316974724939905
    ],
    [
      -0.004188621855654151,
      -0.00849646810095371,
      1.0
    ]
  ],
  "E": [
    [
      -0.0050250081246890855,
      -0.20405383091674076,
      -0.16353223209388443
    ],
    [
      0.1949776582030425,
      -0.010976395974061262,
      -0.6590285761564649
    ],
    [
      0.17641446918491516,
      0.654159138008526,
      -0.009608174246366428
    ]
  ],
  "R": [
    [
      0.9998139072151266,
      -0.01607940208024089,
      -0.01065850683556796
    ],
    [
      0.01595199586199275,
      0.9998015535608828,
      -0.011932616027658945
    ],
    [
      0.01084826102381764,
      0.011760370996973663,
      0.9998719962609077
    ]
  ],
  "t": [
    [
      -0.9290791058332342
    ],
    [
      0.2347107468449626
    ],
    [
      -0.2858721399849902
    ]
  ]
}