{
  "image_1": "frame_082",
  "image_2": "frame_083",
  "num_matches": 500,
  "inlier_count": 279,
  "inlier_ratio": 0.558,
  "reproj_rmse": 0.6271,
  "F": [
    [
      7.46624376005513e-10,
      -5.470646389091296e-07,
      0.00400983314447704
    ],
    [
      5.779693306498313e-07,
      2.5295878862224703e-08,
      -0.025380712533871374
    ],
    [
      -0.004303978571115319,
      0.025254542766437602,
      1.0
    ]
  ],
  "E": [
    [
      0.0006641151645751284,
      -0.1254221742276322,
      0.06444946791526474
    ],
    [
      0.12840421195583376,
      0.005997831501563037,
      -0.6922468000565648
    ],
    [
      -0.07083669348103247,
      0.6923484258078282,
      0.004655702667076764
    ]
  ],
  "R": [
    [
      0.9999562092138246,
      0.007884948885291218,
      0.0050405590755852325
    ],
    [
      -0.007921108720361988,
      0.9999427458106226,
      0.007194521342851817
    ],
    [
      -0.004983542049418727,
      -0.007234133105554919,
      0.9999614150690279
    ]
  ],
  "t": [
    [
      -0.9799133668324981
    ],
    [
      -0.09242025947514672
    ],
    [
      -0.17671527704628348
    ]
  ]
}