{
  "image_1": "frame_044",
  "image_2": "frame_045",
  "num_matches": 500,
  "inlier_count": 304,
  "inlier_ratio": 0.608,
  "reproj_rmse": 16.4757,
  "F": [
    [
      3.994119185793257e-09,
      8.3869792543583e-07,
      -0.0007784280680641397
    ],
    [
      -8.332863729514155e-07,
      3.077071617073763e-08,
      0.010779776622351033
    ],
    [
      0.0006480370592891306,
      -0.01085441287700196,
      1.0
    ]
  ],
  "E": [
    [
      -0.0016896056526799084,
      -0.40529451366898067,
      -0.07372568072685773
    ],
    [
      0.3978281941606723,
      -0.015433006441794059,
      -0.5783208369035927
    ],
    [
      0.08516846239346265,
      0.5743268410413882,
      -0.015251194806692773
    ]
  ],
  "R": [
    [
      0.999952314019929,
      -0.0024489475608606565,
      -0.00945369462346296
    ],
    [
      0.002210447153778994,
      0.999681073610603,
      -0.025156807987746506
    ],
    [
      0.009512287294331012,
      0.025134711468328873,
      0.9996388161080151
    ]
  ],
  "t": [
    [
      0.8127706028442766
    ],
    [
      -0.11865546633976864
    ],
    [
      0.5703725339283471
    ]
  ]
}