{
  "image_1": "frame_045",
  "image_2": "frame_046",
  "num_matches": 500,
  "inlier_count": 305,
  "inlier_ratio": 0.61,
  "reproj_rmse": 2.0398,
  "F": [
    [
      -4.315106087551789e-09,
      3.2929630008751866e-07,
      0.000317849773870537
    ],
    [
      -6.615573339305691e-07,
      -5.3326357380095085e-08,
      0.023464461833862967
    ],
    [
      -0.0003436375375329752,
      -0.022407418455883902,
      1.0
    ]
  ],
  "E": [
    [
      -0.017259973401999102,
      -0.6608795102017974,
      -0.06906050985580131
    ],
    [
      0.6162972843365231,
      -0.018282215194089495,
      0.33434905294979766
    ],
    [
      0.07765770938608058,
      -0.24450681160414853,
      0.02026919492058938
    ]
  ],
  "R": [
    [
      0.9885052003869392,
      -0.04102247908045502,
      0.14551503364969165
    ],
    [
      0.04583789656725289,
      0.9985015022945536,
      -0.029893764463670036
    ],
    [
      -0.1440706633783126,
      0.036220244692894976,
      0.9889043117653596
    ]
  ],
  "t": [
    [
      -0.3410894671262643
    ],
    [
      -0.12691831009264146
    ],
    [
      0.9314234901368705
    ]
  ]
}