{
  "image_1": "frame_029",
  "image_2": "frame_030",
  "num_matches": 500,
  "inlier_count": 298,
  "inlier_ratio": 0.596,
  "reproj_rmse": 0.5556,
  "F": [
    [
      -5.0401611260208e-09,
      7.292111405676656e-06,
      0.0024401645250023986
    ],
    [
      -6.442014275645177e-06,
      1.06405256551142e-07,
      0.16105380414864262
    ],
    [
      -0.0021100010497090904,
      -0.16303565364605313,
      1.0
    ]
  ],
  "E": [
    [
      0.0014163997034352868,
      -0.19336735259077245,
      -0.06417198769751936
    ],
    [
      0.18436639472709893,
      0.0032012122090325254,
      -0.6796453129080343
    ],
    [
      0.0559203084001336,
      0.6778222022669942,
      0.00017708496814315973
    ]
  ],
  "R": [
    [
      0.9998412838861477,
      0.011764003334771483,
      -0.013379658532236577
    ],
    [
      -0.011744653958901063,
      0.9999298680539239,
      0.0015238362928548972
    ],
    [
      0.013396646605976892,
      -0.001366454975931082,
      0.9999093272194801
    ]
  ],
  "t": [
    [
      -0.9575896999851932
    ],
    [
      0.09034415728604851
    ],
    [
      -0.27360537225453324
    ]
  ]
}