{
  "image_1": "frame_123",
  "image_2": "frame_124",
  "num_matches": 500,
  "inlier_count": 284,
  "inlier_ratio": 0.568,
  "reproj_rmse": 2.3108,
  "F": [
    [
      2.558541801889642e-09,
      3.3591610926577774e-07,
      1.9449141160096652e-05
    ],
    [
      -2.959858570913264e-07,
      1.013913345343287e-08,
      0.012259301380360655
    ],
    [
      -0.00013527829841672966,
      -0.012326992838731813,
      1.0
    ]
  ],
  "E": [
    [
      0.0005254948425127814,
      0.3768749927038813,
      0.04120619226287784
    ],
    [
      -0.38847822355067463,
      -0.012929675724684859,
      -0.5886445542822404
    ],
    [
      -0.049950464803976365,
      0.5967027737136286,
      -0.011525900553639803
    ]
  ],
  "R": [
    [
      0.9997748030654952,
      0.0009240271152208684,
      -0.021201163393571087
    ],
    [
      -0.0013705371742965197,
      0.999777362986565,
      -0.02105578513102689
    ],
    [
      0.02117698711347854,
      0.02108010041533069,
      0.9995534826027443
    ]
  ],
  "t": [
    [
      -0.8441173063606914
    ],
    [
      -0.06949938167249178
    ],
    [
      0.5316350336927693
    ]
  ]
}