{
  "image_1": "frame_077",
  "image_2": "frame_078",
  "num_matches": 500,
  "inlier_count": 294,
  "inlier_ratio": 0.588,
  "reproj_rmse": 1.03,
  "F": [
    [
      -2.9186339195208662e-08,
      9.216156999612214e-08,
      0.00600134935528444
    ],
    [
      2.7499470345995744e-07,
      -1.0521725811938615e-07,
      -0.07493642347829396
    ],
    [
      -0.006321788403953621,
      0.07385842075364168,
      1.0
    ]
  ],
  "E": [
    [
      -0.0013654828349803578,
      -0.22037806313401417,
      0.06490599385498741
    ],
    [
      0.22866679243451352,
      -0.002634958960737005,
      -0.6660163668524826
    ],
    [
      -0.06245587352276191,
      0.6689072844536137,
      -0.002814158600907753
    ]
  ],
  "R": [
    [
      0.9999229897501422,
      -0.0026231109562357274,
      0.012129874609754732
    ],
    [
      0.002660204676080441,
      0.999991831929949,
      -0.0030429236706236706
    ],
    [
      -0.012121793605670284,
      0.003074957283468658,
      0.9999218003211481
    ]
  ],
  "t": [
    [
      0.9457471720366118
    ],
    [
      0.09084882072557755
    ],
    [
      0.31194354995339024
    ]
  ]
}