{
  "image_1": "frame_102",
  "image_2": "frame_103",
  "num_matches": 500,
  "inlier_count": 292,
  "inlier_ratio": 0.584,
  "reproj_rmse": 0.5442,
  "F": [
    [
      1.665332995097542e-08,
      -7.443745426947461e-06,
      0.03299327971793183
    ],
    [
      7.12441991355681e-06,
      5.829842709647492e-07,
      0.22450055380836098
    ],
    [
      -0.030741349447614332,
      -0.22487088548489534,
      1.0
    ]
  ],
  "E": [
    [
      -0.0001872493319586613,
      -0.05579649645860915,
      -0.06935636849111342
    ],
    [
      0.04988224306099828,
      -0.003120247241092595,
      -0.7018927449359763
    ],
    [
      0.06500592907557046,
      0.7019139733983538,
      -0.004001711397960548
    ]
  ],
  "R": [
    [
      0.99994679429518,
      0.006549994181707222,
      -0.00796907491574464
    ],
    [
      -0.006589280456209559,
      0.9999662183203268,
      -0.0049136138649333305
    ],
    [
      0.007936621564782073,
      0.0049658629022408685,
      0.9999561741615348
    ]
  ],
  "t": [
    [
      0.9920447672059532
    ],
    [
      -0.09847436712768008
    ],
    [
      0.07842180103828848
    ]
  ]
}