{
  "image_1": "frame_059",
  "image_2": "frame_060",
  "num_matches": 500,
  "inlier_count": 318,
  "inlier_ratio": 0.636,
  "reproj_rmse": 5.2643,
  "F": [
    [
      4.07757227385825e-09,
      5.89130008368263e-07,
      -0.002119174865072486
    ],
    [
      -6.062956088744472e-07,
      2.3969792262685165e-08,
      0.011275483628948792
    ],
    [
      0.0020276989952056844,
      -0.011243903292545843,
      1.0
    ]
  ],
  "E": [
    [
      0.0008475261271243015,
      -0.5970988897717742,
      -0.26898165370783345
    ],
    [
      0.5869621866080714,
      0.0022771744798619252,
      0.27599125012690573
    ],
    [
      0.2799395875126958,
      -0.26823764299247155,
      0.01012410729350117
    ]
  ],
  "R": [
    [
      0.9998571379144557,
      -0.005742304982301355,
      0.015897474485064844
    ],
    [
      0.006078426691324551,
      0.9997572825295973,
      -0.021176136521885602
    ],
    [
      -0.015772016056016525,
      0.021269742888092802,
      0.9996493592990512
    ]
  ],
  "t": [
    [
      -0.3771500165777967
    ],
    [
      -0.39824373396450624
    ],
    [
      0.8361577562597715
    ]
  ]
}