{
  "image_1": "frame_076",
  "image_2": "frame_077",
  "num_matches": 500,
  "inlier_count": 319,
  "inlier_ratio": 0.638,
  "reproj_rmse": 1.259,
  "F": [
    [
      -3.854318948999153e-08,
      6.580762481721364e-07,
      0.006147684429532851
    ],
    [
      -2.0577871541233292e-07,
      -8.539068902442512e-08,
      -0.07150367454139893
    ],
    [
      -0.0060615546480197275,
      0.07017641478364173,
      1.0
    ]
  ],
  "E": [
    [
      -0.0013661961016068428,
      -0.11820851352018659,
      0.074568806159542
    ],
    [
      0.12191914617861732,
      -0.0023322693079077515,
      -0.6925338809609634
    ],
    [
      -0.06858058408219464,
      0.6937472738748106,
      -0.0017039664939778453
    ]
  ],
  "R": [
    [
      0.999952225425024,
      -0.008300436237221376,
      0.005162327557760332
    ],
    [
      0.008310363688049272,
      0.9999636545384312,
      -0.0019045885428665352
    ],
    [
      -0.005146331014823924,
      0.0019473983714400865,
      0.999984861343745
    ]
  ],
  "t": [
    [
      0.9802697322548529
    ],
    [
      0.10513901308359376
    ],
    [
      0.16738291416033693
    ]
  ]
}