{
  "image_1": "frame_069",
  "image_2": "frame_070",
  "num_matches": 500,
  "inlier_count": 343,
  "inlier_ratio": 0.686,
  "reproj_rmse": 2.6562,
  "F": [
    [
      -2.30045767159879e-09,
      3.859894028939395e-08,
      8.871121251514094e-05
    ],
    [
      7.230993530357843e-08,
      -3.159546641908228e-08,
      -0.014450475888045693
    ],
    [
      -0.0006889726726336403,
      0.014150917024674204,
      1.0
    ]
  ],
  "E": [
    [
      0.00447617063103946,
      -0.15240644753152247,
      0.0006115955001968141
    ],
    [
      0.15947956880022318,
      0.0036498155408626826,
      -0.6888779283087879
    ],
    [
      -0.0206697793499514,
      0.6901620684245463,
      -0.0010440299940733312
    ]
  ],
  "R": [
    [
      0.9995156287715172,
      0.02939672078467481,
      0.010214727044153243
    ],
    [
      -0.029382839545221792,
      0.9995670960437839,
      -0.0015064019572725996
    ],
    [
      -0.010254588326131547,
      0.0012055346137693846,
      0.9999466936314938
    ]
  ],
  "t": [
    [
      0.9764751554425206
    ],
    [
      0.0005401310996627893
    ],
    [
      0.21562926299994725
    ]
  ]
}