{
  "image_1": "frame_104",
  "image_2": "frame_105",
  "num_matches": 500,
  "inlier_count": 280,
  "inlier_ratio": 0.56,
  "reproj_rmse": 3.1208,
  "F": [
    [
      3.3507479180979508e-09,
      -2.4936930119109468e-06,
      0.00605994765232625
    ],
    [
      2.676184455758514e-06,
      -1.6937043057409197e-07,
      0.029208104153032502
    ],
    [
      -0.006576913336029947,
      -0.029712706564456022,
      1.0
    ]
  ],
  "E": [
    [
      -0.0025889527292047975,
      -0.27891555852204053,
      -0.1353843634853225
    ],
    [
      0.27229903300034874,
      0.0001205555344491276,
      -0.638487917973148
    ],
    [
      0.1374250177880453,
      0.6349576291245247,
      -0.00023887245298610707
    ]
  ],
  "R": [
    [
      0.9999334247300229,
      -0.0040341073360740665,
      -0.010810739368261546
    ],
    [
      0.00405507386572404,
      0.9999899383932671,
      0.0019181992006030157
    ],
    [
      0.010802892373386441,
      -0.001961909842654777,
      0.9999397223963745
    ]
  ],
  "t": [
    [
      -0.8987441044722144
    ],
    [
      0.19071654724083023
    ],
    [
      -0.39482430685682657
    ]
  ]
}