{
  "image_1": "frame_055",
  "image_2": "frame_056",
  "num_matches": 500,
  "inlier_count": 338,
  "inlier_ratio": 0.676,
  "reproj_rmse": 0.7138,
  "F": [
    [
      4.8076740350027145e-08,
      1.943059835255264e-06,
      -0.0032551402285965593
    ],
    [
      -2.0318437407972533e-06,
      2.8836620862367466e-08,
      0.031950068523240484
    ],
    [
      0.00254930575927646,
      -0.03199205627197979,
      0.9999999999999999
    ]
  ],
  "E": [
    [
      -0.002124976482146761,
      -0.0876939990049821,
      -0.013871223155950116
    ],
    [
      0.09148666422712438,
      -0.0032232386066803793,
      -0.7010165161912857
    ],
    [
      0.03158835552141667,
      0.70093504263766,
      -0.0008502988458346639
    ]
  ],
  "R": [
    [
      0.9996702370022383,
      -0.02508929947270401,
      0.005472138874105775
    ],
    [
      0.02509688090461717,
      0.999684150604945,
      -0.0013212108571701217
    ],
    [
      -0.005437262247490568,
      0.0014581087883340756,
      0.9999841549234734
    ]
  ],
  "t": [
    [
      -0.9920814847396582
    ],
    [
      0.01978105298059327
    ],
    [
      -0.12402837409131129
    ]
  ]
}