{
  "image_1": "frame_108",
  "image_2": "frame_109",
  "num_matches": 500,
  "inlier_count": 309,
  "inlier_ratio": 0.618,
  "reproj_rmse": 1.4528,
  "F": [
    [
      -3.971553759179891e-09,
      -1.2131703751862785e-07,
      0.000292249608422974
    ],
    [
      1.50866078441652e-07,
      9.137532562993525e-09,
      0.001961751626451744
    ],
    [
      -0.00037213114463679667,
      -0.0020782841978909733,
      1.0
    ]
  ],
  "E": [
    [
      -0.023120144212632372,
      -0.6086736749973986,
      -0.0029744077814000147
    ],
    [
      0.6427875314914756,
      0.015548481656288658,
      0.28577658413689605
    ],
    [
      0.06074822023841224,
      -0.3594640267533772,
      0.031343491182984164
    ]
  ],
  "R": [
    [
      0.9928107843075946,
      -0.03715537063798856,
      -0.11378147914003328
    ],
    [
      0.024640250795073947,
      0.9936828184131405,
      -0.10948659475604236
    ],
    [
      0.1171307158831354,
      0.10589586782906932,
      0.9874545359526339
    ]
  ],
  "t": [
    [
      0.5078837843347606
    ],
    [
      0.09913806570966473
    ],
    [
      -0.8557018788907435
    ]
  ]
}