{
  "image_1": "frame_054",
  "image_2": "frame_055",
  "num_matches": 500,
  "inlier_count": 301,
  "inlier_ratio": 0.602,
  "reproj_rmse": 0.753,
  "F": [
    [
      1.585402249894849e-07,
      1.1264277401841482e-05,
      -0.013951844580238126
    ],
    [
      -1.1751075866398641e-05,
      3.243968833963007e-07,
      0.15424903033559367
    ],
    [
      0.012304299085183506,
      -0.15460733749148256,
      1.0
    ]
  ],
  "E": [
    [
      -0.0029675766933458764,
      -0.19448738438157698,
      -0.021156210193631324
    ],
    [
      0.20239090422504702,
      -0.0018406191993094521,
      -0.6772037338284379
    ],
    [
      0.031926817184479137,
      0.6790622572797355,
      0.001741136007744479
    ]
  ],
  "R": [
    [
      0.9997969130508101,
      -0.016512131196252652,
      0.011553448724459459
    ],
    [
      0.016487662214239085,
      0.9998616269778933,
      0.0022099529020137305
    ],
    [
      -0.01158834107109924,
      -0.002019014729442584,
      0.9999308145720593
    ]
  ],
  "t": [
    [
      -0.960956050582153
    ],
    [
      0.02931337226431265
    ],
    [
      -0.27514395333360375
    ]
  ]
}