{
  "image_1": "frame_054",
  "image_2": "frame_055",
  "num_matches": 500,
  "inlier_count": 339,
  "inlier_ratio": 0.678,
  "reproj_rmse": 0.4966,
  "F": [
    [
      -1.839259181942515e-06,
      -0.0001530583289318925,
      0.10691491158239648
    ],
    [
      0.00017815525889306008,
      -1.1980780864442792e-05,
      -5.933369192397464
    ],
    [
      -0.05294410428707879,
      5.9158024084472505,
      1.0
    ]
  ],
  "E": [
    [
      -0.002207255729503956,
      -0.1658653602734199,
      -0.05332780403802903
    ],
    [
      0.17048384353657745,
      -0.0007283186414955656,
      -0.6842072208686372
    ],
    [
      0.06339990785046824,
      0.6844052882746867,
      0.002239692469538368
    ]
  ],
  "R": [
    [
      0.9998603999896574,
      -0.01539421739250292,
      0.00649604521179567
    ],
    [
      0.015376510321044354,
      0.9998779458096088,
      0.00276702257020002
    ],
    [
      -0.006537848489230641,
      -0.0026667497875754176,
      0.9999750721806535
    ]
  ],
  "t": [
    [
      -0.9691645428915256
    ],
    [
      0.07476907870326016
    ],
    [
      -0.23479709042431876
    ]
  ]
}