{
  "image_1": "frame_061",
  "image_2": "frame_062",
  "num_matches": 500,
  "inlier_count": 312,
  "inlier_ratio": 0.624,
  "reproj_rmse": 1.6847,
  "F": [
    [
      1.0210377071347377e-09,
      6.3788363961542375e-09,
      0.0009083007610149676
    ],
    [
      -2.6998798000985405e-08,
      6.535300069677014e-08,
      -0.012209920853461518
    ],
    [
      -0.0010679312775029714,
      0.01217688707044376,
      1.0
    ]
  ],
  "E": [
    [
      0.005262737421405072,
      -0.4327445693607973,
      -0.1520182950185955
    ],
    [
      0.438407206024502,
      -0.004336281084372535,
      0.5358717014762601
    ],
    [
      0.1510157916943882,
      -0.5359914008905544,
      -0.01114298086662221
    ]
  ],
  "R": [
    [
      0.9998910552582175,
      0.013902371843366013,
      -0.0049600072315452715
    ],
    [
      -0.013803799850298892,
      0.9997168393862843,
      0.01938288309800984
    ],
    [
      0.005228070801078621,
      -0.019312304487735632,
      0.999799831051732
    ]
  ],
  "t": [
    [
      0.7610451750891132
    ],
    [
      0.20308539055818142
    ],
    [
      -0.6160897382812115
    ]
  ]
}