{
  "image_1": "frame_024",
  "image_2": "frame_025",
  "num_matches": 500,
  "inlier_count": 286,
  "inlier_ratio": 0.572,
  "reproj_rmse": 1.1416,
  "F": [
    [
      4.238032047491435e-08,
      3.1465369128733396e-06,
      -0.0029735570430233955
    ],
    [
      -2.7637200407298597e-06,
      2.7133491351390854e-08,
      0.06547499555146588
    ],
    [
      0.0017083908267684436,
      -0.06628363709998694,
      1.0
    ]
  ],
  "E": [
    [
      -0.00256927903267428,
      -0.22583275903783953,
      -0.04158206946185795
    ],
    [
      0.21435247191590853,
      0.0017462806933283713,
      -0.672619640770125
    ],
    [
      0.045915955000187546,
      0.6684165153440851,
      0.00278737853860216
    ]
  ],
  "R": [
    [
      0.9998138333873972,
      -0.008154949938756706,
      -0.017487005423869995
    ],
    [
      0.008247456474445768,
      0.9999523412147748,
      0.0052244388017048254
    ],
    [
      0.017443566977548175,
      -0.005367689501732706,
      0.9998334410693177
    ]
  ],
  "t": [
    [
      -0.9457947930178918
    ],
    [
      0.057145203430354716
    ],
    [
      -0.3196977247731775
    ]
  ]
}