{
  "image_1": "frame_029",
  "image_2": "frame_030",
  "num_matches": 500,
  "inlier_count": 281,
  "inlier_ratio": 0.562,
  "reproj_rmse": 0.7919,
  "F": [
    [
      2.4562672008874196e-08,
      6.113418162062036e-07,
      0.003403567990204662
    ],
    [
      -1.2774973120171263e-07,
      4.717981282864934e-09,
      0.0676517927348717
    ],
    [
      -0.0034975212014002654,
      -0.0689322460512411,
      1.0
    ]
  ],
  "E": [
    [
      0.0014514737696684084,
      -0.21985787157786152,
      -0.07512074878321426
    ],
    [
      0.21157526936568818,
      0.003290065659891241,
      -0.6705444639595973
    ],
    [
      0.06753916818943638,
      0.668618683057961,
      5.264447926380381e-05
    ]
  ],
  "R": [
    [
      0.9998625762537126,
      0.010875944396835466,
      -0.012511692162365695
    ],
    [
      -0.010858263914916719,
      0.9999399517797993,
      0.0014801822071587312
    ],
    [
      0.012527039236901849,
      -0.001344123539453651,
      0.9999206301601481
    ]
  ],
  "t": [
    [
      -0.9444758150756406
    ],
    [
      0.1057847126377565
    ],
    [
      -0.31108685171403777
    ]
  ]
}