{
  "image_1": "frame_075",
  "image_2": "frame_076",
  "num_matches": 500,
  "inlier_count": 287,
  "inlier_ratio": 0.574,
  "reproj_rmse": 0.7789,
  "F": [
    [
      -2.4399442226625903e-08,
      1.4154163751947041e-06,
      0.005013620421261976
    ],
    [
      -9.638811105988572e-07,
      -1.371673704320465e-07,
      -0.07317182073587492
    ],
    [
      -0.004616259054858744,
      0.07197048994656943,
      1.0
    ]
  ],
  "E": [
    [
      -0.0024324461684243352,
      -0.1468410148657922,
      0.07755110566906605
    ],
    [
      0.1521512664048938,
      -0.0015960637391573187,
      -0.6861653993600229
    ],
    [
      -0.0690458550697191,
      0.6882402875126397,
      -0.0003025616722957931
    ]
  ],
  "R": [
    [
      0.9998921890717093,
      -0.012461961134437469,
      0.007765935749713876
    ],
    [
      0.012458943895231528,
      0.9999222889499442,
      0.00043678154660431803
    ],
    [
      -0.007770775405349956,
      -0.0003399790989817922,
      0.9999697492743526
    ]
  ],
  "t": [
    [
      0.9720263633958981
    ],
    [
      0.10976784076428794
    ],
    [
      0.207643372148719
    ]
  ]
}