{
  "image_1": "frame_093",
  "image_2": "frame_094",
  "num_matches": 500,
  "inlier_count": 331,
  "inlier_ratio": 0.662,
  "reproj_rmse": 0.8376,
  "F": [
    [
      1.680313703182196e-09,
      -5.526028840578928e-07,
      0.0034620950362256983
    ],
    [
      5.964791362120132e-07,
      -1.2816000291250423e-08,
      0.00911286177373751
    ],
    [
      -0.003736688258226233,
      -0.009260125323972924,
      0.9999999999999999
    ]
  ],
  "E": [
    [
      0.004597389394115668,
      0.17508341238174718,
      0.1781318341853328
    ],
    [
      -0.16621927818322924,
      0.011226284866757134,
      0.6631055154211625
    ],
    [
      -0.1910754373648715,
      -0.6584183672617053,
      0.010263564873629888
    ]
  ],
  "R": [
    [
      0.9998189700412288,
      -0.016346534112332445,
      -0.009737451833567862
    ],
    [
      0.01622074223041195,
      0.9997857282429333,
      -0.012860214743220993
    ],
    [
      0.00994558531164616,
      0.012699937962902877,
      0.9998698899899661
    ]
  ],
  "t": [
    [
      -0.9355145240660929
    ],
    [
      0.25509291447010485
    ],
    [
      -0.24441804403222658
    ]
  ]
}