{
  "image_1": "frame_028",
  "image_2": "frame_029",
  "num_matches": 500,
  "inlier_count": 295,
  "inlier_ratio": 0.59,
  "reproj_rmse": 0.4045,
  "F": [
    [
      5.4062532681991596e-11,
      3.994563865534788e-07,
      4.8253991903918567e-05
    ],
    [
      -2.802330531526514e-07,
      1.4055413385546766e-07,
      0.020528729873977088
    ],
    [
      -5.1371806855581595e-05,
      -0.021115690995350555,
      1.0
    ]
  ],
  "E": [
    [
      0.0006658175389247732,
      -0.09405271739331172,
      -0.024061317926045482
    ],
    [
      0.0806504094953509,
      -0.004950468572720933,
      -0.7020349397210417
    ],
    [
      0.016393689812543806,
      0.7006305604447017,
      -0.006380316833027815
    ]
  ],
  "R": [
    [
      0.999750165702136,
      0.011915411502791354,
      -0.01891108530124566
    ],
    [
      -0.012076711323805157,
      0.9998914688811102,
      -0.008438216777102858
    ],
    [
      0.018808488034750007,
      0.008664492339142278,
      0.9997855606830656
    ]
  ],
  "t": [
    [
      -0.9905298541867387
    ],
    [
      0.035155304577706055
    ],
    [
      -0.1327204299452312
    ]
  ]
}