{
  "image_1": "frame_119",
  "image_2": "frame_120",
  "num_matches": 500,
  "inlier_count": 292,
  "inlier_ratio": 0.584,
  "reproj_rmse": 0.8275,
  "F": [
    [
      2.8507171012599913e-08,
      4.707222209683279e-06,
      -0.004943964138826573
    ],
    [
      -4.318130316252114e-06,
      1.4959410109047167e-07,
      0.07472962345317193
    ],
    [
      0.0040678788059416455,
      -0.07567208160869486,
      1.0
    ]
  ],
  "E": [
    [
      -0.002143141270526363,
      -0.1957115997900617,
      -0.08733020778044516
    ],
    [
      0.18330441361742714,
      -0.001156974959872829,
      -0.6773008447997281
    ],
    [
      0.08939678507576149,
      0.6735953768018552,
      -0.0022391119459833284
    ]
  ],
  "R": [
    [
      0.9998296116754061,
      -0.0028075590545116325,
      -0.018244594518980167
    ],
    [
      0.002790636148532824,
      0.9999956521084056,
      -0.0009529502459657661
    ],
    [
      0.01824719065755262,
      0.0009018738493896603,
      0.9998330994004283
    ]
  ],
  "t": [
    [
      -0.9529594025582974
    ],
    [
      0.12378787493844699
    ],
    [
      -0.2766675606101234
    ]
  ]
}