{
  "image_1": "frame_052",
  "image_2": "frame_053",
  "num_matches": 500,
  "inlier_count": 305,
  "inlier_ratio": 0.61,
  "reproj_rmse": 0.5832,
  "F": [
    [
      -2.7072074157258878e-09,
      -1.5953001525699248e-06,
      0.001091452398216061
    ],
    [
      1.717326735946131e-06,
      1.3931514750654588e-08,
      -0.024014404231653096
    ],
    [
      -0.0012015806299303826,
      0.023917124124107247,
      1.0
    ]
  ],
  "E": [
    [
      0.0004120295752548127,
      -0.022338118648144254,
      -0.036156468097834286
    ],
    [
      0.03379383394816982,
      0.008591055028912033,
      -0.7053345779377949
    ],
    [
      0.04045094841765785,
      0.705518767964314,
      0.00937235561082145
    ]
  ],
  "R": [
    [
      0.9998572545603989,
      -0.006678232636997974,
      0.015520042261147594
    ],
    [
      0.006484657880218993,
      0.9999009746666391,
      0.012489598587697315
    ],
    [
      -0.015601913828700291,
      -0.012387173590106385,
      0.9998015494163481
    ]
  ],
  "t": [
    [
      0.998191913913934
    ],
    [
      -0.05074058979038375
    ],
    [
      0.032222593696989744
    ]
  ]
}