{
  "image_1": "frame_113",
  "image_2": "frame_114",
  "num_matches": 500,
  "inlier_count": 313,
  "inlier_ratio": 0.626,
  "reproj_rmse": 4.6574,
  "F": [
    [
      -1.487037225620668e-07,
      7.919392917677518e-06,
      -0.005460858965232841
    ],
    [
      -8.652854457335967e-06,
      1.928390473470053e-07,
      0.2090260182659376
    ],
    [
      0.009754017432244608,
      -0.20712552212347865,
      1.0
    ]
  ],
  "E": [
    [
      0.005625683782447667,
      -0.31480493253077707,
      -0.10234865075456423
    ],
    [
      0.31784621126568324,
      -0.001231487457192769,
      -0.6227702509714257
    ],
    [
      0.09565083819124155,
      0.6263706716497401,
      -0.005580555800307101
    ]
  ],
  "R": [
    [
      0.999854933601136,
      0.015797270064157473,
      0.006368517251930439
    ],
    [
      -0.01573307723597321,
      0.9998261514430383,
      -0.01000685621408378
    ],
    [
      -0.006525491104503234,
      0.009905208181684826,
      0.9999296499337953
    ]
  ],
  "t": [
    [
      0.8836186505783963
    ],
    [
      -0.14919439619289096
    ],
    [
      0.44380075765443716
    ]
  ]
}