{
  "image_1": "frame_115",
  "image_2": "frame_116",
  "num_matches": 500,
  "inlier_count": 308,
  "inlier_ratio": 0.616,
  "reproj_rmse": 9.8943,
  "F": [
    [
      1.5997929124996626e-10,
      -8.804617580449186e-09,
      7.660303190651108e-06
    ],
    [
      2.2546534883913458e-09,
      2.4990907460233812e-08,
      -0.002915912492494604
    ],
    [
      -5.688978971216626e-05,
      0.0029473880724989144,
      1.0
    ]
  ],
  "E": [
    [
      -0.0020065271426285797,
      -0.5360609395660474,
      -0.35372633698214284
    ],
    [
      0.5763752180082184,
      -0.0007404557358604287,
      0.2615201420046314
    ],
    [
      0.3236976799122661,
      -0.28382682519948504,
      -0.039657809815272504
    ]
  ],
  "R": [
    [
      0.9976336161086682,
      0.03522688981401653,
      -0.05904434133745279
    ],
    [
      -0.030994091861027445,
      0.9969852583161563,
      0.07113199680859039
    ],
    [
      0.06137209691425488,
      -0.06913364545789769,
      0.9957178339198556
    ]
  ],
  "t": [
    [
      0.4183594661187765
    ],
    [
      0.44586606759687564
    ],
    [
      -0.7913146067617548
    ]
  ]
}