{
  "image_1": "frame_061",
  "image_2": "frame_062",
  "num_matches": 500,
  "inlier_count": 311,
  "inlier_ratio": 0.622,
  "reproj_rmse": 1.853,
  "F": [
    [
      -4.0052035389045685e-11,
      8.455970168388949e-08,
      0.0008556894646918958
    ],
    [
      -1.0627718227291852e-07,
      7.751752057225542e-08,
      -0.0123373681387258
    ],
    [
      -0.001004269775021596,
      0.012285270857260245,
      1.0
    ]
  ],
  "E": [
    [
      0.005936646428814914,
      -0.481124257056201,
      -0.15127685671583602
    ],
    [
      0.4853615193429494,
      -0.003478556291638638,
      0.49430203254318805
    ],
    [
      0.14815156566486,
      -0.4935833537185224,
      -0.010183342152931542
    ]
  ],
  "R": [
    [
      0.9999111773340543,
      0.013103707406450532,
      -0.00243521962699611
    ],
    [
      -0.013052823755988596,
      0.9997177199469501,
      0.019852058232484565
    ],
    [
      0.0026946677755648185,
      -0.019818508427149356,
      0.9997999627371981
    ]
  ],
  "t": [
    [
      0.7008559311634126
    ],
    [
      0.20038760346340068
    ],
    [
      -0.6845770753766598
    ]
  ]
}