{
  "image_1": "frame_122",
  "image_2": "frame_123",
  "num_matches": 500,
  "inlier_count": 299,
  "inlier_ratio": 0.598,
  "reproj_rmse": 0.619,
  "F": [
    [
      9.397761368666065e-09,
      1.665443466790527e-06,
      0.0008667676947060848
    ],
    [
      -1.574191725413401e-06,
      -1.1770467606433939e-08,
      0.02496519849979717
    ],
    [
      -0.0010233312557051918,
      -0.024975068380180755,
      1.0
    ]
  ],
  "E": [
    [
      -0.0004898732732660056,
      -0.08275874347848605,
      -0.05776967505578913
    ],
    [
      0.07056106881429776,
      -0.005263036499498831,
      -0.7011258336567247
    ],
    [
      0.054286647053946445,
      0.7001700729796111,
      -0.006651713696855942
    ]
  ],
  "R": [
    [
      0.9998424364471334,
      0.005794116551612993,
      -0.016778870428197146
    ],
    [
      -0.005930718709484639,
      0.9999495824075568,
      -0.008103037612007532
    ],
    [
      0.016731074533599066,
      0.008201271629384861,
      0.9998263900741027
    ]
  ],
  "t": [
    [
      -0.989760996449129
    ],
    [
      0.08265593014103109
    ],
    [
      -0.11636652061717893
    ]
  ]
}