{
  "image_1": "frame_095",
  "image_2": "frame_096",
  "num_matches": 500,
  "inlier_count": 312,
  "inlier_ratio": 0.624,
  "reproj_rmse": 0.5357,
  "F": [
    [
      1.08218853762554e-08,
      1.5510417860971138e-07,
      0.0012821203498650773
    ],
    [
      -7.181198646667539e-08,
      2.0379865961495032e-08,
      0.011111176667179274
    ],
    [
      -0.0014345578211750688,
      -0.011414425898441119,
      1.0
    ]
  ],
  "E": [
    [
      -0.001193690697478092,
      -0.16835676865926721,
      -0.11475690748673312
    ],
    [
      0.15726688658863217,
      -0.009588805249315198,
      -0.6792877524439194
    ],
    [
      0.11548340681472705,
      0.6773168646740638,
      -0.011584640178604312
    ]
  ],
  "R": [
    [
      0.9999010871197362,
      0.0023612967714591315,
      -0.013865073181455717
    ],
    [
      -0.002565218807045133,
      0.9998885367348462,
      -0.01470828877604679
    ],
    [
      0.013828797100326778,
      0.01474240088332645,
      0.9997956921226221
    ]
  ],
  "t": [
    [
      -0.9575859499107224
    ],
    [
      0.16579101650147318
    ],
    [
      -0.23567453698053167
    ]
  ]
}