{
  "image_1": "frame_040",
  "image_2": "frame_041",
  "num_matches": 331,
  "inlier_count": 169,
  "inlier_ratio": 0.5106,
  "reproj_rmse": 0.4824,
  "F": [
    [
      3.571808490338882e-08,
      -4.517503577337111e-07,
      0.016650037257188968
    ],
    [
      7.205676166416854e-07,
      4.19165148426457e-08,
      -0.00011749401599476283
    ],
    [
      -0.016417422235390083,
      -0.0009093330274025363,
      1.0
    ]
  ],
  "E": [
    [
      -0.002747014837284068,
      -0.09782017140124055,
      -0.6967244648412798
    ],
    [
      0.07064660239795931,
      -0.00019125374448755668,
      -0.07128027343617235
    ],
    [
      0.6969798924046464,
      0.09521998231391729,
      -0.008889107401045216
    ]
  ],
  "R": [
    [
      0.9993420881206114,
      0.03516509166693588,
      -0.00887734412942704
    ],
    [
      -0.03547702235192869,
      0.9986538080873225,
      -0.037841147944130724
    ],
    [
      0.00753470608431505,
      0.03813119353947382,
      0.9992443346266607
    ]
  ],
  "t": [
    [
      0.09998687981993963
    ],
    [
      -0.9898769050851669
    ],
    [
      0.1007290258211819
    ]
  ]
}