{
  "image_1": "frame_097",
  "image_2": "frame_098",
  "num_matches": 500,
  "inlier_count": 299,
  "inlier_ratio": 0.598,
  "reproj_rmse": 1.0565,
  "F": [
    [
      6.497410857506185e-09,
      2.4330532705605634e-07,
      0.0008098051449865324
    ],
    [
      -1.9010660657010624e-07,
      2.3742056117629662e-09,
      0.008666544480231759
    ],
    [
      -0.0008955838178512623,
      -0.008753242058648452,
      1.0
    ]
  ],
  "E": [
    [
      -0.0008971132208736211,
      0.18373615671549814,
      0.04249637768559402
    ],
    [
      -0.200709043824044,
      -0.018886502190142197,
      -0.6761295424396252
    ],
    [
      -0.05498556360985814,
      0.6807218038900431,
      -0.015385476681755352
    ]
  ],
  "R": [
    [
      0.9995762607691207,
      0.011103937616435008,
      -0.026907275526021984
    ],
    [
      -0.011762220654116667,
      0.9996323114654505,
      -0.02443137408179293
    ],
    [
      0.026626097575627006,
      0.024737510862068157,
      0.999339335003002
    ]
  ],
  "t": [
    [
      0.9637782709595504
    ],
    [
      0.06645331598412489
    ],
    [
      -0.2582932465647016
    ]
  ]
}