{
  "image_1": "frame_006",
  "image_2": "frame_008",
  "num_matches": 500,
  "inlier_count": 254,
  "inlier_ratio": 0.508,
  "reproj_rmse": 1.5305,
  "F": [
    [
      3.547450758248763e-08,
      -1.1278847971792155e-06,
      0.002857851474412543
    ],
    [
      1.2253336670185146e-06,
      3.74105683269362e-08,
      0.011655046681585218
    ],
    [
      -0.0027260557762720443,
      -0.012145689675935234,
      1.0
    ]
  ],
  "E": [
    [
      -0.008331821212205156,
      0.3380826179040129,
      0.04684816088033323
    ],
    [
      -0.35402332553447563,
      -0.018811303280803774,
      -0.6096294067263687
    ],
    [
      -0.06944623418377785,
      0.6174345581295004,
      -0.0073052949668054494
    ]
  ],
  "R": [
    [
      0.9992158519367792,
      0.028441949355975438,
      -0.027545176621116274
    ],
    [
      -0.0288381344920159,
      0.9994847250263972,
      -0.014094198733075578
    ],
    [
      0.027130116794380488,
      0.014877498302443191,
      0.9995211937757921
    ]
  ],
  "t": [
    [
      0.8757122518825318
    ],
    [
      0.07301515323333554
    ],
    [
      -0.47728067140953634
    ]
  ]
}