{
  "image_1": "frame_067",
  "image_2": "frame_068",
  "num_matches": 500,
  "inlier_count": 271,
  "inlier_ratio": 0.542,
  "reproj_rmse": 1.3234,
  "F": [
    [
      -3.878515276686513e-08,
      8.826437437311206e-07,
      0.002508533820936592
    ],
    [
      -7.3110071925564e-07,
      -8.469988926632107e-08,
      -0.020447143499793676
    ],
    [
      -0.0029157795302591884,
      0.020042249694397104,
      1.0
    ]
  ],
  "E": [
    [
      0.0013885321829267042,
      -0.13551988339323376,
      0.07287945992403697
    ],
    [
      0.14231602426389298,
      0.004445096640884338,
      -0.6887316475403794
    ],
    [
      -0.08420485278718409,
      0.6889147774311186,
      0.0014483572245276985
    ]
  ],
  "R": [
    [
      0.9998230603615244,
      0.015763864941320357,
      0.010263943268927295
    ],
    [
      -0.015797343653785142,
      0.9998701289555098,
      0.003188911409323352
    ],
    [
      -0.010212340711127949,
      -0.003350490203553453,
      0.9999422394881594
    ]
  ],
  "t": [
    [
      0.976033828824229
    ],
    [
      0.10368324869414958
    ],
    [
      0.19133151578070745
    ]
  ]
}