{
  "image_1": "frame_094",
  "image_2": "frame_095",
  "num_matches": 500,
  "inlier_count": 296,
  "inlier_ratio": 0.592,
  "reproj_rmse": 1.1878,
  "F": [
    [
      1.4495117350546394e-08,
      -1.5973039209712387e-06,
      0.00400687067619795
    ],
    [
      1.693261173174455e-06,
      -1.5965226722977887e-09,
      0.01316527129502022
    ],
    [
      -0.0041599528786144275,
      -0.013672962640742381,
      1.0
    ]
  ],
  "E": [
    [
      -0.000804590895261442,
      -0.16365713349406416,
      -0.16516880197842423
    ],
    [
      0.15776235601696956,
      -0.005292182253902015,
      -0.6688410695163648
    ],
    [
      0.16522584258844825,
      0.6680755357780912,
      -0.006716929204225312
    ]
  ],
  "R": [
    [
      0.9999753779162803,
      0.001901136691866201,
      -0.006754941929495745
    ],
    [
      -0.0019576800694092455,
      0.9999630216277149,
      -0.008373939689056253
    ],
    [
      0.0067387721387401345,
      0.00838695752039837,
      0.9999421222718909
    ]
  ],
  "t": [
    [
      -0.9443886510785793
    ],
    [
      0.23551923725747548
    ],
    [
      -0.22947933370052798
    ]
  ]
}