{
  "image_1": "frame_074",
  "image_2": "frame_075",
  "num_matches": 500,
  "inlier_count": 295,
  "inlier_ratio": 0.59,
  "reproj_rmse": 1.0673,
  "F": [
    [
      4.017694699598355e-06,
      0.00032242707325953247,
      -0.12285947609097232
    ],
    [
      -0.00031009656230200703,
      8.996040380319834e-07,
      -1.4416876099279254
    ],
    [
      0.1298288640439737,
      1.3723952365425072,
      0.9999999999999999
    ]
  ],
  "E": [
    [
      -0.005405155109798731,
      -0.30734187597881557,
      -0.019156299847008635
    ],
    [
      0.3123416498764559,
      -0.008748118047180588,
      -0.633987109963159
    ],
    [
      0.032187377055812365,
      0.6360241312521837,
      -0.002928745644852049
    ]
  ],
  "R": [
    [
      0.9998034288698434,
      -0.01808924053702894,
      0.008116834167139486
    ],
    [
      0.018129102504803925,
      0.9998238200633788,
      -0.004864614706517823
    ],
    [
      -0.00802740695826376,
      0.005010809382336955,
      0.999955225261042
    ]
  ],
  "t": [
    [
      0.9001608653387495
    ],
    [
      -0.02920645771619689
    ],
    [
      0.4345772650982399
    ]
  ]
}