{
  "image_1": "frame_120",
  "image_2": "frame_121",
  "num_matches": 500,
  "inlier_count": 310,
  "inlier_ratio": 0.62,
  "reproj_rmse": 1.2468,
  "F": [
    [
      1.9055239862992372e-08,
      2.1860891177674355e-07,
      0.002427815462482796
    ],
    [
      -4.695658025049795e-08,
      -5.698933531578223e-09,
      0.025281326434975597
    ],
    [
      -0.0027678854063203804,
      -0.025724951412972062,
      1.0
    ]
  ],
  "E": [
    [
      -0.0025498615483381614,
      -0.16380149893854665,
      -0.1492887458702557
    ],
    [
      0.15170400179182358,
      -0.0029921646541677224,
      -0.6741410694873725
    ],
    [
      0.15001592577410278,
      0.6714542779358427,
      -0.005529320509895341
    ]
  ],
  "R": [
    [
      0.9998556217005277,
      -7.797218292987518e-05,
      -0.01699204738075319
    ],
    [
      2.563391632598444e-06,
      0.9999901526302536,
      -0.0044378638950633015
    ],
    [
      0.016992226083714784,
      0.004437179606548797,
      0.9998457759524009
    ]
  ],
  "t": [
    [
      -0.9496056418409219
    ],
    [
      0.21218275717618343
    ],
    [
      -0.23071108023023837
    ]
  ]
}