{
  "image_1": "frame_108",
  "image_2": "frame_109",
  "num_matches": 500,
  "inlier_count": 313,
  "inlier_ratio": 0.626,
  "reproj_rmse": 1.9174,
  "F": [
    [
      -1.011774377707636e-08,
      -2.3825465862965974e-07,
      0.0003791642993157634
    ],
    [
      2.765005521859753e-07,
      -9.181882472428118e-09,
      0.0019056032059578346
    ],
    [
      -0.0004159654907305482,
      -0.002041406604038469,
      1.0
    ]
  ],
  "E": [
    [
      -0.024641342320623295,
      -0.6416709257991087,
      -0.0039137700982971695
    ],
    [
      0.668362824590685,
      0.007419722161073088,
      0.2183358124472337
    ],
    [
      0.06673951840828775,
      -0.29695889783400164,
      0.02372160929269592
    ]
  ],
  "R": [
    [
      0.9925572083424123,
      -0.03740916087620572,
      -0.11589108184004115
    ],
    [
      0.02468597883163155,
      0.9936981688542277,
      -0.10933687239389503
    ],
    [
      0.11925095646006895,
      0.10566221603909699,
      0.9872257621664184
    ]
  ],
  "t": [
    [
      0.4186547733786633
    ],
    [
      0.10550407983789535
    ],
    [
      -0.9019961584534708
    ]
  ]
}