{
  "image_1": "frame_047",
  "image_2": "frame_048",
  "num_matches": 500,
  "inlier_count": 268,
  "inlier_ratio": 0.536,
  "reproj_rmse": 1.5241,
  "F": [
    [
      3.193317998085981e-09,
      7.011728035874846e-07,
      -0.00013303812599077669
    ],
    [
      -7.20871080267837e-07,
      3.1778385652378525e-08,
      0.015266137609578432
    ],
    [
      1.96864797888883e-05,
      -0.015192187375502505,
      1.0
    ]
  ],
  "E": [
    [
      -0.0012027572623498099,
      -0.2552725268277311,
      -0.031573637644798945
    ],
    [
      0.24612870147888663,
      -0.015115423913445513,
      -0.6616749911968026
    ],
    [
      0.039014166788718205,
      0.6583878511339895,
      -0.014809469596272775
    ]
  ],
  "R": [
    [
      0.9999150065768028,
      -0.0031463496875771615,
      -0.012652276718280508
    ],
    [
      0.0028703828258744707,
      0.9997588641704763,
      -0.021770953469985897
    ],
    [
      0.012717724833687327,
      0.021732786204323874,
      0.9996829224703461
    ]
  ],
  "t": [
    [
      0.9314908435703522
    ],
    [
      -0.0525050910650682
    ],
    [
      0.3599555858114201
    ]
  ]
}