{
  "image_1": "frame_026",
  "image_2": "frame_027",
  "num_matches": 500,
  "inlier_count": 280,
  "inlier_ratio": 0.56,
  "reproj_rmse": 1.7246,
  "F": [
    [
      7.313095371154026e-09,
      1.8086121394713309e-06,
      -0.00254987188215173
    ],
    [
      -1.6669100624545682e-06,
      -4.146523849923133e-08,
      0.027343415731585656
    ],
    [
      0.0021806170081895746,
      -0.02731143014218095,
      1.0
    ]
  ],
  "E": [
    [
      -0.0004620164995183767,
      -0.11451830616509324,
      -0.019775064032706284
    ],
    [
      0.103252120376211,
      -0.00654210382731187,
      -0.6991869270952172
    ],
    [
      0.021628860837118277,
      0.6974345337935004,
      -0.006737646617514287
    ]
  ],
  "R": [
    [
      0.9998734812051943,
      -0.00129629263855046,
      -0.015853744289638427
    ],
    [
      0.0011507439290814221,
      0.9999571420570809,
      -0.009186394148123209
    ],
    [
      0.01586497308587964,
      0.009166988296612385,
      0.9998321203854945
    ]
  ],
  "t": [
    [
      -0.9864018359029291
    ],
    [
      0.029456459205951063
    ],
    [
      -0.16169024441313423
    ]
  ]
}