{
  "image_1": "frame_077",
  "image_2": "frame_078",
  "num_matches": 500,
  "inlier_count": 308,
  "inlier_ratio": 0.616,
  "reproj_rmse": 1.9248,
  "F": [
    [
      -1.8690040394768847e-08,
      1.5854207244514255e-06,
      0.0019377705546459226
    ],
    [
      -1.3437182743039166e-06,
      4.803378117994913e-09,
      -0.049362558433764726
    ],
    [
      -0.002149016534712998,
      0.04830221452788408,
      1.0
    ]
  ],
  "E": [
    [
      -0.0006067139894469425,
      -0.2553649552234609,
      -0.011297120336542633
    ],
    [
      0.2646096748960628,
      -0.0008551190950865283,
      -0.6556316016618511
    ],
    [
      0.013298462380634092,
      0.6592511506578715,
      9.74350491842321e-05
    ]
  ],
  "R": [
    [
      0.9998966137585177,
      -0.0029977706087153805,
      0.014063255868662305
    ],
    [
      0.0029993852808061078,
      0.9999954974416719,
      -9.372470849431259e-05
    ],
    [
      -0.014062911582856219,
      0.00013589614130164133,
      0.9999011031347309
    ]
  ],
  "t": [
    [
      0.9323741165583526
    ],
    [
      -0.01601197207373688
    ],
    [
      0.3611400331205907
    ]
  ]
}