{
  "image_1": "frame_098",
  "image_2": "frame_099",
  "num_matches": 500,
  "inlier_count": 319,
  "inlier_ratio": 0.638,
  "reproj_rmse": 6.2951,
  "F": [
    [
      6.223652017193952e-09,
      -2.201790859005486e-07,
      0.0015100689473597749
    ],
    [
      2.642320427465428e-07,
      1.9660521863420483e-08,
      0.009669419685680572
    ],
    [
      -0.0015171669639443585,
      -0.00983798055833347,
      1.0
    ]
  ],
  "E": [
    [
      -0.0044898649429336674,
      0.411881330216879,
      -0.05233664022250463
    ],
    [
      -0.42806971740014044,
      -0.016759239505233444,
      -0.5609469365992842
    ],
    [
      0.03792009472949371,
      0.572498879338135,
      -0.01468216094869378
    ]
  ],
  "R": [
    [
      0.99961414761172,
      0.007498158297881585,
      -0.02674571959459271
    ],
    [
      -0.00813180057940862,
      0.9996869474692254,
      -0.02366180210801716
    ],
    [
      0.026559926841566495,
      0.023870163003258196,
      0.9993621894010053
    ]
  ],
  "t": [
    [
      0.8094374429463809
    ],
    [
      -0.06023253698871766
    ],
    [
      -0.5841087804889833
    ]
  ]
}