{
  "image_1": "frame_070",
  "image_2": "frame_071",
  "num_matches": 500,
  "inlier_count": 307,
  "inlier_ratio": 0.614,
  "reproj_rmse": 6.5447,
  "F": [
    [
      2.4355486306162707e-08,
      -3.3460288989030896e-07,
      -0.0016590834117445833
    ],
    [
      -3.5307445584849767e-10,
      1.0913847763105345e-07,
      0.03396628710270397
    ],
    [
      0.0024325001842355983,
      -0.032906219127699705,
      1.0
    ]
  ],
  "E": [
    [
      0.0047727969852354455,
      -0.3393655120717278,
      -0.058194132622398115
    ],
    [
      0.3499628750906458,
      -0.00995313711005636,
      -0.6108244277803841
    ],
    [
      0.05933199339904946,
      0.6181155245276545,
      -0.012452509686001884
    ]
  ],
  "R": [
    [
      0.999757037215004,
      0.010761771253513075,
      0.01923670498199903
    ],
    [
      -0.010333799435958857,
      0.9996999124581951,
      -0.022210304371952434
    ],
    [
      -0.019469954501610376,
      0.022006119843453624,
      0.999568232569013
    ]
  ],
  "t": [
    [
      0.8734090823360592
    ],
    [
      -0.09295632895853935
    ],
    [
      0.47803315345217945
    ]
  ]
}