{
  "image_1": "frame_046",
  "image_2": "frame_047",
  "num_matches": 500,
  "inlier_count": 299,
  "inlier_ratio": 0.598,
  "reproj_rmse": 0.9814,
  "F": [
    [
      3.4292351811192255e-09,
      3.3169351928555e-07,
      0.0001538933296636606
    ],
    [
      -5.768237795416828e-07,
      -1.3440248991133002e-07,
      0.032444914059690834
    ],
    [
      -0.0006041039999872078,
      -0.03160943901917944,
      1.0
    ]
  ],
  "E": [
    [
      -0.006784175050561809,
      -0.2859031678537406,
      -0.06591132890187976
    ],
    [
      0.2958208597890494,
      -0.014716031421398632,
      -0.6383858532407362
    ],
    [
      0.08666245889273816,
      0.641144826617165,
      -0.005379548135904301
    ]
  ],
  "R": [
    [
      0.9994762977567421,
      -0.02760794750625381,
      0.016879912824653343
    ],
    [
      0.02778204699407484,
      0.9995622894444386,
      -0.010167958763277418
    ],
    [
      -0.016591807836850714,
      0.010631592311814125,
      0.9998058217262091
    ]
  ],
  "t": [
    [
      0.9098011324492398
    ],
    [
      -0.097334060962632
    ],
    [
      0.40346992449326813
    ]
  ]
}