{
  "image_1": "frame_074",
  "image_2": "frame_075",
  "num_matches": 500,
  "inlier_count": 280,
  "inlier_ratio": 0.56,
  "reproj_rmse": 7.484,
  "F": [
    [
      -2.064857902682642e-08,
      -2.6002941649590276e-06,
      -0.0021512126582908142
    ],
    [
      2.3919590628981498e-06,
      7.670114797784967e-08,
      0.04201851322440198
    ],
    [
      0.0016795675924039203,
      -0.04137808696985998,
      1.0
    ]
  ],
  "E": [
    [
      -0.01022814411073268,
      -0.6627162805436333,
      -0.20771343996048597
    ],
    [
      0.6575950785264,
      -0.01621748665036784,
      0.15301100884700072
    ],
    [
      0.20599438468867362,
      -0.1377331566061841,
      0.0068462744979396585
    ]
  ],
  "R": [
    [
      0.9992008234816196,
      -0.02515698099311353,
      0.031061884375640614
    ],
    [
      0.025248427069962304,
      0.9996779420147124,
      -0.002555225963193075
    ],
    [
      -0.030987598876750844,
      0.003337447608916966,
      0.9995141970774151
    ]
  ],
  "t": [
    [
      -0.1873907331232559
    ],
    [
      -0.29628816039873296
    ],
    [
      0.9365351243530929
    ]
  ]
}