{
  "image_1": "frame_056",
  "image_2": "frame_057",
  "num_matches": 500,
  "inlier_count": 334,
  "inlier_ratio": 0.668,
  "reproj_rmse": 1.4339,
  "F": [
    [
      2.7047397152410895e-08,
      8.900450602343187e-07,
      -0.0012418566570720569
    ],
    [
      -9.138320247433187e-07,
      -4.906579836079891e-09,
      0.0184911590582211
    ],
    [
      0.0006627507924088782,
      -0.018459922886612006,
      1.0
    ]
  ],
  "E": [
    [
      0.003801141428297778,
      0.12151162582812271,
      0.021564208800960622
    ],
    [
      -0.10974001764127814,
      -0.0012298889752554163,
      -0.6981777407797506
    ],
    [
      0.0015170374451023555,
      0.6965829513348158,
      -0.005367466738478836
    ]
  ],
  "R": [
    [
      0.9992702440754289,
      -0.03425741281389522,
      0.016894051400753896
    ],
    [
      0.03438241043375172,
      0.9993830679323342,
      -0.007164731880532421
    ],
    [
      -0.01663818374095899,
      0.007740361584144269,
      0.9998316146453603
    ]
  ],
  "t": [
    [
      -0.9846374571484402
    ],
    [
      -0.031731950769669226
    ],
    [
      0.17170370200029142
    ]
  ]
}