{
  "image_1": "frame_041",
  "image_2": "frame_042",
  "num_matches": 500,
  "inlier_count": 287,
  "inlier_ratio": 0.574,
  "reproj_rmse": 0.8754,
  "F": [
    [
      3.920718392549417e-06,
      -0.00014224609630669196,
      0.1510941571879829
    ],
    [
      0.0001405586378106293,
      1.9475165380958935e-06,
      -0.08832943365429426
    ],
    [
      -0.17879719958244478,
      0.10071794128224025,
      0.9999999999999999
    ]
  ],
  "E": [
    [
      0.005388381252050278,
      -0.09059548850514816,
      -0.5604876590407794
    ],
    [
      0.09418288173236099,
      -0.0041082777961603,
      0.4221693352638026
    ],
    [
      0.563890069363208,
      -0.41536759581456956,
      -0.000718400181515162
    ]
  ],
  "R": [
    [
      0.9999110419988848,
      0.010767152179822048,
      0.007872516919075756
    ],
    [
      -0.0108623655840287,
      0.9998671435034442,
      0.012153368100303721
    ],
    [
      -0.007740613840225327,
      -0.012237801117812142,
      0.9998951540642534
    ]
  ],
  "t": [
    [
      0.5960151002049805
    ],
    [
      0.7910572128978458
    ],
    [
      -0.13782048559607943
    ]
  ]
}