{
  "image_1": "frame_030",
  "image_2": "frame_031",
  "num_matches": 500,
  "inlier_count": 295,
  "inlier_ratio": 0.59,
  "reproj_rmse": 1.2537,
  "F": [
    [
      9.160798966711626e-09,
      -1.571564442313358e-06,
      0.0014536086898826906
    ],
    [
      1.483790656111409e-06,
      -3.4403248314471444e-08,
      -0.02207768843687902
    ],
    [
      -0.0015833078495407465,
      0.022331767633577644,
      0.9999999999999999
    ]
  ],
  "E": [
    [
      0.0027622530424007623,
      -0.4000613219051133,
      -0.07976607583092989
    ],
    [
      0.395959942809842,
      0.012617261440794073,
      -0.5810919768487879
    ],
    [
      0.06845736547269785,
      0.5781094621869681,
      0.008506674341856809
    ]
  ],
  "R": [
    [
      0.9999213352505172,
      0.008704608754785098,
      -0.00903067534844898
    ],
    [
      -0.008560492264897024,
      0.9998373171316607,
      0.015876310753607542
    ],
    [
      0.009167403285859743,
      -0.01579775482113281,
      0.9998331809154993
    ]
  ],
  "t": [
    [
      -0.8167994635407123
    ],
    [
      0.10381370666466112
    ],
    [
      -0.5675044939629537
    ]
  ]
}