{
  "image_1": "frame_018",
  "image_2": "frame_019",
  "num_matches": 500,
  "inlier_count": 286,
  "inlier_ratio": 0.572,
  "reproj_rmse": 4.6869,
  "F": [
    [
      -8.878269329797163e-09,
      -5.790532465036327e-07,
      -0.0007520934851459198
    ],
    [
      1.2310490485596164e-06,
      3.6475909508094013e-07,
      0.12143028419702909
    ],
    [
      -0.0002614937871690139,
      -0.12497601907022489,
      1.0
    ]
  ],
  "E": [
    [
      -0.0008903307979944678,
      -0.377497838237943,
      -0.08388783377584434
    ],
    [
      0.3707534069036225,
      0.004230435111832157,
      -0.5965878024229837
    ],
    [
      0.08110496391903096,
      0.5920108645330119,
      0.0030903999662770126
    ]
  ],
  "R": [
    [
      0.9999242137541213,
      0.0003762088374852368,
      -0.012305495321711102
    ],
    [
      -0.0002911919294336651,
      0.9999760838256656,
      0.006909919243040026
    ],
    [
      0.012307800594025697,
      -0.006905812305276329,
      0.9999004089412815
    ]
  ],
  "t": [
    [
      -0.8372065704247037
    ],
    [
      0.1149522395453266
    ],
    [
      -0.5346691884345119
    ]
  ]
}