{
  "image_1": "frame_065",
  "image_2": "frame_066",
  "num_matches": 500,
  "inlier_count": 299,
  "inlier_ratio": 0.598,
  "reproj_rmse": 5.0704,
  "F": [
    [
      -2.6940227303409655e-08,
      -8.490713584872e-07,
      0.004354843343431469
    ],
    [
      9.488253496335635e-07,
      4.209348062287018e-08,
      -0.02159955254305407
    ],
    [
      -0.0042379916182074965,
      0.021447787597661725,
      1.0
    ]
  ],
  "E": [
    [
      0.00038973432133106015,
      -0.043236427905842284,
      -0.1000172926559414
    ],
    [
      0.03774732830330561,
      -0.013979726504804451,
      0.6989594088765175
    ],
    [
      0.08896566405699914,
      -0.699924159746613,
      -0.012398911104401427
    ]
  ],
  "R": [
    [
      0.9998377234487195,
      -0.014787578036420196,
      0.010288552118678275
    ],
    [
      0.014588030055137258,
      0.9997090955557549,
      0.01920712477713842
    ],
    [
      -0.010569585989639363,
      -0.01905391820363854,
      0.9997625878442825
    ]
  ],
  "t": [
    [
      0.9880556670338746
    ],
    [
      0.14025299423398666
    ],
    [
      -0.06383648212931511
    ]
  ]
}