{
  "image_1": "frame_096",
  "image_2": "frame_097",
  "num_matches": 500,
  "inlier_count": 304,
  "inlier_ratio": 0.608,
  "reproj_rmse": 4.4473,
  "F": [
    [
      1.2622814271586282e-08,
      -9.028510934685946e-07,
      0.002336220247428028
    ],
    [
      9.642765448856584e-07,
      -5.646617853349924e-09,
      0.006255376828487725
    ],
    [
      -0.0023706032885180174,
      -0.006545052880592657,
      1.0
    ]
  ],
  "E": [
    [
      -0.001961360904909104,
      -0.020745048473017638,
      -0.11201676117582315
    ],
    [
      0.005105815422525414,
      -0.017059238942703097,
      -0.6978713042931429
    ],
    [
      0.1080565356914345,
      0.6983069266210815,
      -0.019178587801790013
    ]
  ],
  "R": [
    [
      0.9998096505634219,
      0.005896536488951026,
      -0.01859821221738664
    ],
    [
      -0.0063512049717865116,
      0.9996800633446513,
      -0.024483323847877315
    ],
    [
      0.018447895155134564,
      0.024596784518878933,
      0.9995272249197004
    ]
  ],
  "t": [
    [
      -0.986932663602671
    ],
    [
      0.15911351708610016
    ],
    [
      -0.025432384760939
    ]
  ]
}