{
  "image_1": "frame_063",
  "image_2": "frame_064",
  "num_matches": 500,
  "inlier_count": 274,
  "inlier_ratio": 0.548,
  "reproj_rmse": 3.8978,
  "F": [
    [
      2.489188411898005e-09,
      2.942443780260867e-07,
      3.0753509527271695e-05
    ],
    [
      -3.045271868088615e-07,
      5.705480902069797e-08,
      -0.005736136452322835
    ],
    [
      6.980000151394319e-05,
      0.005736827837265911,
      1.0
    ]
  ],
  "E": [
    [
      -0.004969353853945822,
      -0.6442220172360272,
      -0.18149584333939606
    ],
    [
      0.6585963192947489,
      -0.013635878137764857,
      0.21234767881921385
    ],
    [
      0.1442253093069446,
      -0.22785943521255445,
      -0.016282173073156967
    ]
  ],
  "R": [
    [
      0.999725676590578,
      -0.0011206311186323231,
      -0.023394780430814777
    ],
    [
      0.0024421880327982134,
      0.9983974884402426,
      0.05653751669316137
    ],
    [
      0.023293932324159716,
      -0.05657914158161961,
      0.9981263414291622
    ]
  ],
  "t": [
    [
      0.32252924481708256
    ],
    [
      0.20480924949285703
    ],
    [
      -0.9241363847181296
    ]
  ]
}