{
  "image_1": "frame_053",
  "image_2": "frame_054",
  "num_matches": 500,
  "inlier_count": 320,
  "inlier_ratio": 0.64,
  "reproj_rmse": 0.3988,
  "F": [
    [
      -8.370795217882677e-08,
      2.721739077714785e-06,
      0.025569896477262138
    ],
    [
      -1.823720081286556e-06,
      1.4856430177992403e-06,
      -0.2678505521201902
    ],
    [
      -0.02359910157312254,
      0.2621952875081688,
      1.0
    ]
  ],
  "E": [
    [
      -0.0022722077018312607,
      -0.17871175773672615,
      0.005246074058351688
    ],
    [
      0.18692811528481704,
      -0.001042920879344598,
      -0.6819279156523725
    ],
    [
      0.002864113688312671,
      0.6841424477729933,
      0.0012005498148420712
    ]
  ],
  "R": [
    [
      0.9998513635857657,
      -0.012359623077092052,
      0.012020418173974812
    ],
    [
      0.012338222745750901,
      0.99992216454443,
      0.0018528659579760726
    ],
    [
      -0.012042383284103592,
      -0.001704279957696476,
      0.999926035481957
    ]
  ],
  "t": [
    [
      0.9675013420412231
    ],
    [
      0.007887951079490096
    ],
    [
      0.25274282062246556
    ]
  ]
}