{
  "image_1": "frame_033",
  "image_2": "frame_034",
  "num_matches": 500,
  "inlier_count": 290,
  "inlier_ratio": 0.58,
  "reproj_rmse": 3.1069,
  "F": [
    [
      1.0741924659457164e-08,
      -2.4120594109614113e-06,
      0.005251592406064913
    ],
    [
      2.32935745371935e-06,
      1.7041021433625177e-08,
      -0.03421352935007596
    ],
    [
      -0.005304107492447207,
      0.034255257580920705,
      1.0
    ]
  ],
  "E": [
    [
      0.0008078898447265814,
      -0.33990824024468447,
      -0.042739769186890146
    ],
    [
      0.3368298694079393,
      0.006062085971349939,
      -0.6204118405805842
    ],
    [
      0.03810541776835296,
      0.6186743321620167,
      0.004809758196860964
    ]
  ],
  "R": [
    [
      0.9999802499745816,
      0.0030665434569413924,
      -0.005485979584388123
    ],
    [
      -0.003021886349851788,
      0.9999623843137468,
      0.008130077518378086
    ],
    [
      0.005510704461520022,
      -0.008113338942318797,
      0.999951901777053
    ]
  ],
  "t": [
    [
      0.8747971738152932
    ],
    [
      -0.05653385279136876
    ],
    [
      0.4811796215274914
    ]
  ]
}