{
  "image_1": "frame_105",
  "image_2": "frame_106",
  "num_matches": 500,
  "inlier_count": 293,
  "inlier_ratio": 0.586,
  "reproj_rmse": 2.2998,
  "F": [
    [
      6.965608761710085e-08,
      2.224019061722673e-06,
      0.005512335660100237
    ],
    [
      -1.5571801900212874e-06,
      2.8929995063254382e-08,
      0.10588921197011439
    ],
    [
      -0.007355023815801221,
      -0.10824049503669989,
      1.0
    ]
  ],
  "E": [
    [
      -0.00013750128957173744,
      -0.10703270486847348,
      -0.1254521196390111
    ],
    [
      0.11061075305198964,
      0.0022283925304827897,
      -0.6871220492747496
    ],
    [
      0.12941013430950646,
      0.6867824664419026,
      0.0034918136341678774
    ]
  ],
  "R": [
    [
      0.9999695250220818,
      -0.006446332532518639,
      0.004403841958217913
    ],
    [
      0.006427498119435909,
      0.999970193989694,
      0.004277662929497644
    ],
    [
      -0.0044312859349646405,
      -0.004249226881909575,
      0.9999811537103431
    ]
  ],
  "t": [
    [
      -0.9724255723293306
    ],
    [
      0.17676869053353006
    ],
    [
      -0.1521227672869363
    ]
  ]
}