{
  "image_1": "frame_096",
  "image_2": "frame_097",
  "num_matches": 500,
  "inlier_count": 304,
  "inlier_ratio": 0.608,
  "reproj_rmse": 0.5936,
  "F": [
    [
      8.582863333027796e-09,
      -2.390218613383744e-07,
      0.0015147762425142064
    ],
    [
      2.935559531545313e-07,
      2.8633484701529662e-08,
      0.007293194307159766
    ],
    [
      -0.0015787408868809154,
      -0.007566576186943366,
      0.9999999999999999
    ]
  ],
  "E": [
    [
      -0.0018288888525072721,
      -0.02679467605976624,
      -0.11157234746296461
    ],
    [
      0.011779664172284824,
      -0.01724707794286162,
      -0.6978327021659342
    ],
    [
      0.10821277451378228,
      0.6980985507603211,
      -0.01928777443359732
    ]
  ],
  "R": [
    [
      0.9998301725917604,
      0.005278488059604569,
      -0.017656826978118684
    ],
    [
      -0.005715702805625916,
      0.9996760016146405,
      -0.024803679912523004
    ],
    [
      0.017520180266434704,
      0.024900388743345957,
      0.9995363994992187
    ]
  ],
  "t": [
    [
      -0.9867424302035672
    ],
    [
      0.15870285191017733
    ],
    [
      -0.03395263217387703
    ]
  ]
}