{
  "image_1": "frame_110",
  "image_2": "frame_111",
  "num_matches": 500,
  "inlier_count": 342,
  "inlier_ratio": 0.684,
  "reproj_rmse": 3.3114,
  "F": [
    [
      -4.5151933249131205e-10,
      -9.97593354341965e-08,
      0.0002921865078635422
    ],
    [
      1.2680527645377617e-07,
      2.35520135108159e-08,
      0.004565794422852011
    ],
    [
      -0.0003671982329124944,
      -0.004663949526576411,
      1.0
    ]
  ],
  "E": [
    [
      0.001740614289567576,
      0.2962952604796275,
      -0.07152540035839525
    ],
    [
      -0.31555734142938385,
      -0.033116137561984345,
      -0.6295825977896696
    ],
    [
      0.060872450448122416,
      0.6363067273269694,
      -0.038093802397036136
    ]
  ],
  "R": [
    [
      0.9996430542539315,
      -0.011673572142511024,
      -0.02403105897177432
    ],
    [
      0.010271614544525007,
      0.9982835417503266,
      -0.057658166854944945
    ],
    [
      0.024662887432739755,
      0.0573907482427047,
      0.9980471151201341
    ]
  ],
  "t": [
    [
      -0.9023194622557753
    ],
    [
      0.07684579706667095
    ],
    [
      0.42416307183397794
    ]
  ]
}