{
  "image_1": "frame_037",
  "image_2": "frame_038",
  "num_matches": 500,
  "inlier_count": 274,
  "inlier_ratio": 0.548,
  "reproj_rmse": 0.4487,
  "F": [
    [
      1.4074826813942061e-08,
      -3.1928820268189917e-06,
      0.007460678221219682
    ],
    [
      3.1166813293267642e-06,
      3.085336171779579e-08,
      -0.03547993975768198
    ],
    [
      -0.00751031182335787,
      0.03532816899478664,
      1.0
    ]
  ],
  "E": [
    [
      0.0005140101526666195,
      -0.1845415611578286,
      0.0027644230477954727
    ],
    [
      0.18071941206182163,
      0.003704828624327248,
      -0.6836033661237672
    ],
    [
      -0.0054604454711015835,
      0.682575577997603,
      0.0032366640003053085
    ]
  ],
  "R": [
    [
      0.9999808894238873,
      0.00270198500266048,
      -0.00556058126968037
    ],
    [
      -0.002675794462850001,
      0.9999853180192381,
      0.004712098254058222
    ],
    [
      0.0055732316481466315,
      -0.0046971292305742,
      0.9999734376802154
    ]
  ],
  "t": [
    [
      -0.9653356990852532
    ],
    [
      -0.005139294338302255
    ],
    [
      -0.26096087010371855
    ]
  ]
}