{
  "image_1": "frame_089",
  "image_2": "frame_090",
  "num_matches": 500,
  "inlier_count": 229,
  "inlier_ratio": 0.458,
  "reproj_rmse": 4.1179,
  "F": [
    [
      2.164734002489371e-08,
      8.914031125231263e-08,
      -0.002622009695519968
    ],
    [
      -9.416990218613897e-08,
      -3.677101308786289e-09,
      -0.00033261083347198306
    ],
    [
      0.002429603732001161,
      0.00034293762979384015,
      1.0
    ]
  ],
  "E": [
    [
      0.01156120714108137,
      -0.09041635463070621,
      -0.4737191688703211
    ],
    [
      0.10650646179298272,
      0.006889024073882581,
      -0.5147829962189476
    ],
    [
      0.46501283112581465,
      0.5238419506448574,
      0.015538009202774006
    ]
  ],
  "R": [
    [
      0.9996591907706962,
      0.01466373653063413,
      0.021598081827720023
    ],
    [
      -0.014888862272674663,
      0.9998361050584832,
      0.010299747652589758
    ],
    [
      -0.021443509225452365,
      -0.010617808269216988,
      0.9997136780396956
    ]
  ],
  "t": [
    [
      0.7311379765127065
    ],
    [
      -0.6687411782558214
    ],
    [
      0.1349907248884916
    ]
  ]
}