{
  "image_1": "frame_036",
  "image_2": "frame_037",
  "num_matches": 500,
  "inlier_count": 329,
  "inlier_ratio": 0.658,
  "reproj_rmse": 3.1784,
  "F": [
    [
      1.5795529417319223e-08,
      2.2680750246386637e-06,
      -0.001245379744939209
    ],
    [
      -2.2098342630796273e-06,
      5.522033055081009e-08,
      0.023357646766737003
    ],
    [
      0.0009572469479204677,
      -0.023410637669640813,
      0.9999999999999999
    ]
  ],
  "E": [
    [
      -0.0016033907526772043,
      0.021818415312986388,
      -0.13357926634836206
    ],
    [
      -0.032418262447018745,
      -0.008771424112006982,
      -0.6936162945409624
    ],
    [
      0.13638060678823055,
      0.6933498718700312,
      -0.01062097402650506
    ]
  ],
  "R": [
    [
      0.9999079407918393,
      -0.004622203606382463,
      -0.012757161723704974
    ],
    [
      0.00445821682000766,
      0.9999074564010269,
      -0.012853129440490373
    ],
    [
      0.012815390911299449,
      0.012795071998599215,
      0.9998360124982203
    ]
  ],
  "t": [
    [
      -0.9815069694028236
    ],
    [
      0.188512887231768
    ],
    [
      0.0332710138292699
    ]
  ]
}