{
  "image_1": "frame_092",
  "image_2": "frame_093",
  "num_matches": 500,
  "inlier_count": 304,
  "inlier_ratio": 0.608,
  "reproj_rmse": 1.1593,
  "F": [
    [
      1.899438533244472e-08,
      3.9397369929867064e-07,
      -0.0008309117974156676
    ],
    [
      -3.7609668041863684e-07,
      5.601517493948655e-09,
      0.007388303731445583
    ],
    [
      0.00038844163071861097,
      -0.007439069656647477,
      1.0
    ]
  ],
  "E": [
    [
      -0.0019035195366590245,
      -0.08515287342760759,
      0.13687716840214048
    ],
    [
      0.07709888798692048,
      -0.01267983096344859,
      -0.6895444552849969
    ],
    [
      -0.105238931016158,
      0.6937603458262863,
      -0.007401556039852781
    ]
  ],
  "R": [
    [
      0.9989267269793832,
      -0.04426303486284258,
      -0.013644701205501694
    ],
    [
      0.04407992715699899,
      0.9989375916635911,
      -0.013440535077827685
    ],
    [
      0.014225123833918482,
      0.012824652278927293,
      0.9998165702496805
    ]
  ],
  "t": [
    [
      -0.9736631917974585
    ],
    [
      -0.19195534659724572
    ],
    [
      -0.12301680312671288
    ]
  ]
}