{
  "image_1": "frame_058",
  "image_2": "frame_059",
  "num_matches": 500,
  "inlier_count": 285,
  "inlier_ratio": 0.57,
  "reproj_rmse": 5.505,
  "F": [
    [
      1.4231950448955102e-08,
      6.656534000919469e-07,
      -0.0021286930929537394
    ],
    [
      -6.760538080896041e-07,
      2.3879595538669514e-08,
      0.007765122798790513
    ],
    [
      0.0018979686966318452,
      -0.007795591246832841,
      1.0
    ]
  ],
  "E": [
    [
      -0.012464531694496368,
      -0.6265437272266242,
      -0.1424260279093644
    ],
    [
      0.6174772687756755,
      -0.0053460082374548875,
      0.30424330617458334
    ],
    [
      0.1545623507307039,
      -0.29851179783528825,
      0.0115264728137465
    ]
  ],
  "R": [
    [
      0.9996119575269345,
      -0.0233419995086519,
      0.01520149427221823
    ],
    [
      0.023800985575559694,
      0.9992437782513457,
      -0.030747108995927336
    ],
    [
      -0.014472299568562164,
      0.031096988357612848,
      0.9994115918180478
    ]
  ],
  "t": [
    [
      -0.41713887351271683
    ],
    [
      -0.2286011959211474
    ],
    [
      0.8796230177911234
    ]
  ]
}