{
  "image_1": "frame_095",
  "image_2": "frame_096",
  "num_matches": 500,
  "inlier_count": 318,
  "inlier_ratio": 0.636,
  "reproj_rmse": 1.1189,
  "F": [
    [
      1.0980894099404055e-08,
      1.822643837175072e-07,
      0.0013160673714394976
    ],
    [
      -1.0266759132332802e-07,
      1.620847776945598e-08,
      0.011177463088535814
    ],
    [
      -0.001473463357539301,
      -0.011446297415211252,
      0.9999999999999999
    ]
  ],
  "E": [
    [
      -0.0012377203486707235,
      -0.18731339818652754,
      -0.11913536661296162
    ],
    [
      0.17573379579953133,
      -0.00932601149195982,
      -0.6739276096820448
    ],
    [
      0.11990068382497804,
      0.6716106235380569,
      -0.011582535605803499
    ]
  ],
  "R": [
    [
      0.9998893025468557,
      0.002699273219865045,
      -0.01463203938095875
    ],
    [
      -0.0029128706969615836,
      0.9998892250656266,
      -0.014596327687597298
    ],
    [
      0.014591019041321873,
      0.014637333150046387,
      0.9997864025088514
    ]
  ],
  "t": [
    [
      -0.949440807349314
    ],
    [
      0.1723498501983676
    ],
    [
      -0.2624074741246575
    ]
  ]
}