{
  "image_1": "frame_107",
  "image_2": "frame_108",
  "num_matches": 500,
  "inlier_count": 336,
  "inlier_ratio": 0.672,
  "reproj_rmse": 14.0066,
  "F": [
    [
      3.695022001662299e-09,
      1.243615961372795e-07,
      0.0001940447903183345
    ],
    [
      -1.3081106125272676e-07,
      7.416630240326708e-10,
      0.0062184396709314815
    ],
    [
      -0.0004057333971829294,
      -0.006150453604053776,
      1.0
    ]
  ],
  "E": [
    [
      -0.02104293184868309,
      -0.5638930229065326,
      0.06722374684145126
    ],
    [
      0.5539857081294033,
      0.002513172519039126,
      0.4377029487736549
    ],
    [
      -0.05358410723407632,
      -0.41869479615469996,
      0.019896746194851548
    ]
  ],
  "R": [
    [
      0.998951567163669,
      -0.03356711322017207,
      0.031129011730438583
    ],
    [
      0.03510234443236612,
      0.998124200697808,
      -0.050158801787057075
    ],
    [
      -0.029386933773382418,
      0.05119891494383345,
      0.9982560188809143
    ]
  ],
  "t": [
    [
      -0.5950845681029558
    ],
    [
      0.054948117112424436
    ],
    [
      0.8017824276145726
    ]
  ]
}