{
  "image_1": "frame_015",
  "image_2": "frame_016",
  "num_matches": 500,
  "inlier_count": 314,
  "inlier_ratio": 0.628,
  "reproj_rmse": 4.5183,
  "F": [
    [
      1.939254081649199e-08,
      -1.7385727946085576e-06,
      0.003365089785926068
    ],
    [
      1.978376806283941e-06,
      -5.961347833713524e-08,
      0.026491792053184617
    ],
    [
      -0.0035917789495469132,
      -0.02736924830133052,
      1.0
    ]
  ],
  "E": [
    [
      0.0009637993556472176,
      -0.29522224323926555,
      -0.09101761520779628
    ],
    [
      0.2852513565763479,
      0.0032376754103198195,
      -0.6406342508134988
    ],
    [
      0.08542932214502733,
      0.6367646318100352,
      -0.0005140204791384057
    ]
  ],
  "R": [
    [
      0.9998421737646265,
      0.008133665123347955,
      -0.01579465268018304
    ],
    [
      -0.008111897351933225,
      0.9999660586600665,
      0.0014417521298993943
    ],
    [
      0.01580584331752255,
      -0.0013133999823370657,
      0.9998742172381024
    ]
  ],
  "t": [
    [
      -0.8995095240291126
    ],
    [
      0.12813225756033556
    ],
    [
      -0.4176897661583428
    ]
  ]
}