{
  "image_1": "frame_002",
  "image_2": "frame_003",
  "num_matches": 500,
  "inlier_count": 369,
  "inlier_ratio": 0.738,
  "reproj_rmse": 0.6834,
  "F": [
    [
      3.314539189825536e-09,
      -3.2005998908844245e-07,
      -0.002297952758255283
    ],
    [
      3.679594967474356e-07,
      -2.0148319374129095e-08,
      -0.03019481859899822
    ],
    [
      0.0023330805104624388,
      0.030258601097639497,
      1.0
    ]
  ],
  "E": [
    [
      0.0013391864285092869,
      0.32763244465204544,
      0.03585591254802026
    ],
    [
      -0.32480384915826976,
      0.008004698137440256,
      -0.6272043526502296
    ],
    [
      -0.029581721786842662,
      0.6257055369451031,
      0.006334705601331216
    ]
  ],
  "R": [
    [
      0.9999765794983939,
      -0.004638145879363981,
      0.005032698828076276
    ],
    [
      0.004585679946443204,
      0.999935539403134,
      0.010386942668208655
    ],
    [
      -0.005080550572641507,
      -0.010363621054708907,
      0.9999333894637749
    ]
  ],
  "t": [
    [
      0.884725427832135
    ],
    [
      0.04589301463922706
    ],
    [
      -0.4638477644169142
    ]
  ]
}