{
  "image_1": "frame_078",
  "image_2": "frame_079",
  "num_matches": 500,
  "inlier_count": 289,
  "inlier_ratio": 0.578,
  "reproj_rmse": 2.4236,
  "F": [
    [
      -1.3618444396980289e-08,
      7.840134777225378e-07,
      0.00048421842244608204
    ],
    [
      -6.114432894127044e-07,
      -3.1513925841302484e-08,
      -0.02071252107616748
    ],
    [
      -0.0006865101799697441,
      0.02009446052921458,
      1.0
    ]
  ],
  "E": [
    [
      -0.0015499876656031102,
      -0.21781754061169592,
      0.09358530669210446
    ],
    [
      0.22677150536238375,
      -0.0020970498190372873,
      -0.6632631546981274
    ],
    [
      -0.09199583555229847,
      0.6663145486253911,
      -0.002978220987808697
    ]
  ],
  "R": [
    [
      0.9999130842333246,
      -0.001486906896911333,
      0.013100117819312196
    ],
    [
      0.0015216355492090328,
      0.9999953536726576,
      -0.002641450047302818
    ],
    [
      -0.013096129361583386,
      0.0026611540686194007,
      0.9999107008402137
    ]
  ],
  "t": [
    [
      0.9421198510926871
    ],
    [
      0.13154675486399234
    ],
    [
      0.3083920191280015
    ]
  ]
}