{
  "image_1": "frame_038",
  "image_2": "frame_039",
  "num_matches": 500,
  "inlier_count": 284,
  "inlier_ratio": 0.568,
  "reproj_rmse": 0.8696,
  "F": [
    [
      3.5401540878958215e-08,
      5.980309620951352e-08,
      0.008573569401919855
    ],
    [
      -2.361619260085096e-08,
      2.465506137292126e-09,
      0.008289245516661103
    ],
    [
      -0.008805661505971316,
      -0.008423676309480042,
      1.0
    ]
  ],
  "E": [
    [
      -0.0032972744135662297,
      -0.14225696971950427,
      -0.44354293503248154
    ],
    [
      0.13533525675868818,
      -0.00251914309539329,
      -0.533145880332943
    ],
    [
      0.4426836305737764,
      0.53333109441105,
      -0.006662339446887697
    ]
  ],
  "R": [
    [
      0.9999601159067899,
      0.003024244205390214,
      -0.008403602957360451
    ],
    [
      -0.003070563355743683,
      0.9999801364370473,
      -0.005504395700058423
    ],
    [
      0.008386789395063904,
      0.005529979957524564,
      0.9999495392695134
    ]
  ],
  "t": [
    [
      -0.7523586202251309
    ],
    [
      0.6283844212638658
    ],
    [
      -0.1977107121170063
    ]
  ]
}