{
  "image_1": "frame_013",
  "image_2": "frame_014",
  "num_matches": 500,
  "inlier_count": 302,
  "inlier_ratio": 0.604,
  "reproj_rmse": 5.2904,
  "F": [
    [
      7.932090643413466e-09,
      -3.603300601306709e-07,
      0.00200397177804485
    ],
    [
      4.780357910332496e-07,
      -7.507310653302668e-08,
      0.023028102984055006
    ],
    [
      -0.002199770819486708,
      -0.023337513023851397,
      1.0
    ]
  ],
  "E": [
    [
      0.0002206799231875477,
      -0.2963310109361832,
      -0.05519041765734591
    ],
    [
      0.28648071409367964,
      -0.0006500293156079583,
      -0.6440463416332368
    ],
    [
      0.05366005117133998,
      0.6398350205309679,
      -0.002516785698496729
    ]
  ],
  "R": [
    [
      0.9998792737192469,
      0.0035615119738583306,
      -0.015124603106576096
    ],
    [
      -0.003601405405769628,
      0.9999901056175946,
      -0.002611234576832336
    ],
    [
      0.015115153514757063,
      0.0026653891595811927,
      0.9998822069798289
    ]
  ],
  "t": [
    [
      -0.9045904057160002
    ],
    [
      0.07915412488440002
    ],
    [
      -0.41886850251641833
    ]
  ]
}