{
  "image_1": "frame_066",
  "image_2": "frame_067",
  "num_matches": 500,
  "inlier_count": 284,
  "inlier_ratio": 0.568,
  "reproj_rmse": 1.1872,
  "F": [
    [
      -2.1874373071228993e-08,
      -1.4683683465609257e-07,
      0.003853513584804774
    ],
    [
      2.774793199989135e-07,
      4.6565821346664374e-08,
      -0.02334194581644124
    ],
    [
      -0.003945567588091209,
      0.022867367872441497,
      1.0
    ]
  ],
  "E": [
    [
      0.0013122432323022584,
      0.15900382774023553,
      -0.0660333123716893
    ],
    [
      -0.16642118123090893,
      -0.00578084914985576,
      0.683895808615
    ],
    [
      0.06524738593979736,
      -0.6860208964950583,
      -0.005555701455819939
    ]
  ],
  "R": [
    [
      0.9999258233329524,
      -0.0033945037533992806,
      0.011697229423477007
    ],
    [
      0.0032863596588942057,
      0.9999517978383847,
      0.009252126240732107
    ],
    [
      -0.011728071968984927,
      -0.009212998645946182,
      0.99988878030701
    ]
  ],
  "t": [
    [
      0.9699027399063018
    ],
    [
      0.09546826886092497
    ],
    [
      0.22399661774889995
    ]
  ]
}