{
  "image_1": "frame_104",
  "image_2": "frame_105",
  "num_matches": 500,
  "inlier_count": 289,
  "inlier_ratio": 0.578,
  "reproj_rmse": 4.5185,
  "F": [
    [
      1.707693842504562e-08,
      -6.7988019952153995e-09,
      0.004397044419572724
    ],
    [
      1.5177747252195024e-07,
      -4.689837508862991e-09,
      0.03730646178291677
    ],
    [
      -0.004922635356241403,
      -0.03789807099994413,
      1.0
    ]
  ],
  "E": [
    [
      -0.002322927919574267,
      -0.3082946978121339,
      -0.0878634570886882
    ],
    [
      0.30103409065910847,
      0.0012171242607573627,
      -0.6339284902900484
    ],
    [
      0.08927725729927878,
      0.6298954281890091,
      0.0014075365325445315
    ]
  ],
  "R": [
    [
      0.999919032750545,
      -0.004101024623035493,
      -0.012046142131698356
    ],
    [
      0.00414815096565542,
      0.9999838311147631,
      0.003889775392846545
    ],
    [
      0.012029995294343399,
      -0.0039394296645479665,
      0.9999198768437072
    ]
  ],
  "t": [
    [
      -0.8913237304335178
    ],
    [
      0.12256968682546146
    ],
    [
      -0.4364844549781654
    ]
  ]
}