{
  "image_1": "frame_022",
  "image_2": "frame_024",
  "num_matches": 423,
  "inlier_count": 274,
  "inlier_ratio": 0.6478,
  "reproj_rmse": 2.1093,
  "F": [
    [
      5.7604373020500625e-09,
      3.6026002772751804e-07,
      0.00021642466172462732
    ],
    [
      -2.294317637986691e-07,
      2.668747982229522e-08,
      0.01908545482814532
    ],
    [
      -0.0004655547776854962,
      -0.01952144173189783,
      1.0
    ]
  ],
  "E": [
    [
      -0.0011466627527550802,
      -0.15821022497571993,
      -0.06427461748234244
    ],
    [
      0.14596137035910273,
      -0.004498656053789377,
      -0.6887738892340193
    ],
    [
      0.06540207002047785,
      0.6861442587263886,
      -0.005583802025392701
    ]
  ],
  "R": [
    [
      0.9998520005917325,
      -0.0002581268935362979,
      -0.017202042995453054
    ],
    [
      0.00014632549799818706,
      0.9999788624401488,
      -0.006500250899392502
    ],
    [
      0.017203357275811543,
      0.006496771768597625,
      0.9998309039307736
    ]
  ],
  "t": [
    [
      -0.9703988699758076
    ],
    [
      0.09236417017485955
    ],
    [
      -0.22314769373127163
    ]
  ]
}