{
  "image_1": "frame_008",
  "image_2": "frame_009",
  "num_matches": 500,
  "inlier_count": 309,
  "inlier_ratio": 0.618,
  "reproj_rmse": 4.5208,
  "F": [
    [
      9.884105281804927e-08,
      -6.725833642873744e-06,
      0.016261994984707557
    ],
    [
      7.01566228025684e-06,
      1.1199996910029016e-07,
      0.06434400618696791
    ],
    [
      -0.01622448526446423,
      -0.06588923665017625,
      1.0
    ]
  ],
  "E": [
    [
      0.002004859183389754,
      -0.19249956414578054,
      -0.07346068374001809
    ],
    [
      0.1889737505148139,
      0.004203064217730727,
      -0.6774594920094082
    ],
    [
      0.0644867525882664,
      0.677275938472643,
      0.001442479916515161
    ]
  ],
  "R": [
    [
      0.9999069781831887,
      0.012498182187217419,
      -0.005461723407424124
    ],
    [
      -0.01248345942859462,
      0.9999183751324932,
      0.0027214542231629966
    ],
    [
      0.005495290825670129,
      -0.0026530198659796937,
      0.9999813814588409
    ]
  ],
  "t": [
    [
      0.9566017209766962
    ],
    [
      -0.10314933401531427
    ],
    [
      0.2725313969373442
    ]
  ]
}