{
  "image_1": "frame_027",
  "image_2": "frame_028",
  "num_matches": 500,
  "inlier_count": 284,
  "inlier_ratio": 0.568,
  "reproj_rmse": 0.3071,
  "F": [
    [
      3.0342172953369383e-09,
      9.255171930692503e-07,
      1.6309614732439834e-05
    ],
    [
      -8.399674712822683e-07,
      2.2117110274817114e-08,
      0.017776127287280032
    ],
    [
      -0.00012100068391985601,
      -0.01793717011095748,
      1.0
    ]
  ],
  "E": [
    [
      -0.000578042071074276,
      -0.05669255035192066,
      -0.0589182861500279
    ],
    [
      0.04496908444110032,
      -0.009317031327501333,
      -0.703084365032822
    ],
    [
      0.05530530689964699,
      0.7026437920996086,
      -0.010518109615566712
    ]
  ],
  "R": [
    [
      0.9998600915940441,
      0.00602310408823073,
      -0.015605109890417523
    ],
    [
      -0.006236293076285371,
      0.9998873999161891,
      -0.013649034306845838
    ],
    [
      0.015521143199401996,
      0.013744442730977937,
      0.9997850691062546
    ]
  ],
  "t": [
    [
      -0.9932917558895799
    ],
    [
      0.08441978462617077
    ],
    [
      -0.07902396880356022
    ]
  ]
}