{
  "image_1": "frame_052",
  "image_2": "frame_053",
  "num_matches": 500,
  "inlier_count": 294,
  "inlier_ratio": 0.588,
  "reproj_rmse": 0.7511,
  "F": [
    [
      -1.269845425174753e-08,
      -4.13611316736208e-06,
      0.004344200752411673
    ],
    [
      4.271195782050092e-06,
      1.1413009422451037e-07,
      -0.034654837842001615
    ],
    [
      -0.004528022593735315,
      0.03472950491943021,
      0.9999999999999999
    ]
  ],
  "E": [
    [
      0.00019096643884138818,
      -0.025935772958623017,
      -0.03377042544857085
    ],
    [
      0.033480843760054384,
      0.008644772075836516,
      -0.7054684569280026
    ],
    [
      0.037373306052169604,
      0.7055668342122007,
      0.009170241484213682
    ]
  ],
  "R": [
    [
      0.9999335034627512,
      -0.005694627097429961,
      0.010027954673289582
    ],
    [
      0.005568942141212202,
      0.9999061502405266,
      0.01251709209827782
    ],
    [
      -0.010098293723999403,
      -0.012460414655626629,
      0.9998713729927833
    ]
  ],
  "t": [
    [
      0.9981852108480475
    ],
    [
      -0.04729814576718375
    ],
    [
      0.037271574305697816
    ]
  ]
}