{
  "image_1": "frame_050",
  "image_2": "frame_051",
  "num_matches": 500,
  "inlier_count": 310,
  "inlier_ratio": 0.62,
  "reproj_rmse": 0.926,
  "F": [
    [
      8.023408845095094e-09,
      -2.2595472717323976e-07,
      -0.001068106127583218
    ],
    [
      2.991419559686684e-07,
      3.032256169393953e-08,
      -0.01134707499735572
    ],
    [
      0.0009563260081186533,
      0.011164364842442036,
      1.0
    ]
  ],
  "E": [
    [
      0.0013851968864130625,
      0.07664375242878353,
      -0.057898255036367335
    ],
    [
      -0.063490006261793,
      0.013929706875812492,
      -0.7016042706078602
    ],
    [
      0.06278098104428623,
      0.7001022327131456,
      0.014609945660212276
    ]
  ],
  "R": [
    [
      0.9998412276470721,
      -0.005193946486130474,
      0.017045304840193357
    ],
    [
      0.004862828353667081,
      0.9997997813053551,
      0.019410054151574686
    ],
    [
      -0.01714270683406567,
      -0.01932408397993251,
      0.9996662980118607
    ]
  ],
  "t": [
    [
      0.9907286293501006
    ],
    [
      -0.0839813054918018
    ],
    [
      -0.10678915354081443
    ]
  ]
}