{
  "image_1": "frame_003",
  "image_2": "frame_005",
  "num_matches": 500,
  "inlier_count": 350,
  "inlier_ratio": 0.7,
  "reproj_rmse": 0.4837,
  "F": [
    [
      -6.195091587151211e-08,
      -8.66142310186309e-06,
      0.01696197697170095
    ],
    [
      8.698680877691205e-06,
      -1.0962799437625374e-07,
      0.04570297782836322
    ],
    [
      -0.017184400751226358,
      -0.0455244869546162,
      1.0
    ]
  ],
  "E": [
    [
      0.0022047143657535793,
      0.3262601763380857,
      0.006712923103114196
    ],
    [
      -0.32662334149371536,
      -0.0003654873185873797,
      -0.6270982983040552
    ],
    [
      -0.003819047654797811,
      0.6273340408520526,
      -0.0025637417424160163
    ]
  ],
  "R": [
    [
      0.9999770721956337,
      -0.006745043260650365,
      -0.0005995618903005817
    ],
    [
      0.006742532991242834,
      0.9999688855835589,
      -0.004094644506831522
    ],
    [
      0.0006271617896179693,
      0.004090508059798959,
      0.9999914371692902
    ]
  ],
  "t": [
    [
      0.887135134276417
    ],
    [
      0.011382747880728869
    ],
    [
      -0.4613693602560179
    ]
  ]
}