{
  "image_1": "frame_024",
  "image_2": "frame_025",
  "num_matches": 500,
  "inlier_count": 274,
  "inlier_ratio": 0.548,
  "reproj_rmse": 1.791,
  "F": [
    [
      4.940473856716512e-08,
      3.72943394862335e-06,
      -0.0034804208098959733
    ],
    [
      -3.1832252259900996e-06,
      -2.0684932533838886e-07,
      0.08727439935656085
    ],
    [
      0.0017932789870712912,
      -0.08781396832599686,
      1.0
    ]
  ],
  "E": [
    [
      -0.0033207697438732233,
      -0.2351452928396356,
      -0.07282253677796299
    ],
    [
      0.21975883376363675,
      0.0003729061842890665,
      -0.6682040035934808
    ],
    [
      0.07674136072758792,
      0.6623538304005016,
      0.00018518591111491695
    ]
  ],
  "R": [
    [
      0.9997012460498593,
      -0.006851974879245659,
      -0.023462077627801114
    ],
    [
      0.006920342716767308,
      0.9999720382082797,
      0.002834018041712509
    ],
    [
      0.02344200296564375,
      -0.0029955369856595193,
      0.9997207106262856
    ]
  ],
  "t": [
    [
      -0.9374353757789485
    ],
    [
      0.10207179341227653
    ],
    [
      -0.3328607294767334
    ]
  ]
}