{
  "image_1": "frame_039",
  "image_2": "frame_040",
  "num_matches": 469,
  "inlier_count": 218,
  "inlier_ratio": 0.4648,
  "reproj_rmse": 3.587,
  "F": [
    [
      2.899544730384028e-08,
      -3.1653762984006576e-07,
      0.0020594264892478294
    ],
    [
      3.162949964211612e-07,
      -8.354378311821958e-09,
      6.964751560569816e-05
    ],
    [
      -0.002350445052446771,
      -0.00017132864255934652,
      1.0
    ]
  ],
  "E": [
    [
      -0.021832408392940865,
      -0.2629558102021586,
      -0.5159925502754957
    ],
    [
      0.24936753481187987,
      0.0009474574403437693,
      -0.4154051108239238
    ],
    [
      0.5165825979046286,
      0.40272196455213943,
      -0.01844569060399546
    ]
  ],
  "R": [
    [
      0.9991926023030053,
      -0.004653105194412976,
      -0.039906041083999894
    ],
    [
      0.0048644612947160715,
      0.9999746436102366,
      0.005200880011345332
    ],
    [
      0.03988082896907194,
      -0.00539080222508026,
      0.9991899012360512
    ]
  ],
  "t": [
    [
      -0.5729385235518382
    ],
    [
      0.7283591542743294
    ],
    [
      -0.37581164246870186
    ]
  ]
}