{
  "image_1": "frame_025",
  "image_2": "frame_026",
  "num_matches": 500,
  "inlier_count": 310,
  "inlier_ratio": 0.62,
  "reproj_rmse": 0.3286,
  "F": [
    [
      1.3920014029969544e-08,
      1.2064563202021331e-06,
      -0.0011124954334497442
    ],
    [
      -1.0791559009685384e-06,
      6.199662560548144e-08,
      0.028422741616784222
    ],
    [
      0.0006364127560388459,
      -0.02878555539105325,
      1.0
    ]
  ],
  "E": [
    [
      -0.0014432117400322078,
      -0.14417872409809096,
      -0.03520330532152978
    ],
    [
      0.13352848753228028,
      -0.002701187863024881,
      -0.6934665186906718
    ],
    [
      0.03991108344844145,
      0.691114682490723,
      -0.0024031379461652573
    ]
  ],
  "R": [
    [
      0.9998642170362938,
      -0.006289614509420428,
      -0.015231160156806034
    ],
    [
      0.006249318435277582,
      0.999976849886328,
      -0.0026917857476196246
    ],
    [
      0.015247737848410936,
      0.002596235879014464,
      0.999880375869917
    ]
  ],
  "t": [
    [
      -0.9777230077601317
    ],
    [
      0.05033952833515222
    ],
    [
      -0.20377353111598207
    ]
  ]
}