{
  "image_1": "frame_037",
  "image_2": "frame_038",
  "num_matches": 500,
  "inlier_count": 286,
  "inlier_ratio": 0.572,
  "reproj_rmse": 1.1954,
  "F": [
    [
      1.7392365754640015e-08,
      -5.0501444129795715e-06,
      0.00966063226273727
    ],
    [
      4.850608394558052e-06,
      9.605896032404237e-08,
      -0.05841700568904836
    ],
    [
      -0.009573210334789478,
      0.05829340352238398,
      1.0
    ]
  ],
  "E": [
    [
      0.0009441476466903321,
      -0.19425010083715977,
      0.03206081132518793
    ],
    [
      0.18839541358976641,
      0.004508635766537499,
      -0.6807253859566295
    ],
    [
      -0.03549791897466798,
      0.6790145525437533,
      0.004127435703048927
    ]
  ],
  "R": [
    [
      0.9999593064341304,
      0.0034870312306438597,
      -0.008320221689855245
    ],
    [
      -0.00343990955496485,
      0.9999780024843695,
      0.005671117140743132
    ],
    [
      0.008339814028232362,
      -0.005642265552673741,
      0.9999493048857067
    ]
  ],
  "t": [
    [
      -0.9604562575017607
    ],
    [
      -0.04689966430726711
    ],
    [
      -0.2744525440100293
    ]
  ]
}