{
  "image_1": "frame_023",
  "image_2": "frame_024",
  "num_matches": 500,
  "inlier_count": 333,
  "inlier_ratio": 0.666,
  "reproj_rmse": 2.021,
  "F": [
    [
      1.1736681264128733e-08,
      1.1372292706434058e-06,
      -0.0006629409107341413
    ],
    [
      -8.54889956583957e-07,
      8.262147238049521e-08,
      0.0476243319657003
    ],
    [
      -1.0950773393015491e-05,
      -0.04871477084348517,
      1.0
    ]
  ],
  "E": [
    [
      -0.0022538521768653247,
      -0.2742583425521073,
      -0.07904945668941686
    ],
    [
      0.26548811756610396,
      0.0007996855603328249,
      -0.6506868344815272
    ],
    [
      0.08098712970907955,
      0.646599507766472,
      0.0008305614398203149
    ]
  ],
  "R": [
    [
      0.9998945774666472,
      -0.004211934872616424,
      -0.013895810786851925
    ],
    [
      0.004253520229338004,
      0.99998655968644,
      0.0029644581522253813
    ],
    [
      0.013883137918128063,
      -0.003023251743821641,
      0.9998990541201845
    ]
  ],
  "t": [
    [
      -0.9149081539564982
    ],
    [
      0.11065318221020025
    ],
    [
      -0.388199617581817
    ]
  ]
}