{
  "image_1": "frame_016",
  "image_2": "frame_017",
  "num_matches": 500,
  "inlier_count": 283,
  "inlier_ratio": 0.566,
  "reproj_rmse": 6.5158,
  "F": [
    [
      2.4775997100584473e-08,
      -2.590242418361649e-07,
      0.0036345806596118175
    ],
    [
      5.199977404182327e-07,
      -1.1257418470225387e-07,
      0.0358884683195812
    ],
    [
      -0.0041112031826524365,
      -0.036638086933592905,
      1.0
    ]
  ],
  "E": [
    [
      -0.00034318224667930446,
      -0.3114354675569586,
      -0.08191771092723468
    ],
    [
      0.29996711146723753,
      0.005375498737964672,
      -0.6353071548253825
    ],
    [
      0.07746740977633537,
      0.6298130725354127,
      0.002696214941746436
    ]
  ],
  "R": [
    [
      0.9998128342948536,
      0.0038835173434394604,
      -0.018952959461120966
    ],
    [
      -0.003757369272044342,
      0.9999705831502758,
      0.0066869283120899944
    ],
    [
      0.018978370726834948,
      -0.0066144634809437025,
      0.9997980147596883
    ]
  ],
  "t": [
    [
      -0.8902778447315941
    ],
    [
      0.11292169923444748
    ],
    [
      -0.4411961570799009
    ]
  ]
}