{
  "image_1": "frame_020",
  "image_2": "frame_021",
  "num_matches": 500,
  "inlier_count": 295,
  "inlier_ratio": 0.59,
  "reproj_rmse": 1.1055,
  "F": [
    [
      7.659471779291021e-09,
      -1.5494577712371745e-06,
      0.0019179344823054057
    ],
    [
      1.6913041507175792e-06,
      -5.4052825063491355e-08,
      0.03379020658834418
    ],
    [
      -0.0018880307049388234,
      -0.03392807045275224,
      1.0
    ]
  ],
  "E": [
    [
      0.0007952926550195749,
      -0.15575250974773427,
      -0.028278870598434307
    ],
    [
      0.14897288253697197,
      -0.004634529724040708,
      -0.6905881517020418
    ],
    [
      0.02478880298873433,
      0.6893219347422797,
      -0.005934674019524363
    ]
  ],
  "R": [
    [
      0.9999311456020513,
      0.006837347458617471,
      -0.009537019172655481
    ],
    [
      -0.006915656943480668,
      0.9999424451718606,
      -0.008202440658772655
    ],
    [
      0.009480387334363655,
      0.008267830637520806,
      0.9999208794862418
    ]
  ],
  "t": [
    [
      0.9746187241116926
    ],
    [
      -0.04179966821930015
    ],
    [
      0.21993437736664356
    ]
  ]
}