{
  "image_1": "frame_091",
  "image_2": "frame_092",
  "num_matches": 500,
  "inlier_count": 297,
  "inlier_ratio": 0.594,
  "reproj_rmse": 2.3868,
  "F": [
    [
      -2.8930955569990157e-08,
      -8.784455997451781e-07,
      -0.008279148366112824
    ],
    [
      8.5994717144694e-07,
      -6.866462455341628e-09,
      0.00535300973480549
    ],
    [
      0.00817775331614871,
      -0.005479548541230828,
      1.0
    ]
  ],
  "E": [
    [
      -0.00723345790804644,
      -0.35970066187640193,
      -0.60096429188732
    ],
    [
      0.3572294023431936,
      -0.009689999868292585,
      0.09866739432151897
    ],
    [
      0.5991693385644976,
      -0.1137944634493846,
      0.0031556177003697057
    ]
  ],
  "R": [
    [
      0.9995970570207456,
      -0.027989846416078254,
      0.004721450314139883
    ],
    [
      0.02800523093650284,
      0.9996025761717816,
      -0.003224399313156656
    ],
    [
      -0.004629323455722034,
      0.003355325370493656,
      0.9999836554444281
    ]
  ],
  "t": [
    [
      -0.13714977804389525
    ],
    [
      -0.8515374369948499
    ],
    [
      0.5060374806066765
    ]
  ]
}