{
  "image_1": "frame_088",
  "image_2": "frame_089",
  "num_matches": 500,
  "inlier_count": 270,
  "inlier_ratio": 0.54,
  "reproj_rmse": 11.4397,
  "F": [
    [
      2.5065706391037984e-08,
      -1.1806635898406385e-07,
      -0.007979975868319215
    ],
    [
      1.145323634269362e-07,
      6.081346903437709e-09,
      -0.0013140695745235376
    ],
    [
      0.007714294957111239,
      0.0017989165174837943,
      1.0
    ]
  ],
  "E": [
    [
      0.05516368528832105,
      -0.6684097975393394,
      -0.16091782992188478
    ],
    [
      0.6654273334085627,
      0.03930316101441298,
      0.19437182509536427
    ],
    [
      0.1442135283812719,
      -0.1461941309898319,
      0.0013475103545027927
    ]
  ],
  "R": [
    [
      0.9960026904699961,
      0.06835766954142883,
      0.057496692003920796
    ],
    [
      -0.0707517081498653,
      0.9966638855580753,
      0.040685316984827746
    ],
    [
      -0.05452372300572661,
      -0.044590674351757176,
      0.9975163333953236
    ]
  ],
  "t": [
    [
      0.2204121702269089
    ],
    [
      0.18911012186625686
    ],
    [
      -0.9568990735827857
    ]
  ]
}