{
  "image_1": "frame_081",
  "image_2": "frame_082",
  "num_matches": 500,
  "inlier_count": 307,
  "inlier_ratio": 0.614,
  "reproj_rmse": 1.0544,
  "F": [
    [
      -8.177854799798575e-09,
      9.932977073959779e-07,
      0.0010639178434984277
    ],
    [
      -9.136268964966213e-07,
      1.3456730013753742e-09,
      -0.018961009502599838
    ],
    [
      -0.0010663134755701876,
      0.01862495007804349,
      1.0
    ]
  ],
  "E": [
    [
      -0.0008021870748050504,
      -0.09717061226637196,
      0.04006329736137479
    ],
    [
      0.10435916772946453,
      0.007828377000610474,
      -0.6981045860312771
    ],
    [
      -0.03867003743976035,
      0.6993527717367497,
      0.00776899396265363
    ]
  ],
  "R": [
    [
      0.9999332758967007,
      -0.0037500628050900833,
      0.01092615135582889
    ],
    [
      0.003621591521104771,
      0.9999243573858289,
      0.011754300548801111
    ],
    [
      -0.010969404238465513,
      -0.011713946196528078,
      0.9998712195253736
    ]
  ],
  "t": [
    [
      0.98889044975893
    ],
    [
      0.058272936882393093
    ],
    [
      0.13674773564005238
    ]
  ]
}