{
  "image_1": "frame_068",
  "image_2": "frame_069",
  "num_matches": 500,
  "inlier_count": 278,
  "inlier_ratio": 0.556,
  "reproj_rmse": 0.803,
  "F": [
    [
      -1.651002530802932e-08,
      2.989496220812283e-07,
      0.00019218487732132166
    ],
    [
      -2.0888403062116664e-07,
      -9.001166060018533e-08,
      -0.00949416114897712
    ],
    [
      -0.0006317067779463319,
      0.009375449542285716,
      1.0
    ]
  ],
  "E": [
    [
      0.005398281385130394,
      -0.1528073337453892,
      0.01215474452237655
    ],
    [
      0.16388769834392308,
      0.012778708422661047,
      -0.6875980450924283
    ],
    [
      -0.03903844573775002,
      0.6892697123001268,
      0.006538981957466876
    ]
  ],
  "R": [
    [
      0.999190475238879,
      0.03662299116339578,
      0.016647844009039597
    ],
    [
      -0.03678940893354057,
      0.9992749633223595,
      0.009802401104711226
    ],
    [
      -0.016276780462492035,
      -0.010406930159408643,
      0.9998133636946609
    ]
  ],
  "t": [
    [
      0.9761895712384024
    ],
    [
      0.01931089473078893
    ],
    [
      0.21605788657228034
    ]
  ]
}