{
  "image_1": "frame_079",
  "image_2": "frame_080",
  "num_matches": 500,
  "inlier_count": 275,
  "inlier_ratio": 0.55,
  "reproj_rmse": 3.0461,
  "F": [
    [
      -2.2242561032427867e-08,
      1.7543894685481786e-06,
      0.0010918617707911685
    ],
    [
      -1.5384353812756786e-06,
      -9.176220454115302e-08,
      -0.02462758237112378
    ],
    [
      -0.0011715508081294337,
      0.02388381461219716,
      1.0
    ]
  ],
  "E": [
    [
      -0.0034252085963166535,
      -0.26673823024867116,
      0.08774291878410387
    ],
    [
      0.27781285701591063,
      -0.002792337854645677,
      -0.6443361621459145
    ],
    [
      -0.08269950947243188,
      0.6495683129561349,
      -0.0022565651998558258
    ]
  ],
  "R": [
    [
      0.9998299272266136,
      -0.007257785330058331,
      0.016954090188721682
    ],
    [
      0.0072790667292337435,
      0.9999727945679866,
      -0.0011938640805388215
    ],
    [
      -0.016944964136163865,
      0.0013170709905808223,
      0.9998555563252274
    ]
  ],
  "t": [
    [
      0.9177578924145344
    ],
    [
      0.12365537023521156
    ],
    [
      0.3773987285654581
    ]
  ]
}