{
  "image_1": "frame_068",
  "image_2": "frame_069",
  "num_matches": 500,
  "inlier_count": 284,
  "inlier_ratio": 0.568,
  "reproj_rmse": 0.9437,
  "F": [
    [
      -9.106058351788057e-10,
      -1.4016694256903662e-07,
      0.0010931487711240138
    ],
    [
      2.0684908318734393e-07,
      2.2764022444274493e-08,
      -0.010000187185816299
    ],
    [
      -0.0015482111666329055,
      0.00968902843480745,
      0.9999999999999999
    ]
  ],
  "E": [
    [
      0.006077312122163876,
      -0.17224616084553818,
      -0.0020722730012795393
    ],
    [
      0.1852274228061728,
      0.013693435727506933,
      -0.6822779653975811
    ],
    [
      -0.023895820009313184,
      0.6853227292197109,
      0.0072005713923993485
    ]
  ],
  "R": [
    [
      0.9991994581780206,
      0.035021829768598516,
      0.019336861596672278
    ],
    [
      -0.035229254429780574,
      0.9993241758483876,
      0.010492435239852656
    ],
    [
      -0.018956328997760757,
      -0.011165258823691085,
      0.9997579680034205
    ]
  ],
  "t": [
    [
      0.9698350705516384
    ],
    [
      -0.00037307237422832943
    ],
    [
      0.24376176227025811
    ]
  ]
}