{
  "image_1": "frame_069",
  "image_2": "frame_070",
  "num_matches": 500,
  "inlier_count": 327,
  "inlier_ratio": 0.654,
  "reproj_rmse": 1.4605,
  "F": [
    [
      -3.718310122496486e-08,
      8.444651684445769e-07,
      8.10627947944653e-05
    ],
    [
      -7.11623544628693e-07,
      -3.048165403106914e-08,
      -0.013944471041738328
    ],
    [
      -0.0006044881023684973,
      0.013396400483355662,
      1.0
    ]
  ],
  "E": [
    [
      0.004971706743030722,
      -0.14864324506853432,
      -0.04039622354533295
    ],
    [
      0.15817418252612692,
      0.006589401406871418,
      -0.6879956990845522
    ],
    [
      0.01944980760961549,
      0.6909875542274413,
      0.002437960214840509
    ]
  ],
  "R": [
    [
      0.999464585094352,
      0.029696543562526417,
      0.013735299145398144
    ],
    [
      -0.029736810905396982,
      0.9995540167090073,
      0.002736742235942013
    ],
    [
      -0.013647901646453353,
      -0.0031437209367716837,
      0.9999019210899238
    ]
  ],
  "t": [
    [
      0.9759596435824872
    ],
    [
      -0.05655839128525523
    ],
    [
      0.2104849697094037
    ]
  ]
}