{
  "image_1": "frame_059",
  "image_2": "frame_060",
  "num_matches": 500,
  "inlier_count": 335,
  "inlier_ratio": 0.67,
  "reproj_rmse": 2.9584,
  "F": [
    [
      4.132149126054387e-09,
      5.527850499299862e-07,
      -0.0021141108059487585
    ],
    [
      -5.703583908377078e-07,
      1.7912626450436355e-08,
      0.011377683364994371
    ],
    [
      0.0020250675363735022,
      -0.011329553358448952,
      1.0
    ]
  ],
  "E": [
    [
      0.0027300479278521894,
      -0.4365320683534092,
      -0.2337683255842518
    ],
    [
      0.4147412615685077,
      0.004530299056372291,
      0.5190207690453542
    ],
    [
      0.23556363062180616,
      -0.5075126781069079,
      0.017661574747470456
    ]
  ],
  "R": [
    [
      0.9993550503899379,
      -0.011894441269190398,
      0.033882230254496215
    ],
    [
      0.012534538598417244,
      0.9997457700298856,
      -0.01874248247899124
    ],
    [
      -0.033650685019025905,
      0.01915509264514975,
      0.9992500757185387
    ]
  ],
  "t": [
    [
      -0.7138412569905743
    ],
    [
      -0.34230572195799475
    ],
    [
      0.6109479949495971
    ]
  ]
}