{
  "image_1": "frame_055",
  "image_2": "frame_056",
  "num_matches": 500,
  "inlier_count": 313,
  "inlier_ratio": 0.626,
  "reproj_rmse": 0.5956,
  "F": [
    [
      -2.0018704119872503e-08,
      -8.101270620282833e-07,
      0.0014649353118784255
    ],
    [
      6.989523427674629e-07,
      -1.784401219441557e-07,
      0.049481961510762985
    ],
    [
      -0.0024590483280404274,
      -0.048896912580503965,
      1.0
    ]
  ],
  "E": [
    [
      -0.005397283698002208,
      -0.2242146083758798,
      -0.02880017972870959
    ],
    [
      0.22822172763912013,
      -0.006473941511934362,
      -0.6686014654492156
    ],
    [
      0.04571008627466632,
      0.6690474102522344,
      -0.0006250828313695539
    ]
  ],
  "R": [
    [
      0.9996728535287301,
      -0.02484465494138518,
      0.006076926737225374
    ],
    [
      0.024852365802702635,
      0.9996904160404704,
      -0.0011966581968790545
    ],
    [
      -0.006045314858199979,
      0.001347292720601332,
      0.9999808193013455
    ]
  ],
  "t": [
    [
      -0.9474906103673303
    ],
    [
      0.041109889658738845
    ],
    [
      -0.31713013139402263
    ]
  ]
}