{
  "image_1": "frame_084",
  "image_2": "frame_085",
  "num_matches": 500,
  "inlier_count": 283,
  "inlier_ratio": 0.566,
  "reproj_rmse": 2.2468,
  "F": [
    [
      1.2859385933857947e-09,
      9.639206675364785e-08,
      0.002295725547620714
    ],
    [
      -1.1376522721511995e-07,
      5.9981638785361275e-09,
      -0.0020642193987669357
    ],
    [
      -0.0024315231310133565,
      0.0020434335985230947,
      1.0
    ]
  ],
  "E": [
    [
      0.0019167657148291678,
      -0.16315292492697242,
      -0.6866222861698504
    ],
    [
      0.17154575860638405,
      0.005587546509217564,
      -0.0446144461192759
    ],
    [
      0.6829225838948888,
      0.06394616090624906,
      -0.0023024702331507292
    ]
  ],
  "R": [
    [
      0.9995614452326392,
      0.029316884892978796,
      -0.004175819034580079
    ],
    [
      -0.029261934516298285,
      0.9994915667915678,
      0.012662823575360138
    ],
    [
      0.004544930450689419,
      -0.012535077690571023,
      0.9999111037659748
    ]
  ],
  "t": [
    [
      -0.06208518715788863
    ],
    [
      0.9680396512804899
    ],
    [
      -0.24299107614132132
    ]
  ]
}