{
  "image_1": "frame_062",
  "image_2": "frame_063",
  "num_matches": 500,
  "inlier_count": 327,
  "inlier_ratio": 0.654,
  "reproj_rmse": 1.6915,
  "F": [
    [
      1.294543541718058e-09,
      -3.8785642189426315e-07,
      0.0007525755922552403
    ],
    [
      4.034954047443637e-07,
      5.581679117231043e-09,
      -0.0066712196163254646
    ],
    [
      -0.0008675727015305124,
      0.006675290768194,
      1.0
    ]
  ],
  "E": [
    [
      0.0035377314122885203,
      -0.54480070745202,
      -0.12478144412786207
    ],
    [
      0.5583668040747926,
      -0.013095903049348859,
      0.42184777273264923
    ],
    [
      0.10484711584119392,
      -0.4315860907136451,
      -0.02119574228524168
    ]
  ],
  "R": [
    [
      0.9997474111568763,
      0.010983082215876447,
      -0.019608309212243158
    ],
    [
      -0.010103919880025597,
      0.9989633716332253,
      0.04438572899296403
    ],
    [
      0.02007547479343058,
      -0.04417639686776334,
      0.9988220168136064
    ]
  ],
  "t": [
    [
      0.6125508384086964
    ],
    [
      0.14212294727542873
    ],
    [
      -0.7775490584024578
    ]
  ]
}