{
  "image_1": "frame_098",
  "image_2": "frame_100",
  "num_matches": 500,
  "inlier_count": 299,
  "inlier_ratio": 0.598,
  "reproj_rmse": 1.1594,
  "F": [
    [
      6.401274386351865e-09,
      -1.6592340776127636e-07,
      0.0009067652403604695
    ],
    [
      2.0951196575848538e-07,
      -8.59242045711614e-09,
      0.007043714738340583
    ],
    [
      -0.0008592492990091664,
      -0.007124279154054395,
      1.0
    ]
  ],
  "E": [
    [
      0.0001811955981651363,
      -0.1448854100583282,
      -0.08586821774022087
    ],
    [
      0.11829689250062769,
      -0.022170806620675627,
      -0.6908097295969233
    ],
    [
      0.07518069652937558,
      0.6881141899508967,
      -0.027888650250451508
    ]
  ],
  "R": [
    [
      0.9991610743201003,
      0.021797321262873065,
      -0.03467022280381871
    ],
    [
      -0.023045231666407,
      0.9990856464027086,
      -0.036010949022816104
    ],
    [
      0.03385357973604777,
      0.036779721829362344,
      0.9987498121157319
    ]
  ],
  "t": [
    [
      0.9712207105519356
    ],
    [
      -0.12881163031892492
    ],
    [
      0.20034444162385426
    ]
  ]
}