{
  "image_1": "frame_112",
  "image_2": "frame_113",
  "num_matches": 500,
  "inlier_count": 302,
  "inlier_ratio": 0.604,
  "reproj_rmse": 0.5306,
  "F": [
    [
      -7.004387125600682e-09,
      5.886691915818096e-07,
      -0.0011263822563269848
    ],
    [
      -4.83233779481736e-07,
      -3.239295852639128e-08,
      0.017359267180263302
    ],
    [
      0.0011184700093945638,
      -0.01753030497198913,
      1.0
    ]
  ],
  "E": [
    [
      0.00031185534984285715,
      -0.007193584235827822,
      0.015282790316490685
    ],
    [
      -0.0033649338894828186,
      -0.011345668425286627,
      -0.706845031981741
    ],
    [
      -0.022770502497274973,
      0.7066141223185233,
      -0.0110739134412382
    ]
  ],
  "R": [
    [
      0.9998253192161748,
      0.010511908173291735,
      -0.01545415286681154
    ],
    [
      -0.010759053097503551,
      0.9998141531011704,
      -0.015996938301888208
    ],
    [
      0.015283122413943967,
      0.016160415995437168,
      0.9997526029594196
    ]
  ],
  "t": [
    [
      -0.9997145506715656
    ],
    [
      -0.021450118444177397
    ],
    [
      -0.01052186268113951
    ]
  ]
}