{
  "image_1": "frame_041",
  "image_2": "frame_042",
  "num_matches": 500,
  "inlier_count": 291,
  "inlier_ratio": 0.582,
  "reproj_rmse": 1.0497,
  "F": [
    [
      -1.0357948768170937e-06,
      3.772906333510973e-05,
      -0.046157858886307225
    ],
    [
      -3.725363290889124e-05,
      -3.9130854620401307e-07,
      0.021161258662812828
    ],
    [
      0.05337098984460478,
      -0.02472230405244063,
      1.0
    ]
  ],
  "E": [
    [
      0.004555531311703774,
      -0.05933434139365794,
      -0.5715162873463375
    ],
    [
      0.061500602674036925,
      -0.0027767057972976966,
      0.4125097327819467
    ],
    [
      0.5758531757468143,
      -0.4052980423699062,
      0.0003454460166564355
    ]
  ],
  "R": [
    [
      0.999907207669593,
      0.011837552502545923,
      0.006741542935124807
    ],
    [
      -0.011894719851564317,
      0.9998930943200817,
      0.008503856223189152
    ],
    [
      -0.006640157381377625,
      -0.008583255895133202,
      0.9999411162804483
    ]
  ],
  "t": [
    [
      0.5827990286505559
    ],
    [
      0.8075215549532128
    ],
    [
      -0.0908527957187552
    ]
  ]
}