{
  "image_1": "frame_084",
  "image_2": "frame_085",
  "num_matches": 500,
  "inlier_count": 253,
  "inlier_ratio": 0.506,
  "reproj_rmse": 1.4867,
  "F": [
    [
      -4.751462078486221e-08,
      1.1346282327711007e-06,
      0.005688496105556392
    ],
    [
      -1.1718033781007922e-06,
      -2.4328252903250093e-08,
      -0.0010232708560260293
    ],
    [
      -0.005471023107370421,
      0.0010314531269348176,
      1.0
    ]
  ],
  "E": [
    [
      0.0014540951934264898,
      -0.16117970534670967,
      -0.6881418879511711
    ],
    [
      0.16590042570728483,
      0.005792360086429563,
      -0.022871426864867903
    ],
    [
      0.6858149329903787,
      0.045201526130974064,
      -0.003850338853056072
    ]
  ],
  "R": [
    [
      0.9994070095607136,
      0.033934706272961905,
      -0.0058365187466266535
    ],
    [
      -0.03389200462903609,
      0.9993990888455222,
      0.007265895468945571
    ],
    [
      0.006079577545957077,
      -0.007063775542021616,
      0.9999565699628932
    ]
  ],
  "t": [
    [
      -0.03097515901309967
    ],
    [
      0.9715146886671037
    ],
    [
      -0.23494626881092148
    ]
  ]
}