{
  "image_1": "frame_112",
  "image_2": "frame_113",
  "num_matches": 500,
  "inlier_count": 312,
  "inlier_ratio": 0.624,
  "reproj_rmse": 0.3893,
  "F": [
    [
      -7.702022511777201e-09,
      5.127470441649881e-07,
      -0.0011517864441442673
    ],
    [
      -4.027722403921449e-07,
      4.671828843682749e-09,
      0.017013045206853348
    ],
    [
      0.0011539679539744846,
      -0.017277644991875535,
      1.0
    ]
  ],
  "E": [
    [
      0.00015432368780967607,
      0.04058669010882325,
      0.03670220363381105
    ],
    [
      -0.05099460936805491,
      -0.01184704750656759,
      -0.7041760670242663
    ],
    [
      -0.044913193294216384,
      0.7044634716186732,
      -0.010720594793560597
    ]
  ],
  "R": [
    [
      0.9998203640491461,
      0.010479726675274463,
      -0.015792876921080834
    ],
    [
      -0.010733076610689084,
      0.9998136848078085,
      -0.01604358867278244
    ],
    [
      0.015621802044000717,
      0.016210212825373382,
      0.999746562035126
    ]
  ],
  "t": [
    [
      -0.9970011484633626
    ],
    [
      -0.052825446728115115
    ],
    [
      0.05655247245444785
    ]
  ]
}