{
  "image_1": "frame_026",
  "image_2": "frame_027",
  "num_matches": 500,
  "inlier_count": 290,
  "inlier_ratio": 0.58,
  "reproj_rmse": 1.7519,
  "F": [
    [
      1.113900556830986e-08,
      2.286231378483256e-06,
      -0.0029300323584953874
    ],
    [
      -2.1507096688538426e-06,
      1.9670832439416785e-08,
      0.02686335042153098
    ],
    [
      0.002545751856613422,
      -0.026891403413426326,
      1.0
    ]
  ],
  "E": [
    [
      -0.0005218096475531108,
      -0.11584964945798035,
      -0.022205950166821586
    ],
    [
      0.1044009317808851,
      -0.0066235109432083265,
      -0.6989380790818571
    ],
    [
      0.024167077681454492,
      0.6971346095288163,
      -0.0068488627682758785
    ]
  ],
  "R": [
    [
      0.9998696220664139,
      -0.0014204889634314953,
      -0.01608480897838299
    ],
    [
      0.0012712249981124482,
      0.9999560739528809,
      -0.00928623452992364
    ],
    [
      0.016097293429967435,
      0.009264576398591622,
      0.9998275075073622
    ]
  ],
  "t": [
    [
      -0.9859873043932599
    ],
    [
      0.032928290433334104
    ],
    [
      -0.16353826238666927
    ]
  ]
}