{
  "image_1": "frame_027",
  "image_2": "frame_028",
  "num_matches": 500,
  "inlier_count": 280,
  "inlier_ratio": 0.56,
  "reproj_rmse": 0.6374,
  "F": [
    [
      7.424683748161528e-09,
      8.365193318311322e-08,
      0.0009427485369348964
    ],
    [
      1.6667975972513516e-08,
      -2.4994656564400656e-09,
      0.013930305327585926
    ],
    [
      -0.0010628709007474513,
      -0.01416503559889536,
      1.0
    ]
  ],
  "E": [
    [
      -0.000759192480625412,
      -0.02283143827506306,
      -0.05150266853788186
    ],
    [
      0.009707400973131046,
      -0.009452102234904872,
      -0.7050756756063093
    ],
    [
      0.04691308036785071,
      0.7051245670713606,
      -0.010433014299149883
    ]
  ],
  "R": [
    [
      0.9998207362150421,
      0.0067006856348185845,
      -0.01770864891612771
    ],
    [
      -0.006940221085978346,
      0.9998847876494213,
      -0.013499805870805568
    ],
    [
      0.01761615070578907,
      0.01362028778311962,
      0.9997520487575986
    ]
  ],
  "t": [
    [
      -0.9968205697983428
    ],
    [
      0.07327640545215432
    ],
    [
      -0.03129408939270541
    ]
  ]
}