{
  "image_1": "frame_066",
  "image_2": "frame_067",
  "num_matches": 500,
  "inlier_count": 296,
  "inlier_ratio": 0.592,
  "reproj_rmse": 1.3861,
  "F": [
    [
      -2.8696219605479183e-08,
      1.052050807345926e-06,
      0.0026650939791989085
    ],
    [
      -8.774478508644096e-07,
      -3.4156411974456614e-08,
      -0.022035687628717975
    ],
    [
      -0.0027346051486747593,
      0.0215666236314669,
      1.0
    ]
  ],
  "E": [
    [
      -0.0011305419565474932,
      -0.10030953874212008,
      0.09216758946595406
    ],
    [
      0.10635151837260697,
      0.00560445490119178,
      -0.6928249536444872
    ],
    [
      -0.09150523654242157,
      0.6940431295951608,
      0.0049303087073047985
    ]
  ],
  "R": [
    [
      0.999949280538335,
      -0.00224971244434069,
      0.009817084332091275
    ],
    [
      0.0021670614717964887,
      0.999962189307592,
      0.008421626906063379
    ],
    [
      -0.009835659380186823,
      -0.00839992554045903,
      0.9999163470288261
    ]
  ],
  "t": [
    [
      0.9812663794956624
    ],
    [
      0.13154108280393112
    ],
    [
      0.1407594970374777
    ]
  ]
}