{
  "image_1": "frame_057",
  "image_2": "frame_058",
  "num_matches": 500,
  "inlier_count": 306,
  "inlier_ratio": 0.612,
  "reproj_rmse": 4.0582,
  "F": [
    [
      4.1938511421606934e-09,
      7.658302403578509e-08,
      -0.0009888029355677715
    ],
    [
      -9.925165128527029e-08,
      -2.724094024337256e-08,
      0.011760681504167822
    ],
    [
      0.0006414926597676535,
      -0.011634692467191548,
      1.0
    ]
  ],
  "E": [
    [
      -0.01087226274053438,
      -0.3981431018038735,
      -0.19821794180521501
    ],
    [
      0.38778704022951827,
      -0.005313161894908585,
      0.5549672326986415
    ],
    [
      0.184942859111756,
      -0.5561997956196373,
      0.010760600501785662
    ]
  ],
  "R": [
    [
      0.9993204362503836,
      -0.034170339648572357,
      0.013822213304823416
    ],
    [
      0.0343696537409125,
      0.9993047371186377,
      -0.014448850264995178
    ],
    [
      -0.013318881111887948,
      0.014914096035351154,
      0.9998000685864028
    ]
  ],
  "t": [
    [
      -0.7772689520820906
    ],
    [
      -0.2884591907758204
    ],
    [
      0.5591460197356032
    ]
  ]
}