{
  "image_1": "frame_060",
  "image_2": "frame_061",
  "num_matches": 500,
  "inlier_count": 307,
  "inlier_ratio": 0.614,
  "reproj_rmse": 3.4835,
  "F": [
    [
      -1.2685332707796784e-08,
      2.034924603803863e-06,
      -0.005867813785647593
    ],
    [
      -2.088911750196823e-06,
      8.711833401182236e-08,
      0.027172560340072805
    ],
    [
      0.006053769761470696,
      -0.027144985725833414,
      1.0
    ]
  ],
  "E": [
    [
      0.007384315238713197,
      -0.56616981570375,
      -0.27848064370674236
    ],
    [
      0.5565942048762179,
      0.0046783221815058056,
      0.33084274593942137
    ],
    [
      0.28486572307538965,
      -0.31833715710863003,
      0.00909938651154353
    ]
  ],
  "R": [
    [
      0.9997770609250052,
      0.002742003603227461,
      0.020935851174438802
    ],
    [
      -0.0025357072341596065,
      0.9999480364672473,
      -0.00987393306232559
    ],
    [
      -0.020961837633685587,
      0.009818644587545722,
      0.9997320618953274
    ]
  ],
  "t": [
    [
      -0.451321931120382
    ],
    [
      -0.4018061270290446
    ],
    [
      0.7967812439883915
    ]
  ]
}