{
  "image_1": "frame_105",
  "image_2": "frame_106",
  "num_matches": 500,
  "inlier_count": 284,
  "inlier_ratio": 0.568,
  "reproj_rmse": 7.9562,
  "F": [
    [
      7.013683154811802e-08,
      1.6340283084096884e-06,
      0.006444341308290527
    ],
    [
      -1.0645637608994433e-06,
      -1.862916797657066e-07,
      0.09157308991306198
    ],
    [
      -0.008197482252109613,
      -0.09295516277310767,
      1.0
    ]
  ],
  "E": [
    [
      -0.0036017182368441123,
      -0.4549112947280156,
      -0.08469202024363132
    ],
    [
      0.4408619651818,
      0.005826371131319585,
      -0.5471797859181847
    ],
    [
      0.08035707882134442,
      0.5344068368531912,
      0.004810281442203335
    ]
  ],
  "R": [
    [
      0.9996043008501632,
      -0.0027016317978595245,
      -0.027998980472253243
    ],
    [
      0.0030699618798469136,
      0.9999092098046516,
      0.013120498538303757
    ],
    [
      0.027960991683291747,
      -0.01320126257091117,
      0.9995218404870504
    ]
  ],
  "t": [
    [
      -0.7561349129112812
    ],
    [
      0.11136483231263805
    ],
    [
      -0.6448704269856289
    ]
  ]
}