{
  "image_1": "frame_117",
  "image_2": "frame_118",
  "num_matches": 500,
  "inlier_count": 320,
  "inlier_ratio": 0.64,
  "reproj_rmse": 4.2937,
  "F": [
    [
      -1.1136535348830857e-08,
      4.86457854022828e-07,
      -0.001411131265372981
    ],
    [
      -6.738297459151178e-07,
      1.2171818178015117e-07,
      -0.015774720486070024
    ],
    [
      0.0017281388471680178,
      0.016303202732075795,
      0.9999999999999999
    ]
  ],
  "E": [
    [
      -0.00043007821275640844,
      -0.36909415852411886,
      -0.1341364873868394
    ],
    [
      0.35730701252068703,
      0.023242486139040428,
      -0.5975286792867369
    ],
    [
      0.11687760149758625,
      0.588712471540645,
      0.016880021320083986
    ]
  ],
  "R": [
    [
      0.999599937640142,
      0.008624567428858476,
      -0.02693662017569015
    ],
    [
      -0.007699214546631417,
      0.9993829626340712,
      0.03426975477168094
    ],
    [
      0.027215561085328743,
      -0.03404865391482195,
      0.9990495495226446
    ]
  ],
  "t": [
    [
      -0.8315969215041912
    ],
    [
      0.17176124750051103
    ],
    [
      -0.5281520936262777
    ]
  ]
}