{
  "image_1": "frame_088",
  "image_2": "frame_089",
  "num_matches": 500,
  "inlier_count": 256,
  "inlier_ratio": 0.512,
  "reproj_rmse": 14.2101,
  "F": [
    [
      -1.0198444083727939e-08,
      5.343263536276695e-07,
      -0.013537196192912658
    ],
    [
      -5.239345299125652e-07,
      -2.9512186205249526e-08,
      0.0009442679735984578
    ],
    [
      0.013488993402771675,
      -0.0002389486745600853,
      1.0
    ]
  ],
  "E": [
    [
      0.05631765059813333,
      -0.6783834873955252,
      -0.15645054089270902
    ],
    [
      0.6773851834230614,
      0.04242809515320638,
      0.1507206796189742
    ],
    [
      0.136305106428843,
      -0.10094819009579695,
      0.003197209431062097
    ]
  ],
  "R": [
    [
      0.9958475292917691,
      0.06896851012765173,
      0.05942258000331732
    ],
    [
      -0.07144016866778563,
      0.9966213566837087,
      0.040523742456028716
    ],
    [
      -0.056426950158563444,
      -0.044600627940604154,
      0.9974100376891677
    ]
  ],
  "t": [
    [
      -0.155867857588724
    ],
    [
      -0.18238665935692702
    ],
    [
      0.9707936533884642
    ]
  ]
}