{
  "image_1": "frame_004",
  "image_2": "frame_005",
  "num_matches": 500,
  "inlier_count": 336,
  "inlier_ratio": 0.672,
  "reproj_rmse": 0.4638,
  "F": [
    [
      -3.3805380496669216e-08,
      -1.3972137813535082e-05,
      0.019141123838919756
    ],
    [
      1.4026921129717623e-05,
      -1.6142266840933163e-07,
      0.031531240276132765
    ],
    [
      -0.018940016750272088,
      -0.03146519444670218,
      1.0
    ]
  ],
  "E": [
    [
      0.00023138948990190263,
      0.17028121211905217,
      -0.04291926346483568
    ],
    [
      -0.17348383838219011,
      -0.004292965789715976,
      -0.6842091336199743
    ],
    [
      0.04338841004463255,
      0.6848346574555371,
      -0.004890770826467345
    ]
  ],
  "R": [
    [
      0.9999880810451302,
      -0.002426687939312784,
      -0.004236620507435923
    ],
    [
      0.002397495332762442,
      0.9999734441782508,
      -0.006882074862695514
    ],
    [
      0.004253208648563683,
      0.006871835557664099,
      0.9999673435129071
    ]
  ],
  "t": [
    [
      0.968671453158197
    ],
    [
      -0.059038796327746515
    ],
    [
      -0.2412261104535703
    ]
  ]
}