{
  "image_1": "frame_107",
  "image_2": "frame_108",
  "num_matches": 500,
  "inlier_count": 301,
  "inlier_ratio": 0.602,
  "reproj_rmse": 15.7724,
  "F": [
    [
      -8.358776649251438e-09,
      -2.50898245158424e-07,
      0.0005492867423637068
    ],
    [
      2.4560222242668024e-07,
      -2.3484076960682648e-08,
      0.00659975018087888
    ],
    [
      -0.0007081190409146362,
      -0.006446156750486791,
      1.0
    ]
  ],
  "E": [
    [
      -0.020308542850133275,
      -0.5978881043467462,
      0.029428545882122518
    ],
    [
      0.5899889115052173,
      -0.00149633106660335,
      0.3897560878285628
    ],
    [
      -0.013746489486045947,
      -0.3751619083445951,
      0.017803154329377822
    ]
  ],
  "R": [
    [
      0.9991721387690524,
      -0.03275116716350802,
      0.024132926824252887
    ],
    [
      0.03386827561810128,
      0.9982999804679524,
      -0.047435102027323754
    ],
    [
      -0.022538345421371453,
      0.0482131729625239,
      0.9985827521735755
    ]
  ],
  "t": [
    [
      -0.5315098088562862
    ],
    [
      0.0014403435707168166
    ],
    [
      0.8470509125784309
    ]
  ]
}