{
  "image_1": "frame_082",
  "image_2": "frame_083",
  "num_matches": 500,
  "inlier_count": 281,
  "inlier_ratio": 0.562,
  "reproj_rmse": 1.6252,
  "F": [
    [
      -1.0180654695634187e-09,
      -3.7256262442611066e-07,
      0.0037286279128994917
    ],
    [
      4.0314823843964427e-07,
      3.438024929068726e-08,
      -0.025243540281613665
    ],
    [
      -0.004012692141152998,
      0.02509255962904216,
      1.0
    ]
  ],
  "E": [
    [
      -0.0018975111494234401,
      0.23504753950197885,
      0.031008371110856987
    ],
    [
      -0.23835327159345743,
      -0.006037763934593069,
      0.6650419237624348
    ],
    [
      -0.024520307942870037,
      -0.6663613295015492,
      -0.0044011993360039406
    ]
  ],
  "R": [
    [
      0.9999611025639255,
      0.007449638625864841,
      0.00472188982107008
    ],
    [
      -0.007479777264974834,
      0.9999515609397532,
      0.0063975547060470955
    ],
    [
      -0.004674001626515267,
      -0.006432624541703366,
      0.9999683870254603
    ]
  ],
  "t": [
    [
      -0.9421120257661026
    ],
    [
      0.04172536316740272
    ],
    [
      -0.3326919370460285
    ]
  ]
}