{
  "image_1": "frame_103",
  "image_2": "frame_104",
  "num_matches": 500,
  "inlier_count": 326,
  "inlier_ratio": 0.652,
  "reproj_rmse": 2.468,
  "F": [
    [
      1.023186437644219e-08,
      -5.392535317971434e-07,
      0.003102145155673904
    ],
    [
      6.367151769817523e-07,
      2.0359130286760575e-08,
      0.02185199996275833
    ],
    [
      -0.0032601563724690597,
      -0.022246216136450656,
      1.0
    ]
  ],
  "E": [
    [
      -0.0005203401227689709,
      -0.15520399915790012,
      -0.08191244711438916
    ],
    [
      0.14869316517631037,
      -0.0037036001429674287,
      -0.6863098640847768
    ],
    [
      0.08186803589317689,
      0.6850791265065624,
      -0.004627143724706343
    ]
  ],
  "R": [
    [
      0.9999602695246858,
      0.0013016510314459023,
      -0.008818450924661797
    ],
    [
      -0.0013518523396114784,
      0.9999829026533337,
      -0.005689191178486968
    ],
    [
      0.00881089481098371,
      0.005700886387731387,
      0.999944932497297
    ]
  ],
  "t": [
    [
      0.9687123400672499
    ],
    [
      -0.11709309489262461
    ],
    [
      0.21882780748775887
    ]
  ]
}