{
  "image_1": "frame_102",
  "image_2": "frame_103",
  "num_matches": 500,
  "inlier_count": 310,
  "inlier_ratio": 0.62,
  "reproj_rmse": 0.4049,
  "F": [
    [
      5.536998795793015e-09,
      9.014122539215458e-07,
      0.005367332404273375
    ],
    [
      -8.091279909542435e-07,
      -2.5409032824635524e-07,
      0.07230009247881736
    ],
    [
      -0.0051438233031165966,
      -0.0720025464489996,
      1.0
    ]
  ],
  "E": [
    [
      -4.7798011999033195e-05,
      -0.06456778481384301,
      -0.06683381094985705
    ],
    [
      0.05927409379315283,
      -0.0031756231909690533,
      -0.7014025993182841
    ],
    [
      0.06250731427720493,
      0.7013926291970941,
      -0.004043124440893692
    ]
  ],
  "R": [
    [
      0.9999530575338567,
      0.006601309400803168,
      -0.0070926330009588034
    ],
    [
      -0.006637479508623381,
      0.999965025952858,
      -0.005088294102398403
    ],
    [
      0.007058795539185647,
      0.005135132451530933,
      0.9999619011843608
    ]
  ],
  "t": [
    [
      0.9913266268929752
    ],
    [
      -0.09498306050979764
    ],
    [
      0.09082806300471212
    ]
  ]
}