{
  "image_1": "frame_079",
  "image_2": "frame_080",
  "num_matches": 500,
  "inlier_count": 281,
  "inlier_ratio": 0.562,
  "reproj_rmse": 2.907,
  "F": [
    [
      -2.1833951946433498e-08,
      1.4503164024177875e-06,
      0.0017161753889672724
    ],
    [
      -1.2439291451271615e-06,
      -5.0365174028165636e-08,
      -0.026845968246134968
    ],
    [
      -0.0017764706391966418,
      0.026027188826052865,
      1.0
    ]
  ],
  "E": [
    [
      -0.0030353385246045523,
      -0.2364619650914821,
      0.12011667321917523
    ],
    [
      0.2457111061742765,
      -0.003454790949549448,
      -0.6521933475241316
    ],
    [
      -0.11547825613510077,
      0.6561692873768227,
      -0.003619866107708292
    ]
  ],
  "R": [
    [
      0.999890048743896,
      -0.005931273411475091,
      0.013590821117494989
    ],
    [
      0.005973203846606878,
      0.9999775190061252,
      -0.00304668970544459
    ],
    [
      -0.013572444832685826,
      0.0031275354630625543,
      0.9999029989269914
    ]
  ],
  "t": [
    [
      0.9269827512957008
    ],
    [
      0.1688665400094205
    ],
    [
      0.33494338397033574
    ]
  ]
}