{
  "image_1": "frame_073",
  "image_2": "frame_074",
  "num_matches": 500,
  "inlier_count": 271,
  "inlier_ratio": 0.542,
  "reproj_rmse": 5.8334,
  "F": [
    [
      1.2561249310811294e-08,
      1.0119346140204868e-07,
      -0.0015389218161001737
    ],
    [
      -2.201926478679153e-07,
      2.3698340132891374e-08,
      0.01526500831517015
    ],
    [
      0.0013775274166784248,
      -0.014959455384675373,
      1.0
    ]
  ],
  "E": [
    [
      -0.0093997784625092,
      -0.648878937000768,
      -0.20566617076133015
    ],
    [
      0.6365949411864259,
      -0.014725255356834582,
      0.21849282611917703
    ],
    [
      0.21055093466524802,
      -0.1971734925672906,
      0.012290072065261745
    ]
  ],
  "R": [
    [
      0.9987035853270126,
      -0.02795150136587081,
      0.04254247555518714
    ],
    [
      0.028660422190716572,
      0.999458796354727,
      -0.01614603942177173
    ],
    [
      -0.04206814536938666,
      0.017344392769804484,
      0.9989641851360973
    ]
  ],
  "t": [
    [
      -0.27044110444176556
    ],
    [
      -0.30591153180333186
    ],
    [
      0.9128415764731891
    ]
  ]
}