{
  "image_1": "frame_034",
  "image_2": "frame_035",
  "num_matches": 500,
  "inlier_count": 300,
  "inlier_ratio": 0.6,
  "reproj_rmse": 0.7368,
  "F": [
    [
      2.96906672720523e-08,
      5.04738812559489e-06,
      -0.004342890523409249
    ],
    [
      -4.920527884604699e-06,
      -1.227853188523643e-07,
      0.05499068673316898
    ],
    [
      0.00380043922146473,
      -0.05460174524094678,
      1.0
    ]
  ],
  "E": [
    [
      5.211031463394416e-05,
      -0.143511470147309,
      0.012967345557700974
    ],
    [
      0.13618895296954642,
      -0.002516899764874789,
      -0.6937513283708103
    ],
    [
      -0.012074787097849832,
      0.692272004180638,
      -0.002302955165294528
    ]
  ],
  "R": [
    [
      0.9999433394571811,
      -0.0005972603952898448,
      -0.010628318551936577
    ],
    [
      0.0005598976792445046,
      0.9999936550004015,
      -0.0035180212516285085
    ],
    [
      0.010630352290023487,
      0.003511871147743427,
      0.9999373292218026
    ]
  ],
  "t": [
    [
      0.9790161420220485
    ],
    [
      0.017625475211448697
    ],
    [
      0.2030190539920706
    ]
  ]
}