{
  "image_1": "frame_031",
  "image_2": "frame_032",
  "num_matches": 500,
  "inlier_count": 277,
  "inlier_ratio": 0.554,
  "reproj_rmse": 1.3554,
  "F": [
    [
      2.9824391917068833e-09,
      -8.787411989076272e-07,
      0.0005021394514893651
    ],
    [
      8.39682788585399e-07,
      1.6687950496646033e-08,
      -0.014283123482736347
    ],
    [
      -0.0005901451371818447,
      0.01435508394973179,
      1.0
    ]
  ],
  "E": [
    [
      0.002176605591407957,
      -0.3608598299281031,
      -0.08971644100827408
    ],
    [
      0.3618414519883485,
      0.01603479356829697,
      -0.6018120472248853
    ],
    [
      0.07763347840441234,
      0.6017893187627976,
      0.013600493821406864
    ]
  ],
  "R": [
    [
      0.9999784673159442,
      0.006396313242088433,
      -0.0014669973973587824
    ],
    [
      -0.0063611910801567445,
      0.9997195339650801,
      0.022812028771791518
    ],
    [
      0.0016124988361274073,
      -0.022802205716825695,
      0.9997386954909524
    ]
  ],
  "t": [
    [
      -0.8505602926837917
    ],
    [
      0.11520337523855607
    ],
    [
      -0.5131036648118068
    ]
  ]
}