{
  "image_1": "frame_211",
  "image_2": "frame_216",
  "num_matches": 1500,
  "inlier_count": 1199,
  "inlier_ratio": 0.7993,
  "reproj_rmse": 0.5779,
  "F": [
    [
      -1.9715919943967037e-08,
      8.065760618867997e-07,
      -0.0015982200063047874
    ],
    [
      -7.30285640578149e-07,
      1.7461075521484103e-08,
      -0.004829318646322538
    ],
    [
      0.0014132808647798604,
      0.004549593310222219,
      0.9999999999999999
    ]
  ],
  "E": [
    [
      -0.007913300757275398,
      0.3297686448760561,
      -0.011892150218306292
    ],
    [
      -0.2991020165827964,
      0.00802933691799209,
      -0.6403636404207311
    ],
    [
      0.0033160055074233433,
      0.6254335715959487,
      0.016684434991933617
    ]
  ],
  "R": [
    [
      0.9984956427915928,
      0.025706962436826495,
      0.048431429965215544
    ],
    [
      -0.026946475567714755,
      0.999321296507138,
      0.025116405032796323
    ],
    [
      -0.047752892903807576,
      -0.026383677332102548,
      0.9985106723464466
    ]
  ],
  "t": [
    [
      -0.8843625922560492
    ],
    [
      0.02856296384728736
    ],
    [
      0.465925919556338
    ]
  ]
}