{
  "image_1": "frame_021",
  "image_2": "frame_026",
  "num_matches": 1278,
  "inlier_count": 812,
  "inlier_ratio": 0.6354,
  "reproj_rmse": 0.319,
  "F": [
    [
      -1.7720696968312309e-09,
      -3.752773672074092e-07,
      0.0008742816426888891
    ],
    [
      -1.465036941830985e-07,
      1.2402968988460862e-07,
      0.011040838940658233
    ],
    [
      0.00026610274825454225,
      -0.010934526230184705,
      1.0
    ]
  ],
  "E": [
    [
      0.0004757778404730944,
      0.02311857992997716,
      -0.005292257188651355
    ],
    [
      0.08278533906551062,
      -0.03639046155591203,
      -0.7012883662261614
    ],
    [
      -0.00019636473131534626,
      0.7057770681541313,
      -0.03650942014556397
    ]
  ],
  "R": [
    [
      0.9886941081686897,
      0.01383187679479683,
      0.14930719894516992
    ],
    [
      -0.006037531340796208,
      0.9986010431276209,
      -0.05253098970832678
    ],
    [
      -0.1498249267906642,
      0.051035633127855105,
      0.987394478141037
    ]
  ],
  "t": [
    [
      -0.9994371385047855
    ],
    [
      0.005822257190692421
    ],
    [
      0.03303797055770148
    ]
  ]
}