{
  "image_1": "frame_026",
  "image_2": "frame_031",
  "num_matches": 1373,
  "inlier_count": 864,
  "inlier_ratio": 0.6293,
  "reproj_rmse": 0.6457,
  "F": [
    [
      1.0182833918833712e-08,
      -1.416214961274488e-07,
      -8.752048007626974e-05
    ],
    [
      -7.410791033222659e-08,
      1.2370858604235738e-07,
      0.006710291937468451
    ],
    [
      0.00044484006452567045,
      -0.006907081846638333,
      1.0
    ]
  ],
  "E": [
    [
      -0.0033072376576319855,
      0.08742384619831424,
      0.03630091292285101
    ],
    [
      -0.015684874381514557,
      -0.02907196418566673,
      -0.7051964210150969
    ],
    [
      -0.034330883260335635,
      0.7002633027562565,
      -0.032983142435542796
    ]
  ],
  "R": [
    [
      0.9950085352205876,
      -0.0037650348617474932,
      0.09971880139005936
    ],
    [
      0.007926130578293757,
      0.9991126607060952,
      -0.04136505373915009
    ],
    [
      -0.09947457610985888,
      0.04194896577124103,
      0.9941554672074621
    ]
  ],
  "t": [
    [
      -0.9909877668426962
    ],
    [
      -0.05668885960259239
    ],
    [
      0.12136564244086342
    ]
  ]
}