{
  "image_1": "frame_011",
  "image_2": "frame_016",
  "num_matches": 1112,
  "inlier_count": 666,
  "inlier_ratio": 0.5989,
  "reproj_rmse": 0.4918,
  "F": [
    [
      2.9288290224233898e-08,
      -9.937459420818034e-08,
      -0.0005085551469508543
    ],
    [
      7.358439208785953e-07,
      -7.163219962045845e-08,
      -0.014838064816963316
    ],
    [
      -0.0006613672417398271,
      0.01457954481574069,
      1.0
    ]
  ],
  "E": [
    [
      0.002708822250428925,
      -0.05909710166450658,
      -0.01967943531153558
    ],
    [
      0.17001395392183932,
      -0.00123671223864376,
      -0.6860733690895208
    ],
    [
      0.025048658903811007,
      0.7041819053981135,
      0.0032220677441770983
    ]
  ],
  "R": [
    [
      0.9873188323122861,
      -0.007548641306416862,
      0.15857030420583396
    ],
    [
      0.007631157780616113,
      0.9999708783740667,
      8.851397889409959e-05
    ],
    [
      -0.15856635454102783,
      0.0011226834924300566,
      0.9873476848554136
    ]
  ],
  "t": [
    [
      -0.996105330457266
    ],
    [
      0.028180072422030616
    ],
    [
      -0.08354671838504413
    ]
  ]
}