{
  "image_1": "frame_081",
  "image_2": "frame_086",
  "num_matches": 1254,
  "inlier_count": 670,
  "inlier_ratio": 0.5343,
  "reproj_rmse": 0.5698,
  "F": [
    [
      6.629712259943706e-09,
      6.122496665505353e-07,
      -0.00154759227062904
    ],
    [
      -2.613413970127901e-06,
      2.0411354634383997e-07,
      0.038241106717940364
    ],
    [
      0.0059744318960569314,
      -0.037818442456804505,
      1.0
    ]
  ],
  "E": [
    [
      -0.00013757014554987334,
      0.07505904316233726,
      -0.008768170922135563
    ],
    [
      -0.18608916373231985,
      0.014723608997993213,
      0.6819871470872063
    ],
    [
      0.01834039472754997,
      -0.7025835385470908,
      0.01941162702889474
    ]
  ],
  "R": [
    [
      0.987138465695,
      0.020332840723625876,
      0.15856930703458705
    ],
    [
      -0.016402684921300696,
      0.9995259391172271,
      -0.02605473007339753
    ],
    [
      -0.15902390220559298,
      0.023118663887273516,
      0.9870040151424782
    ]
  ],
  "t": [
    [
      -0.9942728401125013
    ],
    [
      -0.009753941493938233
    ],
    [
      -0.10642546706476567
    ]
  ]
}