{
  "image_1": "frame_061",
  "image_2": "frame_066",
  "num_matches": 1240,
  "inlier_count": 759,
  "inlier_ratio": 0.6121,
  "reproj_rmse": 0.2397,
  "F": [
    [
      2.914775865235631e-08,
      5.393551534844248e-07,
      -0.0020877848535365917
    ],
    [
      -3.0310606534268826e-06,
      2.3505805754163917e-07,
      0.06445308794863061
    ],
    [
      0.007945926510303979,
      -0.06332480447138135,
      0.9999999999999999
    ]
  ],
  "E": [
    [
      -0.0010903234868087234,
      -0.027451359155056494,
      0.0125611933543227
    ],
    [
      0.12126065779589114,
      -0.014686351019291857,
      -0.6963736099681445
    ],
    [
      -0.0246957278518334,
      0.7058834772773348,
      -0.018709551946970937
    ]
  ],
  "R": [
    [
      0.9909829442196576,
      0.021179249117622975,
      0.13230360415556588
    ],
    [
      -0.0181264203789535,
      0.9995419080398045,
      -0.0242364798680038
    ],
    [
      -0.1327563073830568,
      0.021619747430540553,
      0.9909128868730362
    ]
  ],
  "t": [
    [
      -0.9990870337430563
    ],
    [
      -0.016968164578443322
    ],
    [
      -0.039206892217309754
    ]
  ]
}