{
  "image_1": "frame_176",
  "image_2": "frame_181",
  "num_matches": 824,
  "inlier_count": 462,
  "inlier_ratio": 0.5607,
  "reproj_rmse": 1.3363,
  "F": [
    [
      -2.524262151295585e-09,
      7.005925662555488e-08,
      -0.00013889060848871476
    ],
    [
      1.1455941122969458e-07,
      2.0315285626872754e-08,
      -0.003908872899456746
    ],
    [
      -0.0003743227414496972,
      0.003622274585909509,
      1.0
    ]
  ],
  "E": [
    [
      -0.002713864825314746,
      0.08098020420970488,
      -0.003584452060007348
    ],
    [
      0.029251760303221203,
      0.021564448897445104,
      -0.706147004369441
    ],
    [
      -0.02572989086812328,
      0.7016785016441276,
      0.021046697998434137
    ]
  ],
  "R": [
    [
      0.986844497511902,
      0.04000542297310911,
      0.1566445143093882
    ],
    [
      -0.04502542700697441,
      0.9985755158559139,
      0.028629531186086604
    ],
    [
      -0.1552760401778752,
      -0.035305881462415346,
      0.9872400144244767
    ]
  ],
  "t": [
    [
      -0.993400214583522
    ],
    [
      0.008451897180754038
    ],
    [
      0.11438784506868775
    ]
  ]
}