{
  "image_1": "frame_151",
  "image_2": "frame_156",
  "num_matches": 1500,
  "inlier_count": 1011,
  "inlier_ratio": 0.674,
  "reproj_rmse": 0.7112,
  "F": [
    [
      -3.2239070181962553e-08,
      1.1261488860227399e-06,
      -0.001987031435884369
    ],
    [
      -2.8765975229611507e-07,
      -1.5572332232567056e-07,
      -0.023825772550490048
    ],
    [
      -0.00015558948299654587,
      0.02316058086225826,
      1.0
    ]
  ],
  "E": [
    [
      -0.003573128650142171,
      0.1162192312340945,
      0.006905423138988201
    ],
    [
      -0.04049739158606079,
      -0.013362730720284323,
      -0.705762193012082
    ],
    [
      -0.024600201772360594,
      0.6969451915589776,
      -0.013266266507790317
    ]
  ],
  "R": [
    [
      0.9939587724092707,
      0.024198183716269698,
      0.10705328885881679
    ],
    [
      -0.022435588341454683,
      0.9995926779286164,
      -0.017638667956229474
    ],
    [
      -0.1074365074191655,
      0.015130305229271165,
      0.994096811551692
    ]
  ],
  "t": [
    [
      -0.9863393312387752
    ],
    [
      -0.01273778765716735
    ],
    [
      0.1642329821231005
    ]
  ]
}