{
  "image_1": "frame_056",
  "image_2": "frame_061",
  "num_matches": 1253,
  "inlier_count": 753,
  "inlier_ratio": 0.601,
  "reproj_rmse": 0.4131,
  "F": [
    [
      -6.8574326478797545e-09,
      1.207428310487567e-07,
      -1.073551563338187e-05
    ],
    [
      1.739074204990237e-07,
      5.5274324486778645e-08,
      -0.007314820331524498
    ],
    [
      -0.0004254917713260744,
      0.006807310440904661,
      1.0
    ]
  ],
  "E": [
    [
      -0.00216672314021024,
      0.01638166699882996,
      0.01922209081862705
    ],
    [
      0.07319803112093708,
      0.012846314786453315,
      -0.702932579662233
    ],
    [
      -0.008183873744874061,
      0.706766210420593,
      0.01161096145026234
    ]
  ],
  "R": [
    [
      0.9917795635093205,
      -0.017548410670195927,
      0.1267491644477866
    ],
    [
      0.015151850610150036,
      0.9996882021519019,
      0.019847415483789713
    ],
    [
      -0.12705793492871512,
      -0.017763776660625317,
      0.9917362196725507
    ]
  ],
  "t": [
    [
      -0.9993572509585684
    ],
    [
      -0.026937293324449062
    ],
    [
      0.023653058679279537
    ]
  ]
}