{
  "image_1": "frame_071",
  "image_2": "frame_076",
  "num_matches": 1162,
  "inlier_count": 626,
  "inlier_ratio": 0.5387,
  "reproj_rmse": 0.5002,
  "F": [
    [
      3.770937480798148e-08,
      -1.7034878345584789e-06,
      0.0028416273202179934
    ],
    [
      6.3271427309903346e-06,
      -4.571520443196039e-07,
      -0.08524712900403436
    ],
    [
      -0.012252971174804679,
      0.08419843912583283,
      1.0
    ]
  ],
  "E": [
    [
      -0.0012284558404246197,
      0.03262304373309524,
      0.004712618620393166
    ],
    [
      -0.16588181062148308,
      0.008110614726919266,
      0.6873062588829824
    ],
    [
      -9.113098951445675e-05,
      -0.7063046516638347,
      0.008561495588738567
    ]
  ],
  "R": [
    [
      0.981838689517631,
      0.0096013178727254,
      0.1894745430431442
    ],
    [
      -0.007166962138326757,
      0.9998827941992257,
      -0.013528951107034531
    ],
    [
      -0.18958223128766366,
      0.011925290749311618,
      0.9817924246094667
    ]
  ],
  "t": [
    [
      -0.9989114266435993
    ],
    [
      0.0074228476973148124
    ],
    [
      -0.04605282893494882
    ]
  ]
}