{
  "image_1": "frame_106",
  "image_2": "frame_111",
  "num_matches": 1444,
  "inlier_count": 848,
  "inlier_ratio": 0.5873,
  "reproj_rmse": 1.738,
  "F": [
    [
      5.0820192127802556e-09,
      -3.6997484066243737e-07,
      0.0007092099748154615
    ],
    [
      8.755497502090987e-07,
      3.065810788972187e-08,
      -0.009029882496016387
    ],
    [
      -0.0018587750345267818,
      0.008765759974540294,
      1.0
    ]
  ],
  "E": [
    [
      -0.002401843621423869,
      0.07681948850908667,
      0.005939707467533131
    ],
    [
      -0.2142961972416822,
      -0.014628145835844776,
      0.6736763787860465
    ],
    [
      0.00850022516952274,
      -0.7027550428153054,
      -0.012004459180863158
    ]
  ],
  "R": [
    [
      0.9801018414226392,
      0.015342127679358938,
      0.19790148953007464
    ],
    [
      -0.018823024669649906,
      0.9996992459196176,
      0.015719778943542137
    ],
    [
      -0.1976007949939419,
      -0.01913208890890731,
      0.9800958570424341
    ]
  ],
  "t": [
    [
      -0.9940399561462515
    ],
    [
      0.006825520182151325
    ],
    [
      -0.10880247175042312
    ]
  ]
}