{
  "image_1": "frame_131",
  "image_2": "frame_136",
  "num_matches": 1500,
  "inlier_count": 955,
  "inlier_ratio": 0.6367,
  "reproj_rmse": 0.7854,
  "F": [
    [
      -7.404319634221824e-09,
      -8.448560633530386e-07,
      0.002075270852259587
    ],
    [
      1.975373005081674e-06,
      5.233007047377551e-08,
      -0.020368833116074604
    ],
    [
      -0.004687003231765162,
      0.019875279687561337,
      0.9999999999999999
    ]
  ],
  "E": [
    [
      -0.0003179814409558035,
      -0.10931095977718393,
      0.015069089482435061
    ],
    [
      0.24440853862444853,
      0.006448597555041206,
      -0.6633134596067324
    ],
    [
      -0.032486824780679734,
      0.6978536287049704,
      -0.0026440051289132937
    ]
  ],
  "R": [
    [
      0.9801685187528845,
      0.024261408975856824,
      0.19667500827579207
    ],
    [
      -0.024856965804018184,
      0.9996908611317196,
      0.0005598399229151787
    ],
    [
      -0.19660062588098376,
      -0.0054374814231989204,
      0.9804685755795431
    ]
  ],
  "t": [
    [
      -0.9877488906625658
    ],
    [
      -0.02182366337610401
    ],
    [
      -0.15451814363277006
    ]
  ]
}