{
  "image_1": "frame_171",
  "image_2": "frame_176",
  "num_matches": 709,
  "inlier_count": 363,
  "inlier_ratio": 0.512,
  "reproj_rmse": 0.361,
  "F": [
    [
      -8.462063305964847e-11,
      -1.0994516961635196e-07,
      0.00026680751537496204
    ],
    [
      4.736383406764572e-07,
      2.352821722958829e-08,
      -0.007859876618238943
    ],
    [
      -0.0011590181173340341,
      0.007495506438568311,
      1.0
    ]
  ],
  "E": [
    [
      0.0003516257725349121,
      0.024132400732745814,
      -0.0059439237835249015
    ],
    [
      -0.13273228189357225,
      -0.009518941864767603,
      0.6944441595427251
    ],
    [
      0.024051539099002525,
      -0.7062679721658511,
      -0.005299876418388284
    ]
  ],
  "R": [
    [
      0.9877156670899834,
      0.023652852351406763,
      0.15446133354542765
    ],
    [
      -0.025324266319871662,
      0.9996400084062255,
      0.00886200479359498
    ],
    [
      -0.15419611707286784,
      -0.01266476092328747,
      0.987959088884963
    ]
  ],
  "t": [
    [
      -0.9993819823913631
    ],
    [
      -0.00881366733576304
    ],
    [
      -0.03402899557148253
    ]
  ]
}