{
  "image_1": "frame_031",
  "image_2": "frame_036",
  "num_matches": 1048,
  "inlier_count": 535,
  "inlier_ratio": 0.5105,
  "reproj_rmse": 0.4361,
  "F": [
    [
      -1.1093784928930216e-09,
      -8.369023950766471e-08,
      0.00014166627456972428
    ],
    [
      1.7215876690353057e-07,
      4.6743992234832303e-08,
      -0.0029081546678745704
    ],
    [
      -0.0002984065875999224,
      0.0026600968649105753,
      1.0
    ]
  ],
  "E": [
    [
      -0.0013510225176229357,
      -0.06352741230247483,
      -0.00015451120715712048
    ],
    [
      0.1349723496678607,
      0.05623802112685973,
      -0.691804102059387
    ],
    [
      0.003983426831556404,
      0.7018361065921264,
      0.05830492881013642
    ]
  ],
  "R": [
    [
      0.9946785547794458,
      -0.02139871216235434,
      0.10078029460001425
    ],
    [
      0.01297278593809754,
      0.9964206605330016,
      0.08353187468254845
    ],
    [
      -0.10220704225677041,
      -0.08177996319863053,
      0.99139586348358
    ]
  ],
  "t": [
    [
      -0.9959542346419288
    ],
    [
      -0.00732586905109191
    ],
    [
      -0.08956279440401596
    ]
  ]
}