{
  "image_1": "frame_091",
  "image_2": "frame_096",
  "num_matches": 1085,
  "inlier_count": 597,
  "inlier_ratio": 0.5502,
  "reproj_rmse": 0.3496,
  "F": [
    [
      2.2742622105869866e-08,
      1.3023788111866635e-07,
      -0.0006927308068205977
    ],
    [
      1.82624779910167e-07,
      6.30101833153608e-09,
      -0.0061502474049415215
    ],
    [
      6.744811235473842e-05,
      0.005790085337042317,
      1.0
    ]
  ],
  "E": [
    [
      0.0075621269599172175,
      0.03568421231836508,
      -0.04365548963110977
    ],
    [
      0.08260437488215688,
      0.003823839071604815,
      -0.7008441943193585
    ],
    [
      0.046675677559277734,
      0.7045777942731531,
      0.011596257483370878
    ]
  ],
  "R": [
    [
      0.9859829116468122,
      -0.004919153752511146,
      0.1667737985021435
    ],
    [
      0.003986642869400821,
      0.9999744955190736,
      0.005925790243169166
    ],
    [
      -0.1667986948962919,
      -0.0051778603431669405,
      0.9859773755736793
    ]
  ],
  "t": [
    [
      -0.9967583954521054
    ],
    [
      0.06291757773359996
    ],
    [
      0.050140597402508084
    ]
  ]
}