{
  "image_1": "frame_136",
  "image_2": "frame_141",
  "num_matches": 1500,
  "inlier_count": 908,
  "inlier_ratio": 0.6053,
  "reproj_rmse": 0.2974,
  "F": [
    [
      -2.6571102702898618e-08,
      2.060745559495436e-06,
      -0.004601363998388169
    ],
    [
      -1.7431046622353208e-06,
      -9.920026373017561e-08,
      -0.012756449397199577
    ],
    [
      0.0036843137869216717,
      0.012359167028801542,
      1.0
    ]
  ],
  "E": [
    [
      -0.0037850606261407424,
      0.2954159172352188,
      -0.029234129004839588
    ],
    [
      -0.24973385159143988,
      -0.013790343710630908,
      -0.660913161007689
    ],
    [
      0.013089599524540965,
      0.6420872599424614,
      -0.007050621376880168
    ]
  ],
  "R": [
    [
      0.9973298288164192,
      0.019736394956123123,
      0.0703113594460229
    ],
    [
      -0.018814445070340573,
      0.9997284310724825,
      -0.013750664058423644
    ],
    [
      -0.07056365360231193,
      0.012391078221381142,
      0.9974303143432148
    ]
  ],
  "t": [
    [
      -0.9075907391125795
    ],
    [
      0.03568258388827588
    ],
    [
      0.4183369496998057
    ]
  ]
}