{
  "image_1": "frame_046",
  "image_2": "frame_051",
  "num_matches": 1500,
  "inlier_count": 922,
  "inlier_ratio": 0.6147,
  "reproj_rmse": 0.2288,
  "F": [
    [
      -5.881535794267198e-09,
      3.071033486735121e-07,
      -0.0003605928727330232
    ],
    [
      3.5988794779582546e-07,
      4.6497097950629355e-08,
      -0.01791904063966144
    ],
    [
      -0.0007501662280364187,
      0.017029733273723813,
      1.0
    ]
  ],
  "E": [
    [
      0.0008783414209778692,
      -0.018102029922798257,
      -0.008775270358414014
    ],
    [
      -0.0662544254479772,
      0.004027852185596945,
      0.7039278901544744
    ],
    [
      0.0016353549996600157,
      -0.7068606060111084,
      0.004427405650298438
    ]
  ],
  "R": [
    [
      0.9928308439100186,
      -0.009582831199554226,
      0.11914312706623666
    ],
    [
      0.010222564239325565,
      0.9999364214113698,
      -0.0047594448622030145
    ],
    [
      -0.11908994315765536,
      0.005943271929192791,
      0.9928656822337462
    ]
  ],
  "t": [
    [
      -0.9995944574267697
    ],
    [
      -0.012621646326761611
    ],
    [
      0.02552674530143003
    ]
  ]
}