{
  "image_1": "frame_101",
  "image_2": "frame_106",
  "num_matches": 1102,
  "inlier_count": 635,
  "inlier_ratio": 0.5762,
  "reproj_rmse": 0.668,
  "F": [
    [
      3.508796350653653e-08,
      -2.909440235646424e-07,
      9.901710429616409e-05
    ],
    [
      1.1940894136344016e-06,
      -6.788873094628376e-08,
      -0.018182769348747203
    ],
    [
      -0.002620424357206365,
      0.017898046880148368,
      1.0
    ]
  ],
  "E": [
    [
      0.0048648171904295484,
      -0.03141975868756996,
      -0.019930233784103652
    ],
    [
      0.15199520223345336,
      -0.004657612809134643,
      -0.6902504916845659
    ],
    [
      -0.009054541697024722,
      0.706314856460775,
      -0.007699401705856977
    ]
  ],
  "R": [
    [
      0.9842715185969874,
      0.04384275057914398,
      0.17113559214971977
    ],
    [
      -0.041729163306709074,
      0.9990019601283872,
      -0.015929864700053652
    ],
    [
      -0.17166320109010624,
      0.008537967046960204,
      0.9851186976756672
    ]
  ],
  "t": [
    [
      -0.9985909253533496
    ],
    [
      0.02932657055119118
    ],
    [
      -0.04422800087780267
    ]
  ]
}