{
  "image_1": "frame_166",
  "image_2": "frame_171",
  "num_matches": 1004,
  "inlier_count": 458,
  "inlier_ratio": 0.4562,
  "reproj_rmse": 0.3792,
  "F": [
    [
      -9.271957410222689e-08,
      1.711933179548041e-05,
      -0.027724236367831098
    ],
    [
      3.636356507064296e-05,
      -8.560413097927225e-06,
      -1.1294604516618092
    ],
    [
      -0.0629198504208716,
      1.1060581771343545,
      1.0
    ]
  ],
  "E": [
    [
      -0.00015952765442857987,
      0.04490066111696593,
      0.003669906963147138
    ],
    [
      0.06202851027461809,
      -0.012590155191287502,
      -0.7042541462412404
    ],
    [
      0.003684525856287897,
      0.7055627570227717,
      -0.012574042472525554
    ]
  ],
  "R": [
    [
      0.9885134379795791,
      -0.008819549398580692,
      0.150875440288334
    ],
    [
      0.011493682732392518,
      0.9997917752567793,
      -0.016861239163977405
    ],
    [
      -0.15069531575679374,
      0.018401675937363467,
      0.9884089741254155
    ]
  ],
  "t": [
    [
      -0.9979683732113644
    ],
    [
      -0.006332362496326475
    ],
    [
      0.06339579840239983
    ]
  ]
}