{
  "image_1": "frame_156",
  "image_2": "frame_161",
  "num_matches": 1500,
  "inlier_count": 921,
  "inlier_ratio": 0.614,
  "reproj_rmse": 0.5619,
  "F": [
    [
      7.0436666445097985e-09,
      1.762398961779383e-07,
      -0.0005809109721828282
    ],
    [
      3.611617541052092e-08,
      2.041302249990112e-08,
      -0.004578913328242738
    ],
    [
      5.237321185742987e-05,
      0.004246322860210303,
      1.0
    ]
  ],
  "E": [
    [
      0.0037896525050958862,
      0.08258280013447039,
      -0.03863851669507459
    ],
    [
      0.02135491867672725,
      0.010286534101532845,
      -0.7055647453681914
    ],
    [
      0.02195688580566442,
      0.701829725528212,
      0.01556473488898982
    ]
  ],
  "R": [
    [
      0.988959713202446,
      0.023101826513840996,
      0.14637278187648325
    ],
    [
      -0.025393125607222983,
      0.9995822252081853,
      0.013804499981830249
    ],
    [
      -0.14599272185431472,
      -0.017368956778602285,
      0.9891331783465717
    ]
  ],
  "t": [
    [
      -0.991637821670235
    ],
    [
      0.05686026306806403
    ],
    [
      0.11585051194078444
    ]
  ]
}