{
  "image_1": "frame_036",
  "image_2": "frame_041",
  "num_matches": 1143,
  "inlier_count": 584,
  "inlier_ratio": 0.5109,
  "reproj_rmse": 0.2719,
  "F": [
    [
      -1.739037293363606e-08,
      -5.39790083729199e-08,
      0.0004751288428991487
    ],
    [
      3.126328175928919e-07,
      6.843329123847065e-08,
      -0.005694905855855974
    ],
    [
      -0.0010008173782034872,
      0.0052405494516831914,
      1.0
    ]
  ],
  "E": [
    [
      -0.006603293208075287,
      -0.024806479315191737,
      0.042968959743341625
    ],
    [
      0.13242589260056878,
      0.022208069505447278,
      -0.6928304683652005
    ],
    [
      -0.05118241181310032,
      0.7047174173562253,
      0.014302192831003318
    ]
  ],
  "R": [
    [
      0.9878686833046829,
      0.005837716632754106,
      0.15518178246942574
    ],
    [
      -0.010620281892071967,
      0.999493238176622,
      0.03000793981171271
    ],
    [
      -0.15492796441703294,
      -0.0312919782648229,
      0.9874300673657193
    ]
  ],
  "t": [
    [
      -0.9974915574593786
    ],
    [
      -0.06254800912320554
    ],
    [
      -0.033141203236861164
    ]
  ]
}