{
  "image_1": "frame_201",
  "image_2": "frame_206",
  "num_matches": 1145,
  "inlier_count": 735,
  "inlier_ratio": 0.6419,
  "reproj_rmse": 0.4256,
  "F": [
    [
      -1.7590563880447822e-09,
      7.819530514630751e-07,
      -0.0015700259995135549
    ],
    [
      -5.059732526030846e-07,
      -1.5041087056867446e-08,
      -0.007184928949704578
    ],
    [
      0.0009949927035465382,
      0.006674705645872863,
      0.9999999999999999
    ]
  ],
  "E": [
    [
      -0.0009940081742251475,
      0.21839909585223283,
      -0.0009469706120397256
    ],
    [
      -0.1376656990268598,
      -0.0038684567525180684,
      -0.6935655589407853
    ],
    [
      -0.003108887432304236,
      0.6725178941654907,
      -0.0031579703038419156
    ]
  ],
  "R": [
    [
      0.993028717798482,
      0.005030235690671382,
      0.1177652850223661
    ],
    [
      -0.004510158782486937,
      0.9999788670518821,
      -0.004682298302223343
    ],
    [
      -0.11778634935874174,
      0.00411851654489077,
      0.9930304193357874
    ]
  ],
  "t": [
    [
      -0.9511045685152992
    ],
    [
      -0.00010774929867151532
    ],
    [
      0.30886904691052336
    ]
  ]
}