{
  "image_1": "frame_186",
  "image_2": "frame_191",
  "num_matches": 1442,
  "inlier_count": 810,
  "inlier_ratio": 0.5617,
  "reproj_rmse": 0.4034,
  "F": [
    [
      2.6225544760334165e-08,
      7.755266186593144e-06,
      -0.01601539686771938
    ],
    [
      -3.466238780779041e-06,
      -1.1070888512980341e-06,
      -0.12654755668537424
    ],
    [
      0.007345311874110591,
      0.12428864584151846,
      1.0
    ]
  ],
  "E": [
    [
      -0.00012372231840613739,
      -0.1304581227196425,
      0.0039951687883064396
    ],
    [
      0.052426591172026686,
      0.01387975373298505,
      0.7050225078820928
    ],
    [
      -0.0012365231115020745,
      -0.694825778998044,
      0.013504730282412657
    ]
  ],
  "R": [
    [
      0.9937986053031099,
      0.0024619310569460578,
      0.11116776058311503
    ],
    [
      -0.0002773348187550817,
      0.9998066351946134,
      -0.01966253560006079
    ],
    [
      -0.11119467245777737,
      0.019509769765330434,
      0.9936071224084053
    ]
  ],
  "t": [
    [
      -0.9828170750812123
    ],
    [
      0.0020338901065221644
    ],
    [
      0.18457101673839696
    ]
  ]
}