{
  "image_1": "frame_086",
  "image_2": "frame_091",
  "num_matches": 1485,
  "inlier_count": 888,
  "inlier_ratio": 0.598,
  "reproj_rmse": 0.5427,
  "F": [
    [
      -5.47345224177611e-09,
      1.5806314138549712e-07,
      -0.00023907738111676274
    ],
    [
      2.1956898887697687e-07,
      -1.0684526634807652e-08,
      -0.009884448958284348
    ],
    [
      -0.0006696360498125135,
      0.009505799409886436,
      1.0
    ]
  ],
  "E": [
    [
      -0.0013109748179701538,
      0.06383061459715633,
      0.0006376787271873583
    ],
    [
      0.02169149214068376,
      0.0014706078753658745,
      -0.7067722527018656
    ],
    [
      -0.014274365502377,
      0.704073230329341,
      0.0009774794349629724
    ]
  ],
  "R": [
    [
      0.9924875564243545,
      0.019176900439473236,
      0.12083334321431491
    ],
    [
      -0.019498780450722692,
      0.9998087824778297,
      0.001481904563270825
    ],
    [
      -0.1207818194255593,
      -0.0038268746693162093,
      0.9926717015844246
    ]
  ],
  "t": [
    [
      -0.9959151844921502
    ],
    [
      -0.0007736820001502333
    ],
    [
      0.09029034673833632
    ]
  ]
}