{
  "image_1": "frame_051",
  "image_2": "frame_056",
  "num_matches": 1163,
  "inlier_count": 750,
  "inlier_ratio": 0.6449,
  "reproj_rmse": 0.3528,
  "F": [
    [
      1.9199220691831335e-09,
      -2.1830812501410072e-07,
      0.000603189234905833
    ],
    [
      4.844829335667411e-07,
      6.832005244413037e-08,
      -0.011797125047814758
    ],
    [
      -0.0014511502190268772,
      0.01134258843985513,
      1.0
    ]
  ],
  "E": [
    [
      -0.0012209427254040695,
      0.0835059342564772,
      -0.014910129558495239
    ],
    [
      -0.13656048214206876,
      -0.0049649480317897334,
      0.6936130214050028
    ],
    [
      0.03494261783329367,
      -0.7012913291521683,
      4.404424066058503e-05
    ]
  ],
  "R": [
    [
      0.9967044593915673,
      0.028156218753695762,
      0.07607527833966515
    ],
    [
      -0.02835790719615307,
      0.9995965975546406,
      0.0015720231043466325
    ],
    [
      -0.0760003271599405,
      -0.003724178121446646,
      0.99710083781376
    ]
  ],
  "t": [
    [
      -0.9927768694754139
    ],
    [
      -0.02133355528871012
    ],
    [
      -0.1180634018370662
    ]
  ]
}