{
  "image_1": "frame_081",
  "image_2": "frame_086",
  "num_matches": 500,
  "inlier_count": 273,
  "inlier_ratio": 0.546,
  "reproj_rmse": 0.8956,
  "F": [
    [
      7.33015890231358e-10,
      5.05843730957702e-07,
      -0.0011861735719121452
    ],
    [
      -1.3572771795236157e-06,
      1.8388454808198597e-07,
      0.015840619374938858
    ],
    [
      0.003050563158579295,
      -0.016139019706514195,
      1.0
    ]
  ],
  "E": [
    [
      -3.935698123457157e-05,
      -0.05441015897395442,
      0.006868224438118196
    ],
    [
      0.17466268758831585,
      -0.014949115923184689,
      -0.6850101402002835
    ],
    [
      -0.017192816343555947,
      0.7045240574925578,
      -0.019318316315198092
    ]
  ],
  "R": [
    [
      0.9850400238248105,
      0.02087998404640452,
      0.17105606604104562
    ],
    [
      -0.016661346852125402,
      0.9995214963110972,
      -0.026061042440748916
    ],
    [
      -0.17151836923283148,
      0.02282114541926482,
      0.9849165671961573
    ]
  ],
  "t": [
    [
      -0.9969878239422231
    ],
    [
      -0.007820143263305126
    ],
    [
      -0.07716297214527189
    ]
  ]
}