{
  "image_1": "frame_016",
  "image_2": "frame_021",
  "num_matches": 500,
  "inlier_count": 310,
  "inlier_ratio": 0.62,
  "reproj_rmse": 0.718,
  "F": [
    [
      3.868525861882434e-08,
      -1.4679871067026505e-06,
      0.001681073762184817
    ],
    [
      2.709993256289392e-06,
      -8.052432483460505e-08,
      -0.03285711993007396
    ],
    [
      -0.004020929448757093,
      0.03269624879328206,
      1.0
    ]
  ],
  "E": [
    [
      0.002189151412134828,
      -0.15364620952425512,
      -0.021570001662446048
    ],
    [
      0.23527994508719052,
      -0.0005998902005446,
      -0.6664617801396282
    ],
    [
      0.02342891279955976,
      0.6898105294831854,
      0.0026434044331337726
    ]
  ],
  "R": [
    [
      0.9927764599962342,
      -0.002694184801734098,
      0.11994849663751384
    ],
    [
      0.002707064915088611,
      0.9999963343494751,
      5.556220043852894e-05
    ],
    [
      -0.11994820664308001,
      0.00026954752220401893,
      0.9927801141578341
    ]
  ],
  "t": [
    [
      -0.9756257324847531
    ],
    [
      0.030714269798704265
    ],
    [
      -0.21728107083757062
    ]
  ]
}