{
  "image_1": "frame_196",
  "image_2": "frame_201",
  "num_matches": 500,
  "inlier_count": 247,
  "inlier_ratio": 0.494,
  "reproj_rmse": 1.4126,
  "F": [
    [
      -6.922100454282302e-08,
      6.704223232073233e-07,
      -0.0002430140116185177
    ],
    [
      6.510079440777173e-07,
      -1.878201125003026e-07,
      -0.023874249609701553
    ],
    [
      -0.0026403009473096217,
      0.023170524878813693,
      1.0
    ]
  ],
  "E": [
    [
      -0.006195138410503479,
      0.08775632152374913,
      0.023506072336582744
    ],
    [
      0.0384863672289359,
      -0.008116704942750817,
      -0.7055689429844992
    ],
    [
      -0.038621558715774745,
      0.7004752876124749,
      -0.01326818890109621
    ]
  ],
  "R": [
    [
      0.9838745677509995,
      0.021908466670335337,
      0.1775129685993089
    ],
    [
      -0.01998964053843147,
      0.9997209024453936,
      -0.012590928675529158
    ],
    [
      -0.17773927310509835,
      0.008839474075009953,
      0.9840379131385886
    ]
  ],
  "t": [
    [
      -0.9916732454352114
    ],
    [
      -0.035366236274962014
    ],
    [
      0.12382812128001758
    ]
  ]
}