{
  "image_1": "frame_021",
  "image_2": "frame_026",
  "num_matches": 500,
  "inlier_count": 309,
  "inlier_ratio": 0.618,
  "reproj_rmse": 0.3332,
  "F": [
    [
      -3.879858620532385e-10,
      -1.1628654646799234e-09,
      1.1392682150585144e-05
    ],
    [
      -3.230809868093262e-07,
      1.0924936491423917e-07,
      0.0071233780178083204
    ],
    [
      0.0006552937440659815,
      -0.007264906390961975,
      1.0
    ]
  ],
  "E": [
    [
      9.104261154015093e-05,
      0.007621173991759506,
      -0.0013024306519411957
    ],
    [
      -0.11304174018282764,
      0.03607156489746177,
      0.6970793207815963
    ],
    [
      0.005010287852387683,
      -0.7060607284684155,
      0.03733879408695833
    ]
  ],
  "R": [
    [
      0.9887994995831236,
      0.01358813404896912,
      0.14863011887646307
    ],
    [
      -0.005813735876136011,
      0.9985978459543416,
      -0.052616941478115895
    ],
    [
      -0.14913668260802435,
      0.05116350914876895,
      0.9874920481868487
    ]
  ],
  "t": [
    [
      -0.9999402113052831
    ],
    [
      -0.001286639760954502
    ],
    [
      -0.010859022648072572
    ]
  ]
}