{
  "image_1": "frame_091",
  "image_2": "frame_096",
  "num_matches": 500,
  "inlier_count": 284,
  "inlier_ratio": 0.568,
  "reproj_rmse": 0.2652,
  "F": [
    [
      1.8737806770064304e-08,
      1.6707299098877694e-07,
      -0.0006906872556791685
    ],
    [
      8.245149942778651e-08,
      4.370017793055722e-08,
      -0.005038630775821411
    ],
    [
      0.0001951641398036723,
      0.0045738749411645884,
      1.0
    ]
  ],
  "E": [
    [
      -0.008573310257652041,
      -0.05026303728417632,
      0.04809216800512899
    ],
    [
      -0.07018132932601648,
      -0.003547311953582007,
      0.7018923879097465
    ],
    [
      -0.05171674371831137,
      -0.7033294239126129,
      -0.012224650300913836
    ]
  ],
  "R": [
    [
      0.9854633564636639,
      -0.005627983564098618,
      0.16979487291544426
    ],
    [
      0.004758111761688152,
      0.9999733918775581,
      0.005529548747851672
    ],
    [
      -0.16982147520214638,
      -0.004641264686894099,
      0.9854639137088038
    ]
  ],
  "t": [
    [
      -0.9950751416961067
    ],
    [
      0.069412871807031
    ],
    [
      0.07076238835690934
    ]
  ]
}