{
  "image_1": "frame_166",
  "image_2": "frame_171",
  "num_matches": 500,
  "inlier_count": 244,
  "inlier_ratio": 0.488,
  "reproj_rmse": 0.3986,
  "F": [
    [
      4.4330394190656383e-08,
      -1.0126451504424678e-05,
      0.01652567093455247
    ],
    [
      -1.52739662621125e-05,
      3.8207345751042065e-06,
      0.5585038552420623
    ],
    [
      0.026481015666329252,
      -0.5469333680947976,
      1.0
    ]
  ],
  "E": [
    [
      -0.00013260913713595228,
      -0.04947937806911486,
      -0.0018291974866393688
    ],
    [
      -0.05787040300738383,
      0.012454881332984925,
      0.7046195115748003
    ],
    [
      -0.005040675344164805,
      -0.705252024327833,
      0.012240819648523539
    ]
  ],
  "R": [
    [
      0.9884242187566659,
      -0.008249516700601233,
      0.1514909543487061
    ],
    [
      0.01091563290144611,
      0.9997996873890377,
      -0.016775996397942073
    ],
    [
      -0.15132221493764925,
      0.01823542077906027,
      0.988316273616586
    ]
  ],
  "t": [
    [
      -0.9975454151037588
    ],
    [
      -0.0038042856975780055
    ],
    [
      0.06991904043821519
    ]
  ]
}