{
  "image_1": "frame_061",
  "image_2": "frame_066",
  "num_matches": 500,
  "inlier_count": 339,
  "inlier_ratio": 0.678,
  "reproj_rmse": 0.5013,
  "F": [
    [
      2.5689766063629344e-09,
      3.870689831092022e-07,
      -0.0010267404749797723
    ],
    [
      -1.0769709200812294e-06,
      2.2398930803263646e-07,
      0.01817673893006015
    ],
    [
      0.0026435086341616335,
      -0.01852957843232246,
      1.0
    ]
  ],
  "E": [
    [
      -0.0008308772068456663,
      -0.03399749984912285,
      0.012285376800655503
    ],
    [
      0.12240820113570354,
      -0.01485320391834842,
      -0.6961770153190759
    ],
    [
      -0.024100684090876522,
      0.7056162485700134,
      -0.018724153219286926
    ]
  ],
  "R": [
    [
      0.9919693986700391,
      0.020836682757861165,
      0.12474992887312362
    ],
    [
      -0.017917603982868527,
      0.9995398364980633,
      -0.0244760029608191
    ],
    [
      -0.1252025222178621,
      0.022044226116450124,
      0.991886273987705
    ]
  ],
  "t": [
    [
      -0.9986916933307719
    ],
    [
      -0.01632041478637998
    ],
    [
      -0.04846179663731267
    ]
  ]
}