{
  "image_1": "frame_141",
  "image_2": "frame_146",
  "num_matches": 500,
  "inlier_count": 311,
  "inlier_ratio": 0.622,
  "reproj_rmse": 0.5734,
  "F": [
    [
      3.857176483972282e-09,
      2.597585444755199e-07,
      -0.0006210793041080138
    ],
    [
      3.178224868420017e-08,
      5.116578527007119e-09,
      -0.00402532362580734
    ],
    [
      -2.243574147237418e-05,
      0.003596516886351419,
      1.0
    ]
  ],
  "E": [
    [
      0.002810816585869298,
      0.15974401671074268,
      -0.02407027094439454
    ],
    [
      -0.005797580208246135,
      0.0013759964204698514,
      -0.7066394498473269
    ],
    [
      0.013030054818056799,
      0.6886963078776265,
      0.006882317641113881
    ]
  ],
  "R": [
    [
      0.9758413795653574,
      0.01566525800147532,
      0.21791787815534314
    ],
    [
      -0.016515896848224767,
      0.9998614346273422,
      0.002082473589635723
    ],
    [
      -0.2178550597972849,
      -0.005631273097617343,
      0.9759648875261965
    ]
  ],
  "t": [
    [
      -0.9735446271146505
    ],
    [
      0.035360503872154544
    ],
    [
      0.22574431063064088
    ]
  ]
}