{
  "image_1": "frame_186",
  "image_2": "frame_191",
  "num_matches": 500,
  "inlier_count": 277,
  "inlier_ratio": 0.554,
  "reproj_rmse": 1.1467,
  "F": [
    [
      -4.702850051613364e-10,
      1.4162501533386836e-06,
      -0.0028220628009790853
    ],
    [
      -7.445160741942584e-07,
      -6.2556846657623835e-09,
      -0.020062569673579295
    ],
    [
      0.0014306211948938087,
      0.01894208913062965,
      0.9999999999999999
    ]
  ],
  "E": [
    [
      -0.0007775561061862462,
      -0.1435585792609067,
      0.009475910343723911
    ],
    [
      0.06704530455067284,
      0.01376778526734487,
      0.703754541374588
    ],
    [
      -0.006872339755551026,
      -0.6921948280450851,
      0.012827647693626263
    ]
  ],
  "R": [
    [
      0.9939869293273722,
      0.001842962687800171,
      0.10948327641641423
    ],
    [
      0.00030383391106127665,
      0.9998080802653941,
      -0.019588525237540948
    ],
    [
      -0.10949836533618242,
      0.019504002782984284,
      0.9937956036651325
    ]
  ],
  "t": [
    [
      -0.9790817502642457
    ],
    [
      0.00947847257557006
    ],
    [
      0.2032463649296964
    ]
  ]
}