{
  "image_1": "frame_101",
  "image_2": "frame_106",
  "num_matches": 500,
  "inlier_count": 292,
  "inlier_ratio": 0.584,
  "reproj_rmse": 0.7729,
  "F": [
    [
      2.3289258476509165e-08,
      -1.7292977416621918e-07,
      8.270020586649348e-06
    ],
    [
      9.413865638079226e-07,
      -8.898625763069387e-09,
      -0.015455774489258478
    ],
    [
      -0.0021265998161898348,
      0.015014647191563224,
      1.0
    ]
  ],
  "E": [
    [
      0.004711425422935822,
      -0.032670258649218256,
      -0.01838969996201776
    ],
    [
      0.15499587380132118,
      -0.00433608012048559,
      -0.689629613522623
    ],
    [
      -0.010799185141023385,
      0.7062320434468375,
      -0.0077735243724740746
    ]
  ],
  "R": [
    [
      0.9838189128957819,
      0.044135550423414764,
      0.17364446382589904
    ],
    [
      -0.042039928007848164,
      0.9989921012372642,
      -0.015729784443866895
    ],
    [
      -0.17416369048012464,
      0.008175258673447816,
      0.9846827783931053
    ]
  ],
  "t": [
    [
      -0.9985712549493745
    ],
    [
      0.027146773892721687
    ],
    [
      -0.046027181708735286
    ]
  ]
}