{
  "image_1": "frame_026",
  "image_2": "frame_031",
  "num_matches": 500,
  "inlier_count": 292,
  "inlier_ratio": 0.584,
  "reproj_rmse": 0.3689,
  "F": [
    [
      9.580289494039371e-09,
      -3.416995499040348e-07,
      0.0002938738951758985
    ],
    [
      9.576975246744478e-08,
      1.3171140809066665e-07,
      0.007681900656948686
    ],
    [
      0.00014628922860355706,
      -0.007825439240710785,
      1.0
    ]
  ],
  "E": [
    [
      -0.003457914228324127,
      0.07579006201482848,
      0.03933270067753414
    ],
    [
      -0.007187692745826202,
      -0.029338433151161723,
      -0.7051728950446359
    ],
    [
      -0.03691404985010802,
      0.7014591905058931,
      -0.03328643075584396
    ]
  ],
  "R": [
    [
      0.9954663108116516,
      -0.003902030265114348,
      0.09503472101737635
    ],
    [
      0.007892276570348251,
      0.9991011888695961,
      -0.04164764543040274
    ],
    [
      -0.09478679237941097,
      0.042208868252649565,
      0.99460237051359
    ]
  ],
  "t": [
    [
      -0.9926699834148202
    ],
    [
      -0.06031221281951733
    ],
    [
      0.10473175741881842
    ]
  ]
}