{
  "image_1": "frame_116",
  "image_2": "frame_121",
  "num_matches": 500,
  "inlier_count": 285,
  "inlier_ratio": 0.57,
  "reproj_rmse": 0.6488,
  "F": [
    [
      -2.4284873312593692e-08,
      -5.146103233736796e-07,
      0.0016732403677399877
    ],
    [
      9.577222040248287e-07,
      6.512888247465248e-08,
      -0.012206494598123022
    ],
    [
      -0.0025775142440143412,
      0.011805467424133832,
      1.0
    ]
  ],
  "E": [
    [
      -0.005714516678083472,
      -0.12455213288181964,
      0.04678261525239099
    ],
    [
      0.21476090088590105,
      0.014208968695792428,
      -0.6717283212899275
    ],
    [
      -0.05401723119830476,
      0.6940906882495261,
      0.006532660953548814
    ]
  ],
  "R": [
    [
      0.9911113445707775,
      0.004467931990302029,
      0.13295991970077217
    ],
    [
      -0.007042171484895776,
      0.9997966336359801,
      0.01889706831599303
    ],
    [
      -0.13284844930929024,
      -0.01966542534225976,
      0.9909412498035515
    ]
  ],
  "t": [
    [
      -0.9821053888497632
    ],
    [
      -0.07009883075049804
    ],
    [
      -0.1748003407309854
    ]
  ]
}