{
  "image_1": "frame_146",
  "image_2": "frame_151",
  "num_matches": 500,
  "inlier_count": 338,
  "inlier_ratio": 0.676,
  "reproj_rmse": 0.567,
  "F": [
    [
      -7.614789757956904e-09,
      3.9077581392053345e-07,
      -0.0005592175873603129
    ],
    [
      -1.060382994744576e-08,
      1.3825609470005887e-08,
      -0.007844762220553409
    ],
    [
      -0.0001265178510496754,
      0.007265055130822431,
      1.0
    ]
  ],
  "E": [
    [
      0.0020697876092625176,
      -0.1172283841644501,
      -0.015207161711608148
    ],
    [
      0.007451742078966076,
      -0.0021137051956555196,
      0.7069043303252502
    ],
    [
      0.013260657379564228,
      -0.6971888677276555,
      0.00027092131097675805
    ]
  ],
  "R": [
    [
      0.987837156795928,
      -0.0027264288586282895,
      0.15546806179732295
    ],
    [
      0.0022932000260492726,
      0.9999929723339951,
      0.0029658921528279755
    ],
    [
      -0.15547505551366728,
      -0.002573299108249389,
      0.9878364668530525
    ]
  ],
  "t": [
    [
      -0.9859228815258542
    ],
    [
      -0.02127306079265185
    ],
    [
      0.1658418782101459
    ]
  ]
}