{
  "image_1": "frame_206",
  "image_2": "frame_211",
  "num_matches": 500,
  "inlier_count": 325,
  "inlier_ratio": 0.65,
  "reproj_rmse": 0.6669,
  "F": [
    [
      -4.5085446421783953e-08,
      1.482970530832903e-06,
      -0.002922030463064405
    ],
    [
      -1.0022011237294166e-06,
      -1.4308333858665385e-07,
      -0.008370764828241856
    ],
    [
      0.0016506693779159284,
      0.0077176447329473956,
      1.0
    ]
  ],
  "E": [
    [
      -0.009751153290572334,
      0.330423699943627,
      -0.00860072626004833
    ],
    [
      -0.22498126304125268,
      -0.03349564214955339,
      -0.6695047598611287
    ],
    [
      -0.021824810783187286,
      0.6241035322455898,
      -0.026352029644181697
    ]
  ],
  "R": [
    [
      0.986439958102176,
      0.03329407129127468,
      0.1607100304157416
    ],
    [
      -0.027051021223956386,
      0.9987978084558267,
      -0.04088006940525735
    ],
    [
      -0.16187789012128312,
      0.035978363507657304,
      0.9861547069548433
    ]
  ],
  "t": [
    [
      -0.8839130285643124
    ],
    [
      -0.007049788740679653
    ],
    [
      0.4675981805064868
    ]
  ]
}