{
  "image_1": "frame_051",
  "image_2": "frame_056",
  "num_matches": 500,
  "inlier_count": 319,
  "inlier_ratio": 0.638,
  "reproj_rmse": 0.7692,
  "F": [
    [
      6.0426722048067015e-09,
      -4.1374141723943065e-07,
      0.0010762873782653643
    ],
    [
      6.956471945403399e-07,
      6.664326454825153e-08,
      -0.013768770472363178
    ],
    [
      -0.0020249232269752386,
      0.013345016109358699,
      1.0
    ]
  ],
  "E": [
    [
      -0.001394791210387749,
      0.10196725848579354,
      -0.018500996336115058
    ],
    [
      -0.1574636773640367,
      -0.00565781095741585,
      0.6890733720681979
    ],
    [
      0.0385150112117902,
      -0.6986601615437722,
      0.0002930267138928467
    ]
  ],
  "R": [
    [
      0.9963979287746866,
      0.02814376212435613,
      0.07999435096931554
    ],
    [
      -0.028372491513504447,
      0.9995959333261526,
      0.001723891856827012
    ],
    [
      -0.07991351111564615,
      -0.003987321319578781,
      0.9967938262298095
    ]
  ],
  "t": [
    [
      -0.9892001272633782
    ],
    [
      -0.026497826051481235
    ],
    [
      -0.14415607318688217
    ]
  ]
}