{
  "image_1": "frame_046",
  "image_2": "frame_051",
  "num_matches": 500,
  "inlier_count": 301,
  "inlier_ratio": 0.602,
  "reproj_rmse": 0.5169,
  "F": [
    [
      -2.8640841329662014e-08,
      -3.9685038297099396e-07,
      0.001464760219435468
    ],
    [
      3.403603224426101e-06,
      -4.958643979549018e-07,
      -0.08424628459893926
    ],
    [
      -0.006319850332919395,
      0.08338637237580387,
      1.0
    ]
  ],
  "E": [
    [
      0.0009855897439491048,
      -0.013669554963823969,
      -0.009246816189035308
    ],
    [
      -0.07090570675836748,
      0.0040978868519512095,
      0.7034682697157554
    ],
    [
      0.0023241545508817883,
      -0.7069573473452766,
      0.004534003312036096
    ]
  ],
  "R": [
    [
      0.9927942156230986,
      -0.009237815561640422,
      0.11947513627933316
    ],
    [
      0.009885376239738203,
      0.9999394805435575,
      -0.004828518083110085
    ],
    [
      -0.11942330074953812,
      0.005974781496358345,
      0.9928254515392704
    ]
  ],
  "t": [
    [
      -0.9997266309049827
    ],
    [
      -0.013265110294810227
    ],
    [
      0.01925357910204836
    ]
  ]
}