{
  "image_1": "frame_136",
  "image_2": "frame_141",
  "num_matches": 500,
  "inlier_count": 369,
  "inlier_ratio": 0.738,
  "reproj_rmse": 0.9501,
  "F": [
    [
      -2.690379650077012e-08,
      2.031028398020196e-06,
      -0.004480047280693076
    ],
    [
      -1.7308287541285232e-06,
      -8.281104869383399e-08,
      -0.012570855033999333
    ],
    [
      0.003609784931948179,
      0.01213402320180537,
      1.0
    ]
  ],
  "E": [
    [
      0.0035858238493899305,
      -0.27497233249840464,
      0.026588571013257494
    ],
    [
      0.22144818090645718,
      0.01366120350375726,
      0.6710078626004876
    ],
    [
      -0.009908151735406889,
      -0.6511863502917505,
      0.007148067043156383
    ]
  ],
  "R": [
    [
      0.9964936275509544,
      0.020830581092138947,
      0.08103417267859037
    ],
    [
      -0.019773337695930544,
      0.999708863335024,
      -0.013827642089554821
    ],
    [
      -0.08129861847966735,
      0.012176841165011887,
      0.9966154018338967
    ]
  ],
  "t": [
    [
      -0.9205111689916434
    ],
    [
      0.03232717186439115
    ],
    [
      0.38937660654036266
    ]
  ]
}