{
  "image_1": "frame_121",
  "image_2": "frame_126",
  "num_matches": 500,
  "inlier_count": 283,
  "inlier_ratio": 0.566,
  "reproj_rmse": 0.2917,
  "F": [
    [
      9.260719489299717e-10,
      2.0440844967120048e-07,
      -0.0004604997435793031
    ],
    [
      3.1598703856320927e-07,
      -1.6192376191830772e-08,
      -0.009274302274344828
    ],
    [
      -0.0006661189224180152,
      0.008787064411146581,
      1.0
    ]
  ],
  "E": [
    [
      5.765307153202722e-05,
      0.053800513088377876,
      -0.0047969129891194395
    ],
    [
      0.07320170605792944,
      -0.0032056091651017954,
      -0.7032855501675781
    ],
    [
      -0.0054280890917096985,
      0.7050261889977262,
      -0.0034305968950630312
    ]
  ],
  "R": [
    [
      0.9837623328654174,
      0.014892891183684198,
      0.1788571335658225
    ],
    [
      -0.014042605033952126,
      0.9998832807573851,
      -0.006019144931674213
    ],
    [
      -0.17892589996714267,
      0.0034097879756691584,
      0.9838566438597183
    ]
  ],
  "t": [
    [
      -0.997078222702036
    ],
    [
      0.006429498514820315
    ],
    [
      0.07611622272680799
    ]
  ]
}