{
  "image_1": "frame_036",
  "image_2": "frame_041",
  "num_matches": 500,
  "inlier_count": 269,
  "inlier_ratio": 0.538,
  "reproj_rmse": 0.3298,
  "F": [
    [
      -1.5745964287501828e-08,
      -2.786734341586338e-08,
      0.0004026496076945885
    ],
    [
      2.765992944563663e-07,
      6.326073638814955e-08,
      -0.005688540985038472
    ],
    [
      -0.0009110020521481053,
      0.005252008576004801,
      1.0
    ]
  ],
  "E": [
    [
      0.007063888414485329,
      0.02351501965226611,
      -0.0447216962911067
    ],
    [
      -0.13392434726028069,
      -0.022534815409083215,
      0.6924164016457115
    ],
    [
      0.053411797388569604,
      -0.7046008828459239,
      -0.014066593117211076
    ]
  ],
  "R": [
    [
      0.9872125913594801,
      0.006370250527143323,
      0.15928188650791975
    ],
    [
      -0.011343632203138276,
      0.9994754455882559,
      0.030334067887394733
    ],
    [
      -0.1590050988796906,
      -0.03175300890275712,
      0.9867670064183749
    ]
  ],
  "t": [
    [
      -0.9973937188613806
    ],
    [
      -0.06505348626147377
    ],
    [
      -0.031205985020404035
    ]
  ]
}