{
  "image_1": "frame_056",
  "image_2": "frame_061",
  "num_matches": 500,
  "inlier_count": 312,
  "inlier_ratio": 0.624,
  "reproj_rmse": 0.9269,
  "F": [
    [
      -4.1574948530643434e-08,
      -4.71177722160454e-07,
      0.0017765436441062965
    ],
    [
      1.117125582485427e-06,
      -8.810789472387327e-09,
      -0.017212871673361718
    ],
    [
      -0.0027066230826719496,
      0.016916667524608135,
      0.9999999999999999
    ]
  ],
  "E": [
    [
      -0.0038799944607166435,
      -0.025211318998644643,
      0.027055042217171296
    ],
    [
      0.11326971608551538,
      0.01202507440609587,
      -0.6973193226246259
    ],
    [
      -0.01640363827657793,
      0.7064057755793277,
      0.010501995295533985
    ]
  ],
  "R": [
    [
      0.9919464292488286,
      -0.018139957588203637,
      0.12535239702214335
    ],
    [
      0.015778958277952705,
      0.9996793961303378,
      0.019802258157735696
    ],
    [
      -0.12567142068171933,
      -0.017664849027975625,
      0.9919146370190618
    ]
  ],
  "t": [
    [
      -0.9986164025570184
    ],
    [
      -0.039271651296858605
    ],
    [
      -0.03497167351581855
    ]
  ]
}