{
  "image_1": "frame_191",
  "image_2": "frame_196",
  "num_matches": 500,
  "inlier_count": 326,
  "inlier_ratio": 0.652,
  "reproj_rmse": 0.4104,
  "F": [
    [
      -3.6437698665655674e-09,
      3.785734584811385e-07,
      -0.0007991198021593849
    ],
    [
      -1.0723009927344308e-07,
      -5.789550226814351e-09,
      -0.00505817590657299
    ],
    [
      0.000183999340079774,
      0.004647334070129329,
      1.0
    ]
  ],
  "E": [
    [
      -0.0017441447711356662,
      0.18178224136646268,
      -0.011508466498291512
    ],
    [
      -0.06692686032377862,
      0.00044795737138953785,
      -0.7038274561058532
    ],
    [
      -0.002084359603250604,
      0.6833364353299444,
      0.0037693779629470923
    ]
  ],
  "R": [
    [
      0.9861824404350789,
      0.019874335700336275,
      0.16446642501733508
    ],
    [
      -0.02058095900039189,
      0.9997848261480803,
      0.0025933628124199916
    ],
    [
      -0.16437949478002595,
      -0.005942405617508207,
      0.9863792726488834
    ]
  ],
  "t": [
    [
      -0.9662502055696136
    ],
    [
      0.01717595604084786
    ],
    [
      0.25703215123941725
    ]
  ]
}