{
  "image_1": "frame_181",
  "image_2": "frame_186",
  "num_matches": 500,
  "inlier_count": 257,
  "inlier_ratio": 0.514,
  "reproj_rmse": 1.9401,
  "F": [
    [
      -1.1388602324915813e-09,
      2.2124973542776025e-08,
      -2.803779053255898e-05
    ],
    [
      3.645463756205272e-07,
      1.3457383644060516e-08,
      -0.005609992290409405
    ],
    [
      -0.0007741913049959963,
      0.005281152670399349,
      1.0
    ]
  ],
  "E": [
    [
      0.0012814085647017176,
      0.03583899261852933,
      -0.00641330639558888
    ],
    [
      0.13348738827938678,
      0.015996120173233076,
      -0.6941693564256745
    ],
    [
      -0.002168247620517821,
      0.7060161566606754,
      0.016230380368831804
    ]
  ],
  "R": [
    [
      0.971151247786163,
      0.007925962905787506,
      0.2383326100964678
    ],
    [
      -0.013190008390962855,
      0.9997028369235584,
      0.020500281111129882
    ],
    [
      -0.23809930197719015,
      -0.02305248270805279,
      0.9709672010109145
    ]
  ],
  "t": [
    [
      -0.9986719121926436
    ],
    [
      0.010406335504544966
    ],
    [
      0.050459092132693346
    ]
  ]
}