{
  "image_1": "frame_151",
  "image_2": "frame_156",
  "num_matches": 500,
  "inlier_count": 321,
  "inlier_ratio": 0.642,
  "reproj_rmse": 0.381,
  "F": [
    [
      -3.60263534211212e-08,
      1.093844072502443e-06,
      -0.0017835945011281996
    ],
    [
      -1.8843004889593027e-07,
      -1.6744840999840814e-07,
      -0.025058034171332594
    ],
    [
      -0.0004907974698286828,
      0.02437284293770207,
      1.0
    ]
  ],
  "E": [
    [
      0.0035768770363448664,
      -0.11493175563182355,
      -0.006464019220498583
    ],
    [
      0.03264988512680853,
      0.013442571124734706,
      0.706172425850309
    ],
    [
      0.024170366008562667,
      -0.697167178179959,
      0.013550656095878728
    ]
  ],
  "R": [
    [
      0.9929195888548233,
      0.02436248300758158,
      0.1162633196243438
    ],
    [
      -0.022419415073305603,
      0.9995867544404423,
      -0.017991391691413183
    ],
    [
      -0.11665358929813667,
      0.015257449620705427,
      0.9930554618624954
    ]
  ],
  "t": [
    [
      -0.9866469621435724
    ],
    [
      -0.012148024650850778
    ],
    [
      0.16241981895674545
    ]
  ]
}