{
  "image_1": "frame_171",
  "image_2": "frame_176",
  "num_matches": 500,
  "inlier_count": 298,
  "inlier_ratio": 0.596,
  "reproj_rmse": 0.3093,
  "F": [
    [
      -3.212567410777712e-10,
      -9.259421318382997e-08,
      0.00023148153385071726
    ],
    [
      4.567377829061704e-07,
      2.3432780832513858e-08,
      -0.007958125538457586
    ],
    [
      -0.0011297209268656067,
      0.007599639731874032,
      1.0
    ]
  ],
  "E": [
    [
      -0.00013704041781005107,
      -0.023736121624570845,
      0.004624448082712019
    ],
    [
      0.13349993549770536,
      0.009376503016163412,
      -0.6943097238648606
    ],
    [
      -0.02344155026168318,
      0.70630200669836,
      0.005197792346188029
    ]
  ],
  "R": [
    [
      0.9874349033697379,
      0.02470824567911824,
      0.15608271589979655
    ],
    [
      -0.02634620922787679,
      0.9996173005682621,
      0.008433840402898601
    ],
    [
      -0.15581459773242448,
      -0.012440056273222781,
      0.987707981203656
    ]
  ],
  "t": [
    [
      -0.9994150211299385
    ],
    [
      -0.006907352603877761
    ],
    [
      -0.033494835719109835
    ]
  ]
}