{
  "image_1": "frame_006",
  "image_2": "frame_011",
  "num_matches": 500,
  "inlier_count": 316,
  "inlier_ratio": 0.632,
  "reproj_rmse": 2.0891,
  "F": [
    [
      -1.0866741062640607e-10,
      -4.3679230494595965e-07,
      0.0006931459504216825
    ],
    [
      8.046451747389729e-07,
      4.2682395371660774e-08,
      -0.009605616202174158
    ],
    [
      -0.001330432580048894,
      0.009325112931429059,
      1.0
    ]
  ],
  "E": [
    [
      -0.0036049494039355986,
      0.025306812111472538,
      0.027760885512443746
    ],
    [
      -0.12620709618058204,
      -0.014024543540511957,
      0.6950687301477014
    ],
    [
      -0.03560553670355883,
      -0.7054612088853033,
      -0.019676706362095318
    ]
  ],
  "R": [
    [
      0.9897274708925616,
      -0.014980967090646877,
      0.1421798297426293
    ],
    [
      0.011922965012664655,
      0.999679429484615,
      0.02233564797854338
    ],
    [
      -0.14246886068864617,
      -0.020410999249022444,
      0.9895888109936044
    ]
  ],
  "t": [
    [
      -0.998574887363101
    ],
    [
      0.03884691552768248
    ],
    [
      -0.036593872188601946
    ]
  ]
}