{
  "image_1": "frame_201",
  "image_2": "frame_206",
  "num_matches": 500,
  "inlier_count": 306,
  "inlier_ratio": 0.612,
  "reproj_rmse": 0.3135,
  "F": [
    [
      -3.7897696466925544e-09,
      7.510303695012338e-07,
      -0.0014508083295851982
    ],
    [
      -4.846144762698992e-07,
      4.488566111314775e-09,
      -0.006988754226240523
    ],
    [
      0.0008992112853816303,
      0.006429161903968419,
      0.9999999999999999
    ]
  ],
  "E": [
    [
      -0.001382398114515948,
      0.21542135079111321,
      0.00046563328857418394
    ],
    [
      -0.13409194584783335,
      -0.004034537465288156,
      -0.6942628009897618
    ],
    [
      -0.0052526567504099075,
      0.6734648087101403,
      -0.0033631144101336605
    ]
  ],
  "R": [
    [
      0.9929384431144397,
      0.006115787811846378,
      0.11847297297237525
    ],
    [
      -0.0055946917906252395,
      0.9999731604282986,
      -0.004730522889494651
    ],
    [
      -0.11849872408275369,
      0.004034298263712615,
      0.9929460090197647
    ]
  ],
  "t": [
    [
      -0.9524615622526987
    ],
    [
      -0.002114581771165132
    ],
    [
      0.30465144177417186
    ]
  ]
}