{
  "frame_001": {
    "R_w2c": [
      [
        1.0,
        0.0,
        0.0
      ],
      [
        0.0,
        1.0,
        0.0
      ],
      [
        0.0,
        0.0,
        1.0
      ]
    ],
    "t_w2c": [
      0.0,
      0.0,
      0.0
    ]
  },
  "frame_006": {
    "R_w2c": [
      [
        0.999951,
        -0.009879,
        0.000975
      ],
      [
        0.009876,
        0.999948,
        0.002707
      ],
      [
        -0.001001,
        -0.002698,
        0.999996
      ]
    ],
    "t_w2c": [
      0.9452113262107041,
      -0.0862511492864323,
      -0.3148593628938788
    ]
  },
  "frame_011": {
    "R_w2c": [
      [
        0.9998631084770001,
        0.015514047063999998,
        0.0058364238060000006
      ],
      [
        -0.015418800199000002,
        0.9997509449679999,
        -0.0161779499
      ],
      [
        -0.006084565274000001,
        0.016084588361,
        0.999852568298
      ]
    ],
    "t_w2c": [
      -0.0568407042101016,
      -0.0801895348247843,
      -0.3792841883299811
    ]
  },
  "frame_016": {
    "R_w2c": [
      [
        0.9995489664208492,
        0.0017311626741655479,
        -0.029992095708579334
      ],
      [
        -0.002512374663249078,
        0.9996602266330796,
        -0.025987398083681845
      ],
      [
        0.029938522347356958,
        0.0260501272017021,
        0.9992124050332407
      ]
    ],
    "t_w2c": [
      -1.033558060069443,
      -0.05843744985260936,
      -0.5106808551674518
    ]
  },
  "frame_021": {
    "R_w2c": [
      [
        0.9948869570164519,
        -0.00044242697330473487,
        -0.10099585106394422
      ],
      [
        -0.0012995063171426949,
        0.9998526333929821,
        -0.017163767610705784
      ],
      [
        0.10099077212319689,
        0.017206278408175273,
        0.9947391896236165
      ]
    ],
    "t_w2c": [
      -1.9328558485838843,
      -0.06443955643579134,
      -0.9282904415490724
    ]
  },
  "frame_026": {
    "R_w2c": [
      [
        0.9866251443857585,
        -0.02523042481719497,
        -0.16104292927840574
      ],
      [
        0.0198080692284898,
        0.9991858040142865,
        -0.03517468412489845
      ],
      [
        0.16180078015747099,
        0.03151283207701195,
        0.9863206110214531
      ]
    ],
    "t_w2c": [
      -2.8458774828602786,
      -0.0815069244044718,
      -1.2664229505692337
    ]
  },
  "frame_031": {
    "R_w2c": [
      [
        0.9738516514913849,
        -0.007496040698647118,
        -0.22706222368825146
      ],
      [
        -0.0034930407184945297,
        0.9988448956705871,
        -0.04794656417649036
      ],
      [
        0.2271603822722901,
        0.04748397888623543,
        0.9726998409821281
      ]
    ],
    "t_w2c": [
      -3.7476375816669663,
      0.007440951527014029,
      -1.5840663065844158
    ]
  },
  "frame_036": {
    "R_w2c": [
      [
        0.9587524547348519,
        -0.009163073633433388,
        -0.2840942047600824
      ],
      [
        0.0038616441414977554,
        0.9998094835804276,
        -0.01920948530707754
      ],
      [
        0.28421775757241796,
        0.017318415875195482,
        0.9586043626433775
      ]
    ],
    "t_w2c": [
      -4.542999903440771,
      -0.024490730593482106,
      -2.24697072241746
    ]
  },
  "frame_041": {
    "R_w2c": [
      [
        0.8720909527066933,
        -0.011668547321170836,
        -0.4892042227977444
      ],
      [
        -0.03639183549149159,
        0.9954030000186727,
        -0.0886146746418031
      ],
      [
        0.487989376465959,
        0.09508018910528147,
        0.8676565141481142
      ]
    ],
    "t_w2c": [
      -3.448661749054776,
      0.07304371612144155,
      -4.047278113595258
    ]
  },
  "frame_046": {
    "R_w2c": [
      [
        0.9109237482385181,
        -0.032967152762673896,
        -0.4112548176928833
      ],
      [
        0.0030688316849502694,
        0.9973185819680487,
        -0.0731447855913082
      ],
      [
        0.41256401187700387,
        0.0653643034077203,
        0.9085819371910583
      ]
    ],
    "t_w2c": [
      -2.7846330679215257,
      -0.1810786123105593,
      -3.6378939959960097
    ]
  },
  "frame_051": {
    "R_w2c": [
      [
        0.9360134431808058,
        -0.0637474479168012,
        -0.34614334313793305
      ],
      [
        0.03114068704499491,
        0.994606116523555,
        -0.09895659169894586
      ],
      [
        0.3505856956776114,
        0.0818422497281018,
        0.9329494175398242
      ]
    ],
    "t_w2c": [
      -2.024655520086308,
      -0.23318397167376437,
      -3.31171808743944
    ]
  },
  "frame_056": {
    "R_w2c": [
      [
        0.9538677742921511,
        -0.11417109026416342,
        -0.27767158008686965
      ],
      [
        0.09765201188073355,
        0.9925669906884773,
        -0.07264841153368057
      ],
      [
        0.28390404875989766,
        0.04217842996033589,
        0.9579259472882559
      ]
    ],
    "t_w2c": [
      -1.2293832407269132,
      -0.43722547719751975,
      -3.2517331561617815
    ]
  },
  "frame_061": {
    "R_w2c": [
      [
        0.9362119964317527,
        -0.1866608716772396,
        -0.29776792018726805
      ],
      [
        0.13913866010924406,
        0.9749262919543192,
        -0.17367417571561786
      ],
      [
        0.3227219729446522,
        0.12116188967675302,
        0.9387082330293111
      ]
    ],
    "t_w2c": [
      -0.17537109021197614,
      -0.14969329760694008,
      -2.9599371127890497
    ]
  },
  "frame_066": {
    "R_w2c": [
      [
        0.9300711504582314,
        -0.19647361107441436,
        -0.3104303290949891
      ],
      [
        0.21213309592601398,
        0.9770913188496838,
        0.017164063294810173
      ],
      [
        0.2999491159620352,
        -0.08181891686564634,
        0.9504416946970271
      ]
    ],
    "t_w2c": [
      0.804177112746947,
      -0.7159792690008372,
      -3.2263192179631948
    ]
  },
  "frame_071": {
    "R_w2c": [
      [
        0.9683241043900016,
        -0.09728906662677403,
        -0.22996852930050002
      ],
      [
        0.1037695360235453,
        0.9944701347495593,
        0.016236096431184625
      ],
      [
        0.2271205612995245,
        -0.03958814247727198,
        0.9730625400266133
      ]
    ],
    "t_w2c": [
      1.4460635139181575,
      -0.6229886107218368,
      -3.124835091537313
    ]
  },
  "frame_076": {
    "R_w2c": [
      [
        0.977225811626402,
        -0.15299024664068078,
        -0.14705980191255139
      ],
      [
        0.14357369749778137,
        0.9869679877060772,
        -0.07268749569578592
      ],
      [
        0.15626696851845828,
        0.049915242346667194,
        0.986453309754491
      ]
    ],
    "t_w2c": [
      2.126991868538258,
      -0.20547758326600277,
      -2.890283399902643
    ]
  },
  "frame_081": {
    "R_w2c": [
      [
        0.9820745590513311,
        -0.1482655304967511,
        0.11640794220928269
      ],
      [
        0.15282272120420562,
        0.9877617679715337,
        -0.03122976249535664
      ],
      [
        -0.11034958808763487,
        0.048457966635634515,
        0.9927101951757157
      ]
    ],
    "t_w2c": [
      1.0143133857511941,
      -0.39757664069240733,
      -2.380151119891814
    ]
  },
  "frame_086": {
    "R_w2c": [
      [
        0.9985684572104624,
        -0.0021153260784137007,
        0.053474994036233306
      ],
      [
        -0.00497678491091058,
        0.9912263517122183,
        0.1320982368760478
      ],
      [
        -0.053281174443925446,
        -0.13217694853308054,
        0.989793078478514
      ]
    ],
    "t_w2c": [
      1.5556676913385457,
      -1.0677650839525104,
      -3.0575903796532637
    ]
  },