{
  "image_1": "frame_087",
  "image_2": "frame_088",
  "num_matches": 500,
  "inlier_count": 238,
  "inlier_ratio": 0.476,
  "reproj_rmse": 2.7072,
  "F": [
    [
      1.5166901735642653e-07,
      4.223785267869148e-06,
      0.015705811330817804
    ],
    [
      -4.177179584099076e-06,
      -5.554351935660375e-08,
      0.018584676456685687
    ],
    [
      -0.015403520812629787,
      -0.017609762402919414,
      1.0
    ]
  ],
  "E": [
    [
      -0.03536432941339261,
      -0.28698959401515656,
      -0.596015312207941
    ],
    [
      0.2739081836311914,
      0.0029393375041309234,
      -0.26481864471901484
    ],
    [
      0.5930972460129076,
      0.25089260269076974,
      -0.03574067818139074
    ]
  ],
  "R": [
    [
      0.9980492028313828,
      0.006061117347253564,
      -0.0621373606145679
    ],
    [
      -0.0057521825521727465,
      0.9999701971483715,
      0.005149486472737164
    ],
    [
      0.06216672038581689,
      -0.004782015427541919,
      0.9980543227725243
    ]
  ],
  "t": [
    [
      -0.34972013023509524
    ],
    [
      0.8424212160719625
    ],
    [
      -0.40990526371368274
    ]
  ]
}