{
  "image_1": "frame_089",
  "image_2": "frame_090",
  "num_matches": 500,
  "inlier_count": 236,
  "inlier_ratio": 0.472,
  "reproj_rmse": 1.5438,
  "F": [
    [
      2.0665563898610396e-08,
      2.2171565598143634e-07,
      -0.0027262635000229797
    ],
    [
      -2.1548961794336766e-07,
      -5.5191620541241886e-09,
      -0.00056524852727259
    ],
    [
      0.0025011502439127712,
      0.0005064166399146485,
      1.0
    ]
  ],
  "E": [
    [
      0.015481985046965564,
      -0.10404395545088797,
      -0.502615373562446
    ],
    [
      0.12073109645287892,
      0.004462001154473335,
      -0.48291551621920487
    ],
    [
      0.4954058398994268,
      0.4927432566841316,
      0.016934686516246893
    ]
  ],
  "R": [
    [
      0.9995185188387301,
      0.013292508095885669,
      0.028036400035526557
    ],
    [
      -0.013462216676105532,
      0.9998921318845471,
      0.005873101185985927
    ],
    [
      -0.027955307556828096,
      -0.006247705490502839,
      0.9995896492838984
    ]
  ],
  "t": [
    [
      0.687477926479323
    ],
    [
      -0.7102065855280669
    ],
    [
      0.15159388667177529
    ]
  ]
}