{
  "image_1": "frame_021",
  "image_2": "frame_023",
  "num_matches": 500,
  "inlier_count": 294,
  "inlier_ratio": 0.588,
  "reproj_rmse": 1.3635,
  "F": [
    [
      5.065191653274298e-09,
      -1.5752900250721105e-07,
      0.0010580137328202006
    ],
    [
      2.1855191496000117e-07,
      9.062905307450102e-10,
      0.013208410787615149
    ],
    [
      -0.00103298441078902,
      -0.013295146104092829,
      1.0
    ]
  ],
  "E": [
    [
      -0.0005597552353716443,
      0.109812361433873,
      -0.07733820691445531
    ],
    [
      -0.10860740268446478,
      -0.019154792433977073,
      -0.6944773052272123
    ],
    [
      0.06881586632201535,
      0.6945798400123033,
      -0.01793752005653793
    ]
  ],
  "R": [
    [
      0.9999568102200073,
      0.008190560027069554,
      0.004392313863039288
    ],
    [
      -0.008072250374669965,
      0.9996212724292828,
      -0.026308752930351897
    ],
    [
      -0.0046061337927933155,
      0.026272160803875358,
      0.9996442152576978
    ]
  ],
  "t": [
    [
      -0.9817940045667929
    ],
    [
      0.10525016421169747
    ],
    [
      0.15812316569722168
    ]
  ]
}