{
  "image_1": "frame_060",
  "image_2": "frame_061",
  "num_matches": 500,
  "inlier_count": 316,
  "inlier_ratio": 0.632,
  "reproj_rmse": 1.8355,
  "F": [
    [
      -7.724708335937218e-09,
      6.2103070948311e-07,
      -0.004659253415358199
    ],
    [
      -5.951638807137647e-07,
      -6.158519841821784e-08,
      0.02977974405032422
    ],
    [
      0.004840133719018128,
      -0.029468399259713517,
      1.0
    ]
  ],
  "E": [
    [
      0.0051018164731034,
      -0.2826183946462262,
      -0.11820740272698169
    ],
    [
      0.2653235255619938,
      0.011003104710268512,
      0.6438584539003118
    ],
    [
      0.12695098503473554,
      -0.6362380521331331,
      0.011876979605178554
    ]
  ],
  "R": [
    [
      0.9996736528373714,
      0.007882744195181146,
      0.02429918037177997
    ],
    [
      -0.007544553526434489,
      0.9998738371476222,
      -0.013978179415685382
    ],
    [
      -0.024406301130521835,
      0.013790291209530903,
      0.9996070029433979
    ]
  ],
  "t": [
    [
      -0.9012522670337992
    ],
    [
      -0.17279264921385282
    ],
    [
      0.3973500365472437
    ]
  ]
}