{
  "image_1": "frame_113",
  "image_2": "frame_114",
  "num_matches": 500,
  "inlier_count": 302,
  "inlier_ratio": 0.604,
  "reproj_rmse": 2.1193,
  "F": [
    [
      -1.3834115642314803e-07,
      7.246982419794554e-06,
      -0.004351422373145559
    ],
    [
      -7.707660774037176e-06,
      5.249589499890928e-08,
      0.1506148343395213
    ],
    [
      0.007404855544811246,
      -0.1496990612804511,
      0.9999999999999999
    ]
  ],
  "E": [
    [
      0.0037811392824814833,
      -0.1981029775140331,
      -0.031737502033695124
    ],
    [
      0.20091019473979227,
      -0.005828682310716758,
      -0.67705969076699
    ],
    [
      0.022110600694311772,
      0.6784898735283756,
      -0.009356941674235163
    ]
  ],
  "R": [
    [
      0.9998211611036592,
      0.01835141068696522,
      0.004568537526360217
    ],
    [
      -0.018285696836277905,
      0.9997343242386496,
      -0.014032613096007404
    ],
    [
      -0.004824842022610798,
      0.01394656462677553,
      0.9998911011878084
    ]
  ],
  "t": [
    [
      0.958888569386936
    ],
    [
      -0.04881178649971937
    ],
    [
      0.27955343138259164
    ]
  ]
}