{
  "image_1": "frame_029",
  "image_2": "frame_030",
  "num_matches": 500,
  "inlier_count": 280,
  "inlier_ratio": 0.56,
  "reproj_rmse": 0.4693,
  "F": [
    [
      3.0947580801869976e-08,
      2.770670173200707e-06,
      0.0036573949506750985
    ],
    [
      -1.8421042744350068e-06,
      -1.496874666063048e-07,
      0.12216957572413156
    ],
    [
      -0.003852119151942476,
      -0.12368324694585166,
      1.0
    ]
  ],
  "E": [
    [
      0.00048080592875330826,
      -0.10523493232744992,
      -0.025945984388488965
    ],
    [
      0.09385637824748538,
      0.00015198363494582366,
      -0.7003659588758266
    ],
    [
      0.02004332137541515,
      0.698947618660191,
      -0.001075261122727779
    ]
  ],
  "R": [
    [
      0.999831504671304,
      0.008570406666287379,
      -0.016233003304700733
    ],
    [
      -0.00858669068315971,
      0.9999626977699473,
      -0.0009337086058475485
    ],
    [
      0.016224395515017004,
      0.0010729390585452825,
      0.9998678001575753
    ]
  ],
  "t": [
    [
      -0.9881823553755738
    ],
    [
      0.036836960003967585
    ],
    [
      -0.14879069494443956
    ]
  ]
}