{
  "image_1": "frame_106",
  "image_2": "frame_107",
  "num_matches": 500,
  "inlier_count": 267,
  "inlier_ratio": 0.534,
  "reproj_rmse": 7.1543,
  "F": [
    [
      1.4891800754480155e-09,
      -2.663115336222251e-07,
      0.00024271061553525537
    ],
    [
      2.439937295941704e-07,
      3.11353886442244e-08,
      -0.0059784444462118716
    ],
    [
      -0.0002998007483954193,
      0.006018995316227118,
      0.9999999999999999
    ]
  ],
  "E": [
    [
      0.002897501005460953,
      -0.4917103764398371,
      0.004156987070365869
    ],
    [
      0.48862983513679087,
      0.029955454635150293,
      -0.5093342082320689
    ],
    [
      -0.03323373525678909,
      0.5072203835126469,
      0.027211216701656937
    ]
  ],
  "R": [
    [
      0.9999750884447238,
      0.005859277022326123,
      -0.003935906851331161
    ],
    [
      -0.005641141357262656,
      0.9985617274290484,
      0.05331654563174848
    ],
    [
      0.004242642355194837,
      -0.05329301442675762,
      0.998569904713313
    ]
  ],
  "t": [
    [
      -0.7186031305913074
    ],
    [
      -0.04294692716378096
    ],
    [
      -0.6940930068453081
    ]
  ]
}