{
  "image_1": "frame_091",
  "image_2": "frame_092",
  "num_matches": 500,
  "inlier_count": 295,
  "inlier_ratio": 0.59,
  "reproj_rmse": 2.8074,
  "F": [
    [
      -6.725666869030439e-09,
      -2.686603747219207e-07,
      -0.00724182163710525
    ],
    [
      2.5993929955580426e-07,
      -8.01263249493221e-10,
      0.005631563942065053
    ],
    [
      0.007050420920851726,
      -0.005767344921259772,
      1.0
    ]
  ],
  "E": [
    [
      -0.021249419141349594,
      -0.700947681739461,
      -0.08153089619379837
    ],
    [
      0.699378534069386,
      -0.021201086548079777,
      0.04465449620648231
    ],
    [
      0.0905084066222034,
      -0.042501533651871114,
      0.0012355422690255597
    ]
  ],
  "R": [
    [
      0.9994899229385805,
      -0.031129319454168934,
      0.007131578685717017
    ],
    [
      0.03123116182515813,
      0.9994049022663711,
      -0.01464431142102271
    ],
    [
      -0.006671467250992609,
      0.014859569181688986,
      0.9998673335640352
    ]
  ],
  "t": [
    [
      -0.05609853152563444
    ],
    [
      -0.1298164548665002
    ],
    [
      0.9899498183274552
    ]
  ]
}