{
  "image_1": "frame_092",
  "image_2": "frame_093",
  "num_matches": 500,
  "inlier_count": 286,
  "inlier_ratio": 0.572,
  "reproj_rmse": 0.5738,
  "F": [
    [
      -7.873549581588416e-08,
      -1.4859481931800032e-06,
      0.0010777920857179134
    ],
    [
      1.5315996834990217e-06,
      -9.943637736990632e-08,
      0.006024031410436745
    ],
    [
      -0.001225142386046017,
      -0.006173566383062541,
      0.9999999999999999
    ]
  ],
  "E": [
    [
      -0.006987504063491259,
      -0.1675193283657331,
      0.1286489775688497
    ],
    [
      0.16065485267025975,
      -0.011831239093186443,
      -0.6765642077145807
    ],
    [
      -0.09385318556373937,
      0.6803195057018813,
      -0.0023984655493043076
    ]
  ],
  "R": [
    [
      0.9986907041443408,
      -0.04999108327915819,
      -0.010852144868963104
    ],
    [
      0.04993245087828928,
      0.9987368506476096,
      -0.005608342694756886
    ],
    [
      0.011118804115911124,
      0.00505912552431631,
      0.9999253859383515
    ]
  ],
  "t": [
    [
      -0.9542933406257698
    ],
    [
      -0.18061513189409165
    ],
    [
      -0.23812264522339846
    ]
  ]
}