{
  "image_1": "frame_058",
  "image_2": "frame_059",
  "num_matches": 500,
  "inlier_count": 296,
  "inlier_ratio": 0.592,
  "reproj_rmse": 1.2247,
  "F": [
    [
      1.4642803514421038e-08,
      6.851438504188081e-07,
      -0.0020054500369999224
    ],
    [
      -6.911957723447703e-07,
      7.465809214932801e-09,
      0.00785066083817636
    ],
    [
      0.0017612702636315332,
      -0.007845816709850949,
      1.0
    ]
  ],
  "E": [
    [
      -0.008280301443739048,
      -0.3793677894196722,
      0.1476146553030964
    ],
    [
      0.38581010160917795,
      -0.023486676460387095,
      -0.576002112532366
    ],
    [
      -0.12558060455897543,
      0.5805168385207659,
      -0.016481818299266256
    ]
  ],
  "R": [
    [
      0.9997897742049887,
      -0.019899916335476137,
      0.004939708997423464
    ],
    [
      0.02002773434744748,
      0.9994256187680476,
      -0.027337198229031287
    ],
    [
      -0.0043928637636797,
      0.027430382424354374,
      0.9996140639606907
    ]
  ],
  "t": [
    [
      -0.8175835498572325
    ],
    [
      -0.19401292680347637
    ],
    [
      -0.5421403169254208
    ]
  ]
}