{
  "image_1": "frame_048",
  "image_2": "frame_049",
  "num_matches": 500,
  "inlier_count": 258,
  "inlier_ratio": 0.516,
  "reproj_rmse": 0.6517,
  "F": [
    [
      1.2101391733853385e-08,
      1.2252595321324242e-06,
      -0.002799795250491302
    ],
    [
      -1.3436715155843454e-06,
      -4.8260515220880006e-08,
      0.02365489960576576
    ],
    [
      0.002749197110273454,
      -0.023291489844357558,
      1.0
    ]
  ],
  "E": [
    [
      -0.0012640714881103556,
      -0.15916054041793562,
      0.054452150834621016
    ],
    [
      0.16947544203024065,
      -0.010464070714182021,
      -0.6844332279493441
    ],
    [
      -0.049833934622739454,
      0.6868945138772927,
      -0.010654941741081414
    ]
  ],
  "R": [
    [
      0.9998975029885779,
      -0.003164193538541832,
      0.013963215835104237
    ],
    [
      0.003366007578415306,
      0.999889876952021,
      -0.014453510364404957
    ],
    [
      -0.013915944459112511,
      0.014499029213108087,
      0.9997980419273126
    ]
  ],
  "t": [
    [
      0.9712891307613408
    ],
    [
      0.0737527522072228
    ],
    [
      0.22618124592180286
    ]
  ]
}