{
  "image_1": "frame_097",
  "image_2": "frame_098",
  "num_matches": 500,
  "inlier_count": 303,
  "inlier_ratio": 0.606,
  "reproj_rmse": 0.8747,
  "F": [
    [
      6.9685826838832224e-09,
      7.035843495036685e-08,
      0.0009730632166908465
    ],
    [
      -1.2523347052894839e-08,
      1.2656327614340335e-08,
      0.008442129756880851
    ],
    [
      -0.0010482141858404283,
      -0.008571832179048063,
      1.0
    ]
  ],
  "E": [
    [
      -0.0004782511162350583,
      -0.19572429161940003,
      -0.05883569671981027
    ],
    [
      0.17989850758104822,
      -0.01899025633695875,
      -0.6805248619619023
    ],
    [
      0.061514434382156785,
      0.6768799434972068,
      -0.021010939469988343
    ]
  ],
  "R": [
    [
      0.999776819719895,
      0.0038038615026595723,
      -0.020780793739434505
    ],
    [
      -0.004407055739161059,
      0.9995680040836625,
      -0.029058270284294942
    ],
    [
      0.020661282885732324,
      0.029143367167707296,
      0.9993616840461936
    ]
  ],
  "t": [
    [
      -0.9573193132256844
    ],
    [
      0.09123386855885504
    ],
    [
      -0.2742555628476647
    ]
  ]
}