{
  "image_1": "frame_001",
  "image_2": "frame_003",
  "num_matches": 500,
  "inlier_count": 362,
  "inlier_ratio": 0.724,
  "reproj_rmse": 2.3648,
  "F": [
    [
      1.654298785327963e-08,
      2.1294040546106498e-06,
      -0.0029560246345453458
    ],
    [
      -2.0451945754328146e-06,
      2.4152929943954453e-08,
      -0.010642892327524736
    ],
    [
      0.0030156964701801505,
      0.010250239842485987,
      1.0
    ]
  ],
  "E": [
    [
      -0.0027090318429803207,
      -0.6252859656330312,
      -0.04023272982049307
    ],
    [
      0.61549123407379,
      -0.010308920628895863,
      0.34681473010410585
    ],
    [
      0.02611017148933989,
      -0.3278150419416265,
      -0.005551298789121635
    ]
  ],
  "R": [
    [
      0.9995032429465878,
      -0.0063170055962924465,
      0.03087657331296051
    ],
    [
      0.005714037781823337,
      0.999792009998976,
      0.019577704524161944
    ],
    [
      -0.030993823763487305,
      -0.01939154925486671,
      0.9993314518747092
    ]
  ],
  "t": [
    [
      0.46344676022177994
    ],
    [
      0.039593179124879446
    ],
    [
      -0.8852397870671661
    ]
  ]
}