{
  "image_1": "frame_030",
  "image_2": "frame_031",
  "num_matches": 500,
  "inlier_count": 295,
  "inlier_ratio": 0.59,
  "reproj_rmse": 0.4233,
  "F": [
    [
      5.7105096428378755e-09,
      -1.3211490971065363e-06,
      0.0007685501597183362
    ],
    [
      1.206755064965642e-06,
      -1.2835510014372066e-08,
      -0.025232844758935415
    ],
    [
      -0.0008701367801638452,
      0.0255906736105129,
      0.9999999999999999
    ]
  ],
  "E": [
    [
      0.0017185901392321235,
      -0.25166677846565877,
      0.0012195574165071955
    ],
    [
      0.24194038597488918,
      0.010938102901900537,
      -0.6643211009330249
    ],
    [
      -0.009092354948977296,
      0.6606902367170499,
      0.009370929888289654
    ]
  ],
  "R": [
    [
      0.9998717150712515,
      0.006757583452490784,
      -0.014521999392532459
    ],
    [
      -0.006553190845230185,
      0.9998794469323441,
      0.014076480100340771
    ],
    [
      0.01461537170995264,
      -0.01397950886662052,
      0.9997954612027541
    ]
  ],
  "t": [
    [
      -0.9345152665893978
    ],
    [
      -0.006735338835647417
    ],
    [
      -0.35585931450801717
    ]
  ]
}