{
  "image_1": "frame_086",
  "image_2": "frame_087",
  "num_matches": 500,
  "inlier_count": 270,
  "inlier_ratio": 0.54,
  "reproj_rmse": 2.5623,
  "F": [
    [
      2.1751481606944746e-08,
      -2.89275937366689e-07,
      0.004019480740133866
    ],
    [
      3.2106601378640825e-07,
      1.0953827243594833e-08,
      0.0031587832907289644
    ],
    [
      -0.004157885736652004,
      -0.003335616350442267,
      0.9999999999999999
    ]
  ],
  "E": [
    [
      0.007406237045842793,
      -0.6847077331924308,
      0.17064706601979876
    ],
    [
      0.6871069587863075,
      -0.0006737671954194937,
      0.011154226694791831
    ],
    [
      -0.16645516349059944,
      -0.04450730959741466,
      0.008425022842403575
    ]
  ],
  "R": [
    [
      0.9988028738278696,
      -0.0013825396790531925,
      -0.048896910098949656
    ],
    [
      0.001081263295176724,
      0.9999802734355052,
      -0.00618737501195335
    ],
    [
      0.04890449982236239,
      0.006127097509252166,
      0.9987846657679706
    ]
  ],
  "t": [
    [
      0.0632702932034133
    ],
    [
      -0.2356171154469683
    ],
    [
      -0.9697842259525591
    ]
  ]
}