{
  "image_1": "frame_034",
  "image_2": "frame_035",
  "num_matches": 500,
  "inlier_count": 319,
  "inlier_ratio": 0.638,
  "reproj_rmse": 3.3141,
  "F": [
    [
      2.2104779643899962e-08,
      5.0788858843169875e-06,
      -0.005591673439446186
    ],
    [
      -4.947742729952472e-06,
      -1.2133068047963192e-07,
      0.06496622075672213
    ],
    [
      0.005066237015206699,
      -0.064556549799468,
      1.0
    ]
  ],
  "E": [
    [
      0.0006135895336123078,
      0.07741626304997297,
      0.029989690030219347
    ],
    [
      -0.07149982226476534,
      0.0032980077018584762,
      0.7028213131784838
    ],
    [
      -0.03361970399461239,
      -0.7020580370389544,
      0.0032082161483865048
    ]
  ],
  "R": [
    [
      0.9999549587972509,
      -0.004740209876452087,
      -0.00822257788745731
    ],
    [
      0.004705679685011711,
      0.999980050405675,
      -0.004213712064929096
    ],
    [
      0.008242387729910913,
      0.004174829456545365,
      0.9999573160107976
    ]
  ],
  "t": [
    [
      -0.9930830420615921
    ],
    [
      0.04287424176300693
    ],
    [
      -0.10930631712275934
    ]
  ]
}