{
  "image_1": "frame_023",
  "image_2": "frame_024",
  "num_matches": 500,
  "inlier_count": 329,
  "inlier_ratio": 0.658,
  "reproj_rmse": 1.6327,
  "F": [
    [
      1.1590347685870164e-08,
      7.947089835636452e-07,
      0.00015922147067994478
    ],
    [
      -5.170012206330172e-07,
      -1.3849959229724979e-08,
      0.050066116229537716
    ],
    [
      -0.0008589653686337297,
      -0.050962308976701336,
      1.0
    ]
  ],
  "E": [
    [
      -0.0024572853651574395,
      -0.2700478942584976,
      -0.022597284888395033
    ],
    [
      0.2576674817262649,
      0.0011293877875566396,
      -0.658142095679446
    ],
    [
      0.026288623247794494,
      0.6529276334432137,
      0.002654860368284033
    ]
  ],
  "R": [
    [
      0.9997898358342384,
      -0.007500998512357589,
      -0.019079286775580795
    ],
    [
      0.0075917425413202545,
      0.9999601924186765,
      0.00468817909103547
    ],
    [
      0.019043361250933366,
      -0.004832038836860068,
      0.9998069822685505
    ]
  ],
  "t": [
    [
      -0.9236422026638426
    ],
    [
      0.03017201480654323
    ],
    [
      -0.38206639603712744
    ]
  ]
}