{
  "image_1": "frame_064",
  "image_2": "frame_065",
  "num_matches": 500,
  "inlier_count": 296,
  "inlier_ratio": 0.592,
  "reproj_rmse": 4.8656,
  "F": [
    [
      -1.9088653962633787e-09,
      -9.680969944012445e-08,
      0.0003294101575817097
    ],
    [
      1.228706732402957e-07,
      2.7726771488586412e-08,
      -0.005612384298802314
    ],
    [
      -0.00033142444328609027,
      0.005550942275409372,
      1.0
    ]
  ],
  "E": [
    [
      0.002699703693638558,
      0.355596386433761,
      0.036188728490124084
    ],
    [
      -0.3478170477428099,
      0.03936258403874299,
      -0.6142052008098259
    ],
    [
      -0.010024707039768169,
      0.6091512958135101,
      0.035977230554954664
    ]
  ],
  "R": [
    [
      0.9998512791387076,
      -0.009082869896707313,
      0.01466018687226378
    ],
    [
      0.008198001208625481,
      0.9982047875239274,
      0.05932954525777608
    ],
    [
      -0.015172751262496564,
      -0.05920053748700779,
      0.9981307950265716
    ]
  ],
  "t": [
    [
      0.8628259354997232
    ],
    [
      0.021253685582943143
    ],
    [
      -0.5050541415315485
    ]
  ]
}