{
  "image_1": "frame_052",
  "image_2": "frame_053",
  "num_matches": 500,
  "inlier_count": 292,
  "inlier_ratio": 0.584,
  "reproj_rmse": 0.522,
  "F": [
    [
      2.8978571200810444e-09,
      -1.9214241267513218e-07,
      -0.00041120321106689103
    ],
    [
      2.937278238429757e-07,
      7.567778464873945e-08,
      -0.017080217172060208
    ],
    [
      0.0003421283910642619,
      0.016694941509140342,
      1.0
    ]
  ],
  "E": [
    [
      0.00010264445431527476,
      -0.007912224991789731,
      -0.006790904318762742
    ],
    [
      0.02170749879954689,
      0.009326105049428142,
      -0.7066803387863316
    ],
    [
      0.009069712407888711,
      0.7069390710953397,
      0.009532412461472928
    ]
  ],
  "R": [
    [
      0.9998063541946202,
      -0.0036297214052247156,
      0.01934112805867698
    ],
    [
      0.0033728069823755844,
      0.9999058702994335,
      0.013299425318121194
    ],
    [
      -0.01938758069283853,
      -0.01323161604842974,
      0.9997244850715749
    ]
  ],
  "t": [
    [
      0.9998912638665554
    ],
    [
      -0.00945590115326867
    ],
    [
      0.011315757894290651
    ]
  ]
}