{
  "image_1": "frame_103",
  "image_2": "frame_104",
  "num_matches": 500,
  "inlier_count": 290,
  "inlier_ratio": 0.58,
  "reproj_rmse": 4.2364,
  "F": [
    [
      1.237261741451071e-08,
      4.944675484843147e-07,
      0.0031030238611540026
    ],
    [
      -4.1355311253745056e-07,
      3.4618290704125386e-08,
      0.02358905395028913
    ],
    [
      -0.0032727445997879296,
      -0.02388186318155424,
      1.0
    ]
  ],
  "E": [
    [
      -0.0004744781863274132,
      -0.2659266880243145,
      -0.021340714486020172
    ],
    [
      0.25753009941818616,
      -0.0035711466420873853,
      -0.6581410775643989
    ],
    [
      0.023172756855948218,
      0.65482272456813,
      -0.003658541875378869
    ]
  ],
  "R": [
    [
      0.9999201528507237,
      -0.0007718901745794315,
      -0.01261317202548723
    ],
    [
      0.0007069859964218828,
      0.9999864918608706,
      -0.0051493947789612304
    ],
    [
      0.012616976412238301,
      0.0051400662784751965,
      0.999907191505724
    ]
  ],
  "t": [
    [
      0.926096480256895
    ],
    [
      -0.032119054395284584
    ],
    [
      0.3759171126731837
    ]
  ]
}