{
  "image_1": "frame_109",
  "image_2": "frame_110",
  "num_matches": 500,
  "inlier_count": 273,
  "inlier_ratio": 0.546,
  "reproj_rmse": 1.7563,
  "F": [
    [
      3.468761911838176e-09,
      2.3046862309532607e-07,
      -0.000369134471252564
    ],
    [
      -1.990565025230023e-07,
      3.6189205114137726e-09,
      0.003698134660060016
    ],
    [
      0.00020790710495010567,
      -0.003682838662206602,
      1.0
    ]
  ],
  "E": [
    [
      0.0008062924560520431,
      0.015725605256459416,
      0.016510961469254164
    ],
    [
      -0.037072403589854946,
      -0.052985839917703066,
      -0.7039218952864471
    ],
    [
      -0.005894150035517068,
      0.7049366580211447,
      -0.05311415586371695
    ]
  ],
  "R": [
    [
      0.9993480473389118,
      -0.019017523494135543,
      -0.03068898955739388
    ],
    [
      0.01664090422777494,
      0.9969749634610904,
      -0.07592102830072504
    ],
    [
      0.032039984182048474,
      0.07536083884822023,
      0.996641451767739
    ]
  ],
  "t": [
    [
      -0.9994793078229824
    ],
    [
      -0.024984114818155455
    ],
    [
      0.020418306502868255
    ]
  ]
}