{
  "image_1": "frame_076",
  "image_2": "frame_077",
  "num_matches": 500,
  "inlier_count": 291,
  "inlier_ratio": 0.582,
  "reproj_rmse": 1.5053,
  "F": [
    [
      -1.6410206210003383e-09,
      3.834274508560709e-06,
      0.0022146914182485213
    ],
    [
      -3.5613245407316037e-06,
      4.5612768125920585e-08,
      -0.060825359425096974
    ],
    [
      -0.001967536804594073,
      0.059186419492345065,
      1.0
    ]
  ],
  "E": [
    [
      -0.0027171519473982064,
      -0.16101381425494632,
      0.13786680444870267
    ],
    [
      0.16957226175105364,
      -0.0016267645284596362,
      -0.672510834081122
    ],
    [
      -0.13356610228007892,
      0.6754157713026876,
      -0.0023075654030543335
    ]
  ],
  "R": [
    [
      0.9999026979396358,
      -0.006153754456339394,
      0.012519023888799136
    ],
    [
      0.006165057429684012,
      0.9999806221896907,
      -0.0008644720976249964
    ],
    [
      -0.012513461548505356,
      0.0009415684839469002,
      0.9999212602644588
    ]
  ],
  "t": [
    [
      0.9540020119295001
    ],
    [
      0.1947914296170595
    ],
    [
      0.2278957221674154
    ]
  ]
}