{
  "image_1": "frame_125",
  "image_2": "frame_126",
  "num_matches": 500,
  "inlier_count": 348,
  "inlier_ratio": 0.696,
  "reproj_rmse": 0.5686,
  "F": [
    [
      1.8389736923908886e-08,
      2.180514316346026e-06,
      -0.003041804684691365
    ],
    [
      -2.1867125685172847e-06,
      1.4971168641692583e-08,
      0.011384328106056605
    ],
    [
      0.0027002987027047857,
      -0.011164323924553386,
      1.0
    ]
  ],
  "E": [
    [
      -0.0018545856863467279,
      -0.10729934578363412,
      -0.0828334787388579
    ],
    [
      0.09770991765845544,
      -0.024324692021091606,
      -0.6945474464900935
    ],
    [
      0.0931329289385689,
      0.6926975090054666,
      -0.024153057666641376
    ]
  ],
  "R": [
    [
      0.9999055748958953,
      -0.010034817069509441,
      -0.009388489680995316
    ],
    [
      0.009713807277058839,
      0.999386998642157,
      -0.03363434098069033
    ],
    [
      0.00972024898306778,
      0.033539967075157606,
      0.9993901076998433
    ]
  ],
  "t": [
    [
      -0.9814499739735716
    ],
    [
      0.12218777290239625
    ],
    [
      -0.1477365788842692
    ]
  ]
}