{
  "image_1": "frame_094",
  "image_2": "frame_095",
  "num_matches": 500,
  "inlier_count": 290,
  "inlier_ratio": 0.58,
  "reproj_rmse": 1.7162,
  "F": [
    [
      1.369039924278549e-08,
      -2.3104697801803727e-07,
      0.002744139374492917
    ],
    [
      3.3099754353815245e-07,
      3.449493893238171e-08,
      0.01698771135231381
    ],
    [
      -0.002915045437398023,
      -0.017454062553876888,
      1.0
    ]
  ],
  "E": [
    [
      -0.0014957945288963238,
      -0.32799635297817825,
      -0.12538471631476167
    ],
    [
      0.31900877835011704,
      -0.005093278961186974,
      -0.6178828910561881
    ],
    [
      0.12787883020413823,
      0.6137777042756624,
      -0.006852244242805338
    ]
  ],
  "R": [
    [
      0.9999173726745363,
      0.00035222592607447867,
      -0.012850049048506451
    ],
    [
      -0.00046123192118033285,
      0.9999639297479184,
      -0.008480947365437988
    ],
    [
      0.012846598334458337,
      0.008486173460249796,
      0.999881467860684
    ]
  ],
  "t": [
    [
      -0.8679802163026583
    ],
    [
      0.18126329349894646
    ],
    [
      -0.46233533559214907
    ]
  ]
}