{
  "image_1": "frame_047",
  "image_2": "frame_048",
  "num_matches": 500,
  "inlier_count": 260,
  "inlier_ratio": 0.52,
  "reproj_rmse": 0.8375,
  "F": [
    [
      -2.1758519032744357e-09,
      2.4274667695124615e-07,
      0.0011591981326309706
    ],
    [
      -2.7762518412789047e-07,
      4.568609296224772e-08,
      0.01626511067702924
    ],
    [
      -0.0012076051308401072,
      -0.016187926672297053,
      1.0
    ]
  ],
  "E": [
    [
      -0.0019588700219813292,
      -0.2957898966340521,
      0.027147095520177536
    ],
    [
      0.2978342694234308,
      -0.015104645818055608,
      -0.6407989084529502
    ],
    [
      -0.01692318596931476,
      0.6416765531415037,
      -0.013255133518337283
    ]
  ],
  "R": [
    [
      0.9999763511616323,
      -0.006388674053013927,
      0.0025459696211957983
    ],
    [
      0.006439719982925588,
      0.9997676134583061,
      -0.020573018408212754
    ],
    [
      -0.002413943663223339,
      0.020588927211671222,
      0.9997851113875742
    ]
  ],
  "t": [
    [
      -0.907488330959881
    ],
    [
      -0.02977767308802034
    ],
    [
      -0.4190205476550194
    ]
  ]
}