{
  "image_1": "frame_085",
  "image_2": "frame_086",
  "num_matches": 500,
  "inlier_count": 268,
  "inlier_ratio": 0.536,
  "reproj_rmse": 2.5082,
  "F": [
    [
      4.3376065685845563e-08,
      -8.008025299100856e-07,
      0.0044651643235843865
    ],
    [
      8.102320743501569e-07,
      1.1220020483742684e-08,
      -0.0008166146429973209
    ],
    [
      -0.004711130973512954,
      0.0006009687679949315,
      1.0
    ]
  ],
  "E": [
    [
      -0.006019847105104157,
      -0.35754713673068206,
      -0.48028124035138176
    ],
    [
      0.3421690693379916,
      0.0017374667725532688,
      -0.38496948387484525
    ],
    [
      0.4775177769851385,
      0.3845358348145886,
      -0.01668852037783334
    ]
  ],
  "R": [
    [
      0.9995172912905644,
      0.01757968280056632,
      -0.02561521352251761
    ],
    [
      -0.017875766519586223,
      0.9997754952713732,
      -0.011376116482234355
    ],
    [
      0.02540947426669704,
      0.01182851670800672,
      0.999607145237557
    ]
  ],
  "t": [
    [
      -0.5318904710991978
    ],
    [
      0.685150794617835
    ],
    [
      -0.4976554183251928
    ]
  ]
}