{
  "image_1": "frame_069",
  "image_2": "frame_070",
  "num_matches": 500,
  "inlier_count": 284,
  "inlier_ratio": 0.568,
  "reproj_rmse": 1.1297,
  "F": [
    [
      -1.9582234723335625e-08,
      3.249103293778576e-07,
      0.0005812440070756797
    ],
    [
      -1.7937188452488123e-07,
      3.841731595664445e-09,
      -0.014853792735233065
    ],
    [
      -0.0011570007828764532,
      0.01428557284635753,
      0.9999999999999999
    ]
  ],
  "E": [
    [
      0.006784460749329659,
      -0.20564940199196563,
      0.0004568284420353686
    ],
    [
      0.21995856536770073,
      0.0034861134333557006,
      -0.6720160691316495
    ],
    [
      -0.021566061773225943,
      0.6761533171379391,
      -0.0037632335532267595
    ]
  ],
  "R": [
    [
      0.99923331126321,
      0.033011884770709855,
      0.021047686947640865
    ],
    [
      -0.03290118622770343,
      0.9994430087601587,
      -0.0055842801909157976
    ],
    [
      -0.021220311184582008,
      0.004887504918263602,
      0.9997628772308479
    ]
  ],
  "t": [
    [
      0.9567257557528827
    ],
    [
      -0.0009791459123362604
    ],
    [
      0.2909894663941596
    ]
  ]
}