{
  "image_1": "frame_046",
  "image_2": "frame_047",
  "num_matches": 500,
  "inlier_count": 303,
  "inlier_ratio": 0.606,
  "reproj_rmse": 0.6718,
  "F": [
    [
      2.5896258395095747e-08,
      1.1403790030571242e-06,
      -0.0012940031307461563
    ],
    [
      -1.218566634245916e-06,
      3.725048723735209e-08,
      0.016982442295836776
    ],
    [
      0.0009262780970755193,
      -0.017038809142798702,
      1.0
    ]
  ],
  "E": [
    [
      -0.0009644200290945821,
      -0.06664485782339939,
      -0.025362798353560114
    ],
    [
      0.0808072406981328,
      -0.004392411520390633,
      -0.701993469881522
    ],
    [
      0.04129239686732184,
      0.702752423898556,
      -0.0020723804016628765
    ]
  ],
  "R": [
    [
      0.9995451181679935,
      -0.022223473132296126,
      0.020388084472803394
    ],
    [
      0.02230313289582124,
      0.999744451373533,
      -0.0036881175231752664
    ],
    [
      -0.020300911545135136,
      0.004141158023006496,
      0.9997853388606301
    ]
  ],
  "t": [
    [
      0.9949012627184498
    ],
    [
      -0.03622332992670744
    ],
    [
      0.0941241085495892
    ]
  ]
}