{
  "image_1": "frame_040",
  "image_2": "frame_041",
  "num_matches": 500,
  "inlier_count": 241,
  "inlier_ratio": 0.482,
  "reproj_rmse": 0.4821,
  "F": [
    [
      -1.0909546696043239e-08,
      5.689234459516689e-07,
      -0.003253284047062014
    ],
    [
      -6.393178249143167e-07,
      -5.511271911393596e-09,
      0.0020811072371721886
    ],
    [
      0.002942751808899911,
      -0.0018050202437980627,
      1.0
    ]
  ],
  "E": [
    [
      -0.002866742433752908,
      -0.08141095787741161,
      -0.7022496808546924
    ],
    [
      0.04680323659269361,
      0.0006328458905009963,
      -0.014800828932872108
    ],
    [
      0.7046736967380811,
      0.03463084019583671,
      -0.005924652819184398
    ]
  ],
  "R": [
    [
      0.9995632300090702,
      0.028611680465276887,
      -0.007397361339522821
    ],
    [
      -0.02893936673358044,
      0.9983880838458457,
      -0.04882363247117223
    ],
    [
      0.005988511241862582,
      0.049016382726325955,
      0.9987800218053686
    ]
  ],
  "t": [
    [
      0.020465750158924344
    ],
    [
      -0.9975870809241939
    ],
    [
      0.06634130721939635
    ]
  ]
}