{
  "image_1": "frame_090",
  "image_2": "frame_091",
  "num_matches": 500,
  "inlier_count": 291,
  "inlier_ratio": 0.582,
  "reproj_rmse": 4.7136,
  "F": [
    [
      6.381833629305033e-08,
      5.699728072578402e-06,
      -0.0023471828355175407
    ],
    [
      -5.648186459373402e-06,
      2.4021713901907483e-08,
      0.007279041040338327
    ],
    [
      0.0018297146695533577,
      -0.008458674153369474,
      1.0
    ]
  ],
  "E": [
    [
      -0.01193955999338558,
      -0.6844286927798674,
      0.12750602615685463
    ],
    [
      0.678564163822771,
      -0.0020372637640347843,
      0.16283161729520887
    ],
    [
      -0.11491661684173624,
      -0.12233507572947593,
      -0.004208878864134581
    ]
  ],
  "R": [
    [
      0.9982855097129175,
      -0.006579438897564759,
      0.05816143121531697
    ],
    [
      0.007739587012350481,
      0.9997751048712786,
      -0.01974432760317582
    ],
    [
      -0.058018444395718544,
      0.020160621602929085,
      0.9981119223045503
    ]
  ],
  "t": [
    [
      -0.17410930302826383
    ],
    [
      0.16144590140902407
    ],
    [
      0.9714016530340268
    ]
  ]
}