{
  "image_1": "frame_102",
  "image_2": "frame_103",
  "num_matches": 500,
  "inlier_count": 310,
  "inlier_ratio": 0.62,
  "reproj_rmse": 0.5343,
  "F": [
    [
      1.3030243433423839e-08,
      -1.0697348795013773e-06,
      0.003751237326121732
    ],
    [
      1.228241938719223e-06,
      -9.535508099437326e-08,
      0.05360267920075651
    ],
    [
      -0.003661869852369666,
      -0.05371664742665002,
      0.9999999999999999
    ]
  ],
  "E": [
    [
      2.2507577215906362e-05,
      -0.0856123434679602,
      -0.06707047643197707
    ],
    [
      0.08098881343876241,
      -0.004117049542697199,
      -0.6991786852936047
    ],
    [
      0.06411543629116039,
      0.6990064640291016,
      -0.004927416888987915
    ]
  ],
  "R": [
    [
      0.9999694726879598,
      0.00497995392126295,
      -0.00602110879371176
    ],
    [
      -0.005018894180160063,
      0.999966477117345,
      -0.006469570521668413
    ],
    [
      0.005988688785699789,
      0.00649959233095109,
      0.9999609446904211
    ]
  ],
  "t": [
    [
      0.9881012876527593
    ],
    [
      -0.09563501484237631
    ],
    [
      0.1204565866819131
    ]
  ]
}