{
  "image_1": "frame_033",
  "image_2": "frame_034",
  "num_matches": 500,
  "inlier_count": 290,
  "inlier_ratio": 0.58,
  "reproj_rmse": 0.4593,
  "F": [
    [
      8.117361570671705e-09,
      -4.176901526525355e-06,
      0.006222404070772545
    ],
    [
      4.085064159397279e-06,
      -8.553315293741103e-09,
      -0.038654499918999996
    ],
    [
      -0.006278259226358224,
      0.038741930172815034,
      1.0
    ]
  ],
  "E": [
    [
      0.0005710572202520588,
      -0.2462674568949039,
      0.02825766932432695
    ],
    [
      0.2388218703412062,
      0.005232542889540619,
      -0.6648534884935292
    ],
    [
      -0.03076200151719559,
      0.6621824931636423,
      0.005304364465743915
    ]
  ],
  "R": [
    [
      0.9999402092055146,
      0.0010699885753137142,
      -0.010882699043912925
    ],
    [
      -0.000988233329726619,
      0.9999712735945822,
      0.007515010346978134
    ],
    [
      0.01089042739830276,
      -0.007503806372624584,
      0.999912541916044
    ]
  ],
  "t": [
    [
      0.9365399272775559
    ],
    [
      0.042581065736354784
    ],
    [
      0.3479652532304147
    ]
  ]
}