{
  "image_1": "frame_038",
  "image_2": "frame_039",
  "num_matches": 500,
  "inlier_count": 275,
  "inlier_ratio": 0.55,
  "reproj_rmse": 0.8093,
  "F": [
    [
      3.880757241796748e-08,
      -2.8439866419242205e-08,
      0.009164061610804467
    ],
    [
      5.311045394838336e-08,
      -1.2830426148539273e-08,
      0.008891087088770396
    ],
    [
      -0.009396943476432627,
      -0.008980665600191813,
      1.0
    ]
  ],
  "E": [
    [
      -0.002892698731924349,
      -0.12759488826153217,
      -0.4401980043853573
    ],
    [
      0.12015667924840909,
      -0.0041361034216695295,
      -0.5393137562131584
    ],
    [
      0.4401010439763786,
      0.5393302361743446,
      -0.00753648442472504
    ]
  ],
  "R": [
    [
      0.9999723500458964,
      0.0020200657993735827,
      -0.007156708590761673
    ],
    [
      -0.002078250115230329,
      0.9999647754991263,
      -0.008131951637826804
    ],
    [
      0.007140029421887822,
      0.008146600220190786,
      0.9999413247209593
    ]
  ],
  "t": [
    [
      -0.76149444345193
    ],
    [
      0.6239966945677402
    ],
    [
      -0.1753691471165029
    ]
  ]
}