{
  "image_1": "frame_010",
  "image_2": "frame_011",
  "num_matches": 500,
  "inlier_count": 291,
  "inlier_ratio": 0.582,
  "reproj_rmse": 2.8212,
  "F": [
    [
      -6.121902214214659e-10,
      -5.218392978793555e-07,
      0.0014456314355144504
    ],
    [
      6.268103534257053e-07,
      -1.9721255438948044e-08,
      0.013964886794072312
    ],
    [
      -0.0017611897573181262,
      -0.014334359423486766,
      1.0
    ]
  ],
  "E": [
    [
      -0.0022435940125705702,
      -0.17936091136647714,
      -0.007351976422527233
    ],
    [
      0.16819337916110252,
      -0.002592202912947547,
      -0.6867662345837026
    ],
    [
      0.015597421857102004,
      0.6838005433713283,
      -0.0007226652161162917
    ]
  ],
  "R": [
    [
      0.9997974296111521,
      -0.011839104088210022,
      -0.016276834990930272
    ],
    [
      0.01182637804347809,
      0.9999296805771739,
      -0.0008778856437892
    ],
    [
      0.016286083792802247,
      0.0006852118061991168,
      0.999867138153602
    ]
  ],
  "t": [
    [
      -0.9672337651299401
    ],
    [
      0.010621364958135362
    ],
    [
      -0.25366519311680463
    ]
  ]
}