{
  "image_1": "frame_051",
  "image_2": "frame_052",
  "num_matches": 500,
  "inlier_count": 297,
  "inlier_ratio": 0.594,
  "reproj_rmse": 0.6123,
  "F": [
    [
      3.428679825019552e-09,
      -6.484342699502717e-07,
      -0.00014788650166589525
    ],
    [
      7.239460789380396e-07,
      1.586036369385721e-08,
      -0.015001225300449485
    ],
    [
      3.705939220902537e-05,
      0.014921784627740759,
      1.0
    ]
  ],
  "E": [
    [
      0.0011162214031214656,
      -0.03429826372868936,
      -0.057079933718644935
    ],
    [
      0.05007935209910156,
      0.01356439793199604,
      -0.7029405048179932
    ],
    [
      0.05761541323150284,
      0.7037095469420795,
      0.014842988603689435
    ]
  ],
  "R": [
    [
      0.9997807940344353,
      -0.0021264654071676548,
      0.02082887478349077
    ],
    [
      0.0017220323819846228,
      0.9998100151813822,
      0.019415667577489384
    ],
    [
      -0.020866204358953686,
      -0.01937554355047398,
      0.9995945127039134
    ]
  ],
  "t": [
    [
      0.99555438256446
    ],
    [
      -0.07978361095239397
    ],
    [
      0.05006043128154073
    ]
  ]
}