{
  "image_1": "frame_117",
  "image_2": "frame_118",
  "num_matches": 500,
  "inlier_count": 285,
  "inlier_ratio": 0.57,
  "reproj_rmse": 2.5012,
  "F": [
    [
      -7.455195211062817e-09,
      -2.3123092642291107e-07,
      -0.0006826949360371218
    ],
    [
      1.3467718010389587e-07,
      6.116308075353694e-08,
      -0.012405847413288332
    ],
    [
      0.0007886633209217649,
      0.012611670844725337,
      1.0
    ]
  ],
  "E": [
    [
      0.0012008082388657228,
      -0.1301638628729591,
      0.02433573041044142
    ],
    [
      0.10695364196413693,
      0.029541434166343812,
      -0.6977108482844574
    ],
    [
      -0.031162385537134445,
      0.6938830082118349,
      0.030112622829449112
    ]
  ],
  "R": [
    [
      0.9994958285446489,
      0.0033170619743892876,
      -0.031576665778761864
    ],
    [
      -0.0019889691178820654,
      0.9991157075962793,
      0.04199817658225254
    ],
    [
      0.031688053327613624,
      -0.041914197287364466,
      0.9986185795097458
    ]
  ],
  "t": [
    [
      -0.9823071811678393
    ],
    [
      -0.042137734257703924
    ],
    [
      -0.182474691882794
    ]
  ]
}