{
  "image_1": "frame_049",
  "image_2": "frame_050",
  "num_matches": 500,
  "inlier_count": 269,
  "inlier_ratio": 0.538,
  "reproj_rmse": 0.4709,
  "F": [
    [
      4.418709877028806e-09,
      -3.6580251300598515e-07,
      -0.000927463713810198
    ],
    [
      4.484878302158705e-07,
      9.683116807040804e-08,
      -0.021809405464484902
    ],
    [
      0.0008280660171001543,
      0.02141862688585228,
      1.0
    ]
  ],
  "E": [
    [
      -0.0007772972208948676,
      0.08343968077180441,
      0.04514117204567406
    ],
    [
      -0.09827399705074738,
      -0.006201168503450476,
      0.698808543345067
    ],
    [
      -0.04553149001952729,
      -0.700602279671834,
      -0.007294241846184299
    ]
  ],
  "R": [
    [
      0.9997861104948886,
      -0.001831249323654402,
      0.020600480271519506
    ],
    [
      0.0016439608027352323,
      0.999957199744796,
      0.009104727970956418
    ],
    [
      -0.02061627159264555,
      -0.009068914183112575,
      0.9997463298963182
    ]
  ],
  "t": [
    [
      0.9909586167626504
    ],
    [
      -0.06277558061545185
    ],
    [
      0.11857590962015645
    ]
  ]
}