{
  "image_1": "frame_112",
  "image_2": "frame_113",
  "num_matches": 500,
  "inlier_count": 317,
  "inlier_ratio": 0.634,
  "reproj_rmse": 1.1257,
  "F": [
    [
      -5.943978064525351e-09,
      4.277527631794606e-07,
      -0.0010973862232672332
    ],
    [
      -3.446977253176972e-07,
      3.7698671752332e-08,
      0.017215806892025457
    ],
    [
      0.0011144075313237304,
      -0.01747814567164598,
      1.0
    ]
  ],
  "E": [
    [
      0.0017483239328231921,
      -0.0019514850570144645,
      0.07676702885359284
    ],
    [
      -0.012468062917512193,
      -0.012329937052238922,
      -0.7027114450138988
    ],
    [
      -0.08243809420353279,
      0.702198590844927,
      -0.01049776623044649
    ]
  ],
  "R": [
    [
      0.9997152575061611,
      0.007742694015665297,
      -0.022571100964950876
    ],
    [
      -0.008136288755181603,
      0.9998155271670259,
      -0.017398633308817153
    ],
    [
      0.0224322249160116,
      0.01757732417355252,
      0.9995938339946957
    ]
  ],
  "t": [
    [
      -0.994082449649414
    ],
    [
      -0.10852783150741536
    ],
    [
      -0.004668306686416491
    ]
  ]
}