{
  "image_1": "frame_096",
  "image_2": "frame_097",
  "num_matches": 500,
  "inlier_count": 270,
  "inlier_ratio": 0.54,
  "reproj_rmse": 0.8872,
  "F": [
    [
      7.982795744450375e-09,
      2.541314123910467e-07,
      0.0011787876388066377
    ],
    [
      -2.043413390545503e-07,
      3.7994227255481276e-08,
      0.007809609924895575
    ],
    [
      -0.0012797407587810748,
      -0.008015072419269033,
      1.0
    ]
  ],
  "E": [
    [
      -0.0015067640763410117,
      -0.3192625647284507,
      -0.12071170199860891
    ],
    [
      0.3026298203286155,
      -0.016299424803300107,
      -0.6255807226592116
    ],
    [
      0.12717410312257232,
      0.619452467017622,
      -0.02003741656277426
    ]
  ],
  "R": [
    [
      0.9997701658101488,
      0.0032913295914593077,
      -0.021184492098422547
    ],
    [
      -0.0038824415109123267,
      0.9996025463644549,
      -0.027922678052300295
    ],
    [
      0.021084169508474526,
      0.027998508017721926,
      0.9993855819176697
    ]
  ],
  "t": [
    [
      -0.8757828833970541
    ],
    [
      0.1832936443858856
    ],
    [
      -0.4465509837369998
    ]
  ]
}