{
  "image_1": "frame_081",
  "image_2": "frame_082",
  "num_matches": 500,
  "inlier_count": 306,
  "inlier_ratio": 0.612,
  "reproj_rmse": 1.7657,
  "F": [
    [
      -8.783153447531356e-09,
      4.5028694991538516e-07,
      0.0013110105201702828
    ],
    [
      -3.494524866003346e-07,
      -1.5204433426301826e-08,
      -0.01909774660822326
    ],
    [
      -0.0013528490624898253,
      0.018796585834715364,
      1.0
    ]
  ],
  "E": [
    [
      -0.0005653433502949052,
      -0.08591475351528295,
      0.04386747081790318
    ],
    [
      0.09415545393662912,
      0.009485128970032527,
      -0.6992974492594788
    ],
    [
      -0.045057675978132684,
      0.7004369665821839,
      0.008927624630263925
    ]
  ],
  "R": [
    [
      0.9999201856063358,
      -0.00012917253634173176,
      0.012633516194898636
    ],
    [
      -4.211376695283098e-05,
      0.9999081003841169,
      0.013556880638903188
    ],
    [
      -0.012634106356270242,
      -0.013556330649651723,
      0.9998282878854229
    ]
  ],
  "t": [
    [
      0.9906502718107462
    ],
    [
      0.06368453938538694
    ],
    [
      0.1206495686049719
    ]
  ]
}