{
  "image_1": "frame_105",
  "image_2": "frame_106",
  "num_matches": 500,
  "inlier_count": 270,
  "inlier_ratio": 0.54,
  "reproj_rmse": 2.862,
  "F": [
    [
      6.341395108405205e-08,
      2.54869166266881e-06,
      0.003231288952006758
    ],
    [
      -1.8411205025985038e-06,
      6.429739494801142e-08,
      0.11038710209164558
    ],
    [
      -0.0052200408367525306,
      -0.11296688780401302,
      1.0
    ]
  ],
  "E": [
    [
      -0.001719887935170573,
      -0.17511693207961593,
      -0.014588450494917764
    ],
    [
      0.16352799282763408,
      0.008213771549931444,
      -0.6877817836821545
    ],
    [
      0.018042115382492712,
      0.6847278707717331,
      0.00937292970684042
    ]
  ],
  "R": [
    [
      0.9998156114924792,
      -0.008380215262116436,
      -0.01727758687087841
    ],
    [
      0.008622401841728869,
      0.9998649457357102,
      0.013990871145312849
    ],
    [
      0.0171580069471923,
      -0.014137265686319726,
      0.9997528397141537
    ]
  ],
  "t": [
    [
      -0.9686261189919164
    ],
    [
      0.017166685975083588
    ],
    [
      -0.24792891420584773
    ]
  ]
}