{
  "image_1": "frame_067",
  "image_2": "frame_068",
  "num_matches": 500,
  "inlier_count": 270,
  "inlier_ratio": 0.54,
  "reproj_rmse": 1.7305,
  "F": [
    [
      -9.498524835141098e-09,
      -5.485216353776802e-07,
      0.0037806863660139124
    ],
    [
      6.686923761622334e-07,
      4.914713438489384e-08,
      -0.021020733788056488
    ],
    [
      -0.004249112957861459,
      0.020544914645202104,
      1.0
    ]
  ],
  "E": [
    [
      -0.0012648684042434377,
      0.13745737388426496,
      -0.11067929347210072
    ],
    [
      -0.14551081227813334,
      -0.0023132544305477453,
      0.6830719871492874
    ],
    [
      0.12333073353059876,
      -0.6825500291087426,
      0.0016926711903071268
    ]
  ],
  "R": [
    [
      0.9997579557736915,
      0.01862673754672836,
      0.011707882625587751
    ],
    [
      -0.018621211825298106,
      0.9998264415039538,
      -0.0005808095196076918
    ],
    [
      -0.011716669209574454,
      0.00036265397562029733,
      0.9999312917119494
    ]
  ],
  "t": [
    [
      0.9683532046410316
    ],
    [
      0.15642194690018268
    ],
    [
      0.1944845638846457
    ]
  ]
}