{
  "image_1": "frame_066",
  "image_2": "frame_067",
  "num_matches": 500,
  "inlier_count": 276,
  "inlier_ratio": 0.552,
  "reproj_rmse": 2.0172,
  "F": [
    [
      -2.20633814408832e-08,
      -1.6051304248643199e-07,
      0.0037112007541739095
    ],
    [
      2.9152281085719447e-07,
      6.597296989516621e-08,
      -0.022751019611336736
    ],
    [
      -0.003800094849358346,
      0.022246573159778543,
      1.0
    ]
  ],
  "E": [
    [
      0.0013243479977207127,
      0.0770259575544956,
      -0.11734272980064628
    ],
    [
      -0.08368413100463475,
      -0.0061106857604815,
      0.6921193970156864
    ],
    [
      0.11790722487325257,
      -0.6930374799319351,
      -0.004820318722425524
    ]
  ],
  "R": [
    [
      0.9999381992988358,
      -0.000260603978152224,
      0.011114390157292889
    ],
    [
      0.00016226122411211463,
      0.9999608405643501,
      0.008848220676110397
    ],
    [
      -0.011116260805554293,
      -0.008845870415316214,
      0.9998990845691871
    ]
  ],
  "t": [
    [
      0.9800978846300267
    ],
    [
      0.166915343885325
    ],
    [
      0.10745885035394008
    ]
  ]
}