{
  "image_1": "frame_003",
  "image_2": "frame_004",
  "num_matches": 500,
  "inlier_count": 327,
  "inlier_ratio": 0.654,
  "reproj_rmse": 0.3271,
  "F": [
    [
      6.452509765375183e-08,
      1.2088368501411125e-05,
      -0.0223673339925979
    ],
    [
      -1.2026930870807028e-05,
      2.4616495165080743e-07,
      -0.05179102378001164
    ],
    [
      0.022553693881729713,
      0.0508554158967604,
      1.0
    ]
  ],
  "E": [
    [
      0.000673448131590853,
      0.16046846211677518,
      -0.11902239936065477
    ],
    [
      -0.16014337265711404,
      0.003909051251528325,
      -0.6782274093890118
    ],
    [
      0.12280951696867261,
      0.6777443454044035,
      0.003148501864276099
    ]
  ],
  "R": [
    [
      0.9999899333029395,
      -0.004471674787652813,
      -0.0003706984975921368
    ],
    [
      0.004473370506792612,
      0.9999789151392019,
      0.004707253268532607
    ],
    [
      0.0003496413757057837,
      -0.004708864153765965,
      0.9999888521125073
    ]
  ],
  "t": [
    [
      0.9592529255456121
    ],
    [
      -0.16938949593287722
    ],
    [
      -0.2261438115443138
    ]
  ]
}