{
  "image_1": "frame_015",
  "image_2": "frame_016",
  "num_matches": 500,
  "inlier_count": 273,
  "inlier_ratio": 0.546,
  "reproj_rmse": 4.489,
  "F": [
    [
      1.6234877279339396e-08,
      -1.4111508161966383e-06,
      0.002873455538561979
    ],
    [
      1.6527638491358233e-06,
      -5.0469101147873036e-08,
      0.02767816442786427
    ],
    [
      -0.003096201530563754,
      -0.028562802484716723,
      1.0
    ]
  ],
  "E": [
    [
      0.0017764862303737152,
      -0.22880106846905307,
      0.030532277473929937
    ],
    [
      0.21685025497945506,
      0.0027007143171153833,
      -0.6723123595400534
    ],
    [
      -0.03463742916002779,
      0.6681881344903868,
      0.002079637227336312
    ]
  ],
  "R": [
    [
      0.9998285208862947,
      0.0053991876566569855,
      -0.017713768514112993
    ],
    [
      -0.005359480298174041,
      0.9999830196439979,
      0.002288316980907222
    ],
    [
      0.01772582278081608,
      -0.002192987988981914,
      0.9998404802819418
    ]
  ],
  "t": [
    [
      -0.9452139389538726
    ],
    [
      -0.0439263990604443
    ],
    [
      -0.32348273690088525
    ]
  ]
}