{
  "image_1": "frame_059",
  "image_2": "frame_060",
  "num_matches": 500,
  "inlier_count": 268,
  "inlier_ratio": 0.536,
  "reproj_rmse": 4.0539,
  "F": [
    [
      -4.2138792747341586e-10,
      -1.3875417349375841e-08,
      -0.0014953327762019931
    ],
    [
      1.972950234454421e-08,
      -2.4092578845943306e-08,
      0.011567399319690573
    ],
    [
      0.00143707294659235,
      -0.011456255813128187,
      1.0
    ]
  ],
  "E": [
    [
      -0.0004773314969123497,
      0.41622507895088123,
      0.10434113632720039
    ],
    [
      -0.40499215805990735,
      -0.012630069210762465,
      -0.5680819803737034
    ],
    [
      -0.11275477036929551,
      0.5621580991361701,
      -0.01545034782458052
    ]
  ],
  "R": [
    [
      0.9998807072706843,
      -0.002667169466929159,
      0.015213725214816953
    ],
    [
      0.0030378162173275436,
      0.9996978601156453,
      -0.024391805034266176
    ],
    [
      -0.015144071464008702,
      0.02443511177045428,
      0.9995867058000808
    ]
  ],
  "t": [
    [
      -0.7948199583263174
    ],
    [
      -0.16189315511411315
    ],
    [
      0.5848519814220935
    ]
  ]
}