{
  "image_1": "frame_108",
  "image_2": "frame_109",
  "num_matches": 500,
  "inlier_count": 316,
  "inlier_ratio": 0.632,
  "reproj_rmse": 2.3251,
  "F": [
    [
      5.945781564040049e-09,
      1.395410871386314e-07,
      -0.00021105445114592936
    ],
    [
      -1.1835136362925072e-07,
      1.3594459372495351e-08,
      0.002489785814692186
    ],
    [
      2.5400627613812128e-05,
      -0.0025055344386881676,
      1.0
    ]
  ],
  "E": [
    [
      -0.02786672523447869,
      -0.6568861192857381,
      0.06501605982366906
    ],
    [
      0.6855317675124687,
      -0.01162352162542699,
      0.17294594458371484
    ],
    [
      -0.009706343945701402,
      -0.25055351644428503,
      0.025029899966757564
    ]
  ],
  "R": [
    [
      0.9919038835070202,
      -0.05347917545225319,
      -0.11518100397477998
    ],
    [
      0.042017461669174264,
      0.9941263126850852,
      -0.09973669004952622
    ],
    [
      0.11983830271899998,
      0.09408959676873363,
      0.9883248094535149
    ]
  ],
  "t": [
    [
      0.35636213008687195
    ],
    [
      0.0012567637984811097
    ],
    [
      -0.9343470729791484
    ]
  ]
}