{
  "image_1": "frame_077",
  "image_2": "frame_078",
  "num_matches": 500,
  "inlier_count": 298,
  "inlier_ratio": 0.596,
  "reproj_rmse": 1.444,
  "F": [
    [
      -2.0645491552354726e-08,
      1.2850472955855877e-06,
      0.0018964046672569775
    ],
    [
      -9.980837504009133e-07,
      -4.366825028250667e-08,
      -0.046037392188818256
    ],
    [
      -0.0021469610410139515,
      0.04506148086430467,
      0.9999999999999999
    ]
  ],
  "E": [
    [
      -0.0008463981289236518,
      -0.08979844760657228,
      0.09945625788628189
    ],
    [
      0.09677495872632645,
      -0.0014592392446473635,
      -0.6933836603035419
    ],
    [
      -0.10016984422126439,
      0.6941577832555157,
      -0.0025548087594879994
    ]
  ],
  "R": [
    [
      0.9999517977811265,
      0.00134659484354277,
      0.00972567718056816
    ],
    [
      -0.0013243884385112925,
      0.9999965024169485,
      -0.0022893556153773323
    ],
    [
      -0.009728725998671778,
      0.0022763646889418163,
      0.9999500837813085
    ]
  ],
  "t": [
    [
      0.9818798044413216
    ],
    [
      0.14036792802305487
    ],
    [
      0.12731415637228338
    ]
  ]
}