{
  "image_1": "frame_122",
  "image_2": "frame_123",
  "num_matches": 500,
  "inlier_count": 281,
  "inlier_ratio": 0.562,
  "reproj_rmse": 0.4774,
  "F": [
    [
      6.496447254766427e-09,
      6.189848608440661e-07,
      0.0009479162696860362
    ],
    [
      -5.107174831830655e-07,
      4.098324707977505e-08,
      0.02391051130809127
    ],
    [
      -0.0010684672760552885,
      -0.024170234939020038,
      1.0
    ]
  ],
  "E": [
    [
      -0.0005565074908527548,
      -0.00589390718336784,
      -0.03284206646219839
    ],
    [
      -0.006633270213382542,
      -0.006294614367059056,
      -0.7062818790555415
    ],
    [
      0.031221033505045237,
      0.7063617829016795,
      -0.006849410549532224
    ]
  ],
  "R": [
    [
      0.9998472109812394,
      0.0022128458733430972,
      -0.01733949267359416
    ],
    [
      -0.0023672570906862755,
      0.999957683625999,
      -0.00888971603554689
    ],
    [
      0.017319087357692737,
      0.008929404821536984,
      0.9998101394478002
    ]
  ],
  "t": [
    [
      -0.9988857300292351
    ],
    [
      0.046524936840784625
    ],
    [
      -0.007920138630287663
    ]
  ]
}