{
  "image_1": "frame_053",
  "image_2": "frame_054",
  "num_matches": 500,
  "inlier_count": 274,
  "inlier_ratio": 0.548,
  "reproj_rmse": 0.4393,
  "F": [
    [
      -2.5179767452123807e-08,
      3.455094563723803e-06,
      0.007842997644183962
    ],
    [
      -2.527108029386468e-06,
      -8.017078070665457e-07,
      -0.17610521597913756
    ],
    [
      -0.0070336176154215625,
      0.17498695013414964,
      1.0
    ]
  ],
  "E": [
    [
      -0.0014410792173386356,
      -0.08386402357863923,
      0.041859627404476574
    ],
    [
      0.09479519740102839,
      0.0025106811581906315,
      -0.699443216470626
    ],
    [
      -0.03581904229706857,
      0.7012195643622325,
      0.002719036788632336
    ]
  ],
  "R": [
    [
      0.9998314236809878,
      -0.009269711458325086,
      0.015849185137682964
    ],
    [
      0.00919412366528001,
      0.9999460419270721,
      0.00483542391210545
    ],
    [
      -0.015893152930639254,
      -0.0046888894059916465,
      0.9998627015776025
    ]
  ],
  "t": [
    [
      0.9911735674779293
    ],
    [
      0.05977882505509112
    ],
    [
      0.11832772797661428
    ]
  ]
}