{
  "image_1": "frame_101",
  "image_2": "frame_102",
  "num_matches": 500,
  "inlier_count": 273,
  "inlier_ratio": 0.546,
  "reproj_rmse": 0.5834,
  "F": [
    [
      -8.491095107304741e-08,
      8.160600185329692e-06,
      -0.01896503310329018
    ],
    [
      -8.216550440172963e-06,
      1.198102798676336e-07,
      -0.12523120416574704
    ],
    [
      0.017790807572521442,
      0.1244824361952946,
      0.9999999999999999
    ]
  ],
  "E": [
    [
      0.0002627340155627516,
      -0.027194102872873358,
      -0.08806218101703742
    ],
    [
      0.02672256197632794,
      -0.0028267440719312665,
      -0.7010719881910272
    ],
    [
      0.08103600307395237,
      0.7019294271903347,
      -0.0031130431412869433
    ]
  ],
  "R": [
    [
      0.9999481173902058,
      0.010185103183759689,
      -0.00016186698069960842
    ],
    [
      -0.010185719244885594,
      0.9999383553346982,
      -0.004420028733284622
    ],
    [
      0.00011683855374004098,
      0.004421448142278835,
      0.9999902185247
    ]
  ],
  "t": [
    [
      0.9914690756794162
    ],
    [
      -0.12470751038363863
    ],
    [
      0.03790921821033596
    ]
  ]
}