{
  "image_1": "frame_016",
  "image_2": "frame_017",
  "num_matches": 500,
  "inlier_count": 273,
  "inlier_ratio": 0.546,
  "reproj_rmse": 4.1677,
  "F": [
    [
      1.485910849152782e-08,
      -1.717179635615712e-06,
      0.004323525085704533
    ],
    [
      1.9731954348899315e-06,
      -8.092778644072344e-08,
      0.03612671987723059
    ],
    [
      -0.004760284817636048,
      -0.037155105890263745,
      1.0
    ]
  ],
  "E": [
    [
      -0.00023614196208062327,
      -0.19037098703424163,
      -0.004895352260404366
    ],
    [
      0.17707584165981055,
      0.004660273200087444,
      -0.6845507849937382
    ],
    [
      0.004152469978985776,
      0.6809610782796592,
      0.004720682019966505
    ]
  ],
  "R": [
    [
      0.9998091998179818,
      -0.0007382483430800448,
      -0.019519706675848292
    ],
    [
      0.0008757011030016129,
      0.9999748767409514,
      0.0070341335285536676
    ],
    [
      0.019514023339778502,
      -0.007049884843262431,
      0.9997847278373436
    ]
  ],
  "t": [
    [
      -0.9630523008215468
    ],
    [
      0.005030093142329715
    ],
    [
      -0.26926745819965786
    ]
  ]
}