{
  "image_1": "frame_045",
  "image_2": "frame_046",
  "num_matches": 500,
  "inlier_count": 276,
  "inlier_ratio": 0.552,
  "reproj_rmse": 0.7711,
  "F": [
    [
      6.281005530024646e-08,
      2.4550470834642118e-06,
      -0.0040788458880018155
    ],
    [
      -2.0245625097484823e-06,
      2.763745734912344e-08,
      -0.020403988136217657
    ],
    [
      0.0035674797043535322,
      0.01816986407458828,
      1.0
    ]
  ],
  "E": [
    [
      -0.002387712492134501,
      -0.15592874175891033,
      -0.008192465254161306
    ],
    [
      0.18480527737518107,
      -0.017907682003035868,
      -0.6821977529495707
    ],
    [
      0.02423540486557114,
      0.689172167685338,
      -0.014153745956749729
    ]
  ],
  "R": [
    [
      0.9989304473548039,
      -0.01754414095785757,
      0.04278042152179112
    ],
    [
      0.018465484560466202,
      0.9996039220545564,
      -0.021237346658553667
    ],
    [
      -0.042390886136981,
      0.02200459341135903,
      0.9988587540995586
    ]
  ],
  "t": [
    [
      0.9753085766418721
    ],
    [
      -0.01628190714367674
    ],
    [
      0.2202454989973011
    ]
  ]
}