{
  "image_1": "frame_065",
  "image_2": "frame_066",
  "num_matches": 500,
  "inlier_count": 300,
  "inlier_ratio": 0.6,
  "reproj_rmse": 3.0504,
  "F": [
    [
      -2.8844348200192308e-08,
      -5.54320924638691e-07,
      0.003612628352594797
    ],
    [
      6.850709903354943e-07,
      5.4903294990991034e-08,
      -0.019281496594114923
    ],
    [
      -0.0035111119965133904,
      0.018998186009303135,
      1.0
    ]
  ],
  "E": [
    [
      -0.0018708207446896464,
      -0.07545164597035295,
      0.10484034888281035
    ],
    [
      0.08007274774520291,
      0.01428498890248622,
      -0.6942972204689818
    ],
    [
      -0.09875248761676142,
      0.696200636611801,
      0.014153938557726746
    ]
  ],
  "R": [
    [
      0.9998890186084102,
      -0.011297048874698734,
      0.009712216689955713
    ],
    [
      0.011082708436622818,
      0.9996999019199125,
      0.021846731449506763
    ],
    [
      -0.009956105665311105,
      -0.021736669203000505,
      0.9997141557324976
    ]
  ],
  "t": [
    [
      0.9831704332375298
    ],
    [
      0.1505700090299187
    ],
    [
      0.10346289957399427
    ]
  ]
}