{
  "image_1": "frame_055",
  "image_2": "frame_056",
  "num_matches": 500,
  "inlier_count": 296,
  "inlier_ratio": 0.592,
  "reproj_rmse": 0.4388,
  "F": [
    [
      3.7361474062195054e-08,
      1.5352093992233722e-06,
      -0.0022068537152869208
    ],
    [
      -1.6853751795538495e-06,
      4.454860980146595e-08,
      0.03776462962749017
    ],
    [
      0.0014536314647212265,
      -0.03769161240477193,
      1.0
    ]
  ],
  "E": [
    [
      0.0011518174613848163,
      0.04580525599067669,
      -0.013195389894027479
    ],
    [
      -0.04072141021503636,
      0.0044625655862539845,
      -0.7057915021707327
    ],
    [
      0.02970837410151929,
      0.7049900674224161,
      0.0036136673557317246
    ]
  ],
  "R": [
    [
      0.9997081417341246,
      -0.023122101788860906,
      0.006999982812027725
    ],
    [
      0.02308746636375091,
      0.9997210006617373,
      0.0049889610939712024
    ],
    [
      -0.00711338508769032,
      -0.004825893156718335,
      0.9999630545714349
    ]
  ],
  "t": [
    [
      -0.9977238430805478
    ],
    [
      0.018984610718550322
    ],
    [
      0.06470484915713362
    ]
  ]
}