{
  "image_1": "frame_114",
  "image_2": "frame_115",
  "num_matches": 500,
  "inlier_count": 285,
  "inlier_ratio": 0.57,
  "reproj_rmse": 2.8432,
  "F": [
    [
      -3.290122811173764e-09,
      8.401689125109574e-08,
      0.00025044428064021734
    ],
    [
      -7.067425176653538e-08,
      3.7240544403937174e-09,
      -0.0045453492564185545
    ],
    [
      -0.0003675869324655037,
      0.004490767730584349,
      0.9999999999999999
    ]
  ],
  "E": [
    [
      -0.005214845341591391,
      0.16260296980935898,
      0.11016663107865053
    ],
    [
      -0.16128772524224422,
      0.027484260742618255,
      -0.6802375410115346
    ],
    [
      -0.11976887940249031,
      0.6757461722374547,
      0.030441618276879114
    ]
  ],
  "R": [
    [
      0.9996330500570745,
      0.025010569742829003,
      0.010403683709594436
    ],
    [
      -0.025467455647859516,
      0.9985989030937072,
      0.04638576767575176
    ],
    [
      -0.00922897266300629,
      -0.04663370177439892,
      0.9988694228588649
    ]
  ],
  "t": [
    [
      0.9606210418125517
    ],
    [
      0.14496739559254934
    ],
    [
      -0.23704781847146592
    ]
  ]
}