{
  "image_1": "frame_020",
  "image_2": "frame_021",
  "num_matches": 500,
  "inlier_count": 304,
  "inlier_ratio": 0.608,
  "reproj_rmse": 0.3778,
  "F": [
    [
      1.6638974864237192e-09,
      -1.7909234496343457e-07,
      0.0007853949793555996
    ],
    [
      2.2449284871152179e-07,
      5.828990603462714e-08,
      0.037705892830549245
    ],
    [
      -0.0006279534539691185,
      -0.037943634526267714,
      1.0
    ]
  ],
  "E": [
    [
      -2.8129313344127603e-05,
      0.0027473245991558133,
      -0.00936653050836918
    ],
    [
      -0.003911225734292755,
      -0.0070250175293965315,
      -0.7069993897825135
    ],
    [
      0.005858185298789126,
      0.7070419580152725,
      -0.007020333509122806
    ]
  ],
  "R": [
    [
      0.9999867357732921,
      0.00490745090836555,
      -0.001563714506432156
    ],
    [
      -0.004922709961064177,
      0.9999387919799149,
      -0.009908542798396614
    ],
    [
      0.0015149931072066698,
      0.009916109082215572,
      0.9999496865225542
    ]
  ],
  "t": [
    [
      0.999904714982907
    ],
    [
      -0.013207141183518482
    ],
    [
      -0.004016513003815981
    ]
  ]
}