{
  "image_1": "frame_099",
  "image_2": "frame_100",
  "num_matches": 500,
  "inlier_count": 312,
  "inlier_ratio": 0.624,
  "reproj_rmse": 0.7713,
  "F": [
    [
      8.915506794772788e-09,
      -9.341849933572035e-07,
      0.001618235252436701
    ],
    [
      1.0049482726393514e-06,
      -1.5217387139987806e-08,
      0.02108074535373252
    ],
    [
      -0.0014992148742060802,
      -0.021154366177328028,
      1.0
    ]
  ],
  "E": [
    [
      0.00039934557777190026,
      -0.06877091946287107,
      -0.03744519737654891
    ],
    [
      0.06500264455443155,
      -0.01176018307169678,
      -0.7029530872992612
    ],
    [
      0.03276184864291083,
      0.7029456714740537,
      -0.012474531400015233
    ]
  ],
  "R": [
    [
      0.9999552662047,
      0.008288194289667108,
      -0.00455756787153587
    ],
    [
      -0.008366767592807148,
      0.9998118520810455,
      -0.01750021823626512
    ],
    [
      0.004411665165773973,
      0.01753756749625446,
      0.9998364720977024
    ]
  ],
  "t": [
    [
      0.9938493430623903
    ],
    [
      -0.0546500018568802
    ],
    [
      0.09631646064665196
    ]
  ]
}