{
  "image_1": "frame_071",
  "image_2": "frame_072",
  "num_matches": 500,
  "inlier_count": 255,
  "inlier_ratio": 0.51,
  "reproj_rmse": 4.3806,
  "F": [
    [
      2.363879990811795e-09,
      -9.660846548257409e-08,
      -0.0003555398194359635
    ],
    [
      2.9427277553331994e-08,
      -2.931839404315064e-08,
      0.012269824597719555
    ],
    [
      0.0003939599564010363,
      -0.011866149106364937,
      1.0
    ]
  ],
  "E": [
    [
      -0.001384197728827338,
      -0.3368470700036121,
      0.0337891251257562
    ],
    [
      0.3536809814748478,
      -0.021622439588949927,
      -0.6115089289577526
    ],
    [
      -0.020845993180763443,
      0.620472381901859,
      -0.021655520528483917
    ]
  ],
  "R": [
    [
      0.9996652969447127,
      -0.0015172765360668902,
      0.02582618741417897
    ],
    [
      0.0023941004948838662,
      0.9994205298544346,
      -0.033953980448564056
    ],
    [
      -0.025759704331758004,
      0.0340044464356381,
      0.9990896532620813
    ]
  ],
  "t": [
    [
      0.8779412627845501
    ],
    [
      0.03159314020963841
    ],
    [
      0.47772482936515204
    ]
  ]
}