{
  "image_1": "frame_123",
  "image_2": "frame_124",
  "num_matches": 500,
  "inlier_count": 283,
  "inlier_ratio": 0.566,
  "reproj_rmse": 0.9085,
  "F": [
    [
      3.854949739088276e-09,
      1.315229932989637e-06,
      -0.0013396893795886162
    ],
    [
      -1.288266395573966e-06,
      6.997484730703353e-08,
      0.01265076808052133
    ],
    [
      0.001180080796488013,
      -0.012784046496620618,
      1.0
    ]
  ],
  "E": [
    [
      -0.00015870248841049639,
      -0.062370190153917315,
      -0.021974212242437584
    ],
    [
      0.061077159653416785,
      -0.015400826828542696,
      -0.7039094329515087
    ],
    [
      0.024825102944963165,
      0.7037902888165116,
      -0.01529434944369086
    ]
  ],
  "R": [
    [
      0.9999970713262798,
      -0.002159675878518518,
      -0.0010923090050139611
    ],
    [
      0.0021354786568463513,
      0.9997624961340312,
      -0.021688500518870196
    ],
    [
      0.0011388897088142474,
      0.02168610439776181,
      0.999764180097627
    ]
  ],
  "t": [
    [
      -0.9956174648829722
    ],
    [
      0.03298197401873771
    ],
    [
      -0.08751030230681825
    ]
  ]
}