{
  "image_1": "frame_054",
  "image_2": "frame_055",
  "num_matches": 500,
  "inlier_count": 289,
  "inlier_ratio": 0.578,
  "reproj_rmse": 0.4436,
  "F": [
    [
      -1.9319444780137256e-07,
      -1.4319852027201698e-05,
      0.013856780766903096
    ],
    [
      1.6118196885145368e-05,
      1.0750231531369276e-06,
      -0.5930963626040203
    ],
    [
      -0.0075665232713272995,
      0.5876936794561939,
      1.0
    ]
  ],
  "E": [
    [
      -0.0014891718132183103,
      -0.11752485323406892,
      -0.012329467557518252
    ],
    [
      0.12476804676876782,
      0.0027014282942835785,
      -0.6959104930479383
    ],
    [
      0.021117987900439818,
      0.6969227898862246,
      0.004533591298290066
    ]
  ],
  "R": [
    [
      0.9998535107506423,
      -0.013740007144392392,
      0.010206333488920943
    ],
    [
      0.013675809969467743,
      0.999886424174238,
      0.006333322487847464
    ],
    [
      -0.010292194192398157,
      -0.006192814846910997,
      0.9999278572892034
    ]
  ],
  "t": [
    [
      -0.9859347599809717
    ],
    [
      0.0163842886011918
    ],
    [
      -0.16632559679224518
    ]
  ]
}