{
  "image_1": "frame_093",
  "image_2": "frame_094",
  "num_matches": 500,
  "inlier_count": 268,
  "inlier_ratio": 0.536,
  "reproj_rmse": 0.6438,
  "F": [
    [
      -7.256203014627449e-08,
      -4.605505582411537e-06,
      0.007758952936381653
    ],
    [
      4.6518736344655015e-06,
      -1.1959564934505415e-07,
      0.003003974921325296
    ],
    [
      -0.007739433295888098,
      -0.0033412118790650523,
      1.0
    ]
  ],
  "E": [
    [
      -0.006606574512914233,
      -0.2642264717300546,
      -0.16751197446573166
    ],
    [
      0.2569298951829133,
      -0.011273077164608581,
      -0.6363318687809859
    ],
    [
      0.18237690253581176,
      0.6306352095157602,
      -0.007749879197543478
    ]
  ],
  "R": [
    [
      0.9997724039499816,
      -0.019472953557873318,
      -0.00871460726642359
    ],
    [
      0.01938662097871971,
      0.9997632062363107,
      -0.009883844551544702
    ],
    [
      0.008905011347694891,
      0.00971264823951161,
      0.9999131788495804
    ]
  ],
  "t": [
    [
      -0.8967502029226245
    ],
    [
      0.24058968999620828
    ],
    [
      -0.37142384768046316
    ]
  ]
}