{
  "image_1": "frame_043",
  "image_2": "frame_045",
  "num_matches": 500,
  "inlier_count": 283,
  "inlier_ratio": 0.566,
  "reproj_rmse": 1.3214,
  "F": [
    [
      9.700137077996726e-09,
      3.78800469034559e-07,
      -7.838045263869866e-05
    ],
    [
      -3.8759602986723574e-07,
      7.741079411667643e-10,
      0.006318597900749387
    ],
    [
      -0.00014231091907012901,
      -0.00626951757443362,
      1.0
    ]
  ],
  "E": [
    [
      -0.010533219778908521,
      -0.3882382910638421,
      -0.029329149376209483
    ],
    [
      0.38810594495706946,
      -0.032238844025806436,
      -0.5885910310592268
    ],
    [
      0.05971216518303885,
      0.5883604549041093,
      -0.02147893492386351
    ]
  ],
  "R": [
    [
      0.9996212496295762,
      -0.027350801840761347,
      0.0030481023066846746
    ],
    [
      0.02744416240308456,
      0.998952371433249,
      -0.03661936042425477
    ],
    [
      -0.002043340157134532,
      0.03668914344265446,
      0.9993246377001053
    ]
  ],
  "t": [
    [
      0.8346255227702835
    ],
    [
      -0.061563472635914294
    ],
    [
      0.5473665824449262
    ]
  ]
}