{
  "image_1": "frame_115",
  "image_2": "frame_116",
  "num_matches": 500,
  "inlier_count": 281,
  "inlier_ratio": 0.562,
  "reproj_rmse": 9.2938,
  "F": [
    [
      -9.363952377111094e-10,
      5.694023317095692e-08,
      1.3447864789354066e-05
    ],
    [
      -6.10818982159987e-08,
      1.1435299786992308e-08,
      -0.002936790079845897
    ],
    [
      -4.3269550420415845e-05,
      0.002998687119485307,
      0.9999999999999999
    ]
  ],
  "E": [
    [
      0.012814960354417504,
      -0.645383632231058,
      -0.029226045264770163
    ],
    [
      0.6523644730038641,
      -0.01596865236444451,
      0.2697325403425326
    ],
    [
      -0.03226869707514496,
      -0.2863668064927641,
      -0.028710953139340047
    ]
  ],
  "R": [
    [
      0.9994799891033003,
      0.02095582450340882,
      -0.02450723977621383
    ],
    [
      -0.018321135681254926,
      0.9944932719647581,
      0.10318656891368588
    ],
    [
      0.0265346447011357,
      -0.10268391030834428,
      0.9943600591306814
    ]
  ],
  "t": [
    [
      0.4061073314224776
    ],
    [
      -0.05310279059367685
    ],
    [
      -0.9122811677306936
    ]
  ]
}