{
  "image_1": "frame_062",
  "image_2": "frame_063",
  "num_matches": 500,
  "inlier_count": 318,
  "inlier_ratio": 0.636,
  "reproj_rmse": 0.6331,
  "F": [
    [
      -2.37138547263848e-09,
      3.4875459489327775e-07,
      -2.4128841766509747e-05
    ],
    [
      -3.4152757451429294e-07,
      2.383350444879764e-08,
      -0.006661956601901027
    ],
    [
      2.9638007910210996e-05,
      0.00664371742240939,
      0.9999999999999999
    ]
  ],
  "E": [
    [
      -0.0020681388346636687,
      0.39174735534370686,
      0.024740059598726976
    ],
    [
      -0.3978921763104564,
      0.023357894315291627,
      -0.5840191124583057
    ],
    [
      -0.010813963879310405,
      0.587533339968224,
      0.02575258302618961
    ]
  ],
  "R": [
    [
      0.9999421313719279,
      0.0058491648818408196,
      -0.009028907882520476
    ],
    [
      -0.005449529195566582,
      0.9990311868025648,
      0.04366910151818777
    ],
    [
      0.009275588332427254,
      -0.04361737115008439,
      0.9990052494331766
    ]
  ],
  "t": [
    [
      0.8317663876762793
    ],
    [
      0.010761141900118159
    ],
    [
      -0.5550215078327677
    ]
  ]
}