{
  "image_1": "frame_031",
  "image_2": "frame_032",
  "num_matches": 500,
  "inlier_count": 294,
  "inlier_ratio": 0.588,
  "reproj_rmse": 0.5132,
  "F": [
    [
      4.815694608016321e-09,
      -1.0736823554118702e-06,
      0.0009169336999048378
    ],
    [
      1.0347217799511e-06,
      4.113166125390682e-08,
      -0.013062742742032537
    ],
    [
      -0.001022786179813086,
      0.013042776601478892,
      1.0
    ]
  ],
  "E": [
    [
      0.0014148177465876394,
      -0.2545601084503992,
      0.004896175706512405
    ],
    [
      0.24628366621007966,
      0.015961847082687126,
      -0.6625543738831964
    ],
    [
      -0.013881365445655516,
      0.6594493088902675,
      0.014777363821225235
    ]
  ],
  "R": [
    [
      0.9999120962174881,
      0.005323843959605869,
      -0.012143167768032759
    ],
    [
      -0.005053247100397229,
      0.9997406289889962,
      0.022206743174733524
    ],
    [
      0.012258243417845316,
      -0.022143428690697867,
      0.9996796507052291
    ]
  ],
  "t": [
    [
      -0.9329235520018946
    ],
    [
      -0.014918233412602698
    ],
    [
      -0.35976532966923774
    ]
  ]
}