{
  "image_1": "frame_011",
  "image_2": "frame_012",
  "num_matches": 500,
  "inlier_count": 296,
  "inlier_ratio": 0.592,
  "reproj_rmse": 2.4065,
  "F": [
    [
      -4.193531367191172e-09,
      -5.363627463566221e-07,
      0.0011711388861463448
    ],
    [
      6.278210126337931e-07,
      7.542894669121682e-09,
      0.011847528995030514
    ],
    [
      -0.0014594316312291956,
      -0.01226024959273803,
      1.0
    ]
  ],
  "E": [
    [
      -0.0022215528771655285,
      -0.12747468752916633,
      -0.04406530553742528
    ],
    [
      0.12256145943902147,
      -0.0053919139822073735,
      -0.6949461310199855
    ],
    [
      0.05517864867178669,
      0.6933567636805513,
      -0.003837119150530187
    ]
  ],
  "R": [
    [
      0.9998634366543186,
      -0.01511641997489073,
      -0.00667846456585508
    ],
    [
      0.015082518329219197,
      0.9998732570152834,
      -0.005097798200976654
    ],
    [
      0.006754678575876721,
      0.0049963739643728786,
      0.999964704659392
    ]
  ],
  "t": [
    [
      -0.9816348787507997
    ],
    [
      0.06323750317870759
    ],
    [
      -0.17998328536735242
    ]
  ]
}