{
  "image_1": "frame_088",
  "image_2": "frame_089",
  "num_matches": 500,
  "inlier_count": 255,
  "inlier_ratio": 0.51,
  "reproj_rmse": 5.444,
  "F": [
    [
      1.8028393797324704e-08,
      1.1627786750552264e-07,
      -0.011012636388775032
    ],
    [
      -1.2653571775264258e-07,
      -7.745817299395748e-09,
      -7.063614930696094e-05
    ],
    [
      0.010830030069119416,
      0.0007156757787892689,
      1.0
    ]
  ],
  "E": [
    [
      -0.0032653254089224136,
      0.048630901473604674,
      -0.26746564596125466
    ],
    [
      -0.03838326471160783,
      0.022255349929269953,
      -0.652368929695026
    ],
    [
      0.21406248673421902,
      0.6723290532241596,
      0.02614576876676932
    ]
  ],
  "R": [
    [
      0.9965509006262157,
      0.08293261796841755,
      0.0029126170333811166
    ],
    [
      -0.08298312396127838,
      0.9957932505449387,
      0.03885361381869316
    ],
    [
      0.00032186752825488774,
      -0.0389613019039349,
      0.999240668385372
    ]
  ],
  "t": [
    [
      0.9231321696294277
    ],
    [
      -0.38064735374929526
    ],
    [
      -0.054171851352196806
    ]
  ]
}