{
  "image_1": "frame_074",
  "image_2": "frame_075",
  "num_matches": 500,
  "inlier_count": 278,
  "inlier_ratio": 0.556,
  "reproj_rmse": 1.8445,
  "F": [
    [
      8.441366946890093e-09,
      -1.4032477687298163e-06,
      -0.003894972761946544
    ],
    [
      1.1183867557172896e-06,
      -6.817865994893551e-08,
      0.04644935821585654
    ],
    [
      0.0033124883589168343,
      -0.0453265477536541,
      1.0
    ]
  ],
  "E": [
    [
      -0.00607777434166459,
      -0.23418610318253164,
      0.11216315039531527
    ],
    [
      0.2465181938662952,
      -0.005365933750349608,
      -0.6532281732874489
    ],
    [
      -0.10047507506116894,
      0.6594897244733829,
      -0.0032187739177541837
    ]
  ],
  "R": [
    [
      0.9996829711612614,
      -0.017087572604268464,
      0.01849248584389912
    ],
    [
      0.017122856831163852,
      0.9998518592687191,
      -0.0017513682721336105
    ],
    [
      -0.018459819721016013,
      0.0020674572254412923,
      0.9998274654541595
    ]
  ],
  "t": [
    [
      0.9300960782936695
    ],
    [
      0.1580692283237155
    ],
    [
      0.3315650829021074
    ]
  ]
}