{
  "image_1": "frame_012",
  "image_2": "frame_013",
  "num_matches": 500,
  "inlier_count": 305,
  "inlier_ratio": 0.61,
  "reproj_rmse": 2.1485,
  "F": [
    [
      -4.4316455695335615e-09,
      -5.301877706496363e-07,
      0.0006994822469304936
    ],
    [
      6.517689514853598e-07,
      -2.7075539987644115e-08,
      0.016095651592549873
    ],
    [
      -0.0009817375060519142,
      -0.016510707904515323,
      1.0
    ]
  ],
  "E": [
    [
      -0.0016112049146432398,
      -0.1383248570365584,
      -0.009582847926111018
    ],
    [
      0.1285084991471929,
      -0.0040515987797555214,
      -0.6952458339255015
    ],
    [
      0.017480347855591993,
      0.6932248295257969,
      -0.0028214785909208666
    ]
  ],
  "R": [
    [
      0.999844405827807,
      -0.010673195457808284,
      -0.014044466296692981
    ],
    [
      0.010619895151285036,
      0.9999361407185524,
      -0.0038642349647857377
    ],
    [
      0.014084813162241056,
      0.0037144829528184533,
      0.9998939046991826
    ]
  ],
  "t": [
    [
      -0.9805833029071662
    ],
    [
      0.014309479620038543
    ],
    [
      -0.195580226129014
    ]
  ]
}