{
  "image_1": "frame_019",
  "image_2": "frame_020",
  "num_matches": 500,
  "inlier_count": 341,
  "inlier_ratio": 0.682,
  "reproj_rmse": 0.3657,
  "F": [
    [
      1.4859200716385824e-09,
      1.208871954286387e-06,
      -0.0007945857678602992
    ],
    [
      -1.0718199428147826e-06,
      8.949038858727145e-08,
      0.06227065624021413
    ],
    [
      0.0006148700682473154,
      -0.06273717807690365,
      1.0
    ]
  ],
  "E": [
    [
      -6.028710036293808e-05,
      0.0028940902067161774,
      -0.011098500993833652
    ],
    [
      -0.006788503686623939,
      -0.002046335877735421,
      -0.7069842539238655
    ],
    [
      0.011162002904736488,
      0.707009479901571,
      -0.0021076846023253266
    ]
  ],
  "R": [
    [
      0.9999850731126741,
      -0.00011755052218336698,
      -0.005462575739946923
    ],
    [
      0.00010173508424233396,
      0.9999958030812616,
      -0.0028954222206046556
    ],
    [
      0.005462893172354411,
      0.002894823265360175,
      0.9999808882155948
    ]
  ],
  "t": [
    [
      0.9998684352283863
    ],
    [
      -0.015683968304464772
    ],
    [
      -0.004138281305440362
    ]
  ]
}