{
  "image_1": "frame_006",
  "image_2": "frame_008",
  "num_matches": 500,
  "inlier_count": 221,
  "inlier_ratio": 0.442,
  "reproj_rmse": 2.6869,
  "F": [
    [
      6.054722597394559e-08,
      -2.4717953221078713e-06,
      0.003962046023804926
    ],
    [
      2.5657447497541404e-06,
      -1.520252254382264e-08,
      0.011567919312770557
    ],
    [
      -0.0037728473955230407,
      -0.012043372135070084,
      0.9999999999999999
    ]
  ],
  "E": [
    [
      -0.010069288046929682,
      0.47006734747081097,
      0.026553158622377216
    ],
    [
      -0.48435660938110203,
      -0.02240291726794932,
      -0.5133809428323578
    ],
    [
      -0.04903148871448048,
      0.5263648596487069,
      -0.01014728889333682
    ]
  ],
  "R": [
    [
      0.9993051009413294,
      0.023060244631774543,
      -0.029283789887282807
    ],
    [
      -0.02368780423692493,
      0.9994931668462507,
      -0.02126728374960781
    ],
    [
      0.02877851912578111,
      0.021946173816314467,
      0.9993448665459541
    ]
  ],
  "t": [
    [
      0.745962771252237
    ],
    [
      0.05170670717204523
    ],
    [
      -0.6639773793881139
    ]
  ]
}