{
  "image_1": "frame_037",
  "image_2": "frame_038",
  "num_matches": 500,
  "inlier_count": 282,
  "inlier_ratio": 0.564,
  "reproj_rmse": 0.4841,
  "F": [
    [
      1.9019995545992947e-08,
      -4.5650312512922165e-06,
      0.00964333840366082
    ],
    [
      4.394433443528118e-06,
      2.111322073962172e-08,
      -0.05310080226899084
    ],
    [
      -0.009596449391326985,
      0.053108778392602855,
      0.9999999999999999
    ]
  ],
  "E": [
    [
      0.0010067599643731175,
      -0.17139096251296665,
      0.07151174146410745
    ],
    [
      0.16221713092470938,
      0.003054136383682358,
      -0.6844369914272085
    ],
    [
      -0.07253770056754583,
      0.6822429384327847,
      0.003915308745578816
    ]
  ],
  "R": [
    [
      0.9999158634525771,
      0.00046466243876905344,
      -0.012963414083692254
    ],
    [
      -0.00040810059192808446,
      0.9999903879083782,
      0.004365494789609247
    ],
    [
      0.012965317959623357,
      -0.004359837114988982,
      0.9999064417986995
    ]
  ],
  "t": [
    [
      -0.964893978876461
    ],
    [
      -0.10219862476149165
    ],
    [
      -0.24194017984785302
    ]
  ]
}