{
  "image_1": "frame_018",
  "image_2": "frame_019",
  "num_matches": 500,
  "inlier_count": 296,
  "inlier_ratio": 0.592,
  "reproj_rmse": 4.5204,
  "F": [
    [
      1.1830264928439936e-08,
      2.89431719322846e-06,
      -0.002195765843600106
    ],
    [
      -2.253298197750922e-06,
      5.588263948258748e-07,
      0.16576303221883606
    ],
    [
      0.0010413355297654884,
      -0.16988965402189427,
      0.9999999999999999
    ]
  ],
  "E": [
    [
      1.9805663433260454e-05,
      -0.25834062513043327,
      0.04425683151348973
    ],
    [
      0.24943562595740137,
      0.005319914651701805,
      -0.6599909739244866
    ],
    [
      -0.04507914921392904,
      0.6568052547060615,
      0.006454682450684084
    ]
  ],
  "R": [
    [
      0.9999141232231692,
      -0.002135900270381838,
      -0.012929969407394826
    ],
    [
      0.0022512280727716577,
      0.9999577581766725,
      0.008911444015864255
    ],
    [
      0.012910389266228728,
      -0.00893978703988527,
      0.9998766934260823
    ]
  ],
  "t": [
    [
      -0.9287638180507937
    ],
    [
      -0.06584772627986102
    ],
    [
      -0.3647764345780645
    ]
  ]
}