{
  "image_1": "frame_082",
  "image_2": "frame_083",
  "num_matches": 500,
  "inlier_count": 283,
  "inlier_ratio": 0.566,
  "reproj_rmse": 0.9983,
  "F": [
    [
      -4.375513941285866e-09,
      4.5049247267517994e-07,
      0.0033968287713621284
    ],
    [
      -4.576526463730743e-07,
      3.2622140801805865e-08,
      -0.02727154010578059
    ],
    [
      -0.0036601731372554558,
      0.027229386996566015,
      1.0
    ]
  ],
  "E": [
    [
      0.0001648694985601656,
      -0.04392701354948856,
      0.0936994843989108
    ],
    [
      0.04542936323555526,
      0.004122095255423843,
      -0.6993543579429818
    ],
    [
      -0.10089859189201836,
      0.6985137067323962,
      0.0033964534594788692
    ]
  ],
  "R": [
    [
      0.9999462117883865,
      0.00995578867637073,
      0.0029078861543083284
    ],
    [
      -0.009970948042274053,
      0.9999365274738793,
      0.005246066966636995
    ],
    [
      -0.0028554728493260448,
      -0.005274779171834304,
      0.9999820113279514
    ]
  ],
  "t": [
    [
      -0.9892328309574528
    ],
    [
      -0.13283571291425
    ],
    [
      -0.061425398089603386
    ]
  ]
}