{
  "image_1": "frame_104",
  "image_2": "frame_105",
  "num_matches": 500,
  "inlier_count": 268,
  "inlier_ratio": 0.536,
  "reproj_rmse": 1.0861,
  "F": [
    [
      3.2087950389719826e-08,
      1.2435691247703469e-06,
      0.0019511069473396505
    ],
    [
      -9.963495176406043e-07,
      -5.2956849502566006e-08,
      0.038924791179345546
    ],
    [
      -0.0026270922229952066,
      -0.03952402730750154,
      1.0
    ]
  ],
  "E": [
    [
      0.0012977440106436387,
      0.14800553929559512,
      0.05698951088187143
    ],
    [
      -0.1440507306389282,
      -0.0020788448625945442,
      0.6899784654754558
    ],
    [
      -0.06077816409166256,
      -0.6887079277680659,
      -0.002656959422900477
    ]
  ],
  "R": [
    [
      0.9999607018374093,
      -0.006409528791806146,
      -0.006124762975244863
    ],
    [
      0.006436271026940277,
      0.9999697969500942,
      0.004356558602287636
    ],
    [
      0.006096654500928306,
      -0.0043958080320238395,
      0.9999717534388869
    ]
  ],
  "t": [
    [
      -0.9745202633580771
    ],
    [
      0.07968415885937961
    ],
    [
      -0.2096680498582871
    ]
  ]
}