{
  "image_1": "frame_026",
  "image_2": "frame_031",
  "num_matches": 299,
  "inlier_count": 147,
  "inlier_ratio": 0.4916,
  "reproj_rmse": 0.6251,
  "F": [
    [
      -1.890556676625856e-08,
      1.39100663518065e-06,
      -0.0012237075878986704
    ],
    [
      -8.759717845221594e-07,
      -9.968557975169384e-08,
      0.0194887530786369
    ],
    [
      0.0010148433015589235,
      -0.01986139576832496,
      1.0
    ]
  ],
  "E": [
    [
      -0.002281206632437791,
      0.18385121550972378,
      0.013897245407553629
    ],
    [
      -0.11671161642602312,
      0.010078566055105029,
      0.697120976027932
    ],
    [
      -0.0025136307934105224,
      -0.6827130607046921,
      0.014004195971433653
    ]
  ],
  "R": [
    [
      0.9950875182199567,
      0.019680886612921875,
      -0.09702316107495773
    ],
    [
      -0.02153077103502071,
      0.9996051186564148,
      -0.018056374346267397
    ],
    [
      0.09662948298260363,
      0.020056656202475973,
      0.9951183213872058
    ]
  ],
  "t": [
    [
      -0.9654018782061485
    ],
    [
      0.024460820892233445
    ],
    [
      -0.25961679798757026
    ]
  ]
}