{
  "image_1": "frame_091",
  "image_2": "frame_096",
  "num_matches": 878,
  "inlier_count": 460,
  "inlier_ratio": 0.5239,
  "reproj_rmse": 4.8071,
  "F": [
    [
      -2.065924456573025e-08,
      -2.20669181340091e-07,
      0.0004240688366831964
    ],
    [
      2.647173981912754e-07,
      -2.871302818909517e-08,
      0.001763913170247295
    ],
    [
      -0.0006125011720911759,
      -0.0019499788183417054,
      1.0
    ]
  ],
  "E": [
    [
      -0.02827768055332058,
      -0.2421796144243252,
      -0.054330760027341427
    ],
    [
      0.20560412358016716,
      -0.06099030640981292,
      -0.6703001126056107
    ],
    [
      0.13658792856395977,
      0.6495384547866954,
      -0.041785106322157525
    ]
  ],
  "R": [
    [
      0.9933796003274258,
      -0.10612104552034657,
      -0.043991969164753064
    ],
    [
      0.10347493036782038,
      0.9929040453184337,
      -0.0586045695800629
    ],
    [
      0.04989898234131335,
      0.05366451796073827,
      0.997311491497688
    ]
  ],
  "t": [
    [
      -0.9355186536404937
    ],
    [
      0.09700397859649061
    ],
    [
      -0.33969850872079144
    ]
  ]
}