{
  "image_1": "frame_096",
  "image_2": "frame_101",
  "num_matches": 516,
  "inlier_count": 234,
  "inlier_ratio": 0.4535,
  "reproj_rmse": 387.5067,
  "F": [
    [
      7.2956146161136066e-09,
      -1.3963294203989234e-08,
      0.00028546178145706495
    ],
    [
      7.886557511938107e-08,
      2.3723115547064488e-08,
      0.002396036782801108
    ],
    [
      -0.00029539985441729794,
      -0.002614545743498127,
      1.0
    ]
  ],
  "E": [
    [
      0.020458150798359945,
      -0.5864379195855047,
      0.07087290971431194
    ],
    [
      0.6352574242909436,
      0.05097674874556581,
      0.30609919279446246
    ],
    [
      0.00015494803483262763,
      -0.3862507201459068,
      0.04015069769984383
    ]
  ],
  "R": [
    [
      0.9913370966762896,
      0.018874879380506318,
      -0.12997884320840897
    ],
    [
      -0.03195659377659016,
      0.9945435162446175,
      -0.09930745394979405
    ],
    [
      0.12739519954701117,
      0.10260084416886531,
      0.9865310587651123
    ]
  ],
  "t": [
    [
      0.5489062965693922
    ],
    [
      -0.01747341644596416
    ],
    [
      -0.8357012368688828
    ]
  ]
}