{
  "image_1": "frame_016",
  "image_2": "frame_021",
  "num_matches": 499,
  "inlier_count": 251,
  "inlier_ratio": 0.503,
  "reproj_rmse": 10.907,
  "F": [
    [
      8.448683352983112e-09,
      -1.4135900944967219e-08,
      0.0003208401607430303
    ],
    [
      3.171783268747421e-07,
      -4.124661433153382e-08,
      0.011023546531082831
    ],
    [
      -0.0006960827636178242,
      -0.011981850343969317,
      1.0
    ]
  ],
  "E": [
    [
      -0.0005210330061607108,
      -0.21110142956234687,
      -0.01994090061965725
    ],
    [
      0.18234476502692146,
      0.004092098387050155,
      -0.6829212699388744
    ],
    [
      0.01786583837266181,
      0.6745829948184746,
      0.0030084593963007537
    ]
  ],
  "R": [
    [
      0.9990953023647717,
      0.0015485916458655366,
      -0.04249916065711609
    ],
    [
      -0.0013099628652202197,
      0.9999832247592132,
      0.005642180204178873
    ],
    [
      0.04250718515659155,
      -0.005581403414827325,
      0.9990805708980552
    ]
  ],
  "t": [
    [
      -0.953979324140536
    ],
    [
      0.026539798911911282
    ],
    [
      -0.29869564473905774
    ]
  ]
}