{
  "image_1": "frame_046",
  "image_2": "frame_051",
  "num_matches": 348,
  "inlier_count": 172,
  "inlier_ratio": 0.4943,
  "reproj_rmse": 3.4192,
  "F": [
    [
      2.531104258299633e-08,
      6.651919355318956e-07,
      -0.0008551940620805236
    ],
    [
      -8.027265544316314e-07,
      1.8104847406725677e-08,
      0.008639445923256155
    ],
    [
      0.0006129018388271208,
      -0.008691911575479674,
      1.0
    ]
  ],
  "E": [
    [
      0.004327822903358242,
      0.11021948143576274,
      -0.005894697166454843
    ],
    [
      -0.15718415867290544,
      0.01417395252435031,
      0.689254304335773
    ],
    [
      -0.0209007356099623,
      -0.698071342307313,
      0.00885957071371363
    ]
  ],
  "R": [
    [
      0.9970542849776164,
      -0.035514077460098006,
      0.06798163803507762
    ],
    [
      0.03642736271790677,
      0.9992613205904037,
      -0.012241748949413277
    ],
    [
      -0.06749666697839388,
      0.014682080032493237,
      0.9976114656882845
    ]
  ],
  "t": [
    [
      0.9877228238795177
    ],
    [
      0.006441007178636649
    ],
    [
      0.1560837487184227
    ]
  ]
}