{
  "image_1": "frame_051",
  "image_2": "frame_056",
  "num_matches": 458,
  "inlier_count": 200,
  "inlier_ratio": 0.4367,
  "reproj_rmse": 0.9231,
  "F": [
    [
      -1.819754459162368e-08,
      -2.420460685337385e-07,
      0.0005452658816538453
    ],
    [
      4.3075724580452787e-07,
      1.3068015348649623e-07,
      -0.010239291562518562
    ],
    [
      -0.0002370972095373624,
      0.009657342095795607,
      1.0
    ]
  ],
  "E": [
    [
      0.0023600142872903193,
      0.02000558725054926,
      -0.01809254507172328
    ],
    [
      -0.07008031459812418,
      -0.0323874521024449,
      0.7026189491265644
    ],
    [
      -0.01702794277758186,
      -0.7057871618508236,
      -0.03475360032999256
    ]
  ],
  "R": [
    [
      0.996082194295021,
      -0.054579268887705853,
      0.06957992250714157
    ],
    [
      0.05108337895296525,
      0.9973877570972749,
      0.051070053722459874
    ],
    [
      -0.07218552904262786,
      -0.04731559362568191,
      0.9962682791280093
    ]
  ],
  "t": [
    [
      0.9992665976846742
    ],
    [
      0.027070824901434563
    ],
    [
      0.02708204554408053
    ]
  ]
}