{
  "image_1": "frame_056",
  "image_2": "frame_061",
  "num_matches": 454,
  "inlier_count": 207,
  "inlier_ratio": 0.4559,
  "reproj_rmse": 2.482,
  "F": [
    [
      5.205380711250224e-09,
      2.982560175749795e-08,
      -0.00040423365750015425
    ],
    [
      -5.104586038143063e-08,
      1.6885958549788383e-08,
      0.0025269070300374874
    ],
    [
      0.00020814607961173987,
      -0.0025021443729972815,
      1.0
    ]
  ],
  "E": [
    [
      -0.02211147213279233,
      -0.2644532914461749,
      0.12775104226930625
    ],
    [
      0.28221677366795456,
      -0.07280632094505739,
      -0.6354594451621517
    ],
    [
      -0.0571800886543554,
      0.646801102277756,
      -0.05364893327343217
    ]
  ],
  "R": [
    [
      0.9970617882573213,
      -0.07423002358558138,
      0.018912799782066447
    ],
    [
      0.07551869725931862,
      0.9939030022563391,
      -0.08033522558685506
    ],
    [
      -0.012834202794403726,
      0.08152745368475312,
      0.9965884594627377
    ]
  ],
  "t": [
    [
      0.9091261855677804
    ],
    [
      0.1499615006933847
    ],
    [
      0.3885886347086925
    ]
  ]
}