{
  "image_1": "frame_066",
  "image_2": "frame_071",
  "num_matches": 571,
  "inlier_count": 278,
  "inlier_ratio": 0.4869,
  "reproj_rmse": 17.1323,
  "F": [
    [
      -2.84102116074202e-08,
      1.8133657718397816e-07,
      5.728907651805869e-05
    ],
    [
      2.582032943940499e-11,
      -4.313092913430838e-08,
      -0.004491437738766187
    ],
    [
      -0.0006107564017570439,
      0.003896117902179014,
      1.0
    ]
  ],
  "E": [
    [
      -0.010570735117843419,
      0.13565911602487885,
      -0.046666843154113145
    ],
    [
      -0.20270807844560926,
      0.0015189336478552556,
      0.6761122961414261
    ],
    [
      0.11538757031557839,
      -0.6833835424560553,
      0.027550006264195417
    ]
  ],
  "R": [
    [
      0.9896618139717689,
      0.10912886193627205,
      0.09306119201150548
    ],
    [
      -0.10636989390501206,
      0.9937409208356999,
      -0.03412371502711192
    ],
    [
      -0.0962025968295285,
      0.023872028592249704,
      0.9950754677983704
    ]
  ],
  "t": [
    [
      0.9790884225119265
    ],
    [
      0.0596538478194078
    ],
    [
      0.19449236320083663
    ]
  ]
}