{
  "image_1": "frame_061",
  "image_2": "frame_066",
  "num_matches": 407,
  "inlier_count": 193,
  "inlier_ratio": 0.4742,
  "reproj_rmse": 1.1999,
  "F": [
    [
      -1.114059357552243e-09,
      -9.598113869862377e-09,
      0.00011777437420913208
    ],
    [
      2.0415729340439577e-08,
      4.807851583374645e-08,
      -0.0015379246396057145
    ],
    [
      -0.00012627225995982816,
      0.0014563963052158875,
      1.0
    ]
  ],
  "E": [
    [
      0.00011961390136179345,
      -0.04966758010229966,
      -0.037726871785715356
    ],
    [
      0.04440640249482033,
      -0.14678242285160348,
      0.6897652407153634
    ],
    [
      0.022419309869707426,
      -0.6892150470083468,
      -0.14593388334093893
    ]
  ],
  "R": [
    [
      0.9998372586923384,
      -0.009323466083539692,
      0.015444387678993851
    ],
    [
      0.005911882587453447,
      0.9781593642188755,
      0.207772249916098
    ],
    [
      -0.01704422995802793,
      -0.20764713138185756,
      0.978055296521635
    ]
  ],
  "t": [
    [
      0.9961022039174097
    ],
    [
      0.03760065053048482
    ],
    [
      -0.07979091696780696
    ]
  ]
}