{
  "image_1": "frame_086",
  "image_2": "frame_091",
  "num_matches": 1154,
  "inlier_count": 591,
  "inlier_ratio": 0.5121,
  "reproj_rmse": 26.6683,
  "F": [
    [
      -1.6726248490228264e-09,
      4.963999068865107e-08,
      -0.00504099499763522
    ],
    [
      -3.112560103942404e-08,
      2.7029467065703525e-09,
      -0.001311725344671826
    ],
    [
      0.004871238376508998,
      0.0016112223551736536,
      1.0
    ]
  ],
  "E": [
    [
      0.013126210140409478,
      0.2984576775385429,
      -0.6364847508923694
    ],
    [
      -0.3063253391887497,
      -0.03271010979682023,
      -0.09588286998239312
    ],
    [
      0.6173903106817344,
      0.1370091328782013,
      0.03996112515081608
    ]
  ],
  "R": [
    [
      0.9928322491572019,
      0.09902994257308363,
      0.06691184878198658
    ],
    [
      -0.09730974421094132,
      0.9948458757918105,
      -0.02850433478658626
    ],
    [
      -0.06938975943936386,
      0.021788847927240673,
      0.9973516468081611
    ]
  ],
  "t": [
    [
      -0.10618737408117271
    ],
    [
      0.8898329174984668
    ],
    [
      0.44375851599931226
    ]
  ]
}