{
  "image_1": "frame_006",
  "image_2": "frame_011",
  "num_matches": 621,
  "inlier_count": 288,
  "inlier_ratio": 0.4638,
  "reproj_rmse": 24.7234,
  "F": [
    [
      1.3610610638174356e-08,
      -2.740173106663926e-07,
      0.0007092880513713917
    ],
    [
      3.95101937471015e-07,
      -9.365378051380897e-09,
      0.004341599590243965
    ],
    [
      -0.0008177093224433741,
      -0.004863287897412277,
      1.0
    ]
  ],
  "E": [
    [
      -0.003307279850775923,
      0.1721267196657595,
      0.005827166423155289
    ],
    [
      -0.14698888597889972,
      0.009624499453388006,
      0.6915349815375526
    ],
    [
      0.005494652627760866,
      -0.6857190400414669,
      0.012950329898910191
    ]
  ],
  "R": [
    [
      0.9991183632803586,
      0.020438729344377925,
      -0.036670894436384466
    ],
    [
      -0.021124154414689948,
      0.9996074882637976,
      -0.018402160395074623
    ],
    [
      0.036280383904274405,
      0.0191605780113487,
      0.9991579484716266
    ]
  ],
  "t": [
    [
      -0.969873701477229
    ],
    [
      0.012728371365620626
    ],
    [
      -0.24327554695291045
    ]
  ]
}