{
  "image_1": "frame_071",
  "image_2": "frame_076",
  "num_matches": 404,
  "inlier_count": 203,
  "inlier_ratio": 0.5025,
  "reproj_rmse": 7.368,
  "F": [
    [
      6.459001532119923e-09,
      -8.788134237631848e-08,
      -0.0003054382506431478
    ],
    [
      -2.4310907890827957e-08,
      -5.545156740078495e-10,
      0.003947336257254764
    ],
    [
      0.00017607399415712403,
      -0.0035001749585222533,
      1.0
    ]
  ],
  "E": [
    [
      -0.017507137692473876,
      -0.23588847167014135,
      0.06960452832528813
    ],
    [
      0.2849084110617846,
      -0.0653503088408006,
      -0.6417839629509042
    ],
    [
      -0.012937187293548784,
      0.6624311105429432,
      -0.05378541632286369
    ]
  ],
  "R": [
    [
      0.996019668417649,
      -0.05271391543847539,
      0.07187533126422269
    ],
    [
      0.05813569821642124,
      0.9954455477884229,
      -0.07555396734186831
    ],
    [
      -0.06756523305728784,
      0.07943176006706772,
      0.9945479047157872
    ]
  ],
  "t": [
    [
      0.9372356573451055
    ],
    [
      0.07307365242916092
    ],
    [
      0.34095390292758065
    ]
  ]
}