{
  "image_1": "frame_101",
  "image_2": "frame_106",
  "num_matches": 568,
  "inlier_count": 279,
  "inlier_ratio": 0.4912,
  "reproj_rmse": 22.0327,
  "F": [
    [
      1.3503046809999545e-08,
      -9.250646516194532e-09,
      0.0006956287637895933
    ],
    [
      1.969862708736328e-07,
      1.2532528984541734e-08,
      0.00943439812499862
    ],
    [
      -0.0009918929487307455,
      -0.010087541527894404,
      1.0
    ]
  ],
  "E": [
    [
      -0.0012867512169412647,
      0.18248271428594517,
      0.005332088667069044
    ],
    [
      -0.15987314395253907,
      -0.004287574161563438,
      0.6887682168270104
    ],
    [
      0.0008465006680122383,
      -0.6831410113344316,
      -0.002855205361368452
    ]
  ],
  "R": [
    [
      0.9994249794074542,
      0.008010026255871047,
      -0.032947686046068514
    ],
    [
      -0.007869316839435673,
      0.9999593642286588,
      0.004398152327590598
    ],
    [
      0.03298157650705319,
      -0.004136347518810414,
      0.9994474004370181
    ]
  ],
  "t": [
    [
      -0.966095204510258
    ],
    [
      0.006409061903305862
    ],
    [
      -0.2581065279062166
    ]
  ]
}