{
  "image_1": "frame_041",
  "image_2": "frame_046",
  "num_matches": 360,
  "inlier_count": 187,
  "inlier_ratio": 0.5194,
  "reproj_rmse": 1.324,
  "F": [
    [
      -1.0709979291547142e-08,
      -7.016010179702858e-07,
      0.000407688216637918
    ],
    [
      9.519597925645013e-07,
      6.484698319892099e-08,
      -0.012062167625575068
    ],
    [
      -0.0004405543566297843,
      0.011777847870133442,
      1.0
    ]
  ],
  "E": [
    [
      0.0005974463547759415,
      -0.08884262715442959,
      -0.03388194889930044
    ],
    [
      0.1557782932437012,
      0.01951508885190595,
      -0.6887623123385356
    ],
    [
      0.04899576893571504,
      0.6991394414329998,
      0.026848873707169825
    ]
  ],
  "R": [
    [
      0.9951738601564267,
      -0.029052744657136656,
      0.093727936546389
    ],
    [
      0.025947953583362708,
      0.9990789231570343,
      0.034176146772509616
    ],
    [
      -0.09463451678004302,
      -0.03157915976190103,
      0.995011087828945
    ]
  ],
  "t": [
    [
      0.9909173973615937
    ],
    [
      -0.04378953672401455
    ],
    [
      0.12714239292864377
    ]
  ]
}