{
  "image_1": "frame_121",
  "image_2": "frame_126",
  "num_matches": 551,
  "inlier_count": 307,
  "inlier_ratio": 0.5572,
  "reproj_rmse": 1.5549,
  "F": [
    [
      3.0528850058632967e-09,
      1.8884497250516897e-07,
      -0.00018881571037425852
    ],
    [
      -1.533067714426418e-07,
      3.3548931921680134e-08,
      0.0029672926822857876
    ],
    [
      5.5069878657591046e-05,
      -0.0030300469188432244,
      1.0
    ]
  ],
  "E": [
    [
      -0.0027634920068165055,
      -0.09863653197940636,
      -0.01574838849529312
    ],
    [
      0.051787834458151244,
      -0.06674830807593747,
      -0.7015970612206327
    ],
    [
      0.03336836801642206,
      0.6964229898284526,
      -0.0672384149339589
    ]
  ],
  "R": [
    [
      0.9978811085916885,
      -0.0179736605673081,
      -0.06253191698351884
    ],
    [
      0.012051767211962244,
      0.9955160889972232,
      -0.09382148716973837
    ],
    [
      0.06393784499724064,
      0.09286906951985605,
      0.9936233128825153
    ]
  ],
  "t": [
    [
      -0.9899648336489586
    ],
    [
      0.03533404187767007
    ],
    [
      -0.13682519367052545
    ]
  ]
}