{
  "image_1": "frame_011",
  "image_2": "frame_016",
  "num_matches": 420,
  "inlier_count": 196,
  "inlier_ratio": 0.4667,
  "reproj_rmse": 18.311,
  "F": [
    [
      3.0079244263545863e-09,
      -9.767840816836076e-08,
      0.00023896835875549866
    ],
    [
      2.3740413967132745e-07,
      -1.8361194756563383e-08,
      0.003513673681302134
    ],
    [
      -0.00048367359416444177,
      -0.004051135558899901,
      1.0
    ]
  ],
  "E": [
    [
      -0.0033455875845560513,
      -0.17216372189372187,
      -0.008890331464060857
    ],
    [
      0.13466546915897845,
      -0.009670985034569831,
      -0.6940142128847315
    ],
    [
      0.02175846044987149,
      0.6854545568430562,
      -0.007999849652033417
    ]
  ],
  "R": [
    [
      0.9984026351418619,
      -0.0166129664051701,
      -0.05400173598141897
    ],
    [
      0.016051320980621828,
      0.9998126490399126,
      -0.010817666780274944
    ],
    [
      0.0541713322391397,
      0.009933587821764935,
      0.9984822435058243
    ]
  ],
  "t": [
    [
      -0.9698138191569291
    ],
    [
      0.015228642660459028
    ],
    [
      -0.24337059110535797
    ]
  ]
}