{
  "image_1": "frame_192",
  "image_2": "frame_193",
  "num_matches": 500,
  "inlier_count": 404,
  "inlier_ratio": 0.808,
  "reproj_rmse": 0.4055,
  "F": [
    [
      1.2347100642150626e-08,
      -6.325513819123768e-07,
      0.002008066690054397
    ],
    [
      4.416035471593998e-07,
      8.952066915629787e-08,
      -0.015019630694306223
    ],
    [
      -0.0017303118208398265,
      0.01478025921847989,
      1.0
    ]
  ],
  "E": [
    [
      0.002968577275935717,
      -0.20913418159576305,
      0.03777274851678349
    ],
    [
      0.17379887998970472,
      0.010429859343502535,
      -0.6841210928253538
    ],
    [
      -0.043581461348946034,
      0.6741334662295714,
      0.011641509461895442
    ]
  ],
  "R": [
    [
      0.9986806404662635,
      0.004944117174716746,
      -0.051112953967233754
    ],
    [
      -0.004224846561727044,
      0.9998906655978669,
      0.014170657069603328
    ],
    [
      0.051177426951965366,
      -0.01393601649027108,
      0.9985923384519627
    ]
  ],
  "t": [
    [
      0.9537581466039647
    ],
    [
      0.05768011268790258
    ],
    [
      0.2949888173929329
    ]
  ]
}