{
  "image_1": "frame_069",
  "image_2": "frame_070",
  "num_matches": 500,
  "inlier_count": 365,
  "inlier_ratio": 0.73,
  "reproj_rmse": 0.4702,
  "F": [
    [
      -1.5469457825699848e-08,
      -9.722147439230886e-06,
      0.019112788165047863
    ],
    [
      1.0657516409897498e-05,
      -3.9731201815677195e-07,
      0.08661483846660699
    ],
    [
      -0.02145596387900126,
      -0.0878308483162161,
      1.0
    ]
  ],
  "E": [
    [
      0.0007451649293520876,
      0.29890359750611306,
      0.010622655625876906
    ],
    [
      -0.32055385131121555,
      0.00694369677944706,
      -0.6301900794848604
    ],
    [
      -0.006531111937493618,
      0.6407121291250835,
      0.006784739265103566
    ]
  ],
  "R": [
    [
      0.9994234656161214,
      -0.0012858123775211835,
      -0.0339276150413092
    ],
    [
      0.001632323583939766,
      0.9999467734718835,
      0.01018752879195763
    ],
    [
      0.03391270994153617,
      -0.010237036177501222,
      0.9993723686367968
    ]
  ],
  "t": [
    [
      0.9061382271095128
    ],
    [
      0.010721679294568411
    ],
    [
      -0.4228457862672079
    ]
  ]
}