{
  "image_1": "frame_127",
  "image_2": "frame_128",
  "num_matches": 500,
  "inlier_count": 325,
  "inlier_ratio": 0.65,
  "reproj_rmse": 0.3154,
  "F": [
    [
      -2.0064302601446528e-09,
      1.1637483367471527e-06,
      -0.0008874989558581492
    ],
    [
      -1.2680379717027303e-06,
      7.694782147050452e-08,
      -0.03440323616263453
    ],
    [
      0.0009421506288056243,
      0.034250567399905514,
      1.0
    ]
  ],
  "E": [
    [
      -5.912464112155158e-05,
      0.055654501621452065,
      0.024257363082535933
    ],
    [
      -0.061657842140336164,
      0.004554735937435333,
      -0.7039939948166478
    ],
    [
      -0.027118434352620117,
      0.7043602563889881,
      0.005039163915118141
    ]
  ],
  "R": [
    [
      0.9999550267350366,
      0.0046620152342139246,
      -0.008258941898849015
    ],
    [
      -0.004605299299137479,
      0.9999657761333368,
      0.006872974641233003
    ],
    [
      0.008290701158404357,
      -0.006834630641783572,
      0.9999422743830226
    ]
  ],
  "t": [
    [
      0.9963073354039171
    ],
    [
      0.03376448267736426
    ],
    [
      -0.07894082042819628
    ]
  ]
}