{
  "image_1": "frame_160",
  "image_2": "frame_161",
  "num_matches": 500,
  "inlier_count": 415,
  "inlier_ratio": 0.83,
  "reproj_rmse": 0.3416,
  "F": [
    [
      -4.1570026672328725e-09,
      -4.228294850073189e-06,
      0.008290091818602373
    ],
    [
      4.3678723207077965e-06,
      9.129125584532822e-09,
      0.01756583831975584
    ],
    [
      -0.00858859466498534,
      -0.018108272558777165,
      1.0
    ]
  ],
  "E": [
    [
      0.0001975338573421488,
      0.3833204112914305,
      -0.004539554400018445
    ],
    [
      -0.3977062642616072,
      0.0008361074245945043,
      -0.5846411493327548
    ],
    [
      0.0053630536589427905,
      0.594171398288966,
      0.0003970172615954604
    ]
  ],
  "R": [
    [
      0.999701672839946,
      -0.0008042670965507917,
      -0.02441144148654406
    ],
    [
      0.0008257123106427851,
      0.999999282020012,
      0.0008684230770362286
    ],
    [
      0.02441072551551099,
      -0.0008883208306013067,
      0.9997016191673934
    ]
  ],
  "t": [
    [
      0.840291396735196
    ],
    [
      -0.006892720555149103
    ],
    [
      -0.542091190646151
    ]
  ]
}