{
  "image_1": "frame_123",
  "image_2": "frame_124",
  "num_matches": 500,
  "inlier_count": 367,
  "inlier_ratio": 0.734,
  "reproj_rmse": 0.3743,
  "F": [
    [
      -5.529512816545729e-09,
      -1.2922163646234374e-06,
      0.0025404634269064683
    ],
    [
      1.4735478328922239e-06,
      -6.7501694067883175e-09,
      0.014320361449986028
    ],
    [
      -0.002935508761146486,
      -0.01469530811463563,
      1.0
    ]
  ],
  "E": [
    [
      0.001204718685604116,
      0.18802071533792497,
      0.0053362040788530836
    ],
    [
      -0.2125307575688534,
      -0.0015631241323177001,
      -0.674382080894234
    ],
    [
      -0.0025124680913002286,
      0.6816471519806512,
      -0.0024848707026450378
    ]
  ],
  "R": [
    [
      0.9993319268154637,
      -0.005377134777059652,
      -0.03614950164085495
    ],
    [
      0.005237066571162047,
      0.999978412762618,
      -0.003968266937112306
    ],
    [
      0.03617005917913402,
      0.003776298497774784,
      0.9993385144127258
    ]
  ],
  "t": [
    [
      0.9639691739705503
    ],
    [
      0.008607287484338354
    ],
    [
      -0.26587468145104964
    ]
  ]
}