{
  "image_1": "frame_144",
  "image_2": "frame_145",
  "num_matches": 500,
  "inlier_count": 375,
  "inlier_ratio": 0.75,
  "reproj_rmse": 0.3024,
  "F": [
    [
      4.1566347122934555e-08,
      6.908832946818915e-06,
      -0.015118998665233708
    ],
    [
      -6.107770370446602e-06,
      2.1072663709906777e-07,
      0.05066780570714198
    ],
    [
      0.012915836071404724,
      -0.051027837453835594,
      1.0
    ]
  ],
  "E": [
    [
      -0.0025964128153580963,
      -0.37396673617300585,
      0.024547446419688694
    ],
    [
      0.3395957523159297,
      -0.006807455981325962,
      -0.6197723281982347
    ],
    [
      -0.01635169515525571,
      0.5998159619337339,
      -0.0019079773879252635
    ]
  ],
  "R": [
    [
      0.9983482797448409,
      -0.01063740424045128,
      -0.05645846226688783
    ],
    [
      0.010354007306747147,
      0.9999322984055417,
      -0.005309721094598178
    ],
    [
      0.05651112158865895,
      0.0047163795898773914,
      0.9983908297357083
    ]
  ],
  "t": [
    [
      0.8479853321265339
    ],
    [
      0.031957620430176366
    ],
    [
      0.5290553723332677
    ]
  ]
}