{
  "image_1": "frame_092",
  "image_2": "frame_093",
  "num_matches": 336,
  "inlier_count": 258,
  "inlier_ratio": 0.7679,
  "reproj_rmse": 0.5585,
  "F": [
    [
      -4.761736993374104e-07,
      4.334070484971112e-05,
      -0.07819707058908895
    ],
    [
      -4.132253321451482e-05,
      -5.176514827045306e-07,
      0.2935716539919433
    ],
    [
      0.07720638991001388,
      -0.29100639663381556,
      0.9999999999999999
    ]
  ],
  "E": [
    [
      0.003093670384520365,
      -0.2625854663796361,
      -0.005715676339465615
    ],
    [
      0.24485696613256833,
      -0.0021911603883517376,
      -0.6633093888412479
    ],
    [
      -0.0004566550613059225,
      0.6565347626181975,
      -0.005426754214301514
    ]
  ],
  "R": [
    [
      0.9995623390053339,
      0.012361428912111616,
      -0.026876114254793193
    ],
    [
      -0.012579137758429317,
      0.9998893028575634,
      -0.00794652907063297
    ],
    [
      0.026774908691540755,
      0.008281129528438114,
      0.9996071864278951
    ]
  ],
  "t": [
    [
      0.9284466953936811
    ],
    [
      -0.01103808203965507
    ],
    [
      0.3713016220775759
    ]
  ]
}