{
  "image_1": "frame_016",
  "image_2": "frame_017",
  "num_matches": 500,
  "inlier_count": 394,
  "inlier_ratio": 0.788,
  "reproj_rmse": 0.2842,
  "F": [
    [
      -1.2194501555292537e-07,
      -0.00010683359205895649,
      0.23600251518500762
    ],
    [
      0.00011095498310343542,
      -2.575043230945595e-06,
      0.6202286699796213
    ],
    [
      -0.24923772556042179,
      -0.6235487184679208,
      1.0
    ]
  ],
  "E": [
    [
      0.00034330906849973673,
      0.3445068401973662,
      -0.0151938218437026
    ],
    [
      -0.3565643953894543,
      0.006467175832984122,
      -0.6103116115280836
    ],
    [
      0.019701476650325095,
      0.6172569767540603,
      0.005430271762791608
    ]
  ],
  "R": [
    [
      0.9997998580719715,
      -0.0018747720082733302,
      -0.0199180578667289
    ],
    [
      0.002062153448509102,
      0.9999537749438783,
      0.009391245851442609
    ],
    [
      0.019899530708541113,
      -0.009430440361108298,
      0.9997575083349839
    ]
  ],
  "t": [
    [
      0.8730224131989873
    ],
    [
      -0.026067006398581186
    ],
    [
      -0.4869829332015988
    ]
  ]
}