{
  "image_1": "frame_142",
  "image_2": "frame_143",
  "num_matches": 500,
  "inlier_count": 347,
  "inlier_ratio": 0.694,
  "reproj_rmse": 0.3435,
  "F": [
    [
      1.9631005993896463e-08,
      -2.0789445230231832e-06,
      0.003706875923601944
    ],
    [
      1.9509303613434843e-06,
      1.1161656645910722e-07,
      -0.016730408936308602
    ],
    [
      -0.003696216971343448,
      0.016265634426961068,
      1.0
    ]
  ],
  "E": [
    [
      0.0034916825086307307,
      -0.32402844323818086,
      -0.0008898139206730911
    ],
    [
      0.30531019478163945,
      0.007366274157657373,
      -0.6377538601414579
    ],
    [
      -0.007901458624359974,
      0.6284225502619465,
      0.004084907963079385
    ]
  ],
  "R": [
    [
      0.9995061919469699,
      0.010851511102982448,
      -0.029489268665883528
    ],
    [
      -0.010665925101084914,
      0.9999223574733398,
      0.006443373859782504
    ],
    [
      0.029556899387535418,
      -0.006125661739005729,
      0.9995443291654729
    ]
  ],
  "t": [
    [
      0.8888110984422797
    ],
    [
      0.001695194444732163
    ],
    [
      0.4582706161228568
    ]
  ]
}