{
  "image_1": "frame_161",
  "image_2": "frame_162",
  "num_matches": 500,
  "inlier_count": 387,
  "inlier_ratio": 0.774,
  "reproj_rmse": 0.258,
  "F": [
    [
      4.1646125569558115e-09,
      -3.929291716544829e-06,
      0.00695443610419773
    ],
    [
      4.030758352355121e-06,
      9.862674968820548e-08,
      0.012457466781037206
    ],
    [
      -0.007058589049443219,
      -0.013087701870948166,
      1.0
    ]
  ],
  "E": [
    [
      -0.0003270390272754909,
      0.41128417412065843,
      0.012905279774132571
    ],
    [
      -0.4197222791799476,
      -0.0033917714815149304,
      -0.5688568329833439
    ],
    [
      -0.015720219556282996,
      0.5750201666880368,
      -0.002639191324175858
    ]
  ],
  "R": [
    [
      0.9998884840965534,
      0.0012619947573249517,
      -0.014880414655802254
    ],
    [
      -0.0013361790345724246,
      0.9999867245682681,
      -0.004976475943260514
    ],
    [
      0.014873936825323009,
      0.0049958038851383064,
      0.99987689639618
    ]
  ],
  "t": [
    [
      0.813238802464951
    ],
    [
      0.021147473341619302
    ],
    [
      -0.5815457286719916
    ]
  ]
}