{
  "image_1": "frame_032",
  "image_2": "frame_033",
  "num_matches": 500,
  "inlier_count": 379,
  "inlier_ratio": 0.758,
  "reproj_rmse": 0.2828,
  "F": [
    [
      -2.690535046781106e-08,
      -7.120739981847777e-07,
      0.001594122139189133
    ],
    [
      4.159837083982199e-07,
      8.720380771691269e-08,
      -0.009934245440964435
    ],
    [
      -0.0005971083518465247,
      0.00971852464712443,
      1.0
    ]
  ],
  "E": [
    [
      -0.007264809043369149,
      -0.1776854697925772,
      0.008942496386361118
    ],
    [
      0.10614302995284522,
      0.024893436209293667,
      -0.6984514983316394
    ],
    [
      0.01803444087924504,
      0.6835691239505899,
      0.03134674401818822
    ]
  ],
  "R": [
    [
      0.9934698216980187,
      -0.04587630330677868,
      -0.10446567938902804
    ],
    [
      0.050623736981441264,
      0.9977806567373227,
      0.043255037797586805
    ],
    [
      0.1022494529537469,
      -0.048261017765287795,
      0.9935874010548433
    ]
  ],
  "t": [
    [
      0.9677759328817118
    ],
    [
      0.023642271651268715
    ],
    [
      0.2507005917944747
    ]
  ]
}