{
  "image_1": "frame_030",
  "image_2": "frame_031",
  "num_matches": 500,
  "inlier_count": 392,
  "inlier_ratio": 0.784,
  "reproj_rmse": 0.4144,
  "F": [
    [
      6.4592282980540495e-09,
      4.797974951324542e-07,
      -0.0003273822739167124
    ],
    [
      -4.503898516003723e-07,
      4.618466478440021e-08,
      0.007370352405991446
    ],
    [
      0.00015209086213509442,
      -0.007577198637905105,
      1.0
    ]
  ],
  "E": [
    [
      -0.0020826567288128863,
      -0.14744182378101123,
      -0.055763619769353276
    ],
    [
      0.13612164197796514,
      -0.0206739706796825,
      -0.6909806897864432
    ],
    [
      0.06576956561935288,
      0.6884758669183194,
      -0.02028562605437308
    ]
  ],
  "R": [
    [
      0.9998651545129112,
      -0.008905020913306805,
      -0.013797586506546694
    ],
    [
      0.008512794732083523,
      0.999565212488438,
      -0.02822974156440269
    ],
    [
      0.014042973927252012,
      0.028108478889422445,
      0.999506232245603
    ]
  ],
  "t": [
    [
      0.9748302312211066
    ],
    [
      -0.08472510683156066
    ],
    [
      0.20622239589769156
    ]
  ]
}