{
  "image_1": "frame_171",
  "image_2": "frame_172",
  "num_matches": 500,
  "inlier_count": 399,
  "inlier_ratio": 0.798,
  "reproj_rmse": 0.5979,
  "F": [
    [
      5.177961719479474e-09,
      -5.868100254266432e-07,
      0.0015518253913475888
    ],
    [
      7.704942187526894e-07,
      2.6222913157983915e-08,
      0.017628357202589578
    ],
    [
      -0.0018733979779562069,
      -0.01802605962225236,
      1.0
    ]
  ],
  "E": [
    [
      -9.47167449421985e-05,
      0.07317304990394115,
      -0.0007297949457848713
    ],
    [
      -0.09364711422723734,
      -0.004891944409224136,
      -0.700861065804543
    ],
    [
      -0.0006148412645887946,
      0.7032935183337764,
      -0.004802660916220802
    ]
  ],
  "R": [
    [
      0.999574309211482,
      0.0010030605258895136,
      -0.029158090369052522
    ],
    [
      -0.0012023796752217565,
      0.9999760269274913,
      -0.006819080101146534
    ],
    [
      0.02915055140996553,
      0.006851236376790507,
      0.9995515524036789
    ]
  ],
  "t": [
    [
      0.9946307487664261
    ],
    [
      -0.0003265459491821906
    ],
    [
      -0.10348703772010164
    ]
  ]
}