{
  "image_1": "frame_166",
  "image_2": "frame_167",
  "num_matches": 500,
  "inlier_count": 348,
  "inlier_ratio": 0.696,
  "reproj_rmse": 0.3918,
  "F": [
    [
      7.464445279281041e-10,
      -1.1121145961540394e-06,
      0.002386193808793553
    ],
    [
      1.4169612030562308e-06,
      8.208159461793048e-08,
      0.015285772931330223
    ],
    [
      -0.0030785547715870406,
      -0.01617719528565474,
      1.0
    ]
  ],
  "E": [
    [
      2.877326915902982e-06,
      0.2199889726769766,
      -0.01756978601882098
    ],
    [
      -0.2546417862550783,
      0.007963645070006789,
      -0.6593179053798709
    ],
    [
      0.02300639714538377,
      0.6716596911138286,
      0.005844675379265337
    ]
  ],
  "R": [
    [
      0.9986189259273155,
      -0.004195693974814389,
      -0.05237019125270165
    ],
    [
      0.004738644076202534,
      0.9999362630944918,
      0.010247682710860706
    ],
    [
      0.052323857198164736,
      -0.010481693598511454,
      0.9985751589475942
    ]
  ],
  "t": [
    [
      0.9500485824540786
    ],
    [
      -0.028072787375787164
    ],
    [
      -0.31083695016189683
    ]
  ]
}