{
  "image_1": "frame_139",
  "image_2": "frame_140",
  "num_matches": 500,
  "inlier_count": 351,
  "inlier_ratio": 0.702,
  "reproj_rmse": 0.3476,
  "F": [
    [
      4.423985887857529e-08,
      4.901753442037193e-06,
      -0.010009495599026462
    ],
    [
      -4.544440804203098e-06,
      8.474256734529049e-08,
      0.03391103039755949
    ],
    [
      0.008783764679213879,
      -0.033868797114121496,
      1.0
    ]
  ],
  "E": [
    [
      -0.0044679085964293595,
      -0.4157541778542524,
      -0.00018775963256900788
    ],
    [
      0.3927623996980606,
      -0.009542076150463022,
      -0.5879031843295107
    ],
    [
      0.009982839828349134,
      0.5718524499245384,
      -0.0054842120194774375
    ]
  ],
  "R": [
    [
      0.9991620241796189,
      -0.010719670708289736,
      -0.039501115138590503
    ],
    [
      0.010359630787888572,
      0.9999030137116613,
      -0.009308126571755379
    ],
    [
      0.03959706412380809,
      0.008891109618209402,
      0.9991761709941505
    ]
  ],
  "t": [
    [
      0.8088615037641844
    ],
    [
      -0.005743173579308225
    ],
    [
      0.5879711588892604
    ]
  ]
}