{
  "image_1": "frame_024",
  "image_2": "frame_025",
  "num_matches": 500,
  "inlier_count": 360,
  "inlier_ratio": 0.72,
  "reproj_rmse": 0.3568,
  "F": [
    [
      1.587089641306409e-09,
      -1.3014348271733544e-06,
      0.0036108681630403292
    ],
    [
      1.5613633412439136e-06,
      -5.748892626816361e-08,
      0.015223480364507016
    ],
    [
      -0.004324951397640005,
      -0.015465985625813056,
      1.0
    ]
  ],
  "E": [
    [
      -0.0006845558518965866,
      0.1360877799412819,
      -0.049048261512204434
    ],
    [
      -0.1697537275100498,
      0.003490035677141488,
      -0.6846415699146984
    ],
    [
      0.05815087129249227,
      0.6914684517979028,
      -0.0010882577165191136
    ]
  ],
  "R": [
    [
      0.9987141982186203,
      -0.012667768959132311,
      -0.04908643301500115
    ],
    [
      0.012777827730532737,
      0.9999164995898252,
      0.001928980694463775
    ],
    [
      0.04905789839594629,
      -0.0025537183926227294,
      0.998792671742912
    ]
  ],
  "t": [
    [
      0.9788502598217658
    ],
    [
      -0.06981994546191563
    ],
    [
      -0.1922949402936973
    ]
  ]
}