{
  "image_1": "frame_089",
  "image_2": "frame_090",
  "num_matches": 219,
  "inlier_count": 151,
  "inlier_ratio": 0.6895,
  "reproj_rmse": 0.2717,
  "F": [
    [
      3.185333422650288e-08,
      -6.973266333346304e-06,
      0.01696258765912666
    ],
    [
      5.967017221596191e-06,
      9.451945698582172e-08,
      -0.06604342213107565
    ],
    [
      -0.014866522827138937,
      0.06563271599847625,
      1.0
    ]
  ],
  "E": [
    [
      0.0011377815717482757,
      -0.25896679252316923,
      0.040485516056200745
    ],
    [
      0.22310461301450746,
      -0.00028819572576979223,
      -0.6697466767892376
    ],
    [
      -0.03803133203133104,
      0.6568905157464096,
      0.0028168145132066646
    ]
  ],
  "R": [
    [
      0.9985346046535659,
      -0.004049536033944923,
      -0.053965216271751715
    ],
    [
      0.004106110509751126,
      0.9999911304196593,
      0.0009375171963350755
    ],
    [
      0.05396094111326133,
      -0.0011577305046921518,
      0.9985423759131357
    ]
  ],
  "t": [
    [
      0.9287581265464331
    ],
    [
      0.05768253677921823
    ],
    [
      0.3661708171395888
    ]
  ]
}