{
  "image_1": "frame_136",
  "image_2": "frame_137",
  "num_matches": 500,
  "inlier_count": 330,
  "inlier_ratio": 0.66,
  "reproj_rmse": 0.4393,
  "F": [
    [
      5.219124452649969e-07,
      4.069851887953059e-05,
      -0.09356847485439197
    ],
    [
      -4.227470396267864e-05,
      1.2242622251893698e-07,
      0.4661418120796846
    ],
    [
      0.09104023965219896,
      -0.46599576977392165,
      1.0
    ]
  ],
  "E": [
    [
      -0.0020443307157779187,
      -0.18497215372595954,
      0.022005055598548342
    ],
    [
      0.18613200067431313,
      -0.00010828132802481729,
      -0.681797319928289
    ],
    [
      -0.015129371609686283,
      0.682328210346258,
      0.001870081578952806
    ]
  ],
  "R": [
    [
      0.9999396736886143,
      -0.010841904588300828,
      0.0017612746536043722
    ],
    [
      0.010836948153809735,
      0.9999373591539797,
      0.002799700497614346
    ],
    [
      -0.0017915184115403493,
      -0.0027804447599046114,
      0.9999945297793974
    ]
  ],
  "t": [
    [
      0.9646728985371259
    ],
    [
      0.0318521942328303
    ],
    [
      0.26151794689950814
    ]
  ]
}