{
  "image_1": "frame_067",
  "image_2": "frame_068",
  "num_matches": 500,
  "inlier_count": 379,
  "inlier_ratio": 0.758,
  "reproj_rmse": 0.4385,
  "F": [
    [
      1.164204802318286e-08,
      -3.0375581032725524e-06,
      0.005663119397582152
    ],
    [
      3.1914643599170418e-06,
      -2.7878011716579835e-08,
      0.01420540511111261
    ],
    [
      -0.005901716934243964,
      -0.0147093971232252,
      1.0
    ]
  ],
  "E": [
    [
      0.0018457526506779304,
      -0.43594423399665577,
      -0.02775170820968668
    ],
    [
      0.45072514088414106,
      0.003457565393100045,
      0.5440864335277249
    ],
    [
      0.03168852173655243,
      -0.5558594639656271,
      1.0548356559057158e-05
    ]
  ],
  "R": [
    [
      0.9996189627546385,
      0.005948202028929442,
      -0.026954557944137147
    ],
    [
      -0.005987951991161287,
      0.9999811001035758,
      -0.00139422616316702
    ],
    [
      0.026945755366891255,
      0.0015550975099832103,
      0.9996356876079615
    ]
  ],
  "t": [
    [
      0.7863575023278737
    ],
    [
      0.04012095381728195
    ],
    [
      -0.6164675073330788
    ]
  ]
}