{
  "image_1": "frame_083",
  "image_2": "frame_084",
  "num_matches": 317,
  "inlier_count": 226,
  "inlier_ratio": 0.7129,
  "reproj_rmse": 0.4165,
  "F": [
    [
      -1.9901610421849913e-08,
      9.465572909174238e-07,
      -0.0027276155765536495
    ],
    [
      -5.178169961793058e-07,
      5.193715182336158e-08,
      0.017928727802487374
    ],
    [
      0.0018694229549770947,
      -0.018357908516029173,
      1.0
    ]
  ],
  "E": [
    [
      -0.002083993138716351,
      -0.30761462644628157,
      0.004122165281000111
    ],
    [
      0.27612907560186073,
      -0.006657746932374553,
      -0.6509261034662703
    ],
    [
      0.002606107339947539,
      0.63665407608746,
      -0.004507523414093953
    ]
  ],
  "R": [
    [
      0.9987782126151546,
      -0.007421115528231384,
      -0.048857026614334886
    ],
    [
      0.007076353864479647,
      0.999948855678675,
      -0.007225734764897865
    ],
    [
      0.04890815086733341,
      0.006871176844226864,
      0.9987796452208634
    ]
  ],
  "t": [
    [
      0.9003909221247275
    ],
    [
      0.0026891780399706062
    ],
    [
      0.4350735060617373
    ]
  ]
}