{
  "image_1": "frame_141",
  "image_2": "frame_142",
  "num_matches": 500,
  "inlier_count": 348,
  "inlier_ratio": 0.696,
  "reproj_rmse": 0.3,
  "F": [
    [
      3.630194780934218e-08,
      -2.384634101959618e-06,
      0.004342443499838741
    ],
    [
      2.2723796636428316e-06,
      5.702252916387235e-08,
      -0.014605570010706686
    ],
    [
      -0.004453759701478955,
      0.01429097886787997,
      1.0
    ]
  ],
  "E": [
    [
      0.0058441672701398635,
      -0.37578052588071814,
      -0.006775576397553459
    ],
    [
      0.3577901278856105,
      0.01054842585331528,
      -0.6098038459676026
    ],
    [
      -0.005722182316330671,
      0.5988894181724908,
      0.004677565125209978
    ]
  ],
  "R": [
    [
      0.999429463712779,
      0.01607875362515148,
      -0.029702201006806872
    ],
    [
      -0.015847733407669908,
      0.9998424362567604,
      0.007996999811520045
    ],
    [
      0.029826102806543797,
      -0.007521724669761767,
      0.9995268016663514
    ]
  ],
  "t": [
    [
      0.8470052345082595
    ],
    [
      -0.005333768421752086
    ],
    [
      0.5315577895488238
    ]
  ]
}