{
  "image_1": "frame_086",
  "image_2": "frame_087",
  "num_matches": 359,
  "inlier_count": 258,
  "inlier_ratio": 0.7187,
  "reproj_rmse": 0.7431,
  "F": [
    [
      9.42364759065991e-09,
      -1.883682934372092e-06,
      0.0039092599150381034
    ],
    [
      1.6909696255227233e-06,
      -1.3628607220958894e-07,
      -0.02941145521664608
    ],
    [
      -0.0037306768086716943,
      0.02983477364067017,
      1.0
    ]
  ],
  "E": [
    [
      0.000858483717095133,
      -0.23125067510421216,
      -0.020750624971982354
    ],
    [
      0.2371243256337464,
      0.009206863938450579,
      -0.6658605675974164
    ],
    [
      0.015760177427696483,
      0.6678962916185223,
      0.0086575198819022
    ]
  ],
  "R": [
    [
      0.9999597173311507,
      0.00295158253921593,
      0.008476548561707431
    ],
    [
      -0.0030594125931810746,
      0.9999142094001388,
      0.012736319495051456
    ],
    [
      -0.008438229055286184,
      -0.012761739701526852,
      0.9998829602959542
    ]
  ],
  "t": [
    [
      0.944554709726044
    ],
    [
      -0.025179053517013862
    ],
    [
      0.3273872563163323
    ]
  ]
}