{
  "image_1": "frame_190",
  "image_2": "frame_191",
  "num_matches": 500,
  "inlier_count": 421,
  "inlier_ratio": 0.842,
  "reproj_rmse": 0.5916,
  "F": [
    [
      1.1980356039578578e-07,
      -9.810681036140677e-06,
      0.0197788526860638
    ],
    [
      8.909920429277228e-06,
      -1.0173309004066862e-07,
      -0.08743758750536973
    ],
    [
      -0.01908940467744247,
      0.08744528976754032,
      1.0
    ]
  ],
  "E": [
    [
      0.0031894014274130114,
      -0.3545798311542072,
      0.0003711514946500385
    ],
    [
      0.33607677800142366,
      0.0020232616334193232,
      -0.6221320317272347
    ],
    [
      -0.00531113184359191,
      0.6117464151980792,
      -0.000994723118977297
    ]
  ],
  "R": [
    [
      0.9995097371831951,
      0.008959063183960973,
      -0.030000341045492707
    ],
    [
      -0.009011588390175004,
      0.9999580889183616,
      -0.001616069746031593
    ],
    [
      0.0299846052277854,
      0.0018856281721927421,
      0.999548582038777
    ]
  ],
  "t": [
    [
      0.8651737782708826
    ],
    [
      -0.00028565533718088266
    ],
    [
      0.5014720847599733
    ]
  ]
}