{
  "image_1": "frame_062",
  "image_2": "frame_063",
  "num_matches": 500,
  "inlier_count": 420,
  "inlier_ratio": 0.84,
  "reproj_rmse": 0.2977,
  "F": [
    [
      -2.607771964042346e-07,
      2.4865199435263903e-05,
      -0.04687368235170103
    ],
    [
      -2.5044467898492676e-05,
      7.774585161946691e-08,
      -0.10901498865017664
    ],
    [
      0.046743637713561124,
      0.10992073154976378,
      1.0
    ]
  ],
  "E": [
    [
      -0.004141574229061409,
      0.3746656047055476,
      0.008575675055122085
    ],
    [
      -0.38010590226529,
      -0.0014547713806226307,
      -0.5962138892131985
    ],
    [
      -0.01353555983266324,
      0.5994913128329886,
      0.0028860494224002046
    ]
  ],
  "R": [
    [
      0.9998962344277177,
      0.011258607785673693,
      -0.008986886446305187
    ],
    [
      -0.011216600220924647,
      0.9999259938987662,
      0.0047111150536358025
    ],
    [
      0.009039261958499079,
      -0.004609823889587143,
      0.9999485193083454
    ]
  ],
  "t": [
    [
      0.847979940577465
    ],
    [
      0.009631719741755201
    ],
    [
      -0.529940798913478
    ]
  ]
}