{
  "image_1": "frame_095",
  "image_2": "frame_096",
  "num_matches": 500,
  "inlier_count": 348,
  "inlier_ratio": 0.696,
  "reproj_rmse": 0.7412,
  "F": [
    [
      -1.1568542818287171e-07,
      -3.337987284544887e-05,
      0.0750217926288386
    ],
    [
      2.995461096025067e-05,
      -3.837378130405453e-07,
      -0.30564350225689924
    ],
    [
      -0.06629168035812791,
      0.3061810649720777,
      1.0
    ]
  ],
  "E": [
    [
      -0.0026710960784062238,
      -0.34001293125162824,
      0.0003243269686684818
    ],
    [
      0.31688124458524103,
      -0.0009156965703451294,
      -0.6321265801852355
    ],
    [
      0.0037579373812797784,
      0.6199746927440835,
      0.0016278378817372989
    ]
  ],
  "R": [
    [
      0.9992858726120095,
      -0.007885504804355145,
      -0.036953533146844963
    ],
    [
      0.007985326151330059,
      0.9999648540582736,
      0.0025544499354109404
    ],
    [
      0.03693209125288416,
      -0.0028477117473730586,
      0.9993137200966935
    ]
  ],
  "t": [
    [
      0.87679412251615
    ],
    [
      0.0016881665907034472
    ],
    [
      0.4808629917291374
    ]
  ]
}