{
  "image_1": "frame_055",
  "image_2": "frame_056",
  "num_matches": 500,
  "inlier_count": 393,
  "inlier_ratio": 0.786,
  "reproj_rmse": 0.276,
  "F": [
    [
      1.641721916574878e-08,
      -1.9012226274705555e-06,
      0.00454294330725826
    ],
    [
      2.2409122104291273e-06,
      -7.413816436546061e-08,
      0.039865983775399655
    ],
    [
      -0.005013845669150056,
      -0.04016340759768679,
      1.0
    ]
  ],
  "E": [
    [
      -0.0007447888942887574,
      0.10705791514778043,
      -0.012946378971104844
    ],
    [
      -0.12141881565824234,
      -0.002153839073513723,
      -0.6964850924473586
    ],
    [
      0.00954164663381019,
      0.6988828526234506,
      -0.0018715858685271704
    ]
  ],
  "R": [
    [
      0.9997788590069341,
      0.004470413200075806,
      -0.02054868581232383
    ],
    [
      -0.004518712496916315,
      0.999987134829204,
      -0.0023046503963066807
    ],
    [
      0.020538118710418024,
      0.002396994347005052,
      0.9997861971931485
    ]
  ],
  "t": [
    [
      0.988302017973504
    ],
    [
      -0.01796375127804747
    ],
    [
      -0.15144776297298093
    ]
  ]
}