{
  "image_1": "frame_177",
  "image_2": "frame_178",
  "num_matches": 500,
  "inlier_count": 346,
  "inlier_ratio": 0.692,
  "reproj_rmse": 0.4841,
  "F": [
    [
      1.3783260847507412e-08,
      -7.427148198341425e-08,
      0.0017590780180170747
    ],
    [
      4.295454219217969e-07,
      7.493556970931537e-09,
      0.04119792518884516
    ],
    [
      -0.002534730784782646,
      -0.0416551778607123,
      1.0
    ]
  ],
  "E": [
    [
      -0.0008550083540642263,
      -0.021667149473994847,
      -0.025854168536105015
    ],
    [
      -0.0025818726663681285,
      -5.540061594367689e-05,
      -0.7066286317965748
    ],
    [
      0.02479223651995431,
      0.7063392500870941,
      -0.0009391208870220023
    ]
  ],
  "R": [
    [
      0.9994101115620814,
      0.0015023186562111088,
      -0.03430993946545656
    ],
    [
      -0.0015057063320678132,
      0.9999988637663926,
      -7.289969392030164e-05
    ],
    [
      0.034309790962780064,
      0.0001245173843397022,
      0.9994112380494384
    ]
  ],
  "t": [
    [
      0.9988607165803376
    ],
    [
      -0.03658709033545571
    ],
    [
      0.030637455726606262
    ]
  ]
}