{
  "image_1": "frame_066",
  "image_2": "frame_067",
  "num_matches": 500,
  "inlier_count": 351,
  "inlier_ratio": 0.702,
  "reproj_rmse": 0.3018,
  "F": [
    [
      -6.404882612732688e-09,
      -3.004807094721428e-06,
      0.00477081350771796
    ],
    [
      3.167776772808198e-06,
      1.6431509047254006e-08,
      0.015394939876146258
    ],
    [
      -0.005038051557125771,
      -0.015972661247615032,
      1.0
    ]
  ],
  "E": [
    [
      0.00019865159741151896,
      0.2870741996543691,
      0.028064766168606814
    ],
    [
      -0.31024477995266514,
      -0.001877078518717844,
      -0.6347684891936403
    ],
    [
      -0.030384283027635597,
      0.6455161849175926,
      4.358624828274458e-05
    ]
  ],
  "R": [
    [
      0.9993383650987034,
      0.002853168476633139,
      -0.0362586744310226
    ],
    [
      -0.002910716738476725,
      0.9999945865491316,
      -0.0015344707555499382
    ],
    [
      0.03625410004288221,
      0.0016389942267254383,
      0.9993412599948054
    ]
  ],
  "t": [
    [
      0.9130177800352498
    ],
    [
      0.04033901870845075
    ],
    [
      -0.4059203085694821
    ]
  ]
}