{
  "image_1": "frame_052",
  "image_2": "frame_053",
  "num_matches": 500,
  "inlier_count": 370,
  "inlier_ratio": 0.74,
  "reproj_rmse": 0.9865,
  "F": [
    [
      5.598819089709572e-09,
      -4.784409365414034e-07,
      0.0010604185730658953
    ],
    [
      1.2920842467624406e-07,
      1.0105049426653934e-07,
      -0.03338448749186848
    ],
    [
      -0.0006840854617396618,
      0.033312485223013576,
      1.0
    ]
  ],
  "E": [
    [
      0.0007380016222082215,
      -0.07407942109652721,
      0.006738435866753109
    ],
    [
      0.05166409380775269,
      0.006335164751169876,
      -0.7051498871627668
    ],
    [
      -0.012154868679397825,
      0.7030892072864775,
      0.006199814777449623
    ]
  ],
  "R": [
    [
      0.9994729290343646,
      0.007075100573526848,
      -0.03168291462827445
    ],
    [
      -0.006809450877926381,
      0.9999408188654382,
      0.008484700669908442
    ],
    [
      0.031741069708016365,
      -0.008264485379701389,
      0.9994619566422722
    ]
  ],
  "t": [
    [
      0.9944508919053557
    ],
    [
      0.01042340951284591
    ],
    [
      0.10468417322007254
    ]
  ]
}