{
  "image_1": "frame_150",
  "image_2": "frame_151",
  "num_matches": 500,
  "inlier_count": 367,
  "inlier_ratio": 0.734,
  "reproj_rmse": 0.2925,
  "F": [
    [
      -3.625012612433321e-08,
      -8.658850634944785e-06,
      0.022807835084368525
    ],
    [
      8.06327566906527e-06,
      -6.257705889052616e-08,
      -0.11274068640518783
    ],
    [
      -0.020788315562249405,
      0.11263271432472176,
      0.9999999999999999
    ]
  ],
  "E": [
    [
      -0.001520345702671207,
      -0.2737830829993411,
      0.03575639265824669
    ],
    [
      0.26379636357450137,
      0.0004807888682572237,
      -0.6550245783466428
    ],
    [
      -0.03185581534212973,
      0.6512235548375472,
      0.0030216251855725053
    ]
  ],
  "R": [
    [
      0.9998575960001512,
      -0.007525044850666317,
      -0.01510501310141421
    ],
    [
      0.007583070421930446,
      0.9999640738384704,
      0.0037878853395944233
    ],
    [
      0.015075966429204057,
      -0.003901888307644496,
      0.9998787378996814
    ]
  ],
  "t": [
    [
      0.9206106586352228
    ],
    [
      0.05203939217049761
    ],
    [
      0.3869986006043774
    ]
  ]
}