{
  "image_1": "frame_053",
  "image_2": "frame_054",
  "num_matches": 500,
  "inlier_count": 377,
  "inlier_ratio": 0.754,
  "reproj_rmse": 0.5088,
  "F": [
    [
      -1.958887562656297e-09,
      -6.16472864402036e-08,
      -0.00019150044126290395
    ],
    [
      4.184558679562179e-07,
      -5.113069110008414e-08,
      0.05239146317188373
    ],
    [
      -0.00035841784163211066,
      -0.05276939198847405,
      1.0
    ]
  ],
  "E": [
    [
      8.328967014243739e-05,
      -0.061321169901589284,
      -0.003768892757573083
    ],
    [
      0.07021321370247835,
      0.0012072433154003241,
      0.7036005529357173
    ],
    [
      0.005378434606102333,
      -0.7044220803298618,
      0.0010084199280068354
    ]
  ],
  "R": [
    [
      0.9999178140128753,
      0.002135105012188612,
      -0.012641461398893439
    ],
    [
      -0.002154247345520905,
      0.9999965533627933,
      -0.0015008267415730944
    ],
    [
      0.012638213405663942,
      0.001527936229307407,
      0.999918967203239
    ]
  ],
  "t": [
    [
      0.9962183522020794
    ],
    [
      0.005460603208561213
    ],
    [
      -0.08671318555082774
    ]
  ]
}