{
  "image_1": "frame_103",
  "image_2": "frame_104",
  "num_matches": 500,
  "inlier_count": 367,
  "inlier_ratio": 0.734,
  "reproj_rmse": 0.2671,
  "F": [
    [
      4.404124456889633e-08,
      2.057865301845547e-06,
      -0.004190176207948936
    ],
    [
      -2.0315960199355142e-06,
      6.014377754596336e-08,
      0.01480926738758081
    ],
    [
      0.003709927970532394,
      -0.015034638294380884,
      1.0
    ]
  ],
  "E": [
    [
      -0.006729500325827936,
      -0.3072367593617058,
      0.008449613257291247
    ],
    [
      0.301717241003069,
      -0.012544436910126532,
      -0.6393573028743412
    ],
    [
      0.008424890947048366,
      0.6367226077008072,
      -0.005815192056173727
    ]
  ],
  "R": [
    [
      0.9997185078471322,
      -0.022132227777778797,
      -0.00854807355468451
    ],
    [
      0.02205340707393881,
      0.9997143926720351,
      -0.009207622973119882
    ],
    [
      0.008749417371170076,
      0.009016516953707174,
      0.999921071944025
    ]
  ],
  "t": [
    [
      0.9005430490077357
    ],
    [
      0.007947684619395635
    ],
    [
      0.4346942042321723
    ]
  ]
}