{
  "image_1": "frame_116",
  "image_2": "frame_117",
  "num_matches": 500,
  "inlier_count": 379,
  "inlier_ratio": 0.758,
  "reproj_rmse": 0.4896,
  "F": [
    [
      -6.17192729154536e-09,
      -2.3906306790626513e-06,
      0.0049085067975221846
    ],
    [
      2.474560291644952e-06,
      2.6825039947108212e-08,
      0.011838414836839652
    ],
    [
      -0.005016281960318396,
      -0.012156286678817184,
      1.0
    ]
  ],
  "E": [
    [
      0.0011863545841412956,
      0.3141723538767128,
      0.004901565839284581
    ],
    [
      -0.3220386772935906,
      -0.0062927171257873395,
      -0.6294264275126038
    ],
    [
      -0.006419182639886951,
      0.6334422792024661,
      -0.00733734792689453
    ]
  ],
  "R": [
    [
      0.9999149521626083,
      -0.0035801503640151455,
      -0.012540772106227338
    ],
    [
      0.00343278055379272,
      0.9999250371128193,
      -0.0117531345859764
    ],
    [
      0.01258191000280906,
      0.011709085288680676,
      0.9998522855214081
    ]
  ],
  "t": [
    [
      0.8958463029724345
    ],
    [
      0.012154372619815335
    ],
    [
      -0.44419778553797407
    ]
  ]
}