{
  "image_1": "frame_027",
  "image_2": "frame_028",
  "num_matches": 500,
  "inlier_count": 332,
  "inlier_ratio": 0.664,
  "reproj_rmse": 0.285,
  "F": [
    [
      1.1484574041961304e-08,
      -1.3824157129091114e-07,
      0.0006565019006429327
    ],
    [
      5.528487704761396e-07,
      -6.18078201987342e-08,
      0.014939650163787984
    ],
    [
      -0.0014118310743201886,
      -0.015332837079503081,
      1.0
    ]
  ],
  "E": [
    [
      -0.0009316921511981753,
      0.03735247815423746,
      -0.011188813205892038
    ],
    [
      -0.09035962781139954,
      -0.0005553092240098545,
      -0.7012198903141275
    ],
    [
      0.009487301353400833,
      0.7060544007399083,
      -0.0011848268434429409
    ]
  ],
  "R": [
    [
      0.9971643302272148,
      0.0023410707266070495,
      -0.07521846788098557
    ],
    [
      -0.0023842814552504244,
      0.9999970401409404,
      -0.0004846764904608129
    ],
    [
      0.0752171105829783,
      0.0006626441060499703,
      0.9971669605328572
    ]
  ],
  "t": [
    [
      0.9984775758969415
    ],
    [
      -0.015842646325300313
    ],
    [
      -0.052835035614437885
    ]
  ]
}