{
  "image_1": "frame_061",
  "image_2": "frame_062",
  "num_matches": 500,
  "inlier_count": 410,
  "inlier_ratio": 0.82,
  "reproj_rmse": 0.3414,
  "F": [
    [
      1.0825816233781265e-08,
      -5.562879559416037e-06,
      0.009341248444048076
    ],
    [
      6.044055344183879e-06,
      -6.353402487657646e-08,
      0.02911411331350379
    ],
    [
      -0.010302572861478752,
      -0.030209805929101514,
      1.0
    ]
  ],
  "E": [
    [
      -0.0005046646916908511,
      0.3654091210891772,
      0.03035014541556934
    ],
    [
      -0.38810118759316237,
      0.004317518473108535,
      -0.5904621804133187
    ],
    [
      -0.029177349272673733,
      0.6044558754054231,
      0.007057330478497828
    ]
  ],
  "R": [
    [
      0.9992884751095145,
      0.004490496808503254,
      -0.037448350453850976
    ],
    [
      -0.00411799235970535,
      0.9999413355763614,
      0.010018360379213803
    ],
    [
      0.03749114098326495,
      -0.009857020045390123,
      0.9992483442586219
    ]
  ],
  "t": [
    [
      0.8550494584661614
    ],
    [
      0.03776878935208595
    ],
    [
      -0.5171691620036928
    ]
  ]
}