{
  "image_1": "frame_094",
  "image_2": "frame_095",
  "num_matches": 500,
  "inlier_count": 355,
  "inlier_ratio": 0.71,
  "reproj_rmse": 0.3691,
  "F": [
    [
      7.944154771373882e-08,
      -6.587266773550914e-06,
      0.017836937154121796
    ],
    [
      5.696664865393669e-06,
      -3.477869944142696e-07,
      -0.07665355402045614
    ],
    [
      -0.016486887728798534,
      0.07789770586315564,
      1.0
    ]
  ],
  "E": [
    [
      0.0009262766209500397,
      -0.24271159988788082,
      0.03185929881465838
    ],
    [
      0.2231668366935794,
      0.004347676636285658,
      -0.6701178722449387
    ],
    [
      -0.03332840462550009,
      0.6633670834919001,
      0.005313601514773205
    ]
  ],
  "R": [
    [
      0.9995797968456098,
      9.851135003964562e-06,
      -0.0289867149060542
    ],
    [
      0.0001800222277888036,
      0.9999785471089022,
      0.006547741134655708
    ],
    [
      0.028986157559897585,
      -0.006550208006170219,
      0.9995583511956606
    ]
  ],
  "t": [
    [
      0.9381633187995841
    ],
    [
      0.04732225704600616
    ],
    [
      0.342943422807643
    ]
  ]
}