{
  "image_1": "frame_189",
  "image_2": "frame_190",
  "num_matches": 500,
  "inlier_count": 376,
  "inlier_ratio": 0.752,
  "reproj_rmse": 0.2338,
  "F": [
    [
      4.85535984877426e-08,
      -5.769392911440479e-05,
      0.11889706541138508
    ],
    [
      5.525993143816662e-05,
      -1.0186061421721e-06,
      -0.352886717445147
    ],
    [
      -0.1139347244417442,
      0.3537455465900271,
      1.0
    ]
  ],
  "E": [
    [
      -0.0006579864604477776,
      0.3703301096708312,
      -0.01368913843270478
    ],
    [
      -0.351846879855521,
      0.0007396690463995057,
      0.6132141726974131
    ],
    [
      0.013515172472248985,
      -0.6022096019826634,
      0.0005694168677288047
    ]
  ],
  "R": [
    [
      0.9995362580587968,
      0.0006505744190279557,
      -0.030444138659919406
    ],
    [
      -0.0006998450829792981,
      0.9999984626480304,
      -0.001607768153430049
    ],
    [
      0.030443045883730424,
      0.0016283287446523832,
      0.9995351767210696
    ]
  ],
  "t": [
    [
      0.8516663483007626
    ],
    [
      0.018525896937277266
    ],
    [
      0.5237568351007111
    ]
  ]
}