{
  "image_1": "frame_157",
  "image_2": "frame_158",
  "num_matches": 500,
  "inlier_count": 403,
  "inlier_ratio": 0.806,
  "reproj_rmse": 0.441,
  "F": [
    [
      1.3361404445763024e-08,
      -4.12418560664611e-06,
      0.008442414451110623
    ],
    [
      4.353391512157293e-06,
      -5.268552146266114e-08,
      0.02097553275055037
    ],
    [
      -0.00894703801163461,
      -0.02160387102976956,
      1.0
    ]
  ],
  "E": [
    [
      -0.0011358101770688662,
      0.3512337922490939,
      -0.01786401517706418
    ],
    [
      -0.37323727344367064,
      0.003562720514552249,
      -0.6002272893633137
    ],
    [
      0.019499344417923777,
      0.6134586282703598,
      0.0033380961151506495
    ]
  ],
  "R": [
    [
      0.9993346913216412,
      0.0013779744603599799,
      -0.03644551971734045
    ],
    [
      -0.0011366186145495248,
      0.9999772939564663,
      0.006642263893289441
    ],
    [
      0.036453845053786904,
      -0.0065964200813496115,
      0.9993135666160571
    ]
  ],
  "t": [
    [
      0.8675418261724511
    ],
    [
      -0.028581316919925645
    ],
    [
      -0.4965423327013434
    ]
  ]
}