{
  "image_1": "frame_148",
  "image_2": "frame_149",
  "num_matches": 500,
  "inlier_count": 363,
  "inlier_ratio": 0.726,
  "reproj_rmse": 0.2772,
  "F": [
    [
      3.386501799205681e-08,
      2.732113946549487e-06,
      -0.005515255278268897
    ],
    [
      -2.634377976592742e-06,
      1.1698903121784413e-07,
      0.013810096672733774
    ],
    [
      0.004987851902216819,
      -0.014124656461275606,
      0.9999999999999999
    ]
  ],
  "E": [
    [
      -0.004811449021024691,
      -0.39865600471098883,
      0.009520212934402805
    ],
    [
      0.38055413903177626,
      -0.013380961266159798,
      -0.5958067651387685
    ],
    [
      0.003500691463962506,
      0.5838584959747054,
      -0.008390649888782385
    ]
  ],
  "R": [
    [
      0.9994480473144471,
      -0.01279464401101774,
      -0.030657752754728318
    ],
    [
      0.012352610933960676,
      0.9998176261704599,
      -0.014564594123434865
    ],
    [
      0.030838510379927686,
      0.014177851864706464,
      0.9994238214061387
    ]
  ],
  "t": [
    [
      0.8257839976796281
    ],
    [
      0.005252762369104508
    ],
    [
      0.5639620533898942
    ]
  ]
}