{
  "image_1": "frame_138",
  "image_2": "frame_139",
  "num_matches": 500,
  "inlier_count": 389,
  "inlier_ratio": 0.778,
  "reproj_rmse": 0.3487,
  "F": [
    [
      2.3420602857885015e-08,
      9.511716725048357e-07,
      -0.0016925745959082523
    ],
    [
      -7.98420422036593e-07,
      6.692289796077832e-08,
      0.009485896574091048
    ],
    [
      0.0011180464138934162,
      -0.009719500303892582,
      1.0
    ]
  ],
  "E": [
    [
      -0.006573028378832862,
      -0.277814786591989,
      -0.012446111223783767
    ],
    [
      0.23975641942806525,
      -0.01653451104673955,
      -0.6647870176659574
    ],
    [
      0.03039123006382288,
      0.6494951600754463,
      -0.012447271517998813
    ]
  ],
  "R": [
    [
      0.9981456015895218,
      -0.021057188347633187,
      -0.05711350844050728
    ],
    [
      0.020080515648196753,
      0.9996430738579895,
      -0.01762094716673128
    ],
    [
      0.0574641707396365,
      0.016441402210352764,
      0.9982121765309033
    ]
  ],
  "t": [
    [
      0.919370256169063
    ],
    [
      -0.024563812011918693
    ],
    [
      0.3926257138943839
    ]
  ]
}