{
  "image_1": "frame_004",
  "image_2": "frame_005",
  "num_matches": 500,
  "inlier_count": 401,
  "inlier_ratio": 0.802,
  "reproj_rmse": 0.513,
  "F": [
    [
      -1.664730855773449e-08,
      -1.0774538610531959e-05,
      0.023812473360143676
    ],
    [
      1.1031357759364014e-05,
      -2.902397343570395e-07,
      0.03939986391340656
    ],
    [
      -0.024573532609655398,
      -0.039420050737814565,
      1.0
    ]
  ],
  "E": [
    [
      -0.0009177788560283573,
      -0.38138021614438766,
      0.02640365812511164
    ],
    [
      0.3942187231730367,
      -0.0036059005694246992,
      0.5863528333579032
    ],
    [
      -0.030102279056451513,
      -0.5947367766020379,
      -0.0014509307123321603
    ]
  ],
  "R": [
    [
      0.999752212904212,
      -0.003922860274846972,
      -0.021911731113654298
    ],
    [
      0.003999623860249428,
      0.9999860135841506,
      0.00346058449623168
    ],
    [
      0.02189784925762356,
      -0.003547365690631552,
      0.99975391991957
    ]
  ],
  "t": [
    [
      0.841250420806129
    ],
    [
      -0.03921608328385717
    ],
    [
      -0.539221502079975
    ]
  ]
}