{
  "image_1": "frame_100",
  "image_2": "frame_101",
  "num_matches": 500,
  "inlier_count": 322,
  "inlier_ratio": 0.644,
  "reproj_rmse": 0.4716,
  "F": [
    [
      6.4175634931316114e-09,
      1.7998431271670914e-06,
      -0.002607500910844031
    ],
    [
      -1.8394983123783837e-06,
      7.37810794668828e-08,
      0.0119568231947651
    ],
    [
      0.0025169158127358883,
      -0.012280401735217503,
      1.0
    ]
  ],
  "E": [
    [
      -0.001796534023151296,
      -0.3664551979101112,
      -0.033584193993764506
    ],
    [
      0.37555359008241573,
      -0.012335878083278585,
      -0.5976939694953598
    ],
    [
      0.04362859908151203,
      0.6034558477906026,
      -0.009289420351522243
    ]
  ],
  "R": [
    [
      0.9998473752538432,
      -0.0063918353955264295,
      0.0162594784134395
    ],
    [
      0.006659338717787365,
      0.9998424873334116,
      -0.016451557092820004
    ],
    [
      -0.016151761694700062,
      0.016557323552226225,
      0.9997324520245124
    ]
  ],
  "t": [
    [
      0.8539080305325093
    ],
    [
      -0.05602224410004182
    ],
    [
      0.5173998294917446
    ]
  ]
}