{
  "image_1": "frame_098",
  "image_2": "frame_099",
  "num_matches": 500,
  "inlier_count": 386,
  "inlier_ratio": 0.772,
  "reproj_rmse": 0.352,
  "F": [
    [
      -1.0296543092587724e-07,
      3.4916965601889695e-05,
      -0.08040905168066853
    ],
    [
      -3.261419966680164e-05,
      4.6535852434514673e-07,
      0.20729546415284492
    ],
    [
      0.07519219830758243,
      -0.2073525906004525,
      1.0
    ]
  ],
  "E": [
    [
      0.0006926581098857913,
      -0.43693627444538835,
      0.04531548116259672
    ],
    [
      0.41502162353247274,
      -0.004262995934337663,
      -0.5708821474178551
    ],
    [
      -0.04151447601481638,
      0.554201551581734,
      -0.001536423397418537
    ]
  ],
  "R": [
    [
      0.9992212291863225,
      -0.0025000162904105575,
      -0.03937873870405778
    ],
    [
      0.00227275066972063,
      0.999980510076277,
      -0.005814986842827802
    ],
    [
      0.03939250877727979,
      0.005720960246030568,
      0.9992074363544815
    ]
  ],
  "t": [
    [
      0.7836232761544663
    ],
    [
      0.06053846092712999
    ],
    [
      0.6182795935638791
    ]
  ]
}