{
  "image_1": "frame_009",
  "image_2": "frame_010",
  "num_matches": 500,
  "inlier_count": 411,
  "inlier_ratio": 0.822,
  "reproj_rmse": 0.2351,
  "F": [
    [
      1.1276249232624608e-08,
      -2.7153448022354004e-06,
      0.006027878517544446
    ],
    [
      2.8069044461592752e-06,
      5.734290044789898e-08,
      0.008490323440967963
    ],
    [
      -0.0061318224694819935,
      -0.008981597109077222,
      1.0
    ]
  ],
  "E": [
    [
      0.0016630559630823642,
      -0.39097224384613194,
      0.041492313437683524
    ],
    [
      0.40439916886931115,
      0.005481405187123496,
      0.5787572713294036
    ],
    [
      -0.037143953824478236,
      -0.5877726788649179,
      0.0055873683379864016
    ]
  ],
  "R": [
    [
      0.9997455399882528,
      0.0018668005084761866,
      -0.022480443266469197
    ],
    [
      -0.0020479924520612203,
      0.9999655842268528,
      -0.008039657254195594
    ],
    [
      0.022464661148382747,
      0.00808365126104587,
      0.9997149561658962
    ]
  ],
  "t": [
    [
      0.8311634336427133
    ],
    [
      -0.0542455030085999
    ],
    [
      -0.5533757963433157
    ]
  ]
}