{
  "image_1": "frame_019",
  "image_2": "frame_020",
  "num_matches": 500,
  "inlier_count": 429,
  "inlier_ratio": 0.858,
  "reproj_rmse": 0.2106,
  "F": [
    [
      1.0235406667881077e-08,
      -1.0156605152386485e-06,
      0.0024182623780785797
    ],
    [
      1.1689624653809843e-06,
      2.9968454243396896e-08,
      0.009547996286936861
    ],
    [
      -0.002669251287862554,
      -0.009990781922391896,
      1.0
    ]
  ],
  "E": [
    [
      -0.002014659723033651,
      0.19907015495750296,
      -0.029221350277125326
    ],
    [
      -0.2294034119364619,
      -0.005721799617878655,
      -0.6682574613480061
    ],
    [
      0.02515839298883049,
      0.6779496138994854,
      -0.006148533881889095
    ]
  ],
  "R": [
    [
      0.9989915974058822,
      0.0035401917263643903,
      -0.04475774072699035
    ],
    [
      -0.0038677607529451624,
      0.9999663525902349,
      -0.007234232104361351
    ],
    [
      0.04473062417630547,
      0.007400049318915511,
      0.9989716765408694
    ]
  ],
  "t": [
    [
      0.958658570336048
    ],
    [
      -0.039326859873651795
    ],
    [
      -0.2818282164967212
    ]
  ]
}