{
  "image_1": "frame_037",
  "image_2": "frame_038",
  "num_matches": 500,
  "inlier_count": 324,
  "inlier_ratio": 0.648,
  "reproj_rmse": 0.5855,
  "F": [
    [
      4.7770492965680043e-08,
      6.517474560647832e-06,
      -0.005536970082817257
    ],
    [
      -5.575842634171298e-06,
      -7.086818841473025e-07,
      0.15584507139369452
    ],
    [
      0.003493378012487559,
      -0.15241620347229248,
      1.0
    ]
  ],
  "E": [
    [
      -0.0007299359573582367,
      -0.2996333314320428,
      -0.03297811508834685
    ],
    [
      0.2871563530021118,
      -0.005619745649142218,
      -0.6451701614488294
    ],
    [
      0.03568069469915422,
      0.6395978622474954,
      -0.006192787202061695
    ]
  ],
  "R": [
    [
      0.9998202211050694,
      -0.0003491184326051347,
      -0.018957942550026252
    ],
    [
      0.00018557794363464886,
      0.9999627646615483,
      -0.008627563460187514
    ],
    [
      0.018960248686051506,
      0.008622494230369038,
      0.9997830572494266
    ]
  ],
  "t": [
    [
      0.9045792146779114
    ],
    [
      -0.05030129551924478
    ],
    [
      0.42332756116484865
    ]
  ]
}