{
  "image_1": "frame_013",
  "image_2": "frame_014",
  "num_matches": 500,
  "inlier_count": 437,
  "inlier_ratio": 0.874,
  "reproj_rmse": 0.3705,
  "F": [
    [
      1.2100675316449457e-08,
      -6.942735768338568e-06,
      0.015655027324743987
    ],
    [
      7.1677603108319105e-06,
      -3.012840919616298e-08,
      0.031070496603306148
    ],
    [
      -0.016204954471558942,
      -0.03163360044963597,
      1.0
    ]
  ],
  "E": [
    [
      0.0011642750932302657,
      -0.3173832883941058,
      0.04979301792843561
    ],
    [
      0.3304840012156551,
      -0.0025152877423113397,
      0.623024908922838
    ],
    [
      -0.050960274211814795,
      -0.6299220511072002,
      -0.0015392167287103912
    ]
  ],
  "R": [
    [
      0.9997742736999695,
      0.0003347070073717942,
      -0.021243578298333177
    ],
    [
      -0.00024622086512875174,
      0.9999912844069554,
      0.004167791431111338
    ],
    [
      0.021244788136947246,
      -0.004161620038745303,
      0.9997656424861127
    ]
  ],
  "t": [
    [
      0.8908278712267926
    ],
    [
      -0.07230437234017896
    ],
    [
      -0.44855075697855357
    ]
  ]
}