{
  "image_1": "frame_114",
  "image_2": "frame_115",
  "num_matches": 500,
  "inlier_count": 333,
  "inlier_ratio": 0.666,
  "reproj_rmse": 0.2736,
  "F": [
    [
      -8.46138109858056e-08,
      -8.587542076664234e-06,
      0.018129808560743806
    ],
    [
      8.861640126926101e-06,
      -2.5487850438068254e-07,
      0.019911483274536214
    ],
    [
      -0.019041315424486602,
      -0.019982313175883885,
      0.9999999999999999
    ]
  ],
  "E": [
    [
      0.0028767025763282803,
      0.24958555861338297,
      0.0071698522034599884
    ],
    [
      -0.27010470950022764,
      0.00800815331323829,
      -0.6534155726379173
    ],
    [
      0.0019591115919704184,
      0.661545815808123,
      0.005297831860359853
    ]
  ],
  "R": [
    [
      0.9994564121579912,
      -0.010623097267547878,
      -0.03120945370748268
    ],
    [
      0.010870283098776405,
      0.9999107959613611,
      0.007761254104170901
    ],
    [
      0.031124221140901354,
      -0.008096290777959658,
      0.9994827326842675
    ]
  ],
  "t": [
    [
      0.9355718750938911
    ],
    [
      0.007403353330916479
    ],
    [
      -0.3530587159280426
    ]
  ]
}