{
  "image_1": "frame_119",
  "image_2": "frame_120",
  "num_matches": 500,
  "inlier_count": 328,
  "inlier_ratio": 0.656,
  "reproj_rmse": 0.3155,
  "F": [
    [
      1.2273099934173755e-08,
      -1.0414264068054315e-06,
      0.002125355236421142
    ],
    [
      1.1704476883898459e-06,
      1.2910101758792466e-09,
      0.008576641046460776
    ],
    [
      -0.0022533247341652222,
      -0.00896243204721441,
      1.0
    ]
  ],
  "E": [
    [
      -0.0025252814313680297,
      0.28216530119392214,
      0.005963959320164848
    ],
    [
      -0.30920597873147077,
      -0.011547307747445666,
      -0.6357395911001308
    ],
    [
      -0.01640360021791014,
      0.6481511022546389,
      -0.008084689195520084
    ]
  ],
  "R": [
    [
      0.9990524659520847,
      0.009837265877282123,
      -0.04239573652052908
    ],
    [
      -0.010401221206892698,
      0.9998600639983053,
      -0.013102176105904077
    ],
    [
      0.04226091424074668,
      0.013530728781720791,
      0.9990149821229769
    ]
  ],
  "t": [
    [
      0.9168869035437938
    ],
    [
      0.013674407361012712
    ],
    [
      -0.3989127933436068
    ]
  ]
}