{
  "image_1": "frame_173",
  "image_2": "frame_174",
  "num_matches": 500,
  "inlier_count": 364,
  "inlier_ratio": 0.728,
  "reproj_rmse": 0.4391,
  "F": [
    [
      -1.0315025055025128e-08,
      -2.0818982762353946e-07,
      4.8111039746971936e-05
    ],
    [
      8.38290511860158e-07,
      -1.413657982105407e-07,
      0.030151877773256532
    ],
    [
      -0.0016707577500437167,
      -0.030318879557789703,
      1.0
    ]
  ],
  "E": [
    [
      -0.0005478235940193325,
      -0.08019486339303009,
      0.0063677657164559935
    ],
    [
      0.029864439859376778,
      0.0012921812364280001,
      -0.7064440712229966
    ],
    [
      0.0023512146571868296,
      0.7025390291232488,
      0.0021305905467126785
    ]
  ],
  "R": [
    [
      0.997372721737992,
      -0.012479271104345067,
      -0.07135770263716507
    ],
    [
      0.012680310972821887,
      0.9999168047036124,
      0.0023650338158839037
    ],
    [
      0.07132225211378526,
      -0.003263658073695649,
      0.9974479860571154
    ]
  ],
  "t": [
    [
      0.993506854867608
    ],
    [
      0.009297282766014407
    ],
    [
      0.11339175395169594
    ]
  ]
}