{
  "image_1": "frame_023",
  "image_2": "frame_024",
  "num_matches": 500,
  "inlier_count": 394,
  "inlier_ratio": 0.788,
  "reproj_rmse": 0.3856,
  "F": [
    [
      1.2362626006999592e-08,
      -9.991905673886914e-07,
      0.003004316843022223
    ],
    [
      1.2787194946859041e-06,
      -1.0730655750589205e-08,
      0.012783643555918482
    ],
    [
      -0.0037299626074620514,
      -0.013248100419486196,
      1.0
    ]
  ],
  "E": [
    [
      -0.0019992824208886965,
      0.13795448101586893,
      -0.04719672373890511
    ],
    [
      -0.18195475280972645,
      0.006449655842546455,
      -0.6815554000321167
    ],
    [
      0.053824601984897906,
      0.6914979005815044,
      0.0019249869667031989
    ]
  ],
  "R": [
    [
      0.997881576125809,
      -0.007641340193158652,
      -0.06460626864882177
    ],
    [
      0.008129235096933113,
      0.9999403670441601,
      0.007292317349725207
    ],
    [
      0.06454669290839088,
      -0.007802068677135305,
      0.9978841877487323
    ]
  ],
  "t": [
    [
      0.9785060381067958
    ],
    [
      -0.06830968535676886
    ],
    [
      -0.19457574431311134
    ]
  ]
}