{
  "image_1": "frame_073",
  "image_2": "frame_074",
  "num_matches": 500,
  "inlier_count": 356,
  "inlier_ratio": 0.712,
  "reproj_rmse": 0.3001,
  "F": [
    [
      -2.8928993315066847e-08,
      -1.4214003943474902e-06,
      0.00031097899138781993
    ],
    [
      1.929557824686687e-06,
      1.1388676690067082e-07,
      0.039016241803587474
    ],
    [
      -0.0012010274886300298,
      -0.040137693417370904,
      1.0
    ]
  ],
  "E": [
    [
      0.001390345732493128,
      0.08006309276966608,
      0.038329295460894496
    ],
    [
      -0.10792050745875306,
      0.00169434387663974,
      -0.6977787528004648
    ],
    [
      -0.03918747948192774,
      0.7014462513286988,
      0.003381801597010477
    ]
  ],
  "R": [
    [
      0.9992121220640388,
      0.0016321477318942401,
      -0.039654397159222976
    ],
    [
      -0.0015276860540245282,
      0.9999952833993117,
      0.002664461380949907
    ],
    [
      0.03965855891986564,
      -0.002601782641095296,
      0.9992099025887844
    ]
  ],
  "t": [
    [
      0.9920875296306988
    ],
    [
      0.05394636982968506
    ],
    [
      -0.11336720307679815
    ]
  ]
}