{
  "image_1": "frame_006",
  "image_2": "frame_007",
  "num_matches": 500,
  "inlier_count": 376,
  "inlier_ratio": 0.752,
  "reproj_rmse": 0.2454,
  "F": [
    [
      -6.044073038877841e-09,
      -8.553563521993452e-06,
      0.018298098312067926
    ],
    [
      8.856445834989162e-06,
      -1.2157331345305172e-07,
      0.033541588945285444
    ],
    [
      -0.019184843503547055,
      -0.03412578726926502,
      0.9999999999999999
    ]
  ],
  "E": [
    [
      -0.0002483229899101643,
      0.3594696616416782,
      -0.021951594344621628
    ],
    [
      -0.37687348589919695,
      0.005318739725032991,
      -0.5977625859446251
    ],
    [
      0.02565585504602254,
      0.6084750688723425,
      0.004180112679669372
    ]
  ],
  "R": [
    [
      0.9995737942687752,
      -0.0010909614978791143,
      -0.029172583261247387
    ],
    [
      0.0013266516009673886,
      0.9999666293348102,
      0.008061030474340267
    ],
    [
      0.029162815478857684,
      -0.008096296671241544,
      0.999541885152172
    ]
  ],
  "t": [
    [
      0.8605807669250333
    ],
    [
      -0.03515615106123013
    ],
    [
      -0.5080991917345291
    ]
  ]
}