{
  "image_1": "frame_038",
  "image_2": "frame_039",
  "num_matches": 500,
  "inlier_count": 378,
  "inlier_ratio": 0.756,
  "reproj_rmse": 0.3375,
  "F": [
    [
      7.644532371796073e-08,
      1.9629957710748777e-05,
      -0.03848318215153852
    ],
    [
      -1.8914707712077427e-05,
      1.8058126848439452e-07,
      0.12712653482749112
    ],
    [
      0.03646092677477353,
      -0.12756206355489386,
      1.0
    ]
  ],
  "E": [
    [
      -0.0016929347860745439,
      -0.3347732647351565,
      -0.00533351093956641
    ],
    [
      0.32154296019643464,
      -0.0018077363846578341,
      -0.6297433690606105
    ],
    [
      0.008423041057930817,
      0.6227797223129669,
      -0.0004057930777024196
    ]
  ],
  "R": [
    [
      0.9997658555224674,
      -0.004719332376560442,
      -0.021117813176274647
    ],
    [
      0.004710554632075625,
      0.999988796985146,
      -0.00046538076672714406
    ],
    [
      0.021119772879619747,
      0.0003657951877140582,
      0.9997768858037247
    ]
  ],
  "t": [
    [
      0.8807900417823017
    ],
    [
      -0.007764787371533467
    ],
    [
      0.47344335497945905
    ]
  ]
}