{
  "image_1": "frame_178",
  "image_2": "frame_179",
  "num_matches": 500,
  "inlier_count": 387,
  "inlier_ratio": 0.774,
  "reproj_rmse": 0.2994,
  "F": [
    [
      9.14502604024445e-09,
      1.017324752203895e-06,
      -0.001289695632460191
    ],
    [
      -7.49297889828624e-08,
      -1.150571485712616e-07,
      0.06059402865158091
    ],
    [
      -0.00045679649306962737,
      -0.061236890144833876,
      1.0
    ]
  ],
  "E": [
    [
      -0.0002101476812823617,
      -0.011519791187486198,
      -0.004302902342420442
    ],
    [
      -0.02630008997980406,
      0.0024140075874451413,
      -0.7066004909783521
    ],
    [
      0.0031471662635069097,
      0.7070021839777308,
      0.0022285554026409194
    ]
  ],
  "R": [
    [
      0.9985671026098771,
      0.0017616540145103847,
      -0.05348493395759385
    ],
    [
      -0.0015780379782590415,
      0.9999927167844257,
      0.0034750790268025357
    ],
    [
      0.053490666302208174,
      -0.003385698338084639,
      0.998562609787343
    ]
  ],
  "t": [
    [
      0.9998487238381418
    ],
    [
      -0.006037215181502139
    ],
    [
      0.01631200392629677
    ]
  ]
}