{
  "image_1": "frame_101",
  "image_2": "frame_102",
  "num_matches": 500,
  "inlier_count": 352,
  "inlier_ratio": 0.704,
  "reproj_rmse": 0.3762,
  "F": [
    [
      4.257516235145268e-08,
      -1.2319181250048793e-05,
      0.019247499943329856
    ],
    [
      1.1781779847991753e-05,
      5.230735658598164e-08,
      -0.07122744120446925
    ],
    [
      -0.018636314375184832,
      0.07044656069262126,
      1.0
    ]
  ],
  "E": [
    [
      0.001121425177446084,
      -0.39015052670934264,
      -0.044535460360043765
    ],
    [
      0.37099180214937855,
      0.001450213138123993,
      -0.6002660842294907
    ],
    [
      0.04130413548138806,
      0.5883277871155718,
      -0.0024274941702757567
    ]
  ],
  "R": [
    [
      0.9994630460131033,
      0.006537822512137935,
      -0.03210726601582026
    ],
    [
      -0.006594504241438266,
      0.9999768785056582,
      -0.0016598095943764976
    ],
    [
      0.032095672107317896,
      0.0018706498549194359,
      0.9994830506322248
    ]
  ],
  "t": [
    [
      0.8316223922965439
    ],
    [
      -0.06393133415791394
    ],
    [
      0.5516493280552079
    ]
  ]
}