{
  "image_1": "frame_146",
  "image_2": "frame_147",
  "num_matches": 500,
  "inlier_count": 413,
  "inlier_ratio": 0.826,
  "reproj_rmse": 0.4639,
  "F": [
    [
      9.417900078265499e-08,
      1.0384127219457844e-05,
      -0.019865954252061266
    ],
    [
      -1.026072375640343e-05,
      5.740806726922319e-08,
      0.05118898760751385
    ],
    [
      0.018996744937779413,
      -0.05138222651626707,
      1.0
    ]
  ],
  "E": [
    [
      -0.004399176417521231,
      -0.4262557037483997,
      -0.006624858146171456
    ],
    [
      0.4218425094389893,
      -0.00531905645499859,
      -0.5674204339240525
    ],
    [
      0.01313823030593427,
      0.5640245773315964,
      -0.001073605036495811
    ]
  ],
  "R": [
    [
      0.9999178710334498,
      -0.010199043889055459,
      -0.007760843490381919
    ],
    [
      0.010185354350964132,
      0.9999465053097095,
      -0.001801409349529463
    ],
    [
      0.007778800979480915,
      0.0017222144606296123,
      0.9999682616126739
    ]
  ],
  "t": [
    [
      0.7978005183294218
    ],
    [
      -0.010455241181818386
    ],
    [
      0.6028308393613715
    ]
  ]
}