{
  "image_1": "frame_026",
  "image_2": "frame_027",
  "num_matches": 500,
  "inlier_count": 389,
  "inlier_ratio": 0.778,
  "reproj_rmse": 0.3895,
  "F": [
    [
      -2.1961357931671384e-09,
      -8.762022163473867e-07,
      0.001952353022585685
    ],
    [
      1.257380253361084e-06,
      1.8903559704140115e-09,
      0.03252068816253335
    ],
    [
      -0.0028881922553265628,
      -0.03301727213517999,
      1.0
    ]
  ],
  "E": [
    [
      9.90482053404263e-05,
      0.04882272895785111,
      -0.003235533025206738
    ],
    [
      -0.07804098162940515,
      0.0017704492805561613,
      -0.7027768837287507
    ],
    [
      0.0067628953411950155,
      0.7053861825447061,
      0.001257682942777589
    ]
  ],
  "R": [
    [
      0.9991270866266548,
      -0.004777203186513454,
      -0.04149991685108893
    ],
    [
      0.004863515575491353,
      0.9999862145788903,
      0.0019791079881660715
    ],
    [
      0.04148989015627161,
      -0.002179215890322571,
      0.9991365472411284
    ]
  ],
  "t": [
    [
      0.9976029898237113
    ],
    [
      -0.004716437674784407
    ],
    [
      -0.06903643900471568
    ]
  ]
}