{
  "image_1": "frame_120",
  "image_2": "frame_121",
  "num_matches": 500,
  "inlier_count": 375,
  "inlier_ratio": 0.75,
  "reproj_rmse": 0.3398,
  "F": [
    [
      5.662866074111769e-10,
      -1.1311128158368817e-06,
      0.00160462770242247
    ],
    [
      1.294097886962727e-06,
      2.5342555657815155e-08,
      0.010396033204682503
    ],
    [
      -0.0017902714654267715,
      -0.010908871437816568,
      0.9999999999999999
    ]
  ],
  "E": [
    [
      9.969350786751732e-05,
      0.22470609352126858,
      0.0339197770559711
    ],
    [
      -0.2574540317102417,
      -0.00795336692597053,
      -0.657538578548455
    ],
    [
      -0.04102788650566743,
      0.6692920356716182,
      -0.004321697197606484
    ]
  ],
  "R": [
    [
      0.998729634720401,
      0.007087686718818743,
      -0.04988869038399363
    ],
    [
      -0.007552647981274238,
      0.999929728086995,
      -0.00913763625556438
    ],
    [
      0.049820419907153024,
      0.009502819836444784,
      0.9987129828811834
    ]
  ],
  "t": [
    [
      0.9469494287659554
    ],
    [
      0.05093492379903187
    ],
    [
      -0.31732067833253064
    ]
  ]
}