{
  "image_1": "frame_025",
  "image_2": "frame_026",
  "num_matches": 500,
  "inlier_count": 345,
  "inlier_ratio": 0.69,
  "reproj_rmse": 0.3894,
  "F": [
    [
      -7.1208531046012724e-09,
      -9.78496131272185e-07,
      0.0022484015254015176
    ],
    [
      1.245787902872548e-06,
      -6.236399179436846e-08,
      0.022972771699564448
    ],
    [
      -0.003030567876231411,
      -0.02324682344006868,
      1.0
    ]
  ],
  "E": [
    [
      0.00017455965448819562,
      0.07955515089752345,
      -0.021981097753340697
    ],
    [
      -0.10406325268666972,
      0.0021498054553143425,
      -0.6990550011745081
    ],
    [
      0.03045890750068492,
      0.7019603534063683,
      0.00013836658459690207
    ]
  ],
  "R": [
    [
      0.9993153819117307,
      -0.0118741355748413,
      -0.035039583030657406
    ],
    [
      0.011926983728118679,
      0.9999280264628893,
      0.0012995973147343597
    ],
    [
      0.03502162951321995,
      -0.001716624123551922,
      0.999385080270792
    ]
  ],
  "t": [
    [
      0.9931644162334651
    ],
    [
      -0.03125133948359031
    ],
    [
      -0.11246242087080484
    ]
  ]
}