{
  "image_1": "frame_007",
  "image_2": "frame_008",
  "num_matches": 500,
  "inlier_count": 383,
  "inlier_ratio": 0.766,
  "reproj_rmse": 0.2618,
  "F": [
    [
      2.416731924072438e-08,
      -5.348558608861308e-06,
      0.011511916369645957
    ],
    [
      5.634050130363179e-06,
      -1.8264125083331015e-07,
      0.023644989491086697
    ],
    [
      -0.01211602741667743,
      -0.023907187542248066,
      1.0
    ]
  ],
  "E": [
    [
      -0.0012620825202410593,
      0.40245453380779084,
      -0.013880080408764336
    ],
    [
      -0.41961826768890714,
      0.0009911062499160634,
      -0.5689367106513105
    ],
    [
      0.014010138941309152,
      0.581264438817783,
      0.0014189112847406745
    ]
  ],
  "R": [
    [
      0.9995503228684686,
      0.0021029296257991676,
      -0.029912033373365565
    ],
    [
      -0.002007422906125697,
      0.9999927925536891,
      0.003222591185686661
    ],
    [
      0.02991859466646757,
      -0.00316109595916321,
      0.9995473401322821
    ]
  ],
  "t": [
    [
      0.8219928208118514
    ],
    [
      -0.021473071667972493
    ],
    [
      -0.5690928832158397
    ]
  ]
}