{
  "image_1": "frame_181",
  "image_2": "frame_182",
  "num_matches": 500,
  "inlier_count": 366,
  "inlier_ratio": 0.732,
  "reproj_rmse": 0.64,
  "F": [
    [
      3.01563268720692e-09,
      -2.0428096945466776e-06,
      0.0044109846856769585
    ],
    [
      1.5774450576582295e-06,
      -2.2155956759738816e-08,
      -0.034066358294564135
    ],
    [
      -0.0035021204012068443,
      0.03410883641437421,
      0.9999999999999999
    ]
  ],
  "E": [
    [
      0.001251721660910791,
      -0.1752032263478718,
      0.00274438833645512
    ],
    [
      0.1220324927983208,
      0.0068547254003320955,
      -0.6964498685639602
    ],
    [
      -0.007904603707054786,
      0.6849886082364823,
      0.0064435120606988975
    ]
  ],
  "R": [
    [
      0.9970313979034817,
      0.005920692303765344,
      -0.07676807277295278
    ],
    [
      -0.0052510570177740825,
      0.999946412864607,
      0.008921759882503686
    ],
    [
      0.07681678198691558,
      -0.008492161200137266,
      0.9970090597398429
    ]
  ],
  "t": [
    [
      0.9688082689602094
    ],
    [
      0.006109667479790229
    ],
    [
      0.24773617006325288
    ]
  ]
}