{
  "image_1": "frame_135",
  "image_2": "frame_136",
  "num_matches": 500,
  "inlier_count": 352,
  "inlier_ratio": 0.704,
  "reproj_rmse": 0.3853,
  "F": [
    [
      1.8703154779147115e-09,
      2.1172720850966318e-07,
      -0.0004024519375851761
    ],
    [
      -2.106189007852143e-07,
      7.085412657465656e-08,
      0.007118138123493011
    ],
    [
      0.00031437624858063237,
      -0.007382537709972436,
      1.0
    ]
  ],
  "E": [
    [
      -0.0005804940915818337,
      -0.07388716559951337,
      0.0015333169363593874
    ],
    [
      0.0694427775217116,
      -0.021405232699077466,
      -0.7033626970463328
    ],
    [
      0.0061421792585655294,
      0.7028981600693173,
      -0.020853824528212897
    ]
  ],
  "R": [
    [
      0.9999495163469055,
      -0.007982737821351988,
      -0.00610251214380729
    ],
    [
      0.007798449227717199,
      0.9995299658385711,
      -0.029648466745979762
    ],
    [
      0.006336319691467376,
      0.029599379851953867,
      0.9995417588901163
    ]
  ],
  "t": [
    [
      0.9945229999607373
    ],
    [
      -0.0009306630722710958
    ],
    [
      0.10451380968724233
    ]
  ]
}