{
  "image_1": "frame_008",
  "image_2": "frame_009",
  "num_matches": 500,
  "inlier_count": 462,
  "inlier_ratio": 0.924,
  "reproj_rmse": 0.4165,
  "F": [
    [
      9.058030309302118e-09,
      -2.2510199915379154e-06,
      0.005302570899351655
    ],
    [
      2.3686080285597325e-06,
      3.194616892697494e-08,
      0.01166675167715842
    ],
    [
      -0.005505845000090754,
      -0.012113323870240824,
      1.0
    ]
  ],
  "E": [
    [
      0.0014929974184528599,
      -0.3574333637257182,
      0.037596017786382344
    ],
    [
      0.3722907745569871,
      0.0034955187755971156,
      0.6000815674902565
    ],
    [
      -0.03484106162298463,
      -0.6090050177478064,
      0.003763319106200793
    ]
  ],
  "R": [
    [
      0.9997036306646885,
      0.001620812376499678,
      -0.024290405576691765
    ],
    [
      -0.0017366273379070887,
      0.99998722215573,
      -0.0047475942071867165
    ],
    [
      0.024282400238222146,
      0.004788370548220958,
      0.9996936713544626
    ]
  ],
  "t": [
    [
      0.861191849591057
    ],
    [
      -0.050783321803212086
    ],
    [
      -0.5057367422133435
    ]
  ]
}