{
  "image_1": "frame_126",
  "image_2": "frame_127",
  "num_matches": 500,
  "inlier_count": 380,
  "inlier_ratio": 0.76,
  "reproj_rmse": 0.2924,
  "F": [
    [
      -5.721956459277082e-09,
      1.0048152369306324e-06,
      -0.0020745774864246733
    ],
    [
      -1.3407415068303396e-06,
      1.8567456723252666e-07,
      -0.043535320741447885
    ],
    [
      0.0025687220022901137,
      0.04345069942396926,
      1.0
    ]
  ],
  "E": [
    [
      -0.0003518240864921329,
      0.08535584816077872,
      0.0010418672059403949
    ],
    [
      -0.10352253309054602,
      0.006054241831492268,
      -0.6994614848185556
    ],
    [
      -0.003196360289789864,
      0.7018978081027706,
      0.006517877913838187
    ]
  ],
  "R": [
    [
      0.9996553845295889,
      0.00443624519130172,
      -0.02587338226058665
    ],
    [
      -0.004197450850206493,
      0.9999481639029757,
      0.00927636315735794
    ],
    [
      0.025913193306883034,
      -0.009164564128737422,
      0.9996221872172357
    ]
  ],
  "t": [
    [
      0.9926864257330121
    ],
    [
      0.0003537054827515494
    ],
    [
      -0.1207208973535593
    ]
  ]
}