{
  "image_1": "frame_152",
  "image_2": "frame_153",
  "num_matches": 500,
  "inlier_count": 363,
  "inlier_ratio": 0.726,
  "reproj_rmse": 0.3308,
  "F": [
    [
      -2.1925852694871628e-07,
      3.928460472496447e-06,
      -0.015572407953267338
    ],
    [
      -1.5205006846013634e-06,
      4.70541065395028e-07,
      0.14308812142372337
    ],
    [
      0.014159045675253966,
      -0.14656636113455776,
      1.0
    ]
  ],
  "E": [
    [
      0.004087371355718712,
      -0.09091018846294861,
      0.041783286748544604
    ],
    [
      0.053470840790717795,
      -0.00020269032141871724,
      -0.7038493919887294
    ],
    [
      -0.05589717191154815,
      0.6989880295558968,
      0.0009434968147219377
    ]
  ],
  "R": [
    [
      0.9983605067285833,
      0.02028698193974067,
      -0.05352323764891913
    ],
    [
      -0.02041460764756809,
      0.9997899092467196,
      -0.0018387939069329931
    ],
    [
      0.05347468933282262,
      0.002928435113325214,
      0.9985649111943327
    ]
  ],
  "t": [
    [
      0.9899220049857672
    ],
    [
      0.058938298225503186
    ],
    [
      0.12876607102509727
    ]
  ]
}