{
  "image_1": "frame_080",
  "image_2": "frame_081",
  "num_matches": 439,
  "inlier_count": 350,
  "inlier_ratio": 0.7973,
  "reproj_rmse": 0.4236,
  "F": [
    [
      8.890232882349685e-09,
      2.566548677665981e-06,
      -0.0045757210270493155
    ],
    [
      -2.3192568856906408e-06,
      1.274592486589593e-07,
      0.0490416964617995
    ],
    [
      0.003946339392274616,
      -0.04962251745561162,
      1.0
    ]
  ],
  "E": [
    [
      0.00031066058292884087,
      0.11155699508583455,
      0.008276994372851952
    ],
    [
      -0.09627298200879168,
      0.0011549197994837454,
      0.7004704500014763
    ],
    [
      -0.009233822510870187,
      -0.6981912277945046,
      0.0012269573480320126
    ]
  ],
  "R": [
    [
      0.9997609504581342,
      -0.0011641890208318705,
      -0.021833153756894097
    ],
    [
      0.0011318560279451606,
      0.9999982446089507,
      -0.0014932116224613825
    ],
    [
      0.021834853811748045,
      0.0014681426842175814,
      0.999760513181071
    ]
  ],
  "t": [
    [
      0.987407141661
    ],
    [
      -0.011943849473837491
    ],
    [
      0.15774815706245338
    ]
  ]
}