{
  "image_1": "frame_077",
  "image_2": "frame_078",
  "num_matches": 493,
  "inlier_count": 354,
  "inlier_ratio": 0.7181,
  "reproj_rmse": 0.2588,
  "F": [
    [
      -1.563309402264878e-08,
      -1.3529828392916465e-06,
      0.0008542548043444659
    ],
    [
      1.7573249858491666e-06,
      1.0261560569125211e-07,
      0.03275470574205786
    ],
    [
      -0.0014721948149514993,
      -0.03365072426990474,
      1.0
    ]
  ],
  "E": [
    [
      0.0006996181522806571,
      0.08639550048063924,
      0.03233056201347733
    ],
    [
      -0.10865216482433196,
      -0.0003236089086784182,
      -0.6979606006462317
    ],
    [
      -0.03498844545670956,
      0.7009352477379166,
      0.0011190424272308716
    ]
  ],
  "R": [
    [
      0.9994867137203547,
      0.003809634867977703,
      -0.03180873745778878
    ],
    [
      -0.003807456165199216,
      0.9999927432836485,
      0.000129064297324062
    ],
    [
      0.03180899831865089,
      -7.887676850006423e-06,
      0.9994939657465415
    ]
  ],
  "t": [
    [
      0.9914535418172993
    ],
    [
      0.045729690613693474
    ],
    [
      -0.12218293585566171
    ]
  ]
}