{
  "image_1": "frame_002",
  "image_2": "frame_003",
  "num_matches": 500,
  "inlier_count": 389,
  "inlier_ratio": 0.778,
  "reproj_rmse": 0.3091,
  "F": [
    [
      3.5822485518194515e-08,
      -7.728842020459721e-06,
      0.016465767032115403
    ],
    [
      7.905962038664668e-06,
      6.26245834082017e-08,
      0.01515076280183827
    ],
    [
      -0.01677427335868903,
      -0.015756814804762192,
      1.0
    ]
  ],
  "E": [
    [
      -0.0009118590568888145,
      0.44731391306068163,
      -0.051088649220853856
    ],
    [
      -0.45473955999878135,
      -0.0002598467327815714,
      -0.5390779133066528
    ],
    [
      0.050793066085350155,
      0.5452758595105992,
      -0.0007426476629677036
    ]
  ],
  "R": [
    [
      0.9999062088073039,
      0.000475051541902409,
      -0.013687509438810253
    ],
    [
      -0.0004761956059888134,
      0.9999998833927698,
      -8.032553564515238e-05
    ],
    [
      0.013687469683977993,
      8.683593366950321e-05,
      0.9999063184284669
    ]
  ],
  "t": [
    [
      0.7711023039988795
    ],
    [
      -0.07220621076797554
    ],
    [
      -0.6326037463484945
    ]
  ]
}