{
  "image_1": "frame_081",
  "image_2": "frame_082",
  "num_matches": 500,
  "inlier_count": 397,
  "inlier_ratio": 0.794,
  "reproj_rmse": 0.262,
  "F": [
    [
      1.3309788137130377e-08,
      4.6230027865782315e-06,
      -0.008566800636237508
    ],
    [
      -4.451681647643713e-06,
      -1.5141358287402365e-07,
      0.1376992526386201
    ],
    [
      0.007817518846297748,
      -0.13736657768977525,
      1.0
    ]
  ],
  "E": [
    [
      -0.00026484797215635696,
      -0.096457371528583,
      -0.0065989958021923515
    ],
    [
      0.08683471898630939,
      -0.0012732553054920863,
      -0.7017211006065868
    ],
    [
      0.008003767621254754,
      0.7004516004991959,
      -0.0012087235860202435
    ]
  ],
  "R": [
    [
      0.9999044236249247,
      -0.0018077594265880226,
      -0.01370677282084859
    ],
    [
      0.0017860838968590843,
      0.9999971354064273,
      -0.0015934501098753163
    ],
    [
      0.013709614130972131,
      0.0015688163674761975,
      0.9999047881151409
    ]
  ],
  "t": [
    [
      0.9906082561615878
    ],
    [
      -0.009550640081193213
    ],
    [
      0.13639673052730128
    ]
  ]
}