{
  "image_1": "frame_184",
  "image_2": "frame_185",
  "num_matches": 500,
  "inlier_count": 378,
  "inlier_ratio": 0.756,
  "reproj_rmse": 0.2412,
  "F": [
    [
      1.755440940198677e-08,
      1.859692060125574e-06,
      -0.0031401477784988112
    ],
    [
      -1.8812874740408962e-06,
      5.989687260661625e-08,
      0.012526852480537332
    ],
    [
      0.0029547209162348862,
      -0.012815352434542173,
      1.0
    ]
  ],
  "E": [
    [
      -0.0026406697954914496,
      -0.28889294767131113,
      -0.008978716681216423
    ],
    [
      0.29262381058870135,
      -0.012054471274549755,
      -0.6434695222312005
    ],
    [
      0.01923021344745197,
      0.6451131933352096,
      -0.009241760090711601
    ]
  ],
  "R": [
    [
      0.9999373954980361,
      -0.009331968630598835,
      0.006174094758070292
    ],
    [
      0.00942036609103505,
      0.999851262737145,
      -0.014446768000066747
    ],
    [
      -0.006038359654325365,
      0.014504025800253471,
      0.9998765781076535
    ]
  ],
  "t": [
    [
      0.9126371396075996
    ],
    [
      -0.01859941710858195
    ],
    [
      0.4083472947040049
    ]
  ]
}