{
  "image_1": "frame_033",
  "image_2": "frame_034",
  "num_matches": 500,
  "inlier_count": 345,
  "inlier_ratio": 0.69,
  "reproj_rmse": 0.3531,
  "F": [
    [
      3.0122967594378665e-07,
      1.8569593818767864e-05,
      -0.04206623951869952
    ],
    [
      -1.768398878100846e-05,
      4.8262028768617894e-08,
      0.2503906143311176
    ],
    [
      0.03593875303053108,
      -0.2505768378287413,
      0.9999999999999999
    ]
  ],
  "E": [
    [
      -0.003251027033827594,
      -0.20155253767200407,
      0.011835389696647006
    ],
    [
      0.18924373007792078,
      -0.00020075575894749925,
      -0.6811933127526002
    ],
    [
      -0.0010363952278479409,
      0.6777732058910906,
      0.0032828611656137733
    ]
  ],
  "R": [
    [
      0.9996882831753736,
      -0.017188220639697424,
      -0.018108052162378485
    ],
    [
      0.01727242171420292,
      0.9998406768237691,
      0.004503822455878835
    ],
    [
      0.018027754435898546,
      -0.004815188452015638,
      0.9998258918582626
    ]
  ],
  "t": [
    [
      0.958358939992662
    ],
    [
      0.01802448248678028
    ],
    [
      0.28499694764545275
    ]
  ]
}