{
  "image_1": "frame_075",
  "image_2": "frame_076",
  "num_matches": 500,
  "inlier_count": 355,
  "inlier_ratio": 0.71,
  "reproj_rmse": 0.2054,
  "F": [
    [
      9.385262250898011e-09,
      -5.1895728930305585e-06,
      0.00946405464097089
    ],
    [
      5.918080498889381e-06,
      2.628600276872469e-08,
      0.06078257306934948
    ],
    [
      -0.010781062080880843,
      -0.06194468723081827,
      1.0
    ]
  ],
  "E": [
    [
      -0.0005541459952239336,
      0.11515043345651377,
      -0.004395155687918771
    ],
    [
      -0.13973990103235742,
      0.0031438343671923385,
      -0.6931362856031924
    ],
    [
      0.002706756769391549,
      0.6976578674698573,
      0.0034485611234906345
    ]
  ],
  "R": [
    [
      0.999368435889194,
      0.003459443909467625,
      -0.035366108016326586
    ],
    [
      -0.003277673086120445,
      0.9999811270898052,
      0.005196375981709191
    ],
    [
      0.03538341712618534,
      -0.005077175596726576,
      0.9993609138246478
    ]
  ],
  "t": [
    [
      0.9866313933820184
    ],
    [
      -0.007066250087281645
    ],
    [
      -0.16281450089829472
    ]
  ]
}