{
  "image_1": "frame_169",
  "image_2": "frame_170",
  "num_matches": 500,
  "inlier_count": 378,
  "inlier_ratio": 0.756,
  "reproj_rmse": 0.3974,
  "F": [
    [
      1.2106839983964497e-08,
      -1.8775504640562694e-06,
      0.003740884124436745
    ],
    [
      2.0800636988438265e-06,
      -6.151143481302297e-10,
      0.018196117347061988
    ],
    [
      -0.004006408658653133,
      -0.018618176816846212,
      1.0
    ]
  ],
  "E": [
    [
      0.0012864681127289195,
      -0.17923602824061546,
      0.015071223449722839
    ],
    [
      0.1997341845980628,
      0.003817480653768817,
      0.6781493902188156
    ],
    [
      -0.011046258374553662,
      -0.6838989069411511,
      0.003316859196237569
    ]
  ],
  "R": [
    [
      0.9995385017231337,
      0.0046499922137744,
      -0.03001934618682614
    ],
    [
      -0.004778834148993948,
      0.9999796700189444,
      -0.004221645766675704
    ],
    [
      0.029999105274142096,
      0.004363154961116908,
      0.9995404026659134
    ]
  ],
  "t": [
    [
      0.9671045955883478
    ],
    [
      -0.020252747481898585
    ],
    [
      -0.2535715429840908
    ]
  ]
}