{
  "image_1": "frame_079",
  "image_2": "frame_080",
  "num_matches": 457,
  "inlier_count": 365,
  "inlier_ratio": 0.7987,
  "reproj_rmse": 0.4008,
  "F": [
    [
      -7.213481874884521e-09,
      -1.6648739397951146e-06,
      0.001994471288086941
    ],
    [
      2.0496390430672355e-06,
      1.4780800097869015e-08,
      0.07168845207968241
    ],
    [
      -0.002760884287706678,
      -0.07231408374011512,
      1.0
    ]
  ],
  "E": [
    [
      0.00014738134782753924,
      0.06503648840464687,
      0.007946422006556967
    ],
    [
      -0.07901668968403772,
      0.00026496901690337376,
      -0.702633282171099
    ],
    [
      -0.008029422239935665,
      0.7040633424533908,
      0.0004351461155065674
    ]
  ],
  "R": [
    [
      0.999802555306242,
      0.00016213359837545516,
      -0.01987018157454165
    ],
    [
      -0.00015432598939940992,
      0.9999999102909362,
      0.00039446369674644944
    ],
    [
      0.01987024374782459,
      -0.0003913193265516106,
      0.999802490636319
    ]
  ],
  "t": [
    [
      0.9956978335137874
    ],
    [
      0.011203867920717205
    ],
    [
      -0.09197987649244521
    ]
  ]
}