{
  "image_1": "frame_049",
  "image_2": "frame_050",
  "num_matches": 500,
  "inlier_count": 385,
  "inlier_ratio": 0.77,
  "reproj_rmse": 0.3168,
  "F": [
    [
      9.572098738108905e-09,
      6.973232419567295e-07,
      -0.0011297190943428308
    ],
    [
      -4.807085688796778e-07,
      8.548340772942269e-08,
      0.00788758784841056
    ],
    [
      0.0006272047477666052,
      -0.008226341958209211,
      1.0
    ]
  ],
  "E": [
    [
      -0.004093217266315898,
      -0.28213778655703436,
      -0.029106788300292678
    ],
    [
      0.2192883692164784,
      -0.014773917042732664,
      -0.6711591503299418
    ],
    [
      0.03685053785492959,
      0.6474008526090027,
      -0.01697707792499477
    ]
  ],
  "R": [
    [
      0.9955613117438347,
      -0.004746414411385465,
      -0.09399545791755437
    ],
    [
      0.0027742436824682096,
      0.9997734974523136,
      -0.021101122338842385
    ],
    [
      0.09407432237803054,
      0.02074669472961668,
      0.9953489822805418
    ]
  ],
  "t": [
    [
      0.9160068884500269
    ],
    [
      -0.049794325579980175
    ],
    [
      0.3980601781792985
    ]
  ]
}