{
  "image_1": "frame_096",
  "image_2": "frame_097",
  "num_matches": 500,
  "inlier_count": 331,
  "inlier_ratio": 0.662,
  "reproj_rmse": 0.4993,
  "F": [
    [
      4.113732462013563e-08,
      1.4608654366255158e-05,
      -0.026956730278601647
    ],
    [
      -1.3615899418263682e-05,
      1.7168547115589917e-07,
      0.10548626750075471
    ],
    [
      0.02460796975864687,
      -0.10541471573093798,
      1.0
    ]
  ],
  "E": [
    [
      -0.0020523191024341267,
      -0.09871482050152691,
      -0.04493425433495346
    ],
    [
      0.06706549821546005,
      -0.0022091514484938817,
      -0.7024573114118042
    ],
    [
      0.04536016657785657,
      0.6987186696899957,
      -0.004221983511989573
    ]
  ],
  "R": [
    [
      0.9989891747417525,
      -0.000308304680238361,
      -0.04495034701774195
    ],
    [
      0.00016782982709762084,
      0.9999950910468873,
      -0.003128852070052304
    ],
    [
      0.044951090998334636,
      0.003118145338382528,
      0.9989843224934556
    ]
  ],
  "t": [
    [
      0.9881620160550749
    ],
    [
      -0.06404786090112202
    ],
    [
      0.1394048117532542
    ]
  ]
}