{
  "image_1": "frame_134",
  "image_2": "frame_135",
  "num_matches": 500,
  "inlier_count": 348,
  "inlier_ratio": 0.696,
  "reproj_rmse": 0.355,
  "F": [
    [
      1.0538901572465499e-09,
      5.742269268211685e-07,
      -0.0012051524674900093
    ],
    [
      -5.135501185005203e-07,
      9.267104570562722e-08,
      0.01239603826272497
    ],
    [
      0.0010284974484019995,
      -0.012760494455472482,
      1.0
    ]
  ],
  "E": [
    [
      -0.0004346766779976567,
      -0.12841842268056447,
      -0.005805302346797259
    ],
    [
      0.11539985338845864,
      -0.010550733579609386,
      -0.6975043127614089
    ],
    [
      0.009280089161404279,
      0.6952264956101153,
      -0.010397476713481218
    ]
  ],
  "R": [
    [
      0.9998253742030552,
      -0.002547353084921135,
      -0.01851302492790849
    ],
    [
      0.0022744286503046506,
      0.9998886492682878,
      -0.014748424958393586
    ],
    [
      0.018548532934853812,
      0.01470374294863193,
      0.9997198366888925
    ]
  ],
  "t": [
    [
      0.9833359733449027
    ],
    [
      -0.010889402011943185
    ],
    [
      0.18147116699259805
    ]
  ]
}