{
  "image_1": "frame_165",
  "image_2": "frame_166",
  "num_matches": 500,
  "inlier_count": 407,
  "inlier_ratio": 0.814,
  "reproj_rmse": 0.4092,
  "F": [
    [
      -1.0190971168475296e-09,
      -3.6220596663670075e-06,
      0.00733123117178327
    ],
    [
      4.001664398340399e-06,
      -5.96717568253282e-08,
      0.019624309419014396
    ],
    [
      -0.008271644559984503,
      -0.02039803631142863,
      1.0
    ]
  ],
  "E": [
    [
      -0.000495455934164898,
      0.27412801992151464,
      -0.010337252005581301
    ],
    [
      -0.308951095682952,
      0.008680040172021203,
      -0.6358291354950577
    ],
    [
      0.014576348963648084,
      0.6516656201283291,
      0.007833381547808752
    ]
  ],
  "R": [
    [
      0.9985242572713593,
      -0.00024317182289245245,
      -0.05430698397209188
    ],
    [
      0.0009605303036689765,
      0.9999126310552883,
      0.013183612464989444
    ],
    [
      0.05429903334513636,
      -0.013216320348562259,
      0.9984372508346371
    ]
  ],
  "t": [
    [
      0.9216796888705969
    ],
    [
      -0.019757926739556807
    ],
    [
      -0.38744828745827997
    ]
  ]
}