{
  "image_1": "frame_102",
  "image_2": "frame_103",
  "num_matches": 500,
  "inlier_count": 365,
  "inlier_ratio": 0.73,
  "reproj_rmse": 0.3651,
  "F": [
    [
      -3.0767545635247433e-07,
      -9.515903036633361e-06,
      0.016777867553790383
    ],
    [
      9.773962521208567e-06,
      5.981145829739748e-08,
      -0.06105509303452173
    ],
    [
      -0.015506772347901553,
      0.061299786929116466,
      1.0
    ]
  ],
  "E": [
    [
      -0.01186609982539603,
      -0.36070273488129423,
      -0.008111257712997456
    ],
    [
      0.3739803638240475,
      -0.0008986542687103201,
      -0.6001136071724277
    ],
    [
      0.021271316398069055,
      0.6075371991956013,
      0.011600055848791336
    ]
  ],
  "R": [
    [
      0.9992186006624434,
      -0.03334852896512725,
      0.02121470494846045
    ],
    [
      0.032946297966593804,
      0.9992758396576931,
      0.019035170782234524
    ],
    [
      -0.021834137044650426,
      -0.01832135072188969,
      0.9995937167505808
    ]
  ],
  "t": [
    [
      0.8598685250925387
    ],
    [
      -0.001754070129120981
    ],
    [
      0.5105125295163325
    ]
  ]
}