{
  "image_1": "frame_108",
  "image_2": "frame_109",
  "num_matches": 290,
  "inlier_count": 235,
  "inlier_ratio": 0.8103,
  "reproj_rmse": 0.5549,
  "F": [
    [
      -5.3681665510952415e-09,
      -1.7960689903208646e-06,
      0.003154932261450857
    ],
    [
      1.9725636021806995e-06,
      1.1756924330387052e-08,
      0.008857799197039853
    ],
    [
      -0.0034797350589311294,
      -0.009413666359257163,
      1.0
    ]
  ],
  "E": [
    [
      0.0010787876022006768,
      0.350165569457475,
      0.011377097527061442
    ],
    [
      -0.3851008558166151,
      -7.456417889565002e-05,
      -0.5929252858498014
    ],
    [
      -0.010977227340561769,
      0.6142229911738312,
      0.00014183970371290272
    ]
  ],
  "R": [
    [
      0.9983247302906733,
      -0.0011961391670584267,
      -0.05784723105859907
    ],
    [
      0.001147666512743178,
      0.9999989619723366,
      -0.0008711577496734353
    ],
    [
      0.05784821303747756,
      0.0008033089955406187,
      0.9983250667708534
    ]
  ],
  "t": [
    [
      0.868623591477563
    ],
    [
      0.016548757622765933
    ],
    [
      -0.4951961176642673
    ]
  ]
}