{
  "image_1": "frame_043",
  "image_2": "frame_044",
  "num_matches": 500,
  "inlier_count": 388,
  "inlier_ratio": 0.776,
  "reproj_rmse": 0.4649,
  "F": [
    [
      -1.8433745289320736e-08,
      3.0969517612972357e-06,
      -0.005858230135515378
    ],
    [
      -2.7732690040079973e-06,
      1.5619667775794297e-07,
      0.030302033789888275
    ],
    [
      0.005359847635528387,
      -0.03073362672346047,
      1.0
    ]
  ],
  "E": [
    [
      0.0013688527070980395,
      -0.3811481060179128,
      -0.012048519843100639
    ],
    [
      0.3625134218058586,
      -0.003900341432519868,
      -0.6068979671487262
    ],
    [
      0.012712238058118153,
      0.595503766348169,
      -0.006033885777400885
    ]
  ],
  "R": [
    [
      0.9995146819474516,
      0.004563751348416304,
      -0.030815138245902207
    ],
    [
      -0.004853213673100938,
      0.9999447413999036,
      -0.009325259445337948
    ],
    [
      0.030770877279133135,
      0.009470286178857984,
      0.9994815990257963
    ]
  ],
  "t": [
    [
      0.8421152898396024
    ],
    [
      -0.02207549854683488
    ],
    [
      0.5388455353645152
    ]
  ]
}