{
  "image_1": "frame_039",
  "image_2": "frame_040",
  "num_matches": 500,
  "inlier_count": 360,
  "inlier_ratio": 0.72,
  "reproj_rmse": 0.2504,
  "F": [
    [
      -4.406093654475691e-08,
      -8.433348388522152e-06,
      0.017838300146420228
    ],
    [
      8.158893507458982e-06,
      -2.1738279686251792e-08,
      -0.049307839133960626
    ],
    [
      -0.017083139966823542,
      0.04911479578712039,
      1.0
    ]
  ],
  "E": [
    [
      -0.0015642526263080461,
      -0.3396692124049765,
      0.02122449677090495
    ],
    [
      0.322417232941249,
      0.0009096062115194001,
      -0.6289072021265368
    ],
    [
      -0.01883877257444282,
      0.61994052225874,
      0.0035750715510198387
    ]
  ],
  "R": [
    [
      0.9996022893960924,
      -0.006320685480489363,
      -0.02748293960163939
    ],
    [
      0.006453726802297246,
      0.9999678698143714,
      0.004754865851904011
    ],
    [
      0.027452002558136734,
      -0.004930342175247536,
      0.9996109639662738
    ]
  ],
  "t": [
    [
      0.8765522235539207
    ],
    [
      0.03231192741835946
    ],
    [
      0.48022092700046753
    ]
  ]
}