{
  "image_1": "frame_167",
  "image_2": "frame_168",
  "num_matches": 500,
  "inlier_count": 396,
  "inlier_ratio": 0.792,
  "reproj_rmse": 0.2843,
  "F": [
    [
      7.909758594094061e-09,
      -1.3642481351482265e-06,
      0.0031418200659731207
    ],
    [
      1.5194343694626486e-06,
      2.8321436737488482e-08,
      0.011165348451627503
    ],
    [
      -0.0034129055390297426,
      -0.011602499884643088,
      1.0
    ]
  ],
  "E": [
    [
      -0.0016709880582327264,
      0.21155061236628445,
      -0.033713117000042835
    ],
    [
      -0.23800122485700587,
      -0.003917942046448148,
      -0.6650377959811139
    ],
    [
      0.03136227791582323,
      0.6739177137222697,
      -0.004805332147544708
    ]
  ],
  "R": [
    [
      0.9992284031862461,
      0.0016390326176917921,
      -0.039241710435995725
    ],
    [
      -0.0018456926454424455,
      0.9999846165468872,
      -0.005230687166457512
    ],
    [
      0.03923253349610312,
      0.005299079321252587,
      0.9992160567534056
    ]
  ],
  "t": [
    [
      0.9530025938563865
    ],
    [
      -0.04614751593029542
    ],
    [
      -0.2994268907036615
    ]
  ]
}