{
  "image_1": "frame_070",
  "image_2": "frame_071",
  "num_matches": 500,
  "inlier_count": 387,
  "inlier_ratio": 0.774,
  "reproj_rmse": 0.4363,
  "F": [
    [
      4.1069929635715603e-07,
      7.233197675106414e-05,
      -0.11074976390082919
    ],
    [
      -7.527110562601303e-05,
      4.2475638267189835e-07,
      -0.5274899281693096
    ],
    [
      0.11937953885942984,
      0.5312577643122007,
      1.0
    ]
  ],
  "E": [
    [
      0.0012315245543091688,
      0.23220456914995644,
      0.04313160816406674
    ],
    [
      -0.2452704811827691,
      0.004226153473998438,
      -0.6618732427612499
    ],
    [
      -0.04058840319725475,
      0.6665574515307138,
      0.004612193513761168
    ]
  ],
  "R": [
    [
      0.9998120151643305,
      -0.001715263558272645,
      -0.0193130060831046
    ],
    [
      0.001825822923241252,
      0.999982039937254,
      0.005708430045180606
    ],
    [
      0.019302867758272002,
      -0.005742619076119851,
      0.9997971902453283
    ]
  ],
  "t": [
    [
      0.9425700884181905
    ],
    [
      0.05913275241156786
    ],
    [
      -0.3287323318621955
    ]
  ]
}