{
  "image_1": "frame_110",
  "image_2": "frame_111",
  "num_matches": 453,
  "inlier_count": 318,
  "inlier_ratio": 0.702,
  "reproj_rmse": 0.2791,
  "F": [
    [
      1.4450134420341152e-08,
      -5.923573220832186e-06,
      0.010919711973449767
    ],
    [
      6.157440897604422e-06,
      -8.08031027407096e-08,
      0.015941287462601712
    ],
    [
      -0.011527652583357322,
      -0.016637791682963997,
      1.0
    ]
  ],
  "E": [
    [
      0.0016079407612525677,
      -0.46770764358920425,
      -0.010225731428848698
    ],
    [
      0.486497202361882,
      -0.0033037056723737167,
      0.513107436024991
    ],
    [
      0.00754881825892597,
      -0.5301744295923835,
      -0.005551156593341959
    ]
  ],
  "R": [
    [
      0.9993495260278993,
      0.004218727837437869,
      -0.03581518062562816
    ],
    [
      -0.0038593498352057724,
      0.9999415717766673,
      0.010097447779400179
    ],
    [
      0.035855686392289754,
      -0.009952656340989848,
      0.9993074173571894
    ]
  ],
  "t": [
    [
      0.7498565317065488
    ],
    [
      0.007786747556205672
    ],
    [
      -0.6615546450744046
    ]
  ]
}