{
  "image_1": "frame_057",
  "image_2": "frame_058",
  "num_matches": 500,
  "inlier_count": 426,
  "inlier_ratio": 0.852,
  "reproj_rmse": 0.3657,
  "F": [
    [
      -1.1653308839290723e-08,
      -2.712964019457238e-06,
      0.004268325998697499
    ],
    [
      3.0398403514843115e-06,
      1.5238529628028847e-08,
      0.027220804264338854
    ],
    [
      -0.004911903707181414,
      -0.02793402105070218,
      1.0
    ]
  ],
  "E": [
    [
      0.0005043446417467008,
      0.20201980179183024,
      0.014894423551035946
    ],
    [
      -0.22327904030008366,
      0.0018013730489170835,
      -0.6707730979341163
    ],
    [
      -0.014195108739940548,
      0.6774704239913458,
      0.0022138830326194543
    ]
  ],
  "R": [
    [
      0.9995046089191453,
      -0.0001748982559399634,
      -0.031472307827455526
    ],
    [
      0.00025685322610581596,
      0.9999965869806234,
      0.0026000102931146105
    ],
    [
      0.03147174567459282,
      -0.0026068060350028844,
      0.9995012425137298
    ]
  ],
  "t": [
    [
      0.9580875758171109
    ],
    [
      0.020331075017352786
    ],
    [
      -0.28575311801191333
    ]
  ]
}