{
  "image_1": "frame_015",
  "image_2": "frame_016",
  "num_matches": 500,
  "inlier_count": 369,
  "inlier_ratio": 0.738,
  "reproj_rmse": 0.2994,
  "F": [
    [
      4.096677912169844e-07,
      0.00020692361236118338,
      -0.4135624270850991
    ],
    [
      -0.00021549428539272393,
      -5.390434348580072e-07,
      -0.8967790075196389
    ],
    [
      0.4403260979834696,
      0.9136736573040907,
      1.0
    ]
  ],
  "E": [
    [
      0.0015143056949380289,
      0.35503400022640763,
      -0.0009927763066677753
    ],
    [
      -0.36489319081980487,
      0.008963894349106485,
      -0.6055944919690766
    ],
    [
      0.008039626768562637,
      0.6114388935915664,
      0.007303625798278336
    ]
  ],
  "R": [
    [
      0.999857603098257,
      -0.004310256745612413,
      -0.01631548998329807
    ],
    [
      0.004507704939265753,
      0.999916819043997,
      0.012084518571893743
    ],
    [
      0.01626204546755139,
      -0.0121563431886743,
      0.9997938633525865
    ]
  ],
  "t": [
    [
      0.864809319973723
    ],
    [
      -0.007472508031337041
    ],
    [
      -0.5020448204197594
    ]
  ]
}