{
  "image_1": "frame_118",
  "image_2": "frame_119",
  "num_matches": 500,
  "inlier_count": 405,
  "inlier_ratio": 0.81,
  "reproj_rmse": 0.9637,
  "F": [
    [
      1.0651076780971513e-08,
      -1.7216408817637496e-06,
      0.002962252523154808
    ],
    [
      1.804486950337252e-06,
      6.664254348022265e-08,
      0.0066756317353272605
    ],
    [
      -0.0029769134886645904,
      -0.007187543624382048,
      1.0
    ]
  ],
  "E": [
    [
      -0.00024144058970295025,
      0.2183920825053761,
      0.04218898492231206
    ],
    [
      -0.2427206635521063,
      -0.01359852824049393,
      -0.6624109274438784
    ],
    [
      -0.052018670514680176,
      0.6706983207318459,
      -0.009811868295966397
    ]
  ],
  "R": [
    [
      0.9992507432468933,
      0.008403083376736356,
      -0.03778015762665515
    ],
    [
      -0.009058319851680569,
      0.9998109356093988,
      -0.017205809406222843
    ],
    [
      0.03762843289317208,
      0.017535142589161546,
      0.9991379383310303
    ]
  ],
  "t": [
    [
      0.9492364610813875
    ],
    [
      0.06501573487334311
    ],
    [
      -0.30777117339439497
    ]
  ]
}