{
  "image_1": "frame_113",
  "image_2": "frame_114",
  "num_matches": 500,
  "inlier_count": 349,
  "inlier_ratio": 0.698,
  "reproj_rmse": 0.3484,
  "F": [
    [
      -2.0997456226679608e-08,
      4.889999338456062e-06,
      -0.010505536913957949
    ],
    [
      -4.923173227825282e-06,
      1.931835580169534e-07,
      -0.012431035891058135
    ],
    [
      0.01089711825454585,
      0.011974946499082189,
      0.9999999999999999
    ]
  ],
  "E": [
    [
      -0.0006618845984733405,
      0.2678900276440411,
      0.01772641960943858
    ],
    [
      -0.27761517433505517,
      0.01236824540131183,
      -0.6500971285820891
    ],
    [
      -0.014315828124469271,
      0.6539753995876053,
      0.013493247895091083
    ]
  ],
  "R": [
    [
      0.9998907916412214,
      0.0034217915017003865,
      -0.014376930618539174
    ],
    [
      -0.003128732218978015,
      0.9997878737181365,
      0.020357273905648125
    ],
    [
      0.014443539240550585,
      -0.02031006915513851,
      0.9996893943946391
    ]
  ],
  "t": [
    [
      0.9251164997398797
    ],
    [
      0.017353091593834608
    ],
    [
      -0.37928660946725923
    ]
  ]
}