{
  "image_1": "frame_064",
  "image_2": "frame_065",
  "num_matches": 500,
  "inlier_count": 374,
  "inlier_ratio": 0.748,
  "reproj_rmse": 0.2642,
  "F": [
    [
      -1.2723414034927477e-08,
      -1.9062514917776103e-06,
      0.003224338336924866
    ],
    [
      2.0259171971456117e-06,
      -1.2027751770868109e-08,
      0.01216093643218187
    ],
    [
      -0.003453270327825519,
      -0.01252901639771675,
      1.0
    ]
  ],
  "E": [
    [
      -0.0020604957121150504,
      -0.3467645600803888,
      -0.025368827293868853
    ],
    [
      0.3632936972747968,
      0.0024784699962526473,
      0.6060122577832187
    ],
    [
      0.025248518883586615,
      -0.615808211375399,
      0.003156905383000954
    ]
  ],
  "R": [
    [
      0.9996195202198607,
      -0.003942593478896972,
      -0.02729964747164476
    ],
    [
      0.003770565692456339,
      0.9999727292994858,
      -0.006350078085824107
    ],
    [
      0.027323938767586098,
      0.006244726895337314,
      0.999607125703007
    ]
  ],
  "t": [
    [
      0.8707542900628238
    ],
    [
      0.03900487465380146
    ],
    [
      -0.49016893627649366
    ]
  ]
}