{
  "image_1": "frame_145",
  "image_2": "frame_146",
  "num_matches": 500,
  "inlier_count": 387,
  "inlier_ratio": 0.774,
  "reproj_rmse": 0.3666,
  "F": [
    [
      3.889365155015971e-08,
      3.055416935274542e-06,
      -0.006287698292467894
    ],
    [
      -3.2993086120433764e-06,
      2.7236627686051015e-08,
      0.01942676003654704
    ],
    [
      0.006499412018828756,
      -0.019859422504613568,
      0.9999999999999999
    ]
  ],
  "E": [
    [
      -0.0034262310962578126,
      -0.25114375843129433,
      0.019915059967232928
    ],
    [
      0.2780082372565519,
      -0.003039618601358783,
      -0.6498516646387749
    ],
    [
      -0.012985498524586896,
      0.6608660262236307,
      -0.0009648014883840327
    ]
  ],
  "R": [
    [
      0.9991066484443794,
      -0.010381911744305947,
      0.04096487449965891
    ],
    [
      0.010399981310157333,
      0.9999458927359499,
      -0.00022801151776220482
    ],
    [
      -0.04096029080692343,
      0.0006538417524874279,
      0.9991605612052423
    ]
  ],
  "t": [
    [
      0.934364451301504
    ],
    [
      0.028106750167042695
    ],
    [
      0.35520850600610193
    ]
  ]
}