{
  "image_1": "frame_128",
  "image_2": "frame_129",
  "num_matches": 500,
  "inlier_count": 371,
  "inlier_ratio": 0.742,
  "reproj_rmse": 0.4714,
  "F": [
    [
      3.389518871764758e-08,
      -5.999707641651816e-06,
      0.015909515047042203
    ],
    [
      7.42170086834585e-06,
      -1.2254260466900896e-06,
      0.42192750546588653
    ],
    [
      -0.017416255666203494,
      -0.4220038587395809,
      1.0
    ]
  ],
  "E": [
    [
      -0.0002391308676285283,
      0.07395448168893631,
      6.910222506860151e-05
    ],
    [
      -0.08723351380513085,
      0.000605448679810074,
      -0.701705028417242
    ],
    [
      -0.002245107963910074,
      0.7032246038433232,
      0.0008884335240812825
    ]
  ],
  "R": [
    [
      0.9998161385472488,
      0.0032505504410706675,
      -0.018897698862516604
    ],
    [
      -0.0032272372364269037,
      0.9999939935802176,
      0.0012640187132666935
    ],
    [
      0.018901694111590164,
      -0.001202798951497889,
      0.9998206235292381
    ]
  ],
  "t": [
    [
      0.994515633541713
    ],
    [
      -3.448209307813779e-05
    ],
    [
      -0.10458801772722465
    ]
  ]
}