{
  "image_1": "frame_125",
  "image_2": "frame_126",
  "num_matches": 500,
  "inlier_count": 348,
  "inlier_ratio": 0.696,
  "reproj_rmse": 0.2972,
  "F": [
    [
      -1.600922334343748e-08,
      -9.64679160701846e-07,
      0.0006645160991671276
    ],
    [
      1.4447872985303635e-06,
      2.8621382554567573e-08,
      0.03453039563765806
    ],
    [
      -0.0015603485284012221,
      -0.03529627822814998,
      1.0
    ]
  ],
  "E": [
    [
      0.0008002896093077308,
      0.05240681167510206,
      0.017519972708435284
    ],
    [
      -0.0854848371535683,
      0.0011189518116935411,
      -0.7017025535713652
    ],
    [
      -0.01769482688853213,
      0.7049351340965015,
      0.0019755697192690453
    ]
  ],
  "R": [
    [
      0.9988964777136504,
      0.000446571876291154,
      -0.04696410741004474
    ],
    [
      -0.00036997276512809943,
      0.9999985872612793,
      0.0016396937514673508
    ],
    [
      0.046964773303147925,
      -0.0016205088721894514,
      0.99889523175335
    ]
  ],
  "t": [
    [
      0.9969412582322866
    ],
    [
      0.02468266092203979
    ],
    [
      -0.07415452706364589
    ]
  ]
}