{
  "image_1": "frame_085",
  "image_2": "frame_086",
  "num_matches": 381,
  "inlier_count": 272,
  "inlier_ratio": 0.7139,
  "reproj_rmse": 0.4802,
  "F": [
    [
      7.082609555663994e-09,
      -1.6704446827681075e-06,
      0.003666715528865201
    ],
    [
      1.5727902933268072e-06,
      5.795441822774379e-08,
      -0.012428757207332993
    ],
    [
      -0.0035819315797912723,
      0.012122559546319772,
      1.0
    ]
  ],
  "E": [
    [
      -0.0013973730141447476,
      0.3574517832417251,
      -0.01741107993556292
    ],
    [
      -0.3373062842984791,
      -0.009476562733932816,
      0.6209894851353067
    ],
    [
      0.023644628889764183,
      -0.6097394958981566,
      -0.009408913373228115
    ]
  ],
  "R": [
    [
      0.9994775941622425,
      0.002337103617528837,
      -0.03223471287815116
    ],
    [
      -0.0018788769269903957,
      0.9998968651413132,
      0.014238289998023429
    ],
    [
      0.03226466471465539,
      -0.014170286773933874,
      0.9993789043118707
    ]
  ],
  "t": [
    [
      0.8624652158799778
    ],
    [
      0.03183471950204088
    ],
    [
      0.5051141475264078
    ]
  ]
}