{
  "image_1": "frame_104",
  "image_2": "frame_105",
  "num_matches": 500,
  "inlier_count": 357,
  "inlier_ratio": 0.714,
  "reproj_rmse": 0.49,
  "F": [
    [
      -1.1171895498499722e-07,
      5.744307300124871e-06,
      -0.012801612652592937
    ],
    [
      -4.4334250464442495e-06,
      6.4587718343025e-08,
      0.060999729257454546
    ],
    [
      0.011023283453743699,
      -0.061304970869173275,
      1.0
    ]
  ],
  "E": [
    [
      0.0022800576105120643,
      -0.2001819684661859,
      0.00127187166198075
    ],
    [
      0.14841206088731188,
      -0.004651167158761726,
      -0.6913406510739101
    ],
    [
      -0.00729722534796852,
      0.6781060496340644,
      -0.006295246827602062
    ]
  ],
  "R": [
    [
      0.9970783645414641,
      0.010876271893744911,
      -0.07560715358358946
    ],
    [
      -0.011605969963788721,
      0.999890154348079,
      -0.00921849765277837
    ],
    [
      0.0754985855795908,
      0.010069058916700157,
      0.9970950695034115
    ]
  ],
  "t": [
    [
      0.9590832739452514
    ],
    [
      -0.0008136337566244028
    ],
    [
      0.2831229620475313
    ]
  ]
}