{
  "image_1": "frame_151",
  "image_2": "frame_152",
  "num_matches": 500,
  "inlier_count": 351,
  "inlier_ratio": 0.702,
  "reproj_rmse": 0.2553,
  "F": [
    [
      -2.4563091601167445e-08,
      -7.633490634908196e-06,
      0.015348571546373159
    ],
    [
      7.311840350102301e-06,
      1.6339669307494758e-07,
      -0.0591913767589267
    ],
    [
      -0.014582306060727034,
      0.058646756609973795,
      1.0
    ]
  ],
  "E": [
    [
      -0.00025796597631784994,
      -0.21647674206910048,
      0.016682247565520884
    ],
    [
      0.19889824929508723,
      0.0017580838081569016,
      -0.678330032476834
    ],
    [
      -0.015242229785325984,
      0.67299613767774,
      0.002844630649442993
    ]
  ],
  "R": [
    [
      0.999658598594058,
      -0.003189700277696536,
      -0.025932837660048502
    ],
    [
      0.0032829587252651837,
      0.9999882942386811,
      0.003554373027839869
    ],
    [
      0.025921196711806704,
      -0.0036382959955578494,
      0.99965736848346
    ]
  ],
  "t": [
    [
      0.9516926564945922
    ],
    [
      0.024688564504257857
    ],
    [
      0.3060581029101917
    ]
  ]
}