{
  "image_1": "frame_090",
  "image_2": "frame_091",
  "num_matches": 242,
  "inlier_count": 164,
  "inlier_ratio": 0.6777,
  "reproj_rmse": 0.2046,
  "F": [
    [
      5.006211468571375e-08,
      4.739104681208768e-06,
      -0.010216050452598704
    ],
    [
      -4.139359487226974e-06,
      6.800266170033457e-08,
      0.03493648069641465
    ],
    [
      0.008410189659860108,
      -0.03497672189313395,
      0.9999999999999999
    ]
  ],
  "E": [
    [
      0.0039528755586656,
      0.38221455735692406,
      -0.027052146003243398
    ],
    [
      -0.34527553377435355,
      0.009497983427732701,
      0.6165276865998585
    ],
    [
      0.015754421526995206,
      -0.5945552590922604,
      0.0029387322847134276
    ]
  ],
  "R": [
    [
      0.9980220434511866,
      -0.014648513789773315,
      -0.061134456972056994
    ],
    [
      0.014219912620962009,
      0.9998712118734457,
      -0.007440010200198004
    ],
    [
      0.061235568671889395,
      0.006555967547026699,
      0.9981018106480685
    ]
  ],
  "t": [
    [
      0.8404339216366167
    ],
    [
      0.03429885517753596
    ],
    [
      0.540827525090955
    ]
  ]
}