{
  "image_1": "frame_012",
  "image_2": "frame_013",
  "num_matches": 500,
  "inlier_count": 354,
  "inlier_ratio": 0.708,
  "reproj_rmse": 0.6004,
  "F": [
    [
      6.225604017922092e-09,
      -1.96824669528569e-06,
      0.004654475673552643
    ],
    [
      2.0689464963476527e-06,
      5.726424435825749e-08,
      0.014330906846967901
    ],
    [
      -0.004837132910990423,
      -0.014862905199572032,
      1.0
    ]
  ],
  "E": [
    [
      -0.0015368486164554773,
      0.232469250024001,
      -0.05015393243478882
    ],
    [
      -0.25007565527965564,
      -0.0016850314010783856,
      -0.6595399383527999
    ],
    [
      0.048998499105158,
      0.6659565729018615,
      -0.0027669601366467067
    ]
  ],
  "R": [
    [
      0.999651107730131,
      0.0009135563871840169,
      -0.026397504212513967
    ],
    [
      -0.0009716095653072854,
      0.9999971377029498,
      -0.0021864493499958934
    ],
    [
      0.026395431210246678,
      0.0022113345823121452,
      0.9996491340518384
    ]
  ],
  "t": [
    [
      0.9417433503329844
    ],
    [
      -0.07023385285692085
    ],
    [
      -0.328917418232112
    ]
  ]
}