{
  "image_1": "frame_176",
  "image_2": "frame_177",
  "num_matches": 500,
  "inlier_count": 399,
  "inlier_ratio": 0.798,
  "reproj_rmse": 0.3136,
  "F": [
    [
      1.1177865641974098e-08,
      -3.7001202034207374e-06,
      0.009882728747682036
    ],
    [
      4.123946969241622e-06,
      -4.621238949465866e-08,
      0.09673103998109209
    ],
    [
      -0.010723323511123848,
      -0.09699946781874681,
      1.0
    ]
  ],
  "E": [
    [
      -0.0002524930438703626,
      0.048085238073844745,
      -0.016387395125635442
    ],
    [
      -0.05853457767428557,
      -0.0005743731121628071,
      -0.7044898987696588
    ],
    [
      0.01619645461219698,
      0.705282626363835,
      -0.0008043994676743167
    ]
  ],
  "R": [
    [
      0.9998903798095873,
      0.00020453898245231458,
      -0.014804949444148452
    ],
    [
      -0.00021636687655419984,
      0.9999996587350072,
      -0.0007973175302334796
    ],
    [
      0.014804781309221332,
      0.0008004334288027727,
      0.9998900828374648
    ]
  ],
  "t": [
    [
      0.9974158605168443
    ],
    [
      -0.023123586033954605
    ],
    [
      -0.06802132723178234
    ]
  ]
}