{
  "image_1": "frame_087",
  "image_2": "frame_088",
  "num_matches": 237,
  "inlier_count": 158,
  "inlier_ratio": 0.6667,
  "reproj_rmse": 0.4519,
  "F": [
    [
      1.656728962768585e-08,
      -5.809372534915604e-06,
      0.01125455229772427
    ],
    [
      5.4321474441503295e-06,
      -1.4371905264600818e-08,
      -0.045598206923904996
    ],
    [
      -0.010806109313217597,
      0.045768505308376485,
      0.9999999999999999
    ]
  ],
  "E": [
    [
      -1.8530109444189094e-05,
      0.23689407882617922,
      -0.02539172263728138
    ],
    [
      -0.2330342799141158,
      -0.005417381127670573,
      0.6670210294593362
    ],
    [
      0.02699223807521358,
      -0.6657508359135709,
      -0.005685216350270746
    ]
  ],
  "R": [
    [
      0.9999849261247027,
      -0.0005077814356331881,
      -0.005467145634298454
    ],
    [
      0.0005532301056743391,
      0.9999652788129108,
      0.008314752255359957
    ],
    [
      0.005462733731674996,
      -0.00831765150938,
      0.9999504863809735
    ]
  ],
  "t": [
    [
      0.9415269040184061
    ],
    [
      0.0386942534657264
    ],
    [
      0.3347085952858777
    ]
  ]
}