{
  "image_1": "frame_159",
  "image_2": "frame_160",
  "num_matches": 500,
  "inlier_count": 395,
  "inlier_ratio": 0.79,
  "reproj_rmse": 0.3757,
  "F": [
    [
      -4.304375123182204e-08,
      -7.55765653752374e-06,
      0.014784866436288322
    ],
    [
      7.83356879088184e-06,
      -2.2122632848971818e-07,
      0.0276994407398736
    ],
    [
      -0.015596583147117211,
      -0.027973825908509206,
      1.0
    ]
  ],
  "E": [
    [
      0.002618143860516117,
      0.43936826050964384,
      0.0033124937595629335
    ],
    [
      -0.4532148316778433,
      0.0059859808380493176,
      -0.5427338899798125
    ],
    [
      0.0026414927004585293,
      0.5540033089035542,
      0.003386687583176093
    ]
  ],
  "R": [
    [
      0.999664299492561,
      -0.005766446113698764,
      -0.02525938279659018
    ],
    [
      0.00592189875707527,
      0.9999639587278835,
      0.006083778461654917
    ],
    [
      0.02522339063563428,
      -0.006231319641725557,
      0.9996624186295919
    ]
  ],
  "t": [
    [
      0.7835020157777619
    ],
    [
      0.0009044884497947805
    ],
    [
      -0.6213885846817819
    ]
  ]
}