{
  "image_1": "frame_044",
  "image_2": "frame_045",
  "num_matches": 500,
  "inlier_count": 427,
  "inlier_ratio": 0.854,
  "reproj_rmse": 0.337,
  "F": [
    [
      -5.301144852615562e-09,
      -6.353539098852181e-06,
      0.012643297524456745
    ],
    [
      5.4771724257084246e-06,
      -9.136298676167161e-08,
      -0.033439458348606926
    ],
    [
      -0.01068877022071627,
      0.03255245521803882,
      1.0
    ]
  ],
  "E": [
    [
      -0.00036372412147138455,
      -0.47632323726858067,
      0.004980432732903052
    ],
    [
      0.41460891289969715,
      -0.006089680910068602,
      -0.5727672532991674
    ],
    [
      0.0002278469180148759,
      0.5225551630337353,
      -0.005227330463670377
    ]
  ],
  "R": [
    [
      0.9936659377765222,
      -0.0019335830052967032,
      -0.11235775611619475
    ],
    [
      0.0008099603406597691,
      0.9999492177891572,
      -0.010045188256023862
    ],
    [
      0.11237147354623062,
      0.009890556082144958,
      0.9936170433489127
    ]
  ],
  "t": [
    [
      0.7390415910252089
    ],
    [
      0.0002781318818736296
    ],
    [
      0.6736597430287669
    ]
  ]
}