{
  "image_1": "frame_182",
  "image_2": "frame_183",
  "num_matches": 500,
  "inlier_count": 392,
  "inlier_ratio": 0.784,
  "reproj_rmse": 0.3761,
  "F": [
    [
      -1.312744122708596e-08,
      -8.953136254435835e-06,
      0.01650657524610131
    ],
    [
      8.048736959163418e-06,
      3.243427845121035e-08,
      -0.06388537197974402
    ],
    [
      -0.014754155254930536,
      0.06331721687742467,
      0.9999999999999999
    ]
  ],
  "E": [
    [
      0.00012553685229086601,
      -0.3318714200113884,
      0.00012124531633449462
    ],
    [
      0.29839473674467093,
      0.00022330193206814177,
      -0.6410620076602997
    ],
    [
      -0.00040088689093208693,
      0.6243886507273514,
      0.0001257224969669328
    ]
  ],
  "R": [
    [
      0.9986012542388658,
      0.0003584244275442479,
      -0.05287160451975936
    ],
    [
      -0.00034908692119429334,
      0.9999999218005421,
      0.0001858419516859022
    ],
    [
      0.05287166699552398,
      -0.0001671252204029453,
      0.998601301270069
    ]
  ],
  "t": [
    [
      0.8830190599524981
    ],
    [
      0.00025905162049519033
    ],
    [
      0.4693370565519675
    ]
  ]
}