{
  "image_1": "frame_031",
  "image_2": "frame_032",
  "num_matches": 500,
  "inlier_count": 393,
  "inlier_ratio": 0.786,
  "reproj_rmse": 0.3764,
  "F": [
    [
      4.6433199206543965e-08,
      -1.9467741430700666e-06,
      0.0017846860113301304
    ],
    [
      2.355182560458776e-06,
      6.20542502749494e-08,
      -0.03227273114002174
    ],
    [
      -0.0029778603982051947,
      0.031950418014988324,
      1.0
    ]
  ],
  "E": [
    [
      0.0028154070032114166,
      -0.12440201215612547,
      -0.03396203258033991
    ],
    [
      0.1553517858597235,
      0.0010790727088369812,
      -0.6889864763581044
    ],
    [
      0.026840641449525263,
      0.6955599864958656,
      0.0009858895990425137
    ]
  ],
  "R": [
    [
      0.998946067651215,
      0.010403129173972007,
      0.04470490831625265
    ],
    [
      -0.010378896913437012,
      0.9999458381431432,
      -0.0007741311691969992
    ],
    [
      -0.0447105404019591,
      0.00030932765237652333,
      0.9989999358825643
    ]
  ],
  "t": [
    [
      0.983222043282112
    ],
    [
      -0.048213973657457006
    ],
    [
      0.17592562732105502
    ]
  ]
}