{
  "image_1": "frame_183",
  "image_2": "frame_184",
  "num_matches": 500,
  "inlier_count": 344,
  "inlier_ratio": 0.688,
  "reproj_rmse": 0.4015,
  "F": [
    [
      -7.021781362880812e-10,
      3.4285404139110206e-06,
      -0.005442588870904728
    ],
    [
      -3.369558796735078e-06,
      4.957055797700576e-08,
      0.024015050234429083
    ],
    [
      0.005255458716576555,
      -0.02428019720680273,
      1.0
    ]
  ],
  "E": [
    [
      -2.0038915802374002e-05,
      -0.26038420377674754,
      -0.04936089571214856
    ],
    [
      0.2495431576566898,
      -0.004450734434351591,
      -0.6595937556372871
    ],
    [
      0.04940976143714851,
      0.6556910218647349,
      -0.006000689228025682
    ]
  ],
  "R": [
    [
      0.9998692850050063,
      0.002937065805050723,
      -0.015899262499714628
    ],
    [
      -0.0030630648397351745,
      0.9999640534384089,
      -0.007906292735174326
    ],
    [
      0.015875469673858444,
      0.00795395973609965,
      0.999842339565169
    ]
  ],
  "t": [
    [
      0.9271068633080586
    ],
    [
      -0.07272524945375476
    ],
    [
      0.36767363530579955
    ]
  ]
}