{
  "image_1": "frame_143",
  "image_2": "frame_144",
  "num_matches": 500,
  "inlier_count": 324,
  "inlier_ratio": 0.648,
  "reproj_rmse": 0.3329,
  "F": [
    [
      7.21597832537662e-08,
      -7.937162806740015e-06,
      0.016673993478486575
    ],
    [
      6.7499275899324405e-06,
      -3.905653790252697e-07,
      -0.08959778114177236
    ],
    [
      -0.015133463177741223,
      0.09080643839277586,
      1.0
    ]
  ],
  "E": [
    [
      0.0017236969558422056,
      -0.25654549279195576,
      -0.0013770067585980267
    ],
    [
      0.2273936950570365,
      0.004158450018029736,
      -0.6695331762784301
    ],
    [
      -0.004094710519339694,
      0.6589054356088334,
      0.0025580704626218397
    ]
  ],
  "R": [
    [
      0.9990141473602359,
      0.006947593377906714,
      -0.04384591566334045
    ],
    [
      -0.006782754730147172,
      0.9999693637369018,
      0.003907150609694769
    ],
    [
      0.04387171768203474,
      -0.0036059026430887283,
      0.9990306651218253
    ]
  ],
  "t": [
    [
      0.9318578677559404
    ],
    [
      -0.0005302909986851189
    ],
    [
      0.36282314299505364
    ]
  ]
}