{
  "image_1": "frame_035",
  "image_2": "frame_036",
  "num_matches": 500,
  "inlier_count": 367,
  "inlier_ratio": 0.734,
  "reproj_rmse": 0.4151,
  "F": [
    [
      2.3868525173954646e-09,
      3.8030324590574754e-06,
      -0.007474825001083333
    ],
    [
      -3.432988078410742e-06,
      1.571289510389222e-07,
      0.030132753844896214
    ],
    [
      0.006630931902387648,
      -0.03050996720043725,
      0.9999999999999999
    ]
  ],
  "E": [
    [
      -0.0011735104936165227,
      -0.3589751229748618,
      -0.002488603592702275
    ],
    [
      0.33510505380587263,
      -0.00616388829914248,
      -0.6226042317389899
    ],
    [
      0.007154369089364962,
      0.6091632523881794,
      -0.005368218396471309
    ]
  ],
  "R": [
    [
      0.9992478170215756,
      -0.0029985685764799125,
      -0.038662756809454635
    ],
    [
      0.0026733394058943982,
      0.9999606323851975,
      -0.008460906347222331
    ],
    [
      0.03868660535683893,
      0.008351183526167198,
      0.9992164952099604
    ]
  ],
  "t": [
    [
      0.8615443004401468
    ],
    [
      -0.00782048790598993
    ],
    [
      0.5076221610095543
    ]
  ]
}