{
  "image_1": "frame_065",
  "image_2": "frame_066",
  "num_matches": 500,
  "inlier_count": 353,
  "inlier_ratio": 0.706,
  "reproj_rmse": 0.3585,
  "F": [
    [
      -5.937195341067058e-09,
      -2.3000591921936495e-06,
      0.003666340691059386
    ],
    [
      2.4094299329522305e-06,
      7.004741891340706e-08,
      0.011169155121972033
    ],
    [
      -0.003836682039858794,
      -0.011807729134880764,
      1.0
    ]
  ],
  "E": [
    [
      0.0006518133296047598,
      0.3440276204646924,
      0.02868627887498802
    ],
    [
      -0.3646913140129246,
      -0.0024029904027315025,
      -0.6050647658687518
    ],
    [
      -0.030483815978265143,
      0.6170756953385996,
      -0.0010451371783626472
    ]
  ],
  "R": [
    [
      0.9994224245077988,
      0.0009389519942658506,
      -0.03396962996715325
    ],
    [
      -0.0010529048202580701,
      0.9999938785028424,
      -0.0033368170885033355
    ],
    [
      0.03396628891109971,
      0.003370656611866016,
      0.999417295173349
    ]
  ],
  "t": [
    [
      0.8727217986289688
    ],
    [
      0.04221611599480188
    ],
    [
      -0.4863892080917619
    ]
  ]
}