{
  "image_1": "frame_105",
  "image_2": "frame_106",
  "num_matches": 499,
  "inlier_count": 359,
  "inlier_ratio": 0.7194,
  "reproj_rmse": 0.3609,
  "F": [
    [
      2.2322955251402303e-08,
      -1.7413273902194118e-06,
      0.0038419751414650494
    ],
    [
      1.502762527418377e-06,
      8.909882075713005e-08,
      -0.0292550982573842
    ],
    [
      -0.003739895132856392,
      0.02903872893602319,
      1.0
    ]
  ],
  "E": [
    [
      0.002036398020190789,
      -0.12725324225988222,
      0.017281339605815918
    ],
    [
      0.10396038012792161,
      0.005038533175031797,
      -0.6991731288061892
    ],
    [
      -0.025844581585537166,
      0.6950827008900344,
      0.004439115613341655
    ]
  ],
  "R": [
    [
      0.9993825597660206,
      0.01148338860806173,
      -0.03320588835722427
    ],
    [
      -0.0113060058946972,
      0.9999208225430363,
      0.0055247511769258555
    ],
    [
      0.033266702064155385,
      -0.005145914003759832,
      0.9994332624556982
    ]
  ],
  "t": [
    [
      0.9833654668726979
    ],
    [
      0.025447534358589156
    ],
    [
      0.17984655002893254
    ]
  ]
}