{
  "image_1": "frame_071",
  "image_2": "frame_072",
  "num_matches": 500,
  "inlier_count": 339,
  "inlier_ratio": 0.678,
  "reproj_rmse": 0.3399,
  "F": [
    [
      -4.681785953281116e-09,
      -8.275757828899697e-07,
      0.00098408779372061
    ],
    [
      8.691052545150289e-07,
      1.473474714674152e-07,
      0.017301609042117756
    ],
    [
      -0.0011113813988059718,
      -0.017935809559576417,
      1.0
    ]
  ],
  "E": [
    [
      0.0011829058697786336,
      0.20278446536310485,
      0.04099615013185074
    ],
    [
      -0.2144981541031703,
      -0.003147720739907143,
      -0.6724648428171377
    ],
    [
      -0.0406225641882901,
      0.6762466408590925,
      -0.0028868558034212902
    ]
  ],
  "R": [
    [
      0.9998410360714991,
      -0.002256793583156509,
      -0.01768642050258412
    ],
    [
      0.0021621154520325425,
      0.9999832416297684,
      -0.005370448434935612
    ],
    [
      0.017698244100567972,
      0.005331354644294781,
      0.9998291598135222
    ]
  ],
  "t": [
    [
      0.956238858251922
    ],
    [
      0.059525942502379685
    ],
    [
      -0.28646798798166606
    ]
  ]
}