{
  "image_1": "frame_076",
  "image_2": "frame_077",
  "num_matches": 460,
  "inlier_count": 326,
  "inlier_ratio": 0.7087,
  "reproj_rmse": 0.5159,
  "F": [
    [
      -1.8218611232388926e-08,
      -1.3671157923335536e-05,
      0.018973004115676245
    ],
    [
      1.5401375310085294e-05,
      -5.758141259656855e-07,
      0.13484910211887155
    ],
    [
      -0.02166777197397648,
      -0.13547260950753895,
      1.0
    ]
  ],
  "E": [
    [
      0.0008066292845182539,
      0.1621518166435148,
      0.04406365372275217
    ],
    [
      -0.18093265474777143,
      0.0012542511253028985,
      -0.6821685212312859
    ],
    [
      -0.04529237947772724,
      0.686740644206699,
      0.0028861784386244368
    ]
  ],
  "R": [
    [
      0.9996250772265717,
      0.002438302781221577,
      -0.02727195737965507
    ],
    [
      -0.002371878488910087,
      0.9999941422828524,
      0.002467709953781188
    ],
    [
      0.02727781465228643,
      -0.0024020989840620004,
      0.9996250050635319
    ]
  ],
  "t": [
    [
      0.9713542424152033
    ],
    [
      0.061772322947493505
    ],
    [
      -0.22946702564781957
    ]
  ]
}