{
  "image_1": "frame_132",
  "image_2": "frame_133",
  "num_matches": 500,
  "inlier_count": 344,
  "inlier_ratio": 0.688,
  "reproj_rmse": 0.3564,
  "F": [
    [
      -3.1005382525147114e-09,
      -5.117353845456927e-07,
      0.0009670960947143098
    ],
    [
      3.4013922838485046e-07,
      8.851061591758179e-08,
      -0.009332541632388633
    ],
    [
      -0.000617504240952805,
      0.00907441310507264,
      0.9999999999999999
    ]
  ],
  "E": [
    [
      -0.0008923440453565358,
      -0.16719233836985636,
      0.0008101879690296446
    ],
    [
      0.12581986204728549,
      0.020260370620068052,
      -0.6955026283986091
    ],
    [
      -0.0007839363103106342,
      0.6867507577093288,
      0.02128438688026474
    ]
  ],
  "R": [
    [
      0.9981926456960788,
      -0.005617521451061905,
      -0.059832144629870104
    ],
    [
      0.007450958924653859,
      0.9995080889889487,
      0.030464130658250696
    ],
    [
      0.05963157963165114,
      -0.030854878032601247,
      0.9977434796641005
    ]
  ],
  "t": [
    [
      0.9716432157000625
    ],
    [
      0.00836344275593832
    ],
    [
      0.236303859912
    ]
  ]
}