{
  "image_1": "frame_188",
  "image_2": "frame_189",
  "num_matches": 500,
  "inlier_count": 437,
  "inlier_ratio": 0.874,
  "reproj_rmse": 0.4335,
  "F": [
    [
      -8.137935363908173e-07,
      -5.347559678263515e-05,
      0.1066827011766745
    ],
    [
      4.759175443446762e-05,
      -2.551378914514184e-07,
      -0.4174752381556042
    ],
    [
      -0.08821826135764176,
      0.4156864490029011,
      1.0
    ]
  ],
  "E": [
    [
      -0.0029310724464644226,
      -0.280567591429685,
      0.01733389652585579
    ],
    [
      0.2411632342491928,
      -0.0020011834867617257,
      -0.6644645655336123
    ],
    [
      -0.008673770781284378,
      0.6490103880302528,
      0.0024868203581090106
    ]
  ],
  "R": [
    [
      0.9981037706669671,
      -0.014128481823283356,
      -0.05991034119208011
    ],
    [
      0.014284277208931554,
      0.9998956133439986,
      0.002172979532163227
    ],
    [
      0.05987338645008072,
      -0.0030246349859036443,
      0.99820139710291
    ]
  ],
  "t": [
    [
      0.9175759058354541
    ],
    [
      0.025421678206729414
    ],
    [
      0.39674701675929375
    ]
  ]
}