{
  "image_1": "frame_187",
  "image_2": "frame_188",
  "num_matches": 500,
  "inlier_count": 417,
  "inlier_ratio": 0.834,
  "reproj_rmse": 0.3909,
  "F": [
    [
      2.4801433458062906e-09,
      -4.0513335888792405e-06,
      0.008354013574661399
    ],
    [
      3.378539910922893e-06,
      2.9772950745781503e-08,
      -0.03584723286723956
    ],
    [
      -0.007057553127006602,
      0.03565532593445016,
      0.9999999999999999
    ]
  ],
  "E": [
    [
      0.0007186803692052968,
      -0.22933932999604345,
      0.015328460695974834
    ],
    [
      0.17847322554451597,
      0.00350560746717921,
      -0.6840003498806221
    ],
    [
      -0.015089579997233966,
      0.6687249021599575,
      0.005083616631509327
    ]
  ],
  "R": [
    [
      0.9971837941699997,
      -0.0018861198028406016,
      -0.074972816385761
    ],
    [
      0.002322293183302987,
      0.9999808811005657,
      0.005731002330029321
    ],
    [
      0.07496057363103933,
      -0.0058889715082807905,
      0.9971691092364827
    ]
  ],
  "t": [
    [
      0.9456933895382634
    ],
    [
      0.023602535592961132
    ],
    [
      0.32420199459166393
    ]
  ]
}