{
  "image_1": "frame_158",
  "image_2": "frame_159",
  "num_matches": 500,
  "inlier_count": 406,
  "inlier_ratio": 0.812,
  "reproj_rmse": 0.2801,
  "F": [
    [
      -1.3336392315440592e-08,
      -6.8472797659453996e-06,
      0.012468170323220248
    ],
    [
      7.194946446102549e-06,
      -7.494099643262558e-08,
      0.02448627159261477
    ],
    [
      -0.013392576171653113,
      -0.025348214693551707,
      1.0
    ]
  ],
  "E": [
    [
      0.0008325660051123152,
      0.427124265095685,
      0.015766432189450553
    ],
    [
      -0.4449614010495996,
      0.006558132683822647,
      -0.5494032845371831
    ],
    [
      -0.010422578325940323,
      0.5632816999807185,
      0.006561886591432072
    ]
  ],
  "R": [
    [
      0.9994940934650378,
      -0.0007745811012750264,
      -0.03179555240315163
    ],
    [
      0.001125631389167863,
      0.9999385953744481,
      0.01102444713131564
    ],
    [
      0.03178506068076242,
      -0.011054659863287823,
      0.9994335917972867
    ]
  ],
  "t": [
    [
      0.7966374189257426
    ],
    [
      0.01564438630523604
    ],
    [
      -0.6042549759368668
    ]
  ]
}