{
  "image_1": "frame_172",
  "image_2": "frame_173",
  "num_matches": 500,
  "inlier_count": 348,
  "inlier_ratio": 0.696,
  "reproj_rmse": 0.3498,
  "F": [
    [
      -1.5660014372980444e-10,
      -2.914560724098492e-07,
      0.0006397910475279877
    ],
    [
      4.3853009442861214e-07,
      2.1145293717297e-08,
      0.012966245691515648
    ],
    [
      -0.0009570596109582353,
      -0.013296520422455205,
      1.0
    ]
  ],
  "E": [
    [
      0.0004052583206707315,
      0.09535033152851935,
      -0.0007851253587482978
    ],
    [
      -0.12094160864941829,
      -0.0057212566959712035,
      -0.6966637567075487
    ],
    [
      0.002891660115446736,
      0.7006139639581971,
      -0.006264985160410808
    ]
  ],
  "R": [
    [
      0.9993206360763462,
      -0.004548461610951041,
      -0.03657291086228068
    ],
    [
      0.004223954970323247,
      0.9999510691923977,
      -0.00894524596583861
    ],
    [
      0.036611808428091974,
      0.008784686559825323,
      0.9992909510075983
    ]
  ],
  "t": [
    [
      0.9908658169714666
    ],
    [
      9.601286716001751e-05
    ],
    [
      -0.13485148697362326
    ]
  ]
}