{
  "image_1": "frame_082",
  "image_2": "frame_083",
  "num_matches": 404,
  "inlier_count": 292,
  "inlier_ratio": 0.7228,
  "reproj_rmse": 1.4788,
  "F": [
    [
      1.0760135237728517e-08,
      1.0278036796730418e-06,
      -0.002560831095914895
    ],
    [
      -1.057488387113745e-06,
      9.35446504460462e-08,
      0.022347805991014193
    ],
    [
      0.0023680243453681657,
      -0.022713184932225013,
      1.0
    ]
  ],
  "E": [
    [
      0.0008314322749450243,
      0.06088057723502484,
      -0.030732861784271093
    ],
    [
      -0.066893642261262,
      0.004653205748836877,
      0.7032640380380532
    ],
    [
      0.023704904721113352,
      -0.7040535761627318,
      0.004275012371418294
    ]
  ],
  "R": [
    [
      0.9999205751424013,
      -0.009440793862774764,
      0.008349539995109026
    ],
    [
      0.009488674537240928,
      0.9999386578802748,
      -0.00571362687976312
    ],
    [
      -0.008295086643046373,
      0.00579239914331146,
      0.9999488185151022
    ]
  ],
  "t": [
    [
      0.9953374857227585
    ],
    [
      0.04297164422482274
    ],
    [
      0.0863523439618911
    ]
  ]
}