{
  "image_1": "frame_129",
  "image_2": "frame_130",
  "num_matches": 500,
  "inlier_count": 334,
  "inlier_ratio": 0.668,
  "reproj_rmse": 0.3462,
  "F": [
    [
      -8.423754444766938e-09,
      -7.204194361674628e-07,
      0.0006230824512871284
    ],
    [
      1.081758736660776e-06,
      -5.1306755282526794e-09,
      0.02222437891785964
    ],
    [
      -0.001175261053598594,
      -0.022749312713245453,
      1.0
    ]
  ],
  "E": [
    [
      0.0008795148277466184,
      0.06480355471131354,
      0.027360715892491585
    ],
    [
      -0.0937559662233638,
      -0.0025492851336003488,
      -0.7003159178385139
    ],
    [
      -0.030401876308960334,
      0.7034818383842147,
      -0.001039769968417083
    ]
  ],
  "R": [
    [
      0.9991363486886471,
      0.003905649241265116,
      -0.04136789374771761
    ],
    [
      -0.004037311224278743,
      0.9999870460783961,
      -0.0030996440896042085
    ],
    [
      0.04135525174867834,
      0.0032639821396734238,
      0.9991391742762341
    ]
  ],
  "t": [
    [
      0.99503881027455
    ],
    [
      0.03901115647685531
    ],
    [
      -0.09151991978660409
    ]
  ]
}