{
  "image_1": "frame_020",
  "image_2": "frame_021",
  "num_matches": 500,
  "inlier_count": 409,
  "inlier_ratio": 0.818,
  "reproj_rmse": 0.5063,
  "F": [
    [
      1.4054731266869641e-08,
      -1.4417363043303023e-06,
      0.00330747189050435
    ],
    [
      1.6088686140636927e-06,
      2.122985423756892e-08,
      0.009915221862294953
    ],
    [
      -0.0035905423415602796,
      -0.010401384968645483,
      1.0
    ]
  ],
  "E": [
    [
      0.0027798959109676604,
      -0.26064076275659176,
      0.027242393710293092
    ],
    [
      0.2912471680115368,
      0.0036257846811221456,
      0.6437854965196113
    ],
    [
      -0.02259770780730763,
      -0.6568849629074348,
      0.0031908216773285833
    ]
  ],
  "R": [
    [
      0.9988818378672979,
      0.005748980240924403,
      -0.046925720080125355
    ],
    [
      -0.005894588216408626,
      0.9999782306065694,
      -0.002965154753696136
    ],
    [
      0.04690765191957269,
      0.0032384470265656076,
      0.9988939806867636
    ]
  ],
  "t": [
    [
      0.9287804013364187
    ],
    [
      -0.03747466562102258
    ],
    [
      -0.36873108836922536
    ]
  ]
}