{
  "image_1": "frame_084",
  "image_2": "frame_085",
  "num_matches": 305,
  "inlier_count": 226,
  "inlier_ratio": 0.741,
  "reproj_rmse": 0.3168,
  "F": [
    [
      1.3782103599059983e-08,
      -3.0211316387569323e-06,
      0.006452770091981751
    ],
    [
      2.5644875746884046e-06,
      1.4868417283964616e-07,
      -0.02433528193859509
    ],
    [
      -0.005640667449644148,
      0.02378311987640286,
      1.0
    ]
  ],
  "E": [
    [
      0.0027417437660431396,
      -0.22202185697535523,
      0.03515284560000853
    ],
    [
      0.17122606124389916,
      0.002328315245682243,
      -0.6851135958069539
    ],
    [
      -0.03605726129357566,
      0.6703985749055082,
      0.0049250101230188395
    ]
  ],
  "R": [
    [
      0.9972084715858112,
      0.0004925883818839086,
      -0.07466606695264141
    ],
    [
      -0.00024407511885014832,
      0.9999944010197994,
      0.0033374176227663355
    ],
    [
      0.07466729287195739,
      -0.0033098769974775483,
      0.9972030084638909
    ]
  ],
  "t": [
    [
      0.9481171397169849
    ],
    [
      0.05090335429974963
    ],
    [
      0.31381959450601177
    ]
  ]
}