{
  "image_1": "frame_028",
  "image_2": "frame_029",
  "num_matches": 500,
  "inlier_count": 350,
  "inlier_ratio": 0.7,
  "reproj_rmse": 0.3796,
  "F": [
    [
      3.572231289416355e-08,
      1.7154124162398315e-06,
      -0.0022224777309467207
    ],
    [
      -1.0707112912540395e-06,
      1.4367340512840702e-08,
      0.022950353204275176
    ],
    [
      0.0008767285151362028,
      -0.023324532193540602,
      1.0
    ]
  ],
  "E": [
    [
      0.002452135830810778,
      0.1414255954858698,
      0.02319976369860913
    ],
    [
      -0.07180357024067019,
      -8.22881413621863e-05,
      0.7030661719486135
    ],
    [
      -0.023826726943466735,
      -0.6924047491739235,
      0.002169730651138104
    ]
  ],
  "R": [
    [
      0.9950327367029596,
      -0.0009231638485441215,
      -0.09954396344293055
    ],
    [
      0.0009491787093137763,
      0.999999526635928,
      0.0002139806017402079
    ],
    [
      0.09954371878323878,
      -0.00030740271449167245,
      0.9950331419376818
    ]
  ],
  "t": [
    [
      0.9792390504219722
    ],
    [
      -0.03293018040892922
    ],
    [
      0.2000162127101438
    ]
  ]
}