{
  "image_1": "frame_156",
  "image_2": "frame_157",
  "num_matches": 500,
  "inlier_count": 381,
  "inlier_ratio": 0.762,
  "reproj_rmse": 0.2818,
  "F": [
    [
      2.14637719469541e-08,
      -2.1653337455655056e-06,
      0.0043580259508139525
    ],
    [
      2.3642878164501576e-06,
      -5.516202329674641e-08,
      0.013257634951007439
    ],
    [
      -0.004640286918974171,
      -0.013695128974550311,
      0.9999999999999999
    ]
  ],
  "E": [
    [
      0.00276379797069512,
      -0.374544023159478,
      -0.005523916417100955
    ],
    [
      0.3988698346982492,
      0.004156086711590713,
      0.5838218447273666
    ],
    [
      0.010958684294621346,
      -0.5996629473270948,
      0.0007175342436584708
    ]
  ],
  "R": [
    [
      0.9991222542273726,
      0.007979112685553149,
      -0.041122437529465816
    ],
    [
      -0.008052409563107646,
      0.9999662713167669,
      -0.0016170742315064503
    ],
    [
      0.041108147706282516,
      0.0019467895606568178,
      0.9991528062326427
    ]
  ],
  "t": [
    [
      0.8481493058226325
    ],
    [
      0.008675889599488928
    ],
    [
      -0.5296862127450971
    ]
  ]
}