{
  "image_1": "frame_017",
  "image_2": "frame_018",
  "num_matches": 500,
  "inlier_count": 380,
  "inlier_ratio": 0.76,
  "reproj_rmse": 0.5218,
  "F": [
    [
      2.309196382027648e-09,
      -4.620623723361939e-06,
      0.01005538866388188
    ],
    [
      4.757483574284734e-06,
      -8.913410466944003e-08,
      0.023510282327817787
    ],
    [
      -0.010368911625023987,
      -0.02383820760305774,
      1.0
    ]
  ],
  "E": [
    [
      -0.0013648707241273195,
      0.26548864623253293,
      -0.031597754279152124
    ],
    [
      -0.28544143323297844,
      0.00031954447398432065,
      -0.6461459503916271
    ],
    [
      0.030951046049098103,
      0.654657139819621,
      -0.0002380828227566033
    ]
  ],
  "R": [
    [
      0.9995268376306508,
      0.0014819697422270989,
      -0.03072303080351152
    ],
    [
      -0.0014478086116779948,
      0.9999983088070435,
      0.001134122249459621
    ],
    [
      0.03072465957979509,
      -0.001089104556914182,
      0.9995272928464587
    ]
  ],
  "t": [
    [
      0.9257596856355731
    ],
    [
      -0.045133067206491836
    ],
    [
      -0.37540912441822655
    ]
  ]
}